[2025-10-22 10:58:27.034] [INFO ] [background-preinit] o.h.validator.internal.util.Version - HV000001: Hibernate Validator 8.0.3.Final
[2025-10-22 10:58:27.061] [INFO ] [restartedMain] com.sqld_board.sqld.SqldApplication - Starting SqldApplication using Java 17.0.11 with PID 83375 (/Users/minboklee/Downloads/sqld/build/classes/java/main started by minboklee in /Users/minboklee/Downloads/sqld)
[2025-10-22 10:58:27.062] [INFO ] [restartedMain] com.sqld_board.sqld.SqldApplication - No active profile set, falling back to 1 default profile: "default"
[2025-10-22 10:58:27.079] [INFO ] [restartedMain] o.s.b.d.restart.ChangeableUrls - The Class-Path manifest attribute in /Users/minboklee/.gradle/caches/modules-2/files-2.1/com.oracle.database.jdbc/ojdbc11/23.7.0.25.01/665f52abef9122ce003b5cfc1d9d44f7302e2cfe/ojdbc11-23.7.0.25.01.jar referenced one or more files that do not exist: file:/Users/minboklee/.gradle/caches/modules-2/files-2.1/com.oracle.database.jdbc/ojdbc11/23.7.0.25.01/665f52abef9122ce003b5cfc1d9d44f7302e2cfe/oraclepki.jar
[2025-10-22 10:58:27.079] [INFO ] [restartedMain] o.s.b.d.e.DevToolsPropertyDefaultsPostProcessor - Devtools property defaults active! Set 'spring.devtools.add-properties' to 'false' to disable
[2025-10-22 10:58:27.079] [INFO ] [restartedMain] o.s.b.d.e.DevToolsPropertyDefaultsPostProcessor - For additional web related logging consider setting the 'logging.level.web' property to 'DEBUG'
[2025-10-22 10:58:27.831] [INFO ] [restartedMain] o.s.b.w.e.tomcat.TomcatWebServer - Tomcat initialized with port 8881 (http)
[2025-10-22 10:58:27.839] [INFO ] [restartedMain] o.a.coyote.http11.Http11NioProtocol - Initializing ProtocolHandler ["http-nio-8881"]
[2025-10-22 10:58:27.839] [INFO ] [restartedMain] o.a.catalina.core.StandardService - Starting service [Tomcat]
[2025-10-22 10:58:27.840] [INFO ] [restartedMain] o.a.catalina.core.StandardEngine - Starting Servlet engine: [Apache Tomcat/10.1.46]
[2025-10-22 10:58:27.860] [INFO ] [restartedMain] o.a.c.c.C.[Tomcat].[localhost].[/] - Initializing Spring embedded WebApplicationContext
[2025-10-22 10:58:27.860] [INFO ] [restartedMain] o.s.b.w.s.c.ServletWebServerApplicationContext - Root WebApplicationContext: initialization completed in 781 ms
[2025-10-22 10:58:28.221] [INFO ] [restartedMain] com.zaxxer.hikari.HikariDataSource - HikariPool-1 - Starting...
[2025-10-22 10:58:28.608] [INFO ] [restartedMain] com.zaxxer.hikari.pool.HikariPool - HikariPool-1 - Added connection net.sf.log4jdbc.sql.jdbcapi.ConnectionSpy@3fc1fb35
[2025-10-22 10:58:28.609] [INFO ] [restartedMain] com.zaxxer.hikari.HikariDataSource - HikariPool-1 - Start completed.
[2025-10-22 10:58:28.613] [INFO ] [restartedMain] o.s.b.a.h.H2ConsoleAutoConfiguration - H2 console available at '/h2-console'. Database available at 'jdbc:oracle:thin:@175.197.69.42:1521:orcl'
[2025-10-22 10:58:28.641] [INFO ] [restartedMain] o.s.b.d.a.OptionalLiveReloadServer - LiveReload server is running on port 35729
[2025-10-22 10:58:28.651] [INFO ] [restartedMain] o.a.coyote.http11.Http11NioProtocol - Starting ProtocolHandler ["http-nio-8881"]
[2025-10-22 10:58:28.664] [INFO ] [restartedMain] o.s.b.w.e.tomcat.TomcatWebServer - Tomcat started on port 8881 (http) with context path '/'
[2025-10-22 10:58:28.671] [INFO ] [restartedMain] com.sqld_board.sqld.SqldApplication - Started SqldApplication in 1.887 seconds (process running for 2.379)
[2025-10-22 10:58:39.683] [INFO ] [http-nio-8881-exec-1] o.a.c.c.C.[Tomcat].[localhost].[/] - Initializing Spring DispatcherServlet 'dispatcherServlet'
[2025-10-22 10:58:39.684] [INFO ] [http-nio-8881-exec-1] o.s.web.servlet.DispatcherServlet - Initializing Servlet 'dispatcherServlet'
[2025-10-22 10:58:39.689] [INFO ] [http-nio-8881-exec-1] o.s.web.servlet.DispatcherServlet - Completed initialization in 5 ms
[2025-10-22 10:58:50.163] [INFO ] [http-nio-8881-exec-3] jdbc.sqlonly - SELECT FUNC_COM_SITE_SEQ('MEMBER') FROM DUAL

[2025-10-22 10:58:50.352] [INFO ] [http-nio-8881-exec-3] jdbc.resultsettable - 
|----------------------------|
|func_com_site_seq('member') |
|----------------------------|
|MEMBER_20251022001          |
|----------------------------|

[2025-10-22 10:58:50.355] [INFO ] [http-nio-8881-exec-3] jdbc.sqlonly - INSERT INTO MEMBER_INFO( MEMBER_ID /* MemberMapper.signUpMember*/
                                , USER_ID
                                , USER_PASS
                                , USER_NAME
                                , USER_EMAIL
                                , EMAIL_VERIFIED
                                , USER_ROLE
                                , USER_STATUS
                                , CREATE_AT
                                , UPDATE_AT
                                )
            VALUES              ( 'MEMBER_20251022001'
                                , 'test2'
                                , 'l0YpYTZ1xnNLAun03ONM9qkrIlypIUy9lMEA+CJSmhg='
                                , 'test1'
                                , 'lik707@naver.com'
                                , 'N'
                                , 'user'
                                , 'Y'
                                , SYSDATE
                                , SYSDATE
        )

[2025-10-22 10:59:13.010] [INFO ] [SpringApplicationShutdownHook] o.s.b.w.e.tomcat.GracefulShutdown - Commencing graceful shutdown. Waiting for active requests to complete
[2025-10-22 10:59:13.017] [INFO ] [tomcat-shutdown] o.s.b.w.e.tomcat.GracefulShutdown - Graceful shutdown complete
[2025-10-22 10:59:13.021] [INFO ] [SpringApplicationShutdownHook] com.zaxxer.hikari.HikariDataSource - HikariPool-1 - Shutdown initiated...
[2025-10-22 10:59:13.116] [INFO ] [SpringApplicationShutdownHook] com.zaxxer.hikari.HikariDataSource - HikariPool-1 - Shutdown completed.
[2025-10-22 11:11:38.783] [INFO ] [background-preinit] o.h.validator.internal.util.Version - HV000001: Hibernate Validator 8.0.3.Final
[2025-10-22 11:11:38.805] [INFO ] [restartedMain] com.sqld_board.sqld.SqldApplication - Starting SqldApplication using Java 17.0.11 with PID 83917 (/Users/minboklee/Downloads/sqld/build/classes/java/main started by minboklee in /Users/minboklee/Downloads/sqld)
[2025-10-22 11:11:38.806] [INFO ] [restartedMain] com.sqld_board.sqld.SqldApplication - No active profile set, falling back to 1 default profile: "default"
[2025-10-22 11:11:38.824] [INFO ] [restartedMain] o.s.b.d.restart.ChangeableUrls - The Class-Path manifest attribute in /Users/minboklee/.gradle/caches/modules-2/files-2.1/com.oracle.database.jdbc/ojdbc11/23.7.0.25.01/665f52abef9122ce003b5cfc1d9d44f7302e2cfe/ojdbc11-23.7.0.25.01.jar referenced one or more files that do not exist: file:/Users/minboklee/.gradle/caches/modules-2/files-2.1/com.oracle.database.jdbc/ojdbc11/23.7.0.25.01/665f52abef9122ce003b5cfc1d9d44f7302e2cfe/oraclepki.jar
[2025-10-22 11:11:38.824] [INFO ] [restartedMain] o.s.b.d.e.DevToolsPropertyDefaultsPostProcessor - Devtools property defaults active! Set 'spring.devtools.add-properties' to 'false' to disable
[2025-10-22 11:11:38.825] [INFO ] [restartedMain] o.s.b.d.e.DevToolsPropertyDefaultsPostProcessor - For additional web related logging consider setting the 'logging.level.web' property to 'DEBUG'
[2025-10-22 11:11:39.409] [INFO ] [restartedMain] o.s.b.w.e.tomcat.TomcatWebServer - Tomcat initialized with port 8881 (http)
[2025-10-22 11:11:39.418] [INFO ] [restartedMain] o.a.coyote.http11.Http11NioProtocol - Initializing ProtocolHandler ["http-nio-8881"]
[2025-10-22 11:11:39.419] [INFO ] [restartedMain] o.a.catalina.core.StandardService - Starting service [Tomcat]
[2025-10-22 11:11:39.419] [INFO ] [restartedMain] o.a.catalina.core.StandardEngine - Starting Servlet engine: [Apache Tomcat/10.1.46]
[2025-10-22 11:11:39.442] [INFO ] [restartedMain] o.a.c.c.C.[Tomcat].[localhost].[/] - Initializing Spring embedded WebApplicationContext
[2025-10-22 11:11:39.443] [INFO ] [restartedMain] o.s.b.w.s.c.ServletWebServerApplicationContext - Root WebApplicationContext: initialization completed in 618 ms
[2025-10-22 11:11:39.476] [WARN ] [restartedMain] o.s.b.w.s.c.AnnotationConfigServletWebServerApplicationContext - Exception encountered during context initialization - cancelling refresh attempt: org.springframework.beans.factory.UnsatisfiedDependencyException: Error creating bean with name 'AES256UTIL' defined in file [/Users/minboklee/Downloads/sqld/build/classes/java/main/com/sqld_board/sqld/common/util/AES256UTIL.class]: Unsatisfied dependency expressed through constructor parameter 0: No qualifying bean of type 'java.lang.String' available: expected at least 1 bean which qualifies as autowire candidate. Dependency annotations: {}
[2025-10-22 11:11:39.477] [INFO ] [restartedMain] o.a.catalina.core.StandardService - Stopping service [Tomcat]
[2025-10-22 11:11:39.513] [INFO ] [restartedMain] o.s.b.a.l.ConditionEvaluationReportLogger - 

Error starting ApplicationContext. To display the condition evaluation report re-run your application with 'debug' enabled.
[2025-10-22 11:11:39.527] [ERROR] [restartedMain] o.s.b.d.LoggingFailureAnalysisReporter - 

***************************
APPLICATION FAILED TO START
***************************

Description:

Parameter 0 of constructor in com.sqld_board.sqld.common.util.AES256UTIL required a bean of type 'java.lang.String' that could not be found.


Action:

Consider defining a bean of type 'java.lang.String' in your configuration.

[2025-10-22 11:12:26.666] [INFO ] [background-preinit] o.h.validator.internal.util.Version - HV000001: Hibernate Validator 8.0.3.Final
[2025-10-22 11:12:26.688] [INFO ] [restartedMain] com.sqld_board.sqld.SqldApplication - Starting SqldApplication using Java 17.0.11 with PID 83956 (/Users/minboklee/Downloads/sqld/build/classes/java/main started by minboklee in /Users/minboklee/Downloads/sqld)
[2025-10-22 11:12:26.688] [INFO ] [restartedMain] com.sqld_board.sqld.SqldApplication - No active profile set, falling back to 1 default profile: "default"
[2025-10-22 11:12:26.704] [INFO ] [restartedMain] o.s.b.d.restart.ChangeableUrls - The Class-Path manifest attribute in /Users/minboklee/.gradle/caches/modules-2/files-2.1/com.oracle.database.jdbc/ojdbc11/23.7.0.25.01/665f52abef9122ce003b5cfc1d9d44f7302e2cfe/ojdbc11-23.7.0.25.01.jar referenced one or more files that do not exist: file:/Users/minboklee/.gradle/caches/modules-2/files-2.1/com.oracle.database.jdbc/ojdbc11/23.7.0.25.01/665f52abef9122ce003b5cfc1d9d44f7302e2cfe/oraclepki.jar
[2025-10-22 11:12:26.705] [INFO ] [restartedMain] o.s.b.d.e.DevToolsPropertyDefaultsPostProcessor - Devtools property defaults active! Set 'spring.devtools.add-properties' to 'false' to disable
[2025-10-22 11:12:26.705] [INFO ] [restartedMain] o.s.b.d.e.DevToolsPropertyDefaultsPostProcessor - For additional web related logging consider setting the 'logging.level.web' property to 'DEBUG'
[2025-10-22 11:12:27.252] [INFO ] [restartedMain] o.s.b.w.e.tomcat.TomcatWebServer - Tomcat initialized with port 8881 (http)
[2025-10-22 11:12:27.263] [INFO ] [restartedMain] o.a.coyote.http11.Http11NioProtocol - Initializing ProtocolHandler ["http-nio-8881"]
[2025-10-22 11:12:27.263] [INFO ] [restartedMain] o.a.catalina.core.StandardService - Starting service [Tomcat]
[2025-10-22 11:12:27.263] [INFO ] [restartedMain] o.a.catalina.core.StandardEngine - Starting Servlet engine: [Apache Tomcat/10.1.46]
[2025-10-22 11:12:27.282] [INFO ] [restartedMain] o.a.c.c.C.[Tomcat].[localhost].[/] - Initializing Spring embedded WebApplicationContext
[2025-10-22 11:12:27.282] [INFO ] [restartedMain] o.s.b.w.s.c.ServletWebServerApplicationContext - Root WebApplicationContext: initialization completed in 577 ms
[2025-10-22 11:12:27.313] [WARN ] [restartedMain] o.s.b.w.s.c.AnnotationConfigServletWebServerApplicationContext - Exception encountered during context initialization - cancelling refresh attempt: org.springframework.beans.factory.UnsatisfiedDependencyException: Error creating bean with name 'AES256UTIL' defined in file [/Users/minboklee/Downloads/sqld/build/classes/java/main/com/sqld_board/sqld/common/util/AES256UTIL.class]: Unsatisfied dependency expressed through constructor parameter 0: No qualifying bean of type 'java.lang.String' available: expected at least 1 bean which qualifies as autowire candidate. Dependency annotations: {}
[2025-10-22 11:12:27.314] [INFO ] [restartedMain] o.a.catalina.core.StandardService - Stopping service [Tomcat]
[2025-10-22 11:12:27.348] [INFO ] [restartedMain] o.s.b.a.l.ConditionEvaluationReportLogger - 

Error starting ApplicationContext. To display the condition evaluation report re-run your application with 'debug' enabled.
[2025-10-22 11:12:27.357] [ERROR] [restartedMain] o.s.b.d.LoggingFailureAnalysisReporter - 

***************************
APPLICATION FAILED TO START
***************************

Description:

Parameter 0 of constructor in com.sqld_board.sqld.common.util.AES256UTIL required a bean of type 'java.lang.String' that could not be found.


Action:

Consider defining a bean of type 'java.lang.String' in your configuration.

[2025-10-22 11:12:45.394] [INFO ] [background-preinit] o.h.validator.internal.util.Version - HV000001: Hibernate Validator 8.0.3.Final
[2025-10-22 11:12:45.418] [INFO ] [restartedMain] com.sqld_board.sqld.SqldApplication - Starting SqldApplication using Java 17.0.11 with PID 83962 (/Users/minboklee/Downloads/sqld/build/classes/java/main started by minboklee in /Users/minboklee/Downloads/sqld)
[2025-10-22 11:12:45.419] [INFO ] [restartedMain] com.sqld_board.sqld.SqldApplication - No active profile set, falling back to 1 default profile: "default"
[2025-10-22 11:12:45.434] [INFO ] [restartedMain] o.s.b.d.restart.ChangeableUrls - The Class-Path manifest attribute in /Users/minboklee/.gradle/caches/modules-2/files-2.1/com.oracle.database.jdbc/ojdbc11/23.7.0.25.01/665f52abef9122ce003b5cfc1d9d44f7302e2cfe/ojdbc11-23.7.0.25.01.jar referenced one or more files that do not exist: file:/Users/minboklee/.gradle/caches/modules-2/files-2.1/com.oracle.database.jdbc/ojdbc11/23.7.0.25.01/665f52abef9122ce003b5cfc1d9d44f7302e2cfe/oraclepki.jar
[2025-10-22 11:12:45.435] [INFO ] [restartedMain] o.s.b.d.e.DevToolsPropertyDefaultsPostProcessor - Devtools property defaults active! Set 'spring.devtools.add-properties' to 'false' to disable
[2025-10-22 11:12:45.435] [INFO ] [restartedMain] o.s.b.d.e.DevToolsPropertyDefaultsPostProcessor - For additional web related logging consider setting the 'logging.level.web' property to 'DEBUG'
[2025-10-22 11:12:45.970] [INFO ] [restartedMain] o.s.b.w.e.tomcat.TomcatWebServer - Tomcat initialized with port 8881 (http)
[2025-10-22 11:12:45.976] [INFO ] [restartedMain] o.a.coyote.http11.Http11NioProtocol - Initializing ProtocolHandler ["http-nio-8881"]
[2025-10-22 11:12:45.977] [INFO ] [restartedMain] o.a.catalina.core.StandardService - Starting service [Tomcat]
[2025-10-22 11:12:45.977] [INFO ] [restartedMain] o.a.catalina.core.StandardEngine - Starting Servlet engine: [Apache Tomcat/10.1.46]
[2025-10-22 11:12:45.998] [INFO ] [restartedMain] o.a.c.c.C.[Tomcat].[localhost].[/] - Initializing Spring embedded WebApplicationContext
[2025-10-22 11:12:45.998] [INFO ] [restartedMain] o.s.b.w.s.c.ServletWebServerApplicationContext - Root WebApplicationContext: initialization completed in 563 ms
[2025-10-22 11:12:46.320] [INFO ] [restartedMain] com.zaxxer.hikari.HikariDataSource - HikariPool-1 - Starting...
[2025-10-22 11:12:47.055] [INFO ] [restartedMain] com.zaxxer.hikari.pool.HikariPool - HikariPool-1 - Added connection net.sf.log4jdbc.sql.jdbcapi.ConnectionSpy@63ca26c6
[2025-10-22 11:12:47.056] [INFO ] [restartedMain] com.zaxxer.hikari.HikariDataSource - HikariPool-1 - Start completed.
[2025-10-22 11:12:47.061] [INFO ] [restartedMain] o.s.b.a.h.H2ConsoleAutoConfiguration - H2 console available at '/h2-console'. Database available at 'jdbc:oracle:thin:@175.197.69.42:1521:orcl'
[2025-10-22 11:12:47.089] [INFO ] [restartedMain] o.s.b.d.a.OptionalLiveReloadServer - LiveReload server is running on port 35729
[2025-10-22 11:12:47.099] [INFO ] [restartedMain] o.a.coyote.http11.Http11NioProtocol - Starting ProtocolHandler ["http-nio-8881"]
[2025-10-22 11:12:47.107] [INFO ] [restartedMain] o.s.b.w.e.tomcat.TomcatWebServer - Tomcat started on port 8881 (http) with context path '/'
[2025-10-22 11:12:47.114] [INFO ] [restartedMain] com.sqld_board.sqld.SqldApplication - Started SqldApplication in 1.922 seconds (process running for 2.222)
[2025-10-22 11:13:00.747] [INFO ] [http-nio-8881-exec-1] o.a.c.c.C.[Tomcat].[localhost].[/] - Initializing Spring DispatcherServlet 'dispatcherServlet'
[2025-10-22 11:13:00.748] [INFO ] [http-nio-8881-exec-1] o.s.web.servlet.DispatcherServlet - Initializing Servlet 'dispatcherServlet'
[2025-10-22 11:13:00.750] [INFO ] [http-nio-8881-exec-1] o.s.web.servlet.DispatcherServlet - Completed initialization in 2 ms
[2025-10-22 11:13:00.920] [INFO ] [http-nio-8881-exec-1] jdbc.sqlonly - SELECT FUNC_COM_SITE_SEQ('MEMBER') FROM DUAL

[2025-10-22 11:13:01.029] [INFO ] [http-nio-8881-exec-1] jdbc.resultsettable - 
|----------------------------|
|func_com_site_seq('member') |
|----------------------------|
|MEMBER_20251022002          |
|----------------------------|

[2025-10-22 11:13:01.031] [INFO ] [http-nio-8881-exec-1] jdbc.sqlonly - INSERT INTO MEMBER_INFO( MEMBER_ID /* MemberMapper.signUpMember*/
                                , USER_ID
                                , USER_PASS
                                , USER_NAME
                                , USER_EMAIL
                                , EMAIL_VERIFIED
                                , USER_ROLE
                                , USER_STATUS
                                , CREATE_AT
                                , UPDATE_AT
                                )
            VALUES              ( 'MEMBER_20251022002'
                                , 'test3'
                                , '9GyPDA5Q90V6Dcg50d9nuq+v0+RORcyjZJlXOkqhh9g='
                                , 'test3'
                                , 'lik707@naver.com'
                                , 'N'
                                , 'user'
                                , 'Y'
                                , SYSDATE
                                , SYSDATE
        )

[2025-10-22 11:17:15.178] [WARN ] [HikariPool-1:housekeeper] com.zaxxer.hikari.pool.HikariPool - HikariPool-1 - Retrograde clock change detected (housekeeper delta=27s983ms), soft-evicting connections from pool.
[2025-10-22 11:22:21.857] [INFO ] [File Watcher] o.s.b.d.a.LocalDevToolsAutoConfiguration$RestartingClassPathChangeChangedEventListener - Restarting due to 2 class path changes (0 additions, 0 deletions, 2 modifications)
[2025-10-22 11:22:21.978] [INFO ] [Thread-7] o.s.b.w.e.tomcat.GracefulShutdown - Commencing graceful shutdown. Waiting for active requests to complete
[2025-10-22 11:22:21.988] [INFO ] [tomcat-shutdown] o.a.coyote.http11.Http11NioProtocol - Pausing ProtocolHandler ["http-nio-8881"]
[2025-10-22 11:22:22.021] [INFO ] [tomcat-shutdown] o.s.b.w.e.tomcat.GracefulShutdown - Graceful shutdown complete
[2025-10-22 11:22:22.022] [INFO ] [Thread-7] o.a.coyote.http11.Http11NioProtocol - Stopping ProtocolHandler ["http-nio-8881"]
[2025-10-22 11:22:22.068] [INFO ] [Thread-7] com.zaxxer.hikari.HikariDataSource - HikariPool-1 - Shutdown initiated...
[2025-10-22 11:22:22.153] [INFO ] [Thread-7] com.zaxxer.hikari.HikariDataSource - HikariPool-1 - Shutdown completed.
[2025-10-22 11:22:22.428] [INFO ] [restartedMain] com.sqld_board.sqld.SqldApplication - Starting SqldApplication using Java 17.0.11 with PID 83962 (/Users/minboklee/Downloads/sqld/build/classes/java/main started by minboklee in /Users/minboklee/Downloads/sqld)
[2025-10-22 11:22:22.428] [INFO ] [restartedMain] com.sqld_board.sqld.SqldApplication - No active profile set, falling back to 1 default profile: "default"
[2025-10-22 11:22:22.752] [INFO ] [restartedMain] o.s.b.w.e.tomcat.TomcatWebServer - Tomcat initialized with port 8881 (http)
[2025-10-22 11:22:22.752] [INFO ] [restartedMain] o.a.coyote.http11.Http11NioProtocol - Initializing ProtocolHandler ["http-nio-8881"]
[2025-10-22 11:22:22.753] [INFO ] [restartedMain] o.a.catalina.core.StandardService - Starting service [Tomcat]
[2025-10-22 11:22:22.753] [INFO ] [restartedMain] o.a.catalina.core.StandardEngine - Starting Servlet engine: [Apache Tomcat/10.1.46]
[2025-10-22 11:22:22.758] [INFO ] [restartedMain] o.a.c.c.C.[Tomcat].[localhost].[/] - Initializing Spring embedded WebApplicationContext
[2025-10-22 11:22:22.758] [INFO ] [restartedMain] o.s.b.w.s.c.ServletWebServerApplicationContext - Root WebApplicationContext: initialization completed in 327 ms
[2025-10-22 11:22:22.849] [INFO ] [restartedMain] com.zaxxer.hikari.HikariDataSource - HikariPool-2 - Starting...
[2025-10-22 11:22:23.000] [INFO ] [restartedMain] com.zaxxer.hikari.pool.HikariPool - HikariPool-2 - Added connection net.sf.log4jdbc.sql.jdbcapi.ConnectionSpy@3e7a421c
[2025-10-22 11:22:23.001] [INFO ] [restartedMain] com.zaxxer.hikari.HikariDataSource - HikariPool-2 - Start completed.
[2025-10-22 11:22:23.001] [INFO ] [restartedMain] o.s.b.a.h.H2ConsoleAutoConfiguration - H2 console available at '/h2-console'. Database available at 'jdbc:oracle:thin:@175.197.69.42:1521:orcl'
[2025-10-22 11:22:23.014] [INFO ] [restartedMain] o.s.b.d.a.OptionalLiveReloadServer - LiveReload server is running on port 35729
[2025-10-22 11:22:23.022] [INFO ] [restartedMain] o.a.coyote.http11.Http11NioProtocol - Starting ProtocolHandler ["http-nio-8881"]
[2025-10-22 11:22:23.023] [INFO ] [restartedMain] o.s.b.w.e.tomcat.TomcatWebServer - Tomcat started on port 8881 (http) with context path '/'
[2025-10-22 11:22:23.027] [INFO ] [restartedMain] com.sqld_board.sqld.SqldApplication - Started SqldApplication in 0.641 seconds (process running for 580.174)
[2025-10-22 11:22:23.028] [INFO ] [restartedMain] o.s.b.d.a.ConditionEvaluationDeltaLoggingListener - Condition evaluation unchanged
[2025-10-22 11:41:53.168] [INFO ] [File Watcher] o.s.b.d.a.LocalDevToolsAutoConfiguration$RestartingClassPathChangeChangedEventListener - Restarting due to 2 class path changes (0 additions, 0 deletions, 2 modifications)
[2025-10-22 11:41:53.198] [INFO ] [Thread-9] o.s.b.w.e.tomcat.GracefulShutdown - Commencing graceful shutdown. Waiting for active requests to complete
[2025-10-22 11:41:53.207] [INFO ] [tomcat-shutdown] o.a.coyote.http11.Http11NioProtocol - Pausing ProtocolHandler ["http-nio-8881"]
[2025-10-22 11:41:53.215] [INFO ] [tomcat-shutdown] o.s.b.w.e.tomcat.GracefulShutdown - Graceful shutdown complete
[2025-10-22 11:41:53.219] [INFO ] [Thread-9] o.a.coyote.http11.Http11NioProtocol - Stopping ProtocolHandler ["http-nio-8881"]
[2025-10-22 11:41:53.228] [INFO ] [Thread-9] com.zaxxer.hikari.HikariDataSource - HikariPool-2 - Shutdown initiated...
[2025-10-22 11:41:53.326] [INFO ] [Thread-9] com.zaxxer.hikari.HikariDataSource - HikariPool-2 - Shutdown completed.
[2025-10-22 11:41:53.478] [INFO ] [restartedMain] com.sqld_board.sqld.SqldApplication - Starting SqldApplication using Java 17.0.11 with PID 83962 (/Users/minboklee/Downloads/sqld/build/classes/java/main started by minboklee in /Users/minboklee/Downloads/sqld)
[2025-10-22 11:41:53.479] [INFO ] [restartedMain] com.sqld_board.sqld.SqldApplication - No active profile set, falling back to 1 default profile: "default"
[2025-10-22 11:41:53.765] [INFO ] [restartedMain] o.s.b.w.e.tomcat.TomcatWebServer - Tomcat initialized with port 8881 (http)
[2025-10-22 11:41:53.766] [INFO ] [restartedMain] o.a.coyote.http11.Http11NioProtocol - Initializing ProtocolHandler ["http-nio-8881"]
[2025-10-22 11:41:53.766] [INFO ] [restartedMain] o.a.catalina.core.StandardService - Starting service [Tomcat]
[2025-10-22 11:41:53.766] [INFO ] [restartedMain] o.a.catalina.core.StandardEngine - Starting Servlet engine: [Apache Tomcat/10.1.46]
[2025-10-22 11:41:53.771] [INFO ] [restartedMain] o.a.c.c.C.[Tomcat].[localhost].[/] - Initializing Spring embedded WebApplicationContext
[2025-10-22 11:41:53.771] [INFO ] [restartedMain] o.s.b.w.s.c.ServletWebServerApplicationContext - Root WebApplicationContext: initialization completed in 289 ms
[2025-10-22 11:41:53.856] [INFO ] [restartedMain] com.zaxxer.hikari.HikariDataSource - HikariPool-3 - Starting...
[2025-10-22 11:41:53.981] [INFO ] [restartedMain] com.zaxxer.hikari.pool.HikariPool - HikariPool-3 - Added connection net.sf.log4jdbc.sql.jdbcapi.ConnectionSpy@7cec4af6
[2025-10-22 11:41:53.981] [INFO ] [restartedMain] com.zaxxer.hikari.HikariDataSource - HikariPool-3 - Start completed.
[2025-10-22 11:41:53.981] [INFO ] [restartedMain] o.s.b.a.h.H2ConsoleAutoConfiguration - H2 console available at '/h2-console'. Database available at 'jdbc:oracle:thin:@175.197.69.42:1521:orcl'
[2025-10-22 11:41:54.001] [INFO ] [restartedMain] o.s.b.d.a.OptionalLiveReloadServer - LiveReload server is running on port 35729
[2025-10-22 11:41:54.009] [INFO ] [restartedMain] o.a.coyote.http11.Http11NioProtocol - Starting ProtocolHandler ["http-nio-8881"]
[2025-10-22 11:41:54.010] [INFO ] [restartedMain] o.s.b.w.e.tomcat.TomcatWebServer - Tomcat started on port 8881 (http) with context path '/'
[2025-10-22 11:41:54.013] [INFO ] [restartedMain] com.sqld_board.sqld.SqldApplication - Started SqldApplication in 0.582 seconds (process running for 1751.196)
[2025-10-22 11:41:54.013] [INFO ] [restartedMain] o.s.b.d.a.ConditionEvaluationDeltaLoggingListener - Condition evaluation unchanged
[2025-10-22 11:42:56.497] [INFO ] [File Watcher] o.s.b.d.a.LocalDevToolsAutoConfiguration$RestartingClassPathChangeChangedEventListener - Restarting due to 2 class path changes (0 additions, 0 deletions, 2 modifications)
[2025-10-22 11:42:56.573] [INFO ] [Thread-13] o.s.b.w.e.tomcat.GracefulShutdown - Commencing graceful shutdown. Waiting for active requests to complete
[2025-10-22 11:42:56.584] [INFO ] [tomcat-shutdown] o.a.coyote.http11.Http11NioProtocol - Pausing ProtocolHandler ["http-nio-8881"]
[2025-10-22 11:42:56.596] [INFO ] [tomcat-shutdown] o.s.b.w.e.tomcat.GracefulShutdown - Graceful shutdown complete
[2025-10-22 11:42:56.602] [INFO ] [Thread-13] o.a.coyote.http11.Http11NioProtocol - Stopping ProtocolHandler ["http-nio-8881"]
[2025-10-22 11:42:56.622] [INFO ] [Thread-13] com.zaxxer.hikari.HikariDataSource - HikariPool-3 - Shutdown initiated...
[2025-10-22 11:42:56.788] [INFO ] [Thread-13] com.zaxxer.hikari.HikariDataSource - HikariPool-3 - Shutdown completed.
[2025-10-22 11:42:56.909] [INFO ] [restartedMain] com.sqld_board.sqld.SqldApplication - Starting SqldApplication using Java 17.0.11 with PID 83962 (/Users/minboklee/Downloads/sqld/build/classes/java/main started by minboklee in /Users/minboklee/Downloads/sqld)
[2025-10-22 11:42:56.909] [INFO ] [restartedMain] com.sqld_board.sqld.SqldApplication - No active profile set, falling back to 1 default profile: "default"
[2025-10-22 11:42:57.078] [INFO ] [restartedMain] o.s.b.w.e.tomcat.TomcatWebServer - Tomcat initialized with port 8881 (http)
[2025-10-22 11:42:57.079] [INFO ] [restartedMain] o.a.coyote.http11.Http11NioProtocol - Initializing ProtocolHandler ["http-nio-8881"]
[2025-10-22 11:42:57.079] [INFO ] [restartedMain] o.a.catalina.core.StandardService - Starting service [Tomcat]
[2025-10-22 11:42:57.079] [INFO ] [restartedMain] o.a.catalina.core.StandardEngine - Starting Servlet engine: [Apache Tomcat/10.1.46]
[2025-10-22 11:42:57.084] [INFO ] [restartedMain] o.a.c.c.C.[Tomcat].[localhost].[/] - Initializing Spring embedded WebApplicationContext
[2025-10-22 11:42:57.085] [INFO ] [restartedMain] o.s.b.w.s.c.ServletWebServerApplicationContext - Root WebApplicationContext: initialization completed in 175 ms
[2025-10-22 11:42:57.162] [INFO ] [restartedMain] com.zaxxer.hikari.HikariDataSource - HikariPool-4 - Starting...
[2025-10-22 11:42:57.309] [INFO ] [restartedMain] com.zaxxer.hikari.pool.HikariPool - HikariPool-4 - Added connection net.sf.log4jdbc.sql.jdbcapi.ConnectionSpy@692cd31e
[2025-10-22 11:42:57.310] [INFO ] [restartedMain] com.zaxxer.hikari.HikariDataSource - HikariPool-4 - Start completed.
[2025-10-22 11:42:57.310] [INFO ] [restartedMain] o.s.b.a.h.H2ConsoleAutoConfiguration - H2 console available at '/h2-console'. Database available at 'jdbc:oracle:thin:@175.197.69.42:1521:orcl'
[2025-10-22 11:42:57.319] [INFO ] [restartedMain] o.s.b.d.a.OptionalLiveReloadServer - LiveReload server is running on port 35729
[2025-10-22 11:42:57.326] [INFO ] [restartedMain] o.a.coyote.http11.Http11NioProtocol - Starting ProtocolHandler ["http-nio-8881"]
[2025-10-22 11:42:57.327] [INFO ] [restartedMain] o.s.b.w.e.tomcat.TomcatWebServer - Tomcat started on port 8881 (http) with context path '/'
[2025-10-22 11:42:57.330] [INFO ] [restartedMain] com.sqld_board.sqld.SqldApplication - Started SqldApplication in 0.441 seconds (process running for 1814.516)
[2025-10-22 11:42:57.331] [INFO ] [restartedMain] o.s.b.d.a.ConditionEvaluationDeltaLoggingListener - Condition evaluation unchanged
[2025-10-22 11:45:47.904] [INFO ] [File Watcher] o.s.b.d.a.LocalDevToolsAutoConfiguration$RestartingClassPathChangeChangedEventListener - Restarting due to 2 class path changes (0 additions, 0 deletions, 2 modifications)
[2025-10-22 11:45:47.940] [INFO ] [Thread-17] o.s.b.w.e.tomcat.GracefulShutdown - Commencing graceful shutdown. Waiting for active requests to complete
[2025-10-22 11:45:47.943] [INFO ] [tomcat-shutdown] o.a.coyote.http11.Http11NioProtocol - Pausing ProtocolHandler ["http-nio-8881"]
[2025-10-22 11:45:47.946] [INFO ] [tomcat-shutdown] o.s.b.w.e.tomcat.GracefulShutdown - Graceful shutdown complete
[2025-10-22 11:45:47.947] [INFO ] [Thread-17] o.a.coyote.http11.Http11NioProtocol - Stopping ProtocolHandler ["http-nio-8881"]
[2025-10-22 11:45:47.949] [INFO ] [Thread-17] com.zaxxer.hikari.HikariDataSource - HikariPool-4 - Shutdown initiated...
[2025-10-22 11:45:48.032] [INFO ] [Thread-17] com.zaxxer.hikari.HikariDataSource - HikariPool-4 - Shutdown completed.
[2025-10-22 11:45:48.182] [INFO ] [restartedMain] com.sqld_board.sqld.SqldApplication - Starting SqldApplication using Java 17.0.11 with PID 83962 (/Users/minboklee/Downloads/sqld/build/classes/java/main started by minboklee in /Users/minboklee/Downloads/sqld)
[2025-10-22 11:45:48.183] [INFO ] [restartedMain] com.sqld_board.sqld.SqldApplication - No active profile set, falling back to 1 default profile: "default"
[2025-10-22 11:45:48.324] [INFO ] [restartedMain] o.s.b.w.e.tomcat.TomcatWebServer - Tomcat initialized with port 8881 (http)
[2025-10-22 11:45:48.325] [INFO ] [restartedMain] o.a.coyote.http11.Http11NioProtocol - Initializing ProtocolHandler ["http-nio-8881"]
[2025-10-22 11:45:48.325] [INFO ] [restartedMain] o.a.catalina.core.StandardService - Starting service [Tomcat]
[2025-10-22 11:45:48.325] [INFO ] [restartedMain] o.a.catalina.core.StandardEngine - Starting Servlet engine: [Apache Tomcat/10.1.46]
[2025-10-22 11:45:48.333] [INFO ] [restartedMain] o.a.c.c.C.[Tomcat].[localhost].[/] - Initializing Spring embedded WebApplicationContext
[2025-10-22 11:45:48.333] [INFO ] [restartedMain] o.s.b.w.s.c.ServletWebServerApplicationContext - Root WebApplicationContext: initialization completed in 146 ms
[2025-10-22 11:45:48.427] [INFO ] [restartedMain] com.zaxxer.hikari.HikariDataSource - HikariPool-5 - Starting...
[2025-10-22 11:45:48.553] [INFO ] [restartedMain] com.zaxxer.hikari.pool.HikariPool - HikariPool-5 - Added connection net.sf.log4jdbc.sql.jdbcapi.ConnectionSpy@72f459ba
[2025-10-22 11:45:48.553] [INFO ] [restartedMain] com.zaxxer.hikari.HikariDataSource - HikariPool-5 - Start completed.
[2025-10-22 11:45:48.553] [INFO ] [restartedMain] o.s.b.a.h.H2ConsoleAutoConfiguration - H2 console available at '/h2-console'. Database available at 'jdbc:oracle:thin:@175.197.69.42:1521:orcl'
[2025-10-22 11:45:48.561] [INFO ] [restartedMain] o.s.b.d.a.OptionalLiveReloadServer - LiveReload server is running on port 35729
[2025-10-22 11:45:48.568] [INFO ] [restartedMain] o.a.coyote.http11.Http11NioProtocol - Starting ProtocolHandler ["http-nio-8881"]
[2025-10-22 11:45:48.569] [INFO ] [restartedMain] o.s.b.w.e.tomcat.TomcatWebServer - Tomcat started on port 8881 (http) with context path '/'
[2025-10-22 11:45:48.572] [INFO ] [restartedMain] com.sqld_board.sqld.SqldApplication - Started SqldApplication in 0.419 seconds (process running for 1985.763)
[2025-10-22 11:45:48.573] [INFO ] [restartedMain] o.s.b.d.a.ConditionEvaluationDeltaLoggingListener - Condition evaluation unchanged
[2025-10-22 11:48:23.509] [INFO ] [File Watcher] o.s.b.d.a.LocalDevToolsAutoConfiguration$RestartingClassPathChangeChangedEventListener - Restarting due to 1 class path change (1 addition, 0 deletions, 0 modifications)
[2025-10-22 11:48:23.543] [INFO ] [Thread-21] o.s.b.w.e.tomcat.GracefulShutdown - Commencing graceful shutdown. Waiting for active requests to complete
[2025-10-22 11:48:23.556] [INFO ] [tomcat-shutdown] o.a.coyote.http11.Http11NioProtocol - Pausing ProtocolHandler ["http-nio-8881"]
[2025-10-22 11:48:23.563] [INFO ] [tomcat-shutdown] o.s.b.w.e.tomcat.GracefulShutdown - Graceful shutdown complete
[2025-10-22 11:48:23.565] [INFO ] [Thread-21] o.a.coyote.http11.Http11NioProtocol - Stopping ProtocolHandler ["http-nio-8881"]
[2025-10-22 11:48:23.574] [INFO ] [Thread-21] com.zaxxer.hikari.HikariDataSource - HikariPool-5 - Shutdown initiated...
[2025-10-22 11:48:23.664] [INFO ] [Thread-21] com.zaxxer.hikari.HikariDataSource - HikariPool-5 - Shutdown completed.
[2025-10-22 11:48:23.789] [INFO ] [restartedMain] com.sqld_board.sqld.SqldApplication - Starting SqldApplication using Java 17.0.11 with PID 83962 (/Users/minboklee/Downloads/sqld/build/classes/java/main started by minboklee in /Users/minboklee/Downloads/sqld)
[2025-10-22 11:48:23.789] [INFO ] [restartedMain] com.sqld_board.sqld.SqldApplication - No active profile set, falling back to 1 default profile: "default"
[2025-10-22 11:48:23.998] [INFO ] [restartedMain] o.s.b.w.e.tomcat.TomcatWebServer - Tomcat initialized with port 8881 (http)
[2025-10-22 11:48:23.998] [INFO ] [restartedMain] o.a.coyote.http11.Http11NioProtocol - Initializing ProtocolHandler ["http-nio-8881"]
[2025-10-22 11:48:23.998] [INFO ] [restartedMain] o.a.catalina.core.StandardService - Starting service [Tomcat]
[2025-10-22 11:48:23.998] [INFO ] [restartedMain] o.a.catalina.core.StandardEngine - Starting Servlet engine: [Apache Tomcat/10.1.46]
[2025-10-22 11:48:24.011] [INFO ] [restartedMain] o.a.c.c.C.[Tomcat].[localhost].[/] - Initializing Spring embedded WebApplicationContext
[2025-10-22 11:48:24.011] [INFO ] [restartedMain] o.s.b.w.s.c.ServletWebServerApplicationContext - Root WebApplicationContext: initialization completed in 220 ms
[2025-10-22 11:48:24.109] [INFO ] [restartedMain] com.zaxxer.hikari.HikariDataSource - HikariPool-6 - Starting...
[2025-10-22 11:48:24.243] [INFO ] [restartedMain] com.zaxxer.hikari.pool.HikariPool - HikariPool-6 - Added connection net.sf.log4jdbc.sql.jdbcapi.ConnectionSpy@1f16770c
[2025-10-22 11:48:24.243] [INFO ] [restartedMain] com.zaxxer.hikari.HikariDataSource - HikariPool-6 - Start completed.
[2025-10-22 11:48:24.244] [INFO ] [restartedMain] o.s.b.a.h.H2ConsoleAutoConfiguration - H2 console available at '/h2-console'. Database available at 'jdbc:oracle:thin:@175.197.69.42:1521:orcl'
[2025-10-22 11:48:24.254] [INFO ] [restartedMain] o.s.b.d.a.OptionalLiveReloadServer - LiveReload server is running on port 35729
[2025-10-22 11:48:24.264] [INFO ] [restartedMain] o.a.coyote.http11.Http11NioProtocol - Starting ProtocolHandler ["http-nio-8881"]
[2025-10-22 11:48:24.266] [INFO ] [restartedMain] o.s.b.w.e.tomcat.TomcatWebServer - Tomcat started on port 8881 (http) with context path '/'
[2025-10-22 11:48:24.271] [INFO ] [restartedMain] com.sqld_board.sqld.SqldApplication - Started SqldApplication in 0.51 seconds (process running for 2141.466)
[2025-10-22 11:48:24.272] [INFO ] [restartedMain] o.s.b.d.a.ConditionEvaluationDeltaLoggingListener - Condition evaluation unchanged
[2025-10-22 11:48:28.103] [INFO ] [File Watcher] o.s.b.d.a.LocalDevToolsAutoConfiguration$RestartingClassPathChangeChangedEventListener - Restarting due to 1 class path change (0 additions, 0 deletions, 1 modification)
[2025-10-22 11:48:28.111] [INFO ] [Thread-25] o.s.b.w.e.tomcat.GracefulShutdown - Commencing graceful shutdown. Waiting for active requests to complete
[2025-10-22 11:48:28.113] [INFO ] [tomcat-shutdown] o.a.coyote.http11.Http11NioProtocol - Pausing ProtocolHandler ["http-nio-8881"]
[2025-10-22 11:48:28.117] [INFO ] [tomcat-shutdown] o.s.b.w.e.tomcat.GracefulShutdown - Graceful shutdown complete
[2025-10-22 11:48:28.118] [INFO ] [Thread-25] o.a.coyote.http11.Http11NioProtocol - Stopping ProtocolHandler ["http-nio-8881"]
[2025-10-22 11:48:28.126] [INFO ] [Thread-25] com.zaxxer.hikari.HikariDataSource - HikariPool-6 - Shutdown initiated...
[2025-10-22 11:48:28.207] [INFO ] [Thread-25] com.zaxxer.hikari.HikariDataSource - HikariPool-6 - Shutdown completed.
[2025-10-22 11:48:28.280] [INFO ] [restartedMain] com.sqld_board.sqld.SqldApplication - Starting SqldApplication using Java 17.0.11 with PID 83962 (/Users/minboklee/Downloads/sqld/build/classes/java/main started by minboklee in /Users/minboklee/Downloads/sqld)
[2025-10-22 11:48:28.281] [INFO ] [restartedMain] com.sqld_board.sqld.SqldApplication - No active profile set, falling back to 1 default profile: "default"
[2025-10-22 11:48:28.385] [INFO ] [restartedMain] o.s.b.w.e.tomcat.TomcatWebServer - Tomcat initialized with port 8881 (http)
[2025-10-22 11:48:28.386] [INFO ] [restartedMain] o.a.coyote.http11.Http11NioProtocol - Initializing ProtocolHandler ["http-nio-8881"]
[2025-10-22 11:48:28.386] [INFO ] [restartedMain] o.a.catalina.core.StandardService - Starting service [Tomcat]
[2025-10-22 11:48:28.386] [INFO ] [restartedMain] o.a.catalina.core.StandardEngine - Starting Servlet engine: [Apache Tomcat/10.1.46]
[2025-10-22 11:48:28.392] [INFO ] [restartedMain] o.a.c.c.C.[Tomcat].[localhost].[/] - Initializing Spring embedded WebApplicationContext
[2025-10-22 11:48:28.392] [INFO ] [restartedMain] o.s.b.w.s.c.ServletWebServerApplicationContext - Root WebApplicationContext: initialization completed in 111 ms
[2025-10-22 11:48:28.478] [INFO ] [restartedMain] com.zaxxer.hikari.HikariDataSource - HikariPool-7 - Starting...
[2025-10-22 11:48:28.610] [INFO ] [restartedMain] com.zaxxer.hikari.pool.HikariPool - HikariPool-7 - Added connection net.sf.log4jdbc.sql.jdbcapi.ConnectionSpy@66191b8c
[2025-10-22 11:48:28.611] [INFO ] [restartedMain] com.zaxxer.hikari.HikariDataSource - HikariPool-7 - Start completed.
[2025-10-22 11:48:28.611] [INFO ] [restartedMain] o.s.b.a.h.H2ConsoleAutoConfiguration - H2 console available at '/h2-console'. Database available at 'jdbc:oracle:thin:@175.197.69.42:1521:orcl'
[2025-10-22 11:48:28.620] [INFO ] [restartedMain] o.s.b.d.a.OptionalLiveReloadServer - LiveReload server is running on port 35729
[2025-10-22 11:48:28.628] [INFO ] [restartedMain] o.a.coyote.http11.Http11NioProtocol - Starting ProtocolHandler ["http-nio-8881"]
[2025-10-22 11:48:28.629] [INFO ] [restartedMain] o.s.b.w.e.tomcat.TomcatWebServer - Tomcat started on port 8881 (http) with context path '/'
[2025-10-22 11:48:28.633] [INFO ] [restartedMain] com.sqld_board.sqld.SqldApplication - Started SqldApplication in 0.365 seconds (process running for 2145.829)
[2025-10-22 11:48:28.633] [INFO ] [restartedMain] o.s.b.d.a.ConditionEvaluationDeltaLoggingListener - Condition evaluation unchanged
[2025-10-22 11:52:52.365] [INFO ] [File Watcher] o.s.b.d.a.LocalDevToolsAutoConfiguration$RestartingClassPathChangeChangedEventListener - Restarting due to 1 class path change (0 additions, 0 deletions, 1 modification)
[2025-10-22 11:52:52.377] [INFO ] [Thread-29] o.s.b.w.e.tomcat.GracefulShutdown - Commencing graceful shutdown. Waiting for active requests to complete
[2025-10-22 11:52:52.378] [INFO ] [tomcat-shutdown] o.a.coyote.http11.Http11NioProtocol - Pausing ProtocolHandler ["http-nio-8881"]
[2025-10-22 11:52:52.381] [INFO ] [tomcat-shutdown] o.s.b.w.e.tomcat.GracefulShutdown - Graceful shutdown complete
[2025-10-22 11:52:52.381] [INFO ] [Thread-29] o.a.coyote.http11.Http11NioProtocol - Stopping ProtocolHandler ["http-nio-8881"]
[2025-10-22 11:52:52.384] [INFO ] [Thread-29] com.zaxxer.hikari.HikariDataSource - HikariPool-7 - Shutdown initiated...
[2025-10-22 11:52:52.489] [INFO ] [Thread-29] com.zaxxer.hikari.HikariDataSource - HikariPool-7 - Shutdown completed.
[2025-10-22 11:52:52.581] [INFO ] [restartedMain] com.sqld_board.sqld.SqldApplication - Starting SqldApplication using Java 17.0.11 with PID 83962 (/Users/minboklee/Downloads/sqld/build/classes/java/main started by minboklee in /Users/minboklee/Downloads/sqld)
[2025-10-22 11:52:52.582] [INFO ] [restartedMain] com.sqld_board.sqld.SqldApplication - No active profile set, falling back to 1 default profile: "default"
[2025-10-22 11:52:52.743] [INFO ] [restartedMain] o.s.b.w.e.tomcat.TomcatWebServer - Tomcat initialized with port 8881 (http)
[2025-10-22 11:52:52.743] [INFO ] [restartedMain] o.a.coyote.http11.Http11NioProtocol - Initializing ProtocolHandler ["http-nio-8881"]
[2025-10-22 11:52:52.743] [INFO ] [restartedMain] o.a.catalina.core.StandardService - Starting service [Tomcat]
[2025-10-22 11:52:52.743] [INFO ] [restartedMain] o.a.catalina.core.StandardEngine - Starting Servlet engine: [Apache Tomcat/10.1.46]
[2025-10-22 11:52:52.748] [INFO ] [restartedMain] o.a.c.c.C.[Tomcat].[localhost].[/] - Initializing Spring embedded WebApplicationContext
[2025-10-22 11:52:52.748] [INFO ] [restartedMain] o.s.b.w.s.c.ServletWebServerApplicationContext - Root WebApplicationContext: initialization completed in 165 ms
[2025-10-22 11:52:52.838] [INFO ] [restartedMain] com.zaxxer.hikari.HikariDataSource - HikariPool-8 - Starting...
[2025-10-22 11:52:52.970] [INFO ] [restartedMain] com.zaxxer.hikari.pool.HikariPool - HikariPool-8 - Added connection net.sf.log4jdbc.sql.jdbcapi.ConnectionSpy@2292c5e4
[2025-10-22 11:52:52.970] [INFO ] [restartedMain] com.zaxxer.hikari.HikariDataSource - HikariPool-8 - Start completed.
[2025-10-22 11:52:52.971] [INFO ] [restartedMain] o.s.b.a.h.H2ConsoleAutoConfiguration - H2 console available at '/h2-console'. Database available at 'jdbc:oracle:thin:@175.197.69.42:1521:orcl'
[2025-10-22 11:52:52.978] [INFO ] [restartedMain] o.s.b.d.a.OptionalLiveReloadServer - LiveReload server is running on port 35729
[2025-10-22 11:52:52.985] [INFO ] [restartedMain] o.a.coyote.http11.Http11NioProtocol - Starting ProtocolHandler ["http-nio-8881"]
[2025-10-22 11:52:52.985] [INFO ] [restartedMain] o.s.b.w.e.tomcat.TomcatWebServer - Tomcat started on port 8881 (http) with context path '/'
[2025-10-22 11:52:52.988] [INFO ] [restartedMain] com.sqld_board.sqld.SqldApplication - Started SqldApplication in 0.426 seconds (process running for 2410.184)
[2025-10-22 11:52:52.989] [INFO ] [restartedMain] o.s.b.d.a.ConditionEvaluationDeltaLoggingListener - Condition evaluation unchanged
[2025-10-22 11:54:14.371] [INFO ] [SpringApplicationShutdownHook] o.s.b.w.e.tomcat.GracefulShutdown - Commencing graceful shutdown. Waiting for active requests to complete
[2025-10-22 11:54:14.375] [INFO ] [tomcat-shutdown] o.s.b.w.e.tomcat.GracefulShutdown - Graceful shutdown complete
[2025-10-22 11:54:14.377] [INFO ] [SpringApplicationShutdownHook] com.zaxxer.hikari.HikariDataSource - HikariPool-8 - Shutdown initiated...
[2025-10-22 11:54:14.477] [INFO ] [SpringApplicationShutdownHook] com.zaxxer.hikari.HikariDataSource - HikariPool-8 - Shutdown completed.
[2025-10-22 14:21:32.952] [INFO ] [background-preinit] o.h.validator.internal.util.Version - HV000001: Hibernate Validator 8.0.3.Final
[2025-10-22 14:21:32.974] [INFO ] [restartedMain] com.sqld_board.sqld.SqldApplication - Starting SqldApplication using Java 17.0.11 with PID 87017 (/Users/minboklee/Downloads/sqld/build/classes/java/main started by minboklee in /Users/minboklee/Downloads/sqld)
[2025-10-22 14:21:32.974] [INFO ] [restartedMain] com.sqld_board.sqld.SqldApplication - No active profile set, falling back to 1 default profile: "default"
[2025-10-22 14:21:32.991] [INFO ] [restartedMain] o.s.b.d.restart.ChangeableUrls - The Class-Path manifest attribute in /Users/minboklee/.gradle/caches/modules-2/files-2.1/com.oracle.database.jdbc/ojdbc11/23.7.0.25.01/665f52abef9122ce003b5cfc1d9d44f7302e2cfe/ojdbc11-23.7.0.25.01.jar referenced one or more files that do not exist: file:/Users/minboklee/.gradle/caches/modules-2/files-2.1/com.oracle.database.jdbc/ojdbc11/23.7.0.25.01/665f52abef9122ce003b5cfc1d9d44f7302e2cfe/oraclepki.jar
[2025-10-22 14:21:32.991] [INFO ] [restartedMain] o.s.b.d.e.DevToolsPropertyDefaultsPostProcessor - Devtools property defaults active! Set 'spring.devtools.add-properties' to 'false' to disable
[2025-10-22 14:21:32.991] [INFO ] [restartedMain] o.s.b.d.e.DevToolsPropertyDefaultsPostProcessor - For additional web related logging consider setting the 'logging.level.web' property to 'DEBUG'
[2025-10-22 14:21:33.555] [INFO ] [restartedMain] o.s.b.w.e.tomcat.TomcatWebServer - Tomcat initialized with port 8881 (http)
[2025-10-22 14:21:33.562] [INFO ] [restartedMain] o.a.coyote.http11.Http11NioProtocol - Initializing ProtocolHandler ["http-nio-8881"]
[2025-10-22 14:21:33.563] [INFO ] [restartedMain] o.a.catalina.core.StandardService - Starting service [Tomcat]
[2025-10-22 14:21:33.563] [INFO ] [restartedMain] o.a.catalina.core.StandardEngine - Starting Servlet engine: [Apache Tomcat/10.1.46]
[2025-10-22 14:21:33.587] [INFO ] [restartedMain] o.a.c.c.C.[Tomcat].[localhost].[/] - Initializing Spring embedded WebApplicationContext
[2025-10-22 14:21:33.587] [INFO ] [restartedMain] o.s.b.w.s.c.ServletWebServerApplicationContext - Root WebApplicationContext: initialization completed in 596 ms
[2025-10-22 14:21:33.715] [WARN ] [restartedMain] o.s.b.w.s.c.AnnotationConfigServletWebServerApplicationContext - Exception encountered during context initialization - cancelling refresh attempt: org.springframework.beans.factory.UnsatisfiedDependencyException: Error creating bean with name 'memberController' defined in file [/Users/minboklee/Downloads/sqld/build/classes/java/main/com/sqld_board/sqld/controller/member/MemberController.class]: Unsatisfied dependency expressed through constructor parameter 0: Error creating bean with name 'memberService' defined in file [/Users/minboklee/Downloads/sqld/build/classes/java/main/com/sqld_board/sqld/service/member/MemberService.class]: Unsatisfied dependency expressed through constructor parameter 1: No qualifying bean of type 'org.springframework.security.crypto.password.PasswordEncoder' available: expected at least 1 bean which qualifies as autowire candidate. Dependency annotations: {}
[2025-10-22 14:21:33.716] [INFO ] [restartedMain] o.a.catalina.core.StandardService - Stopping service [Tomcat]
[2025-10-22 14:21:33.749] [INFO ] [restartedMain] o.s.b.a.l.ConditionEvaluationReportLogger - 

Error starting ApplicationContext. To display the condition evaluation report re-run your application with 'debug' enabled.
[2025-10-22 14:21:33.759] [ERROR] [restartedMain] o.s.b.d.LoggingFailureAnalysisReporter - 

***************************
APPLICATION FAILED TO START
***************************

Description:

Parameter 1 of constructor in com.sqld_board.sqld.service.sign.SignService required a bean of type 'org.springframework.security.crypto.password.PasswordEncoder' that could not be found.


Action:

Consider defining a bean of type 'org.springframework.security.crypto.password.PasswordEncoder' in your configuration.

[2025-10-22 14:27:39.026] [INFO ] [background-preinit] o.h.validator.internal.util.Version - HV000001: Hibernate Validator 8.0.3.Final
[2025-10-22 14:27:39.052] [INFO ] [restartedMain] com.sqld_board.sqld.SqldApplication - Starting SqldApplication using Java 17.0.11 with PID 87088 (/Users/minboklee/Downloads/sqld/build/classes/java/main started by minboklee in /Users/minboklee/Downloads/sqld)
[2025-10-22 14:27:39.052] [INFO ] [restartedMain] com.sqld_board.sqld.SqldApplication - No active profile set, falling back to 1 default profile: "default"
[2025-10-22 14:27:39.069] [INFO ] [restartedMain] o.s.b.d.restart.ChangeableUrls - The Class-Path manifest attribute in /Users/minboklee/.gradle/caches/modules-2/files-2.1/com.oracle.database.jdbc/ojdbc11/23.7.0.25.01/665f52abef9122ce003b5cfc1d9d44f7302e2cfe/ojdbc11-23.7.0.25.01.jar referenced one or more files that do not exist: file:/Users/minboklee/.gradle/caches/modules-2/files-2.1/com.oracle.database.jdbc/ojdbc11/23.7.0.25.01/665f52abef9122ce003b5cfc1d9d44f7302e2cfe/oraclepki.jar
[2025-10-22 14:27:39.069] [INFO ] [restartedMain] o.s.b.d.e.DevToolsPropertyDefaultsPostProcessor - Devtools property defaults active! Set 'spring.devtools.add-properties' to 'false' to disable
[2025-10-22 14:27:39.069] [INFO ] [restartedMain] o.s.b.d.e.DevToolsPropertyDefaultsPostProcessor - For additional web related logging consider setting the 'logging.level.web' property to 'DEBUG'
[2025-10-22 14:27:39.627] [INFO ] [restartedMain] o.s.b.w.e.tomcat.TomcatWebServer - Tomcat initialized with port 8881 (http)
[2025-10-22 14:27:39.634] [INFO ] [restartedMain] o.a.coyote.http11.Http11NioProtocol - Initializing ProtocolHandler ["http-nio-8881"]
[2025-10-22 14:27:39.635] [INFO ] [restartedMain] o.a.catalina.core.StandardService - Starting service [Tomcat]
[2025-10-22 14:27:39.635] [INFO ] [restartedMain] o.a.catalina.core.StandardEngine - Starting Servlet engine: [Apache Tomcat/10.1.46]
[2025-10-22 14:27:39.653] [INFO ] [restartedMain] o.a.c.c.C.[Tomcat].[localhost].[/] - Initializing Spring embedded WebApplicationContext
[2025-10-22 14:27:39.654] [INFO ] [restartedMain] o.s.b.w.s.c.ServletWebServerApplicationContext - Root WebApplicationContext: initialization completed in 585 ms
[2025-10-22 14:27:39.777] [WARN ] [restartedMain] o.s.b.w.s.c.AnnotationConfigServletWebServerApplicationContext - Exception encountered during context initialization - cancelling refresh attempt: org.springframework.beans.factory.UnsatisfiedDependencyException: Error creating bean with name 'memberController' defined in file [/Users/minboklee/Downloads/sqld/build/classes/java/main/com/sqld_board/sqld/controller/member/MemberController.class]: Unsatisfied dependency expressed through constructor parameter 0: Error creating bean with name 'memberService' defined in file [/Users/minboklee/Downloads/sqld/build/classes/java/main/com/sqld_board/sqld/service/member/MemberService.class]: Unsatisfied dependency expressed through constructor parameter 1: No qualifying bean of type 'org.springframework.security.crypto.password.PasswordEncoder' available: expected at least 1 bean which qualifies as autowire candidate. Dependency annotations: {}
[2025-10-22 14:27:39.778] [INFO ] [restartedMain] o.a.catalina.core.StandardService - Stopping service [Tomcat]
[2025-10-22 14:27:39.813] [INFO ] [restartedMain] o.s.b.a.l.ConditionEvaluationReportLogger - 

Error starting ApplicationContext. To display the condition evaluation report re-run your application with 'debug' enabled.
[2025-10-22 14:27:39.821] [ERROR] [restartedMain] o.s.b.d.LoggingFailureAnalysisReporter - 

***************************
APPLICATION FAILED TO START
***************************

Description:

Parameter 1 of constructor in com.sqld_board.sqld.service.sign.SignService required a bean of type 'org.springframework.security.crypto.password.PasswordEncoder' that could not be found.


Action:

Consider defining a bean of type 'org.springframework.security.crypto.password.PasswordEncoder' in your configuration.

[2025-10-22 14:28:37.416] [INFO ] [background-preinit] o.h.validator.internal.util.Version - HV000001: Hibernate Validator 8.0.3.Final
[2025-10-22 14:28:37.436] [INFO ] [restartedMain] com.sqld_board.sqld.SqldApplication - Starting SqldApplication using Java 17.0.11 with PID 87112 (/Users/minboklee/Downloads/sqld/build/classes/java/main started by minboklee in /Users/minboklee/Downloads/sqld)
[2025-10-22 14:28:37.437] [INFO ] [restartedMain] com.sqld_board.sqld.SqldApplication - No active profile set, falling back to 1 default profile: "default"
[2025-10-22 14:28:37.454] [INFO ] [restartedMain] o.s.b.d.restart.ChangeableUrls - The Class-Path manifest attribute in /Users/minboklee/.gradle/caches/modules-2/files-2.1/com.oracle.database.jdbc/ojdbc11/23.7.0.25.01/665f52abef9122ce003b5cfc1d9d44f7302e2cfe/ojdbc11-23.7.0.25.01.jar referenced one or more files that do not exist: file:/Users/minboklee/.gradle/caches/modules-2/files-2.1/com.oracle.database.jdbc/ojdbc11/23.7.0.25.01/665f52abef9122ce003b5cfc1d9d44f7302e2cfe/oraclepki.jar
[2025-10-22 14:28:37.454] [INFO ] [restartedMain] o.s.b.d.e.DevToolsPropertyDefaultsPostProcessor - Devtools property defaults active! Set 'spring.devtools.add-properties' to 'false' to disable
[2025-10-22 14:28:37.454] [INFO ] [restartedMain] o.s.b.d.e.DevToolsPropertyDefaultsPostProcessor - For additional web related logging consider setting the 'logging.level.web' property to 'DEBUG'
[2025-10-22 14:28:38.031] [INFO ] [restartedMain] o.s.b.w.e.tomcat.TomcatWebServer - Tomcat initialized with port 8881 (http)
[2025-10-22 14:28:38.038] [INFO ] [restartedMain] o.a.coyote.http11.Http11NioProtocol - Initializing ProtocolHandler ["http-nio-8881"]
[2025-10-22 14:28:38.039] [INFO ] [restartedMain] o.a.catalina.core.StandardService - Starting service [Tomcat]
[2025-10-22 14:28:38.039] [INFO ] [restartedMain] o.a.catalina.core.StandardEngine - Starting Servlet engine: [Apache Tomcat/10.1.46]
[2025-10-22 14:28:38.058] [INFO ] [restartedMain] o.a.c.c.C.[Tomcat].[localhost].[/] - Initializing Spring embedded WebApplicationContext
[2025-10-22 14:28:38.059] [INFO ] [restartedMain] o.s.b.w.s.c.ServletWebServerApplicationContext - Root WebApplicationContext: initialization completed in 605 ms
[2025-10-22 14:28:38.399] [INFO ] [restartedMain] com.zaxxer.hikari.HikariDataSource - HikariPool-1 - Starting...
[2025-10-22 14:28:38.695] [INFO ] [restartedMain] com.zaxxer.hikari.pool.HikariPool - HikariPool-1 - Added connection net.sf.log4jdbc.sql.jdbcapi.ConnectionSpy@1c199d77
[2025-10-22 14:28:38.696] [INFO ] [restartedMain] com.zaxxer.hikari.HikariDataSource - HikariPool-1 - Start completed.
[2025-10-22 14:28:38.700] [INFO ] [restartedMain] o.s.b.a.h.H2ConsoleAutoConfiguration - H2 console available at '/h2-console'. Database available at 'jdbc:oracle:thin:@175.197.69.42:1521:orcl'
[2025-10-22 14:28:38.728] [INFO ] [restartedMain] o.s.b.d.a.OptionalLiveReloadServer - LiveReload server is running on port 35729
[2025-10-22 14:28:38.738] [INFO ] [restartedMain] o.a.coyote.http11.Http11NioProtocol - Starting ProtocolHandler ["http-nio-8881"]
[2025-10-22 14:28:38.746] [INFO ] [restartedMain] o.s.b.w.e.tomcat.TomcatWebServer - Tomcat started on port 8881 (http) with context path '/'
[2025-10-22 14:28:38.753] [INFO ] [restartedMain] com.sqld_board.sqld.SqldApplication - Started SqldApplication in 1.555 seconds (process running for 1.948)
[2025-10-22 14:28:53.444] [INFO ] [SpringApplicationShutdownHook] o.s.b.w.e.tomcat.GracefulShutdown - Commencing graceful shutdown. Waiting for active requests to complete
[2025-10-22 14:28:53.452] [INFO ] [tomcat-shutdown] o.s.b.w.e.tomcat.GracefulShutdown - Graceful shutdown complete
[2025-10-22 14:28:53.459] [INFO ] [SpringApplicationShutdownHook] com.zaxxer.hikari.HikariDataSource - HikariPool-1 - Shutdown initiated...
[2025-10-22 14:28:53.647] [INFO ] [SpringApplicationShutdownHook] com.zaxxer.hikari.HikariDataSource - HikariPool-1 - Shutdown completed.
[2025-10-22 16:19:43.504] [INFO ] [background-preinit] o.h.validator.internal.util.Version - HV000001: Hibernate Validator 8.0.3.Final
[2025-10-22 16:19:43.527] [INFO ] [restartedMain] com.sqld_board.sqld.SqldApplication - Starting SqldApplication using Java 17.0.11 with PID 88272 (/Users/minboklee/Downloads/sqld/build/classes/java/main started by minboklee in /Users/minboklee/Downloads/sqld)
[2025-10-22 16:19:43.527] [INFO ] [restartedMain] com.sqld_board.sqld.SqldApplication - No active profile set, falling back to 1 default profile: "default"
[2025-10-22 16:19:43.545] [INFO ] [restartedMain] o.s.b.d.restart.ChangeableUrls - The Class-Path manifest attribute in /Users/minboklee/.gradle/caches/modules-2/files-2.1/com.oracle.database.jdbc/ojdbc11/23.7.0.25.01/665f52abef9122ce003b5cfc1d9d44f7302e2cfe/ojdbc11-23.7.0.25.01.jar referenced one or more files that do not exist: file:/Users/minboklee/.gradle/caches/modules-2/files-2.1/com.oracle.database.jdbc/ojdbc11/23.7.0.25.01/665f52abef9122ce003b5cfc1d9d44f7302e2cfe/oraclepki.jar
[2025-10-22 16:19:43.546] [INFO ] [restartedMain] o.s.b.d.e.DevToolsPropertyDefaultsPostProcessor - Devtools property defaults active! Set 'spring.devtools.add-properties' to 'false' to disable
[2025-10-22 16:19:43.546] [INFO ] [restartedMain] o.s.b.d.e.DevToolsPropertyDefaultsPostProcessor - For additional web related logging consider setting the 'logging.level.web' property to 'DEBUG'
[2025-10-22 16:19:44.117] [INFO ] [restartedMain] o.s.b.w.e.tomcat.TomcatWebServer - Tomcat initialized with port 8881 (http)
[2025-10-22 16:19:44.125] [INFO ] [restartedMain] o.a.coyote.http11.Http11NioProtocol - Initializing ProtocolHandler ["http-nio-8881"]
[2025-10-22 16:19:44.126] [INFO ] [restartedMain] o.a.catalina.core.StandardService - Starting service [Tomcat]
[2025-10-22 16:19:44.126] [INFO ] [restartedMain] o.a.catalina.core.StandardEngine - Starting Servlet engine: [Apache Tomcat/10.1.46]
[2025-10-22 16:19:44.154] [INFO ] [restartedMain] o.a.c.c.C.[Tomcat].[localhost].[/] - Initializing Spring embedded WebApplicationContext
[2025-10-22 16:19:44.154] [INFO ] [restartedMain] o.s.b.w.s.c.ServletWebServerApplicationContext - Root WebApplicationContext: initialization completed in 608 ms
[2025-10-22 16:19:44.501] [INFO ] [restartedMain] com.zaxxer.hikari.HikariDataSource - HikariPool-1 - Starting...
[2025-10-22 16:19:44.860] [INFO ] [restartedMain] com.zaxxer.hikari.pool.HikariPool - HikariPool-1 - Added connection net.sf.log4jdbc.sql.jdbcapi.ConnectionSpy@245b2b1e
[2025-10-22 16:19:44.861] [INFO ] [restartedMain] com.zaxxer.hikari.HikariDataSource - HikariPool-1 - Start completed.
[2025-10-22 16:19:44.866] [INFO ] [restartedMain] o.s.b.a.h.H2ConsoleAutoConfiguration - H2 console available at '/h2-console'. Database available at 'jdbc:oracle:thin:@175.197.69.42:1521:orcl'
[2025-10-22 16:19:44.894] [INFO ] [restartedMain] o.s.b.d.a.OptionalLiveReloadServer - LiveReload server is running on port 35729
[2025-10-22 16:19:44.905] [INFO ] [restartedMain] o.a.coyote.http11.Http11NioProtocol - Starting ProtocolHandler ["http-nio-8881"]
[2025-10-22 16:19:44.914] [INFO ] [restartedMain] o.s.b.w.e.tomcat.TomcatWebServer - Tomcat started on port 8881 (http) with context path '/'
[2025-10-22 16:19:44.922] [INFO ] [restartedMain] com.sqld_board.sqld.SqldApplication - Started SqldApplication in 1.633 seconds (process running for 2.02)
[2025-10-22 16:20:46.612] [INFO ] [http-nio-8881-exec-1] o.a.c.c.C.[Tomcat].[localhost].[/] - Initializing Spring DispatcherServlet 'dispatcherServlet'
[2025-10-22 16:20:46.613] [INFO ] [http-nio-8881-exec-1] o.s.web.servlet.DispatcherServlet - Initializing Servlet 'dispatcherServlet'
[2025-10-22 16:20:46.617] [INFO ] [http-nio-8881-exec-1] o.s.web.servlet.DispatcherServlet - Completed initialization in 3 ms
[2025-10-22 16:20:47.203] [INFO ] [http-nio-8881-exec-9] o.s.api.AbstractOpenApiResource - Init duration for springdoc-openapi is: 149 ms
[2025-10-22 16:23:32.428] [INFO ] [SpringApplicationShutdownHook] o.s.b.w.e.tomcat.GracefulShutdown - Commencing graceful shutdown. Waiting for active requests to complete
[2025-10-22 16:23:32.438] [INFO ] [tomcat-shutdown] o.s.b.w.e.tomcat.GracefulShutdown - Graceful shutdown complete
[2025-10-22 16:23:32.445] [INFO ] [SpringApplicationShutdownHook] com.zaxxer.hikari.HikariDataSource - HikariPool-1 - Shutdown initiated...
[2025-10-22 16:23:32.536] [INFO ] [SpringApplicationShutdownHook] com.zaxxer.hikari.HikariDataSource - HikariPool-1 - Shutdown completed.
[2025-10-22 16:23:34.877] [INFO ] [background-preinit] o.h.validator.internal.util.Version - HV000001: Hibernate Validator 8.0.3.Final
[2025-10-22 16:23:34.898] [INFO ] [restartedMain] com.sqld_board.sqld.SqldApplication - Starting SqldApplication using Java 17.0.11 with PID 88324 (/Users/minboklee/Downloads/sqld/build/classes/java/main started by minboklee in /Users/minboklee/Downloads/sqld)
[2025-10-22 16:23:34.899] [INFO ] [restartedMain] com.sqld_board.sqld.SqldApplication - No active profile set, falling back to 1 default profile: "default"
[2025-10-22 16:23:34.916] [INFO ] [restartedMain] o.s.b.d.restart.ChangeableUrls - The Class-Path manifest attribute in /Users/minboklee/.gradle/caches/modules-2/files-2.1/com.oracle.database.jdbc/ojdbc11/23.7.0.25.01/665f52abef9122ce003b5cfc1d9d44f7302e2cfe/ojdbc11-23.7.0.25.01.jar referenced one or more files that do not exist: file:/Users/minboklee/.gradle/caches/modules-2/files-2.1/com.oracle.database.jdbc/ojdbc11/23.7.0.25.01/665f52abef9122ce003b5cfc1d9d44f7302e2cfe/oraclepki.jar
[2025-10-22 16:23:34.916] [INFO ] [restartedMain] o.s.b.d.e.DevToolsPropertyDefaultsPostProcessor - Devtools property defaults active! Set 'spring.devtools.add-properties' to 'false' to disable
[2025-10-22 16:23:34.916] [INFO ] [restartedMain] o.s.b.d.e.DevToolsPropertyDefaultsPostProcessor - For additional web related logging consider setting the 'logging.level.web' property to 'DEBUG'
[2025-10-22 16:23:35.460] [INFO ] [restartedMain] o.s.b.w.e.tomcat.TomcatWebServer - Tomcat initialized with port 8881 (http)
[2025-10-22 16:23:35.467] [INFO ] [restartedMain] o.a.coyote.http11.Http11NioProtocol - Initializing ProtocolHandler ["http-nio-8881"]
[2025-10-22 16:23:35.468] [INFO ] [restartedMain] o.a.catalina.core.StandardService - Starting service [Tomcat]
[2025-10-22 16:23:35.468] [INFO ] [restartedMain] o.a.catalina.core.StandardEngine - Starting Servlet engine: [Apache Tomcat/10.1.46]
[2025-10-22 16:23:35.488] [INFO ] [restartedMain] o.a.c.c.C.[Tomcat].[localhost].[/] - Initializing Spring embedded WebApplicationContext
[2025-10-22 16:23:35.488] [INFO ] [restartedMain] o.s.b.w.s.c.ServletWebServerApplicationContext - Root WebApplicationContext: initialization completed in 572 ms
[2025-10-22 16:23:35.823] [INFO ] [restartedMain] com.zaxxer.hikari.HikariDataSource - HikariPool-1 - Starting...
[2025-10-22 16:23:36.089] [INFO ] [restartedMain] com.zaxxer.hikari.pool.HikariPool - HikariPool-1 - Added connection net.sf.log4jdbc.sql.jdbcapi.ConnectionSpy@6add6c56
[2025-10-22 16:23:36.089] [INFO ] [restartedMain] com.zaxxer.hikari.HikariDataSource - HikariPool-1 - Start completed.
[2025-10-22 16:23:36.093] [INFO ] [restartedMain] o.s.b.a.h.H2ConsoleAutoConfiguration - H2 console available at '/h2-console'. Database available at 'jdbc:oracle:thin:@175.197.69.42:1521:orcl'
[2025-10-22 16:23:36.121] [INFO ] [restartedMain] o.s.b.d.a.OptionalLiveReloadServer - LiveReload server is running on port 35729
[2025-10-22 16:23:36.130] [INFO ] [restartedMain] o.a.coyote.http11.Http11NioProtocol - Starting ProtocolHandler ["http-nio-8881"]
[2025-10-22 16:23:36.139] [INFO ] [restartedMain] o.s.b.w.e.tomcat.TomcatWebServer - Tomcat started on port 8881 (http) with context path '/'
[2025-10-22 16:23:36.145] [INFO ] [restartedMain] com.sqld_board.sqld.SqldApplication - Started SqldApplication in 1.479 seconds (process running for 1.851)
[2025-10-22 16:23:47.851] [INFO ] [http-nio-8881-exec-1] o.a.c.c.C.[Tomcat].[localhost].[/] - Initializing Spring DispatcherServlet 'dispatcherServlet'
[2025-10-22 16:23:47.852] [INFO ] [http-nio-8881-exec-1] o.s.web.servlet.DispatcherServlet - Initializing Servlet 'dispatcherServlet'
[2025-10-22 16:23:47.854] [INFO ] [http-nio-8881-exec-1] o.s.web.servlet.DispatcherServlet - Completed initialization in 2 ms
[2025-10-22 16:23:48.285] [INFO ] [http-nio-8881-exec-4] o.s.api.AbstractOpenApiResource - Init duration for springdoc-openapi is: 184 ms
[2025-10-22 16:23:58.074] [INFO ] [http-nio-8881-exec-6] c.s.sqld.exception.ExceptionAdvice - error
org.springframework.http.converter.HttpMessageNotReadableException: JSON parse error: Unexpected character ('}' (code 125)): was expecting double-quote to start field name
	at org.springframework.http.converter.json.AbstractJackson2HttpMessageConverter.readJavaType(AbstractJackson2HttpMessageConverter.java:408)
	at org.springframework.http.converter.json.AbstractJackson2HttpMessageConverter.read(AbstractJackson2HttpMessageConverter.java:356)
	at org.springframework.web.servlet.mvc.method.annotation.AbstractMessageConverterMethodArgumentResolver.readWithMessageConverters(AbstractMessageConverterMethodArgumentResolver.java:204)
	at org.springframework.web.servlet.mvc.method.annotation.RequestResponseBodyMethodProcessor.readWithMessageConverters(RequestResponseBodyMethodProcessor.java:176)
	at org.springframework.web.servlet.mvc.method.annotation.RequestResponseBodyMethodProcessor.resolveArgument(RequestResponseBodyMethodProcessor.java:150)
	at org.springframework.web.method.support.HandlerMethodArgumentResolverComposite.resolveArgument(HandlerMethodArgumentResolverComposite.java:122)
	at org.springframework.web.method.support.InvocableHandlerMethod.getMethodArgumentValues(InvocableHandlerMethod.java:227)
	at org.springframework.web.method.support.InvocableHandlerMethod.invokeForRequest(InvocableHandlerMethod.java:181)
	at org.springframework.web.servlet.mvc.method.annotation.ServletInvocableHandlerMethod.invokeAndHandle(ServletInvocableHandlerMethod.java:118)
	at org.springframework.web.servlet.mvc.method.annotation.RequestMappingHandlerAdapter.invokeHandlerMethod(RequestMappingHandlerAdapter.java:991)
	at org.springframework.web.servlet.mvc.method.annotation.RequestMappingHandlerAdapter.handleInternal(RequestMappingHandlerAdapter.java:896)
	at org.springframework.web.servlet.mvc.method.AbstractHandlerMethodAdapter.handle(AbstractHandlerMethodAdapter.java:87)
	at org.springframework.web.servlet.DispatcherServlet.doDispatch(DispatcherServlet.java:1089)
	at org.springframework.web.servlet.DispatcherServlet.doService(DispatcherServlet.java:979)
	at org.springframework.web.servlet.FrameworkServlet.processRequest(FrameworkServlet.java:1014)
	at org.springframework.web.servlet.FrameworkServlet.doPost(FrameworkServlet.java:914)
	at jakarta.servlet.http.HttpServlet.service(HttpServlet.java:590)
	at org.springframework.web.servlet.FrameworkServlet.service(FrameworkServlet.java:885)
	at jakarta.servlet.http.HttpServlet.service(HttpServlet.java:658)
	at org.apache.catalina.core.ApplicationFilterChain.internalDoFilter(ApplicationFilterChain.java:195)
	at org.apache.catalina.core.ApplicationFilterChain.doFilter(ApplicationFilterChain.java:140)
	at org.apache.tomcat.websocket.server.WsFilter.doFilter(WsFilter.java:51)
	at org.apache.catalina.core.ApplicationFilterChain.internalDoFilter(ApplicationFilterChain.java:164)
	at org.apache.catalina.core.ApplicationFilterChain.doFilter(ApplicationFilterChain.java:140)
	at org.springframework.web.filter.RequestContextFilter.doFilterInternal(RequestContextFilter.java:100)
	at org.springframework.web.filter.OncePerRequestFilter.doFilter(OncePerRequestFilter.java:116)
	at org.apache.catalina.core.ApplicationFilterChain.internalDoFilter(ApplicationFilterChain.java:164)
	at org.apache.catalina.core.ApplicationFilterChain.doFilter(ApplicationFilterChain.java:140)
	at org.springframework.web.filter.FormContentFilter.doFilterInternal(FormContentFilter.java:93)
	at org.springframework.web.filter.OncePerRequestFilter.doFilter(OncePerRequestFilter.java:116)
	at org.apache.catalina.core.ApplicationFilterChain.internalDoFilter(ApplicationFilterChain.java:164)
	at org.apache.catalina.core.ApplicationFilterChain.doFilter(ApplicationFilterChain.java:140)
	at org.springframework.web.filter.CharacterEncodingFilter.doFilterInternal(CharacterEncodingFilter.java:201)
	at org.springframework.web.filter.OncePerRequestFilter.doFilter(OncePerRequestFilter.java:116)
	at org.apache.catalina.core.ApplicationFilterChain.internalDoFilter(ApplicationFilterChain.java:164)
	at org.apache.catalina.core.ApplicationFilterChain.doFilter(ApplicationFilterChain.java:140)
	at org.apache.catalina.core.StandardWrapperValve.invoke(StandardWrapperValve.java:167)
	at org.apache.catalina.core.StandardContextValve.invoke(StandardContextValve.java:90)
	at org.apache.catalina.authenticator.AuthenticatorBase.invoke(AuthenticatorBase.java:483)
	at org.apache.catalina.core.StandardHostValve.invoke(StandardHostValve.java:116)
	at org.apache.catalina.valves.ErrorReportValve.invoke(ErrorReportValve.java:93)
	at org.apache.catalina.core.StandardEngineValve.invoke(StandardEngineValve.java:74)
	at org.apache.catalina.connector.CoyoteAdapter.service(CoyoteAdapter.java:344)
	at org.apache.coyote.http11.Http11Processor.service(Http11Processor.java:398)
	at org.apache.coyote.AbstractProcessorLight.process(AbstractProcessorLight.java:63)
	at org.apache.coyote.AbstractProtocol$ConnectionHandler.process(AbstractProtocol.java:903)
	at org.apache.tomcat.util.net.NioEndpoint$SocketProcessor.doRun(NioEndpoint.java:1776)
	at org.apache.tomcat.util.net.SocketProcessorBase.run(SocketProcessorBase.java:52)
	at org.apache.tomcat.util.threads.ThreadPoolExecutor.runWorker(ThreadPoolExecutor.java:975)
	at org.apache.tomcat.util.threads.ThreadPoolExecutor$Worker.run(ThreadPoolExecutor.java:493)
	at org.apache.tomcat.util.threads.TaskThread$WrappingRunnable.run(TaskThread.java:63)
	at java.base/java.lang.Thread.run(Thread.java:840)
Caused by: com.fasterxml.jackson.core.JsonParseException: Unexpected character ('}' (code 125)): was expecting double-quote to start field name
 at [Source: REDACTED (`StreamReadFeature.INCLUDE_SOURCE_IN_LOCATION` disabled); line: 3, column: 1]
	at com.fasterxml.jackson.core.JsonParser._constructReadException(JsonParser.java:2672)
	at com.fasterxml.jackson.core.base.ParserMinimalBase._reportUnexpectedChar(ParserMinimalBase.java:742)
	at com.fasterxml.jackson.core.json.UTF8StreamJsonParser._handleOddName(UTF8StreamJsonParser.java:2103)
	at com.fasterxml.jackson.core.json.UTF8StreamJsonParser._parseName(UTF8StreamJsonParser.java:1753)
	at com.fasterxml.jackson.core.json.UTF8StreamJsonParser.nextFieldName(UTF8StreamJsonParser.java:1040)
	at com.fasterxml.jackson.databind.deser.BeanDeserializer.deserializeFromObject(BeanDeserializer.java:399)
	at com.fasterxml.jackson.databind.deser.BeanDeserializer.deserialize(BeanDeserializer.java:177)
	at com.fasterxml.jackson.databind.deser.DefaultDeserializationContext.readRootValue(DefaultDeserializationContext.java:342)
	at com.fasterxml.jackson.databind.ObjectReader._bindAndClose(ObjectReader.java:2130)
	at com.fasterxml.jackson.databind.ObjectReader.readValue(ObjectReader.java:1500)
	at org.springframework.http.converter.json.AbstractJackson2HttpMessageConverter.readJavaType(AbstractJackson2HttpMessageConverter.java:397)
	... 51 common frames omitted
[2025-10-22 16:23:58.076] [WARN ] [http-nio-8881-exec-6] o.s.w.s.m.m.a.ExceptionHandlerExceptionResolver - Failure in @ExceptionHandler com.sqld_board.sqld.exception.ExceptionAdvice#exception(Exception)
java.lang.NullPointerException: Cannot invoke "org.springframework.context.MessageSource.getMessage(String, Object[], java.util.Locale)" because "this.messageSource" is null
	at com.sqld_board.sqld.handler.ResponseHandler.getCode(ResponseHandler.java:26)
	at com.sqld_board.sqld.handler.ResponseHandler.getFailureResponse(ResponseHandler.java:21)
	at com.sqld_board.sqld.exception.ExceptionAdvice.exception(ExceptionAdvice.java:26)
	at java.base/jdk.internal.reflect.NativeMethodAccessorImpl.invoke0(Native Method)
	at java.base/jdk.internal.reflect.NativeMethodAccessorImpl.invoke(NativeMethodAccessorImpl.java:77)
	at java.base/jdk.internal.reflect.DelegatingMethodAccessorImpl.invoke(DelegatingMethodAccessorImpl.java:43)
	at java.base/java.lang.reflect.Method.invoke(Method.java:568)
	at org.springframework.web.method.support.InvocableHandlerMethod.doInvoke(InvocableHandlerMethod.java:258)
	at org.springframework.web.method.support.InvocableHandlerMethod.invokeForRequest(InvocableHandlerMethod.java:191)
	at org.springframework.web.servlet.mvc.method.annotation.ServletInvocableHandlerMethod.invokeAndHandle(ServletInvocableHandlerMethod.java:118)
	at org.springframework.web.servlet.mvc.method.annotation.ExceptionHandlerExceptionResolver.doResolveHandlerMethodException(ExceptionHandlerExceptionResolver.java:471)
	at org.springframework.web.servlet.handler.AbstractHandlerMethodExceptionResolver.doResolveException(AbstractHandlerMethodExceptionResolver.java:73)
	at org.springframework.web.servlet.handler.AbstractHandlerExceptionResolver.resolveException(AbstractHandlerExceptionResolver.java:182)
	at org.springframework.web.servlet.handler.HandlerExceptionResolverComposite.resolveException(HandlerExceptionResolverComposite.java:80)
	at org.springframework.web.servlet.DispatcherServlet.processHandlerException(DispatcherServlet.java:1360)
	at org.springframework.web.servlet.DispatcherServlet.processDispatchResult(DispatcherServlet.java:1161)
	at org.springframework.web.servlet.DispatcherServlet.doDispatch(DispatcherServlet.java:1106)
	at org.springframework.web.servlet.DispatcherServlet.doService(DispatcherServlet.java:979)
	at org.springframework.web.servlet.FrameworkServlet.processRequest(FrameworkServlet.java:1014)
	at org.springframework.web.servlet.FrameworkServlet.doPost(FrameworkServlet.java:914)
	at jakarta.servlet.http.HttpServlet.service(HttpServlet.java:590)
	at org.springframework.web.servlet.FrameworkServlet.service(FrameworkServlet.java:885)
	at jakarta.servlet.http.HttpServlet.service(HttpServlet.java:658)
	at org.apache.catalina.core.ApplicationFilterChain.internalDoFilter(ApplicationFilterChain.java:195)
	at org.apache.catalina.core.ApplicationFilterChain.doFilter(ApplicationFilterChain.java:140)
	at org.apache.tomcat.websocket.server.WsFilter.doFilter(WsFilter.java:51)
	at org.apache.catalina.core.ApplicationFilterChain.internalDoFilter(ApplicationFilterChain.java:164)
	at org.apache.catalina.core.ApplicationFilterChain.doFilter(ApplicationFilterChain.java:140)
	at org.springframework.web.filter.RequestContextFilter.doFilterInternal(RequestContextFilter.java:100)
	at org.springframework.web.filter.OncePerRequestFilter.doFilter(OncePerRequestFilter.java:116)
	at org.apache.catalina.core.ApplicationFilterChain.internalDoFilter(ApplicationFilterChain.java:164)
	at org.apache.catalina.core.ApplicationFilterChain.doFilter(ApplicationFilterChain.java:140)
	at org.springframework.web.filter.FormContentFilter.doFilterInternal(FormContentFilter.java:93)
	at org.springframework.web.filter.OncePerRequestFilter.doFilter(OncePerRequestFilter.java:116)
	at org.apache.catalina.core.ApplicationFilterChain.internalDoFilter(ApplicationFilterChain.java:164)
	at org.apache.catalina.core.ApplicationFilterChain.doFilter(ApplicationFilterChain.java:140)
	at org.springframework.web.filter.CharacterEncodingFilter.doFilterInternal(CharacterEncodingFilter.java:201)
	at org.springframework.web.filter.OncePerRequestFilter.doFilter(OncePerRequestFilter.java:116)
	at org.apache.catalina.core.ApplicationFilterChain.internalDoFilter(ApplicationFilterChain.java:164)
	at org.apache.catalina.core.ApplicationFilterChain.doFilter(ApplicationFilterChain.java:140)
	at org.apache.catalina.core.StandardWrapperValve.invoke(StandardWrapperValve.java:167)
	at org.apache.catalina.core.StandardContextValve.invoke(StandardContextValve.java:90)
	at org.apache.catalina.authenticator.AuthenticatorBase.invoke(AuthenticatorBase.java:483)
	at org.apache.catalina.core.StandardHostValve.invoke(StandardHostValve.java:116)
	at org.apache.catalina.valves.ErrorReportValve.invoke(ErrorReportValve.java:93)
	at org.apache.catalina.core.StandardEngineValve.invoke(StandardEngineValve.java:74)
	at org.apache.catalina.connector.CoyoteAdapter.service(CoyoteAdapter.java:344)
	at org.apache.coyote.http11.Http11Processor.service(Http11Processor.java:398)
	at org.apache.coyote.AbstractProcessorLight.process(AbstractProcessorLight.java:63)
	at org.apache.coyote.AbstractProtocol$ConnectionHandler.process(AbstractProtocol.java:903)
	at org.apache.tomcat.util.net.NioEndpoint$SocketProcessor.doRun(NioEndpoint.java:1776)
	at org.apache.tomcat.util.net.SocketProcessorBase.run(SocketProcessorBase.java:52)
	at org.apache.tomcat.util.threads.ThreadPoolExecutor.runWorker(ThreadPoolExecutor.java:975)
	at org.apache.tomcat.util.threads.ThreadPoolExecutor$Worker.run(ThreadPoolExecutor.java:493)
	at org.apache.tomcat.util.threads.TaskThread$WrappingRunnable.run(TaskThread.java:63)
	at java.base/java.lang.Thread.run(Thread.java:840)
[2025-10-22 16:23:58.077] [WARN ] [http-nio-8881-exec-6] o.s.w.s.m.s.DefaultHandlerExceptionResolver - Resolved [org.springframework.http.converter.HttpMessageNotReadableException: JSON parse error: Unexpected character ('}' (code 125)): was expecting double-quote to start field name]
[2025-10-22 16:24:03.602] [INFO ] [http-nio-8881-exec-7] jdbc.sqlonly - SELECT 1
         FROM DUAL
        WHERE EXISTS(SELECT 1
                       FROM MEMBER_INFO
                      WHERE 'test111'
                       )

[2025-10-22 16:24:03.623] [ERROR] [http-nio-8881-exec-7] jdbc.sqlonly - 1. PreparedStatement.execute() SELECT 1
         FROM DUAL
        WHERE EXISTS(SELECT 1
                       FROM MEMBER_INFO
                      WHERE 'test111'
                       )

java.sql.SQLSyntaxErrorException: ORA-00920: 관계 연산자가 부적합합니다

https://docs.oracle.com/error-help/db/ora-00920/
	at oracle.jdbc.driver.T4CTTIoer11.processError(T4CTTIoer11.java:715)
	at oracle.jdbc.driver.T4CTTIoer11.processError(T4CTTIoer11.java:615)
	at oracle.jdbc.driver.T4C8Oall.processError(T4C8Oall.java:1372)
	at oracle.jdbc.driver.T4CTTIfun.receive(T4CTTIfun.java:969)
	at oracle.jdbc.driver.T4CTTIfun.doRPC(T4CTTIfun.java:237)
	at oracle.jdbc.driver.T4C8Oall.doOALL(T4C8Oall.java:524)
	at oracle.jdbc.driver.T4CPreparedStatement.doOall8(T4CPreparedStatement.java:298)
	at oracle.jdbc.driver.T4CPreparedStatement.executeForDescribe(T4CPreparedStatement.java:1255)
	at oracle.jdbc.driver.OracleStatement.prepareDefineBufferAndExecute(OracleStatement.java:1413)
	at oracle.jdbc.driver.OracleStatement.executeMaybeDescribe(OracleStatement.java:1287)
	at oracle.jdbc.driver.OracleStatement.executeSQLSelect(OracleStatement.java:1844)
	at oracle.jdbc.driver.OracleStatement.doExecuteWithTimeout(OracleStatement.java:1620)
	at oracle.jdbc.driver.OraclePreparedStatement.executeInternal(OraclePreparedStatement.java:3973)
	at oracle.jdbc.driver.OraclePreparedStatement.doExecute(OraclePreparedStatement.java:4447)
	at oracle.jdbc.driver.OraclePreparedStatement.execute(OraclePreparedStatement.java:4433)
	at oracle.jdbc.driver.OraclePreparedStatementWrapper.execute(OraclePreparedStatementWrapper.java:1029)
	at net.sf.log4jdbc.sql.jdbcapi.PreparedStatementSpy.execute(PreparedStatementSpy.java:443)
	at com.zaxxer.hikari.pool.ProxyPreparedStatement.execute(ProxyPreparedStatement.java:44)
	at com.zaxxer.hikari.pool.HikariProxyPreparedStatement.execute(HikariProxyPreparedStatement.java)
	at org.apache.ibatis.executor.statement.PreparedStatementHandler.query(PreparedStatementHandler.java:65)
	at org.apache.ibatis.executor.statement.RoutingStatementHandler.query(RoutingStatementHandler.java:80)
	at org.apache.ibatis.executor.SimpleExecutor.doQuery(SimpleExecutor.java:65)
	at org.apache.ibatis.executor.BaseExecutor.queryFromDatabase(BaseExecutor.java:336)
	at org.apache.ibatis.executor.BaseExecutor.query(BaseExecutor.java:158)
	at org.apache.ibatis.executor.CachingExecutor.query(CachingExecutor.java:110)
	at org.apache.ibatis.executor.CachingExecutor.query(CachingExecutor.java:90)
	at org.apache.ibatis.session.defaults.DefaultSqlSession.selectList(DefaultSqlSession.java:154)
	at org.apache.ibatis.session.defaults.DefaultSqlSession.selectList(DefaultSqlSession.java:147)
	at org.apache.ibatis.session.defaults.DefaultSqlSession.selectList(DefaultSqlSession.java:142)
	at org.apache.ibatis.session.defaults.DefaultSqlSession.selectOne(DefaultSqlSession.java:75)
	at java.base/jdk.internal.reflect.NativeMethodAccessorImpl.invoke0(Native Method)
	at java.base/jdk.internal.reflect.NativeMethodAccessorImpl.invoke(NativeMethodAccessorImpl.java:77)
	at java.base/jdk.internal.reflect.DelegatingMethodAccessorImpl.invoke(DelegatingMethodAccessorImpl.java:43)
	at java.base/java.lang.reflect.Method.invoke(Method.java:568)
	at org.mybatis.spring.SqlSessionTemplate$SqlSessionInterceptor.invoke(SqlSessionTemplate.java:333)
	at jdk.proxy2/jdk.proxy2.$Proxy86.selectOne(Unknown Source)
	at org.mybatis.spring.SqlSessionTemplate.selectOne(SqlSessionTemplate.java:154)
	at org.apache.ibatis.binding.MapperMethod.execute(MapperMethod.java:87)
	at org.apache.ibatis.binding.MapperProxy$PlainMethodInvoker.invoke(MapperProxy.java:141)
	at org.apache.ibatis.binding.MapperProxy.invoke(MapperProxy.java:86)
	at jdk.proxy3/jdk.proxy3.$Proxy89.readMemberByUsersId(Unknown Source)
	at java.base/jdk.internal.reflect.NativeMethodAccessorImpl.invoke0(Native Method)
	at java.base/jdk.internal.reflect.NativeMethodAccessorImpl.invoke(NativeMethodAccessorImpl.java:77)
	at java.base/jdk.internal.reflect.DelegatingMethodAccessorImpl.invoke(DelegatingMethodAccessorImpl.java:43)
	at java.base/java.lang.reflect.Method.invoke(Method.java:568)
	at org.springframework.aop.support.AopUtils.invokeJoinpointUsingReflection(AopUtils.java:360)
	at org.springframework.aop.framework.ReflectiveMethodInvocation.invokeJoinpoint(ReflectiveMethodInvocation.java:196)
	at org.springframework.aop.framework.ReflectiveMethodInvocation.proceed(ReflectiveMethodInvocation.java:163)
	at org.springframework.dao.support.PersistenceExceptionTranslationInterceptor.invoke(PersistenceExceptionTranslationInterceptor.java:138)
	at org.springframework.aop.framework.ReflectiveMethodInvocation.proceed(ReflectiveMethodInvocation.java:184)
	at org.springframework.aop.framework.JdkDynamicAopProxy.invoke(JdkDynamicAopProxy.java:223)
	at jdk.proxy3/jdk.proxy3.$Proxy90.readMemberByUsersId(Unknown Source)
	at com.sqld_board.sqld.service.sign.SignService.readMemberByUsersId(SignService.java:69)
	at com.sqld_board.sqld.service.sign.SignService.signIn(SignService.java:28)
	at com.sqld_board.sqld.controller.sign.SignController.readMemberByUsersId(SignController.java:28)
	at java.base/jdk.internal.reflect.NativeMethodAccessorImpl.invoke0(Native Method)
	at java.base/jdk.internal.reflect.NativeMethodAccessorImpl.invoke(NativeMethodAccessorImpl.java:77)
	at java.base/jdk.internal.reflect.DelegatingMethodAccessorImpl.invoke(DelegatingMethodAccessorImpl.java:43)
	at java.base/java.lang.reflect.Method.invoke(Method.java:568)
	at org.springframework.web.method.support.InvocableHandlerMethod.doInvoke(InvocableHandlerMethod.java:258)
	at org.springframework.web.method.support.InvocableHandlerMethod.invokeForRequest(InvocableHandlerMethod.java:191)
	at org.springframework.web.servlet.mvc.method.annotation.ServletInvocableHandlerMethod.invokeAndHandle(ServletInvocableHandlerMethod.java:118)
	at org.springframework.web.servlet.mvc.method.annotation.RequestMappingHandlerAdapter.invokeHandlerMethod(RequestMappingHandlerAdapter.java:991)
	at org.springframework.web.servlet.mvc.method.annotation.RequestMappingHandlerAdapter.handleInternal(RequestMappingHandlerAdapter.java:896)
	at org.springframework.web.servlet.mvc.method.AbstractHandlerMethodAdapter.handle(AbstractHandlerMethodAdapter.java:87)
	at org.springframework.web.servlet.DispatcherServlet.doDispatch(DispatcherServlet.java:1089)
	at org.springframework.web.servlet.DispatcherServlet.doService(DispatcherServlet.java:979)
	at org.springframework.web.servlet.FrameworkServlet.processRequest(FrameworkServlet.java:1014)
	at org.springframework.web.servlet.FrameworkServlet.doPost(FrameworkServlet.java:914)
	at jakarta.servlet.http.HttpServlet.service(HttpServlet.java:590)
	at org.springframework.web.servlet.FrameworkServlet.service(FrameworkServlet.java:885)
	at jakarta.servlet.http.HttpServlet.service(HttpServlet.java:658)
	at org.apache.catalina.core.ApplicationFilterChain.internalDoFilter(ApplicationFilterChain.java:195)
	at org.apache.catalina.core.ApplicationFilterChain.doFilter(ApplicationFilterChain.java:140)
	at org.apache.tomcat.websocket.server.WsFilter.doFilter(WsFilter.java:51)
	at org.apache.catalina.core.ApplicationFilterChain.internalDoFilter(ApplicationFilterChain.java:164)
	at org.apache.catalina.core.ApplicationFilterChain.doFilter(ApplicationFilterChain.java:140)
	at org.springframework.web.filter.RequestContextFilter.doFilterInternal(RequestContextFilter.java:100)
	at org.springframework.web.filter.OncePerRequestFilter.doFilter(OncePerRequestFilter.java:116)
	at org.apache.catalina.core.ApplicationFilterChain.internalDoFilter(ApplicationFilterChain.java:164)
	at org.apache.catalina.core.ApplicationFilterChain.doFilter(ApplicationFilterChain.java:140)
	at org.springframework.web.filter.FormContentFilter.doFilterInternal(FormContentFilter.java:93)
	at org.springframework.web.filter.OncePerRequestFilter.doFilter(OncePerRequestFilter.java:116)
	at org.apache.catalina.core.ApplicationFilterChain.internalDoFilter(ApplicationFilterChain.java:164)
	at org.apache.catalina.core.ApplicationFilterChain.doFilter(ApplicationFilterChain.java:140)
	at org.springframework.web.filter.CharacterEncodingFilter.doFilterInternal(CharacterEncodingFilter.java:201)
	at org.springframework.web.filter.OncePerRequestFilter.doFilter(OncePerRequestFilter.java:116)
	at org.apache.catalina.core.ApplicationFilterChain.internalDoFilter(ApplicationFilterChain.java:164)
	at org.apache.catalina.core.ApplicationFilterChain.doFilter(ApplicationFilterChain.java:140)
	at org.apache.catalina.core.StandardWrapperValve.invoke(StandardWrapperValve.java:167)
	at org.apache.catalina.core.StandardContextValve.invoke(StandardContextValve.java:90)
	at org.apache.catalina.authenticator.AuthenticatorBase.invoke(AuthenticatorBase.java:483)
	at org.apache.catalina.core.StandardHostValve.invoke(StandardHostValve.java:116)
	at org.apache.catalina.valves.ErrorReportValve.invoke(ErrorReportValve.java:93)
	at org.apache.catalina.core.StandardEngineValve.invoke(StandardEngineValve.java:74)
	at org.apache.catalina.connector.CoyoteAdapter.service(CoyoteAdapter.java:344)
	at org.apache.coyote.http11.Http11Processor.service(Http11Processor.java:398)
	at org.apache.coyote.AbstractProcessorLight.process(AbstractProcessorLight.java:63)
	at org.apache.coyote.AbstractProtocol$ConnectionHandler.process(AbstractProtocol.java:903)
	at org.apache.tomcat.util.net.NioEndpoint$SocketProcessor.doRun(NioEndpoint.java:1776)
	at org.apache.tomcat.util.net.SocketProcessorBase.run(SocketProcessorBase.java:52)
	at org.apache.tomcat.util.threads.ThreadPoolExecutor.runWorker(ThreadPoolExecutor.java:975)
	at org.apache.tomcat.util.threads.ThreadPoolExecutor$Worker.run(ThreadPoolExecutor.java:493)
	at org.apache.tomcat.util.threads.TaskThread$WrappingRunnable.run(TaskThread.java:63)
	at java.base/java.lang.Thread.run(Thread.java:840)
Caused by: oracle.jdbc.OracleDatabaseException: ORA-00920: 관계 연산자가 부적합합니다

	at oracle.jdbc.driver.T4CTTIoer11.processError(T4CTTIoer11.java:723)
	... 104 common frames omitted
[2025-10-22 16:24:03.678] [INFO ] [http-nio-8881-exec-7] c.s.sqld.exception.ExceptionAdvice - error
org.springframework.jdbc.BadSqlGrammarException: 
### Error querying database.  Cause: java.sql.SQLSyntaxErrorException: ORA-00920: 관계 연산자가 부적합합니다

https://docs.oracle.com/error-help/db/ora-00920/
### The error may exist in file [/Users/minboklee/Downloads/sqld/build/resources/main/mapper/Member.xml]
### The error may involve com.sqld_board.sqld.mapper.MemberMapper.readMemberByUsersId-Inline
### The error occurred while setting parameters
### SQL: SELECT 1          FROM DUAL         WHERE EXISTS(SELECT 1                        FROM MEMBER_INFO                       WHERE ?                        )
### Cause: java.sql.SQLSyntaxErrorException: ORA-00920: 관계 연산자가 부적합합니다

https://docs.oracle.com/error-help/db/ora-00920/
; bad SQL grammar []
	at org.springframework.jdbc.support.SQLExceptionSubclassTranslator.doTranslate(SQLExceptionSubclassTranslator.java:103)
	at org.springframework.jdbc.support.AbstractFallbackSQLExceptionTranslator.translate(AbstractFallbackSQLExceptionTranslator.java:107)
	at org.springframework.jdbc.support.AbstractFallbackSQLExceptionTranslator.translate(AbstractFallbackSQLExceptionTranslator.java:116)
	at org.mybatis.spring.MyBatisExceptionTranslator.translateExceptionIfPossible(MyBatisExceptionTranslator.java:95)
	at org.mybatis.spring.SqlSessionTemplate$SqlSessionInterceptor.invoke(SqlSessionTemplate.java:347)
	at jdk.proxy2/jdk.proxy2.$Proxy86.selectOne(Unknown Source)
	at org.mybatis.spring.SqlSessionTemplate.selectOne(SqlSessionTemplate.java:154)
	at org.apache.ibatis.binding.MapperMethod.execute(MapperMethod.java:87)
	at org.apache.ibatis.binding.MapperProxy$PlainMethodInvoker.invoke(MapperProxy.java:141)
	at org.apache.ibatis.binding.MapperProxy.invoke(MapperProxy.java:86)
	at jdk.proxy3/jdk.proxy3.$Proxy89.readMemberByUsersId(Unknown Source)
	at java.base/jdk.internal.reflect.NativeMethodAccessorImpl.invoke0(Native Method)
	at java.base/jdk.internal.reflect.NativeMethodAccessorImpl.invoke(NativeMethodAccessorImpl.java:77)
	at java.base/jdk.internal.reflect.DelegatingMethodAccessorImpl.invoke(DelegatingMethodAccessorImpl.java:43)
	at java.base/java.lang.reflect.Method.invoke(Method.java:568)
	at org.springframework.aop.support.AopUtils.invokeJoinpointUsingReflection(AopUtils.java:360)
	at org.springframework.aop.framework.ReflectiveMethodInvocation.invokeJoinpoint(ReflectiveMethodInvocation.java:196)
	at org.springframework.aop.framework.ReflectiveMethodInvocation.proceed(ReflectiveMethodInvocation.java:163)
	at org.springframework.dao.support.PersistenceExceptionTranslationInterceptor.invoke(PersistenceExceptionTranslationInterceptor.java:138)
	at org.springframework.aop.framework.ReflectiveMethodInvocation.proceed(ReflectiveMethodInvocation.java:184)
	at org.springframework.aop.framework.JdkDynamicAopProxy.invoke(JdkDynamicAopProxy.java:223)
	at jdk.proxy3/jdk.proxy3.$Proxy90.readMemberByUsersId(Unknown Source)
	at com.sqld_board.sqld.service.sign.SignService.readMemberByUsersId(SignService.java:69)
	at com.sqld_board.sqld.service.sign.SignService.signIn(SignService.java:28)
	at com.sqld_board.sqld.controller.sign.SignController.readMemberByUsersId(SignController.java:28)
	at java.base/jdk.internal.reflect.NativeMethodAccessorImpl.invoke0(Native Method)
	at java.base/jdk.internal.reflect.NativeMethodAccessorImpl.invoke(NativeMethodAccessorImpl.java:77)
	at java.base/jdk.internal.reflect.DelegatingMethodAccessorImpl.invoke(DelegatingMethodAccessorImpl.java:43)
	at java.base/java.lang.reflect.Method.invoke(Method.java:568)
	at org.springframework.web.method.support.InvocableHandlerMethod.doInvoke(InvocableHandlerMethod.java:258)
	at org.springframework.web.method.support.InvocableHandlerMethod.invokeForRequest(InvocableHandlerMethod.java:191)
	at org.springframework.web.servlet.mvc.method.annotation.ServletInvocableHandlerMethod.invokeAndHandle(ServletInvocableHandlerMethod.java:118)
	at org.springframework.web.servlet.mvc.method.annotation.RequestMappingHandlerAdapter.invokeHandlerMethod(RequestMappingHandlerAdapter.java:991)
	at org.springframework.web.servlet.mvc.method.annotation.RequestMappingHandlerAdapter.handleInternal(RequestMappingHandlerAdapter.java:896)
	at org.springframework.web.servlet.mvc.method.AbstractHandlerMethodAdapter.handle(AbstractHandlerMethodAdapter.java:87)
	at org.springframework.web.servlet.DispatcherServlet.doDispatch(DispatcherServlet.java:1089)
	at org.springframework.web.servlet.DispatcherServlet.doService(DispatcherServlet.java:979)
	at org.springframework.web.servlet.FrameworkServlet.processRequest(FrameworkServlet.java:1014)
	at org.springframework.web.servlet.FrameworkServlet.doPost(FrameworkServlet.java:914)
	at jakarta.servlet.http.HttpServlet.service(HttpServlet.java:590)
	at org.springframework.web.servlet.FrameworkServlet.service(FrameworkServlet.java:885)
	at jakarta.servlet.http.HttpServlet.service(HttpServlet.java:658)
	at org.apache.catalina.core.ApplicationFilterChain.internalDoFilter(ApplicationFilterChain.java:195)
	at org.apache.catalina.core.ApplicationFilterChain.doFilter(ApplicationFilterChain.java:140)
	at org.apache.tomcat.websocket.server.WsFilter.doFilter(WsFilter.java:51)
	at org.apache.catalina.core.ApplicationFilterChain.internalDoFilter(ApplicationFilterChain.java:164)
	at org.apache.catalina.core.ApplicationFilterChain.doFilter(ApplicationFilterChain.java:140)
	at org.springframework.web.filter.RequestContextFilter.doFilterInternal(RequestContextFilter.java:100)
	at org.springframework.web.filter.OncePerRequestFilter.doFilter(OncePerRequestFilter.java:116)
	at org.apache.catalina.core.ApplicationFilterChain.internalDoFilter(ApplicationFilterChain.java:164)
	at org.apache.catalina.core.ApplicationFilterChain.doFilter(ApplicationFilterChain.java:140)
	at org.springframework.web.filter.FormContentFilter.doFilterInternal(FormContentFilter.java:93)
	at org.springframework.web.filter.OncePerRequestFilter.doFilter(OncePerRequestFilter.java:116)
	at org.apache.catalina.core.ApplicationFilterChain.internalDoFilter(ApplicationFilterChain.java:164)
	at org.apache.catalina.core.ApplicationFilterChain.doFilter(ApplicationFilterChain.java:140)
	at org.springframework.web.filter.CharacterEncodingFilter.doFilterInternal(CharacterEncodingFilter.java:201)
	at org.springframework.web.filter.OncePerRequestFilter.doFilter(OncePerRequestFilter.java:116)
	at org.apache.catalina.core.ApplicationFilterChain.internalDoFilter(ApplicationFilterChain.java:164)
	at org.apache.catalina.core.ApplicationFilterChain.doFilter(ApplicationFilterChain.java:140)
	at org.apache.catalina.core.StandardWrapperValve.invoke(StandardWrapperValve.java:167)
	at org.apache.catalina.core.StandardContextValve.invoke(StandardContextValve.java:90)
	at org.apache.catalina.authenticator.AuthenticatorBase.invoke(AuthenticatorBase.java:483)
	at org.apache.catalina.core.StandardHostValve.invoke(StandardHostValve.java:116)
	at org.apache.catalina.valves.ErrorReportValve.invoke(ErrorReportValve.java:93)
	at org.apache.catalina.core.StandardEngineValve.invoke(StandardEngineValve.java:74)
	at org.apache.catalina.connector.CoyoteAdapter.service(CoyoteAdapter.java:344)
	at org.apache.coyote.http11.Http11Processor.service(Http11Processor.java:398)
	at org.apache.coyote.AbstractProcessorLight.process(AbstractProcessorLight.java:63)
	at org.apache.coyote.AbstractProtocol$ConnectionHandler.process(AbstractProtocol.java:903)
	at org.apache.tomcat.util.net.NioEndpoint$SocketProcessor.doRun(NioEndpoint.java:1776)
	at org.apache.tomcat.util.net.SocketProcessorBase.run(SocketProcessorBase.java:52)
	at org.apache.tomcat.util.threads.ThreadPoolExecutor.runWorker(ThreadPoolExecutor.java:975)
	at org.apache.tomcat.util.threads.ThreadPoolExecutor$Worker.run(ThreadPoolExecutor.java:493)
	at org.apache.tomcat.util.threads.TaskThread$WrappingRunnable.run(TaskThread.java:63)
	at java.base/java.lang.Thread.run(Thread.java:840)
Caused by: java.sql.SQLSyntaxErrorException: ORA-00920: 관계 연산자가 부적합합니다

https://docs.oracle.com/error-help/db/ora-00920/
	at oracle.jdbc.driver.T4CTTIoer11.processError(T4CTTIoer11.java:715)
	at oracle.jdbc.driver.T4CTTIoer11.processError(T4CTTIoer11.java:615)
	at oracle.jdbc.driver.T4C8Oall.processError(T4C8Oall.java:1372)
	at oracle.jdbc.driver.T4CTTIfun.receive(T4CTTIfun.java:969)
	at oracle.jdbc.driver.T4CTTIfun.doRPC(T4CTTIfun.java:237)
	at oracle.jdbc.driver.T4C8Oall.doOALL(T4C8Oall.java:524)
	at oracle.jdbc.driver.T4CPreparedStatement.doOall8(T4CPreparedStatement.java:298)
	at oracle.jdbc.driver.T4CPreparedStatement.executeForDescribe(T4CPreparedStatement.java:1255)
	at oracle.jdbc.driver.OracleStatement.prepareDefineBufferAndExecute(OracleStatement.java:1413)
	at oracle.jdbc.driver.OracleStatement.executeMaybeDescribe(OracleStatement.java:1287)
	at oracle.jdbc.driver.OracleStatement.executeSQLSelect(OracleStatement.java:1844)
	at oracle.jdbc.driver.OracleStatement.doExecuteWithTimeout(OracleStatement.java:1620)
	at oracle.jdbc.driver.OraclePreparedStatement.executeInternal(OraclePreparedStatement.java:3973)
	at oracle.jdbc.driver.OraclePreparedStatement.doExecute(OraclePreparedStatement.java:4447)
	at oracle.jdbc.driver.OraclePreparedStatement.execute(OraclePreparedStatement.java:4433)
	at oracle.jdbc.driver.OraclePreparedStatementWrapper.execute(OraclePreparedStatementWrapper.java:1029)
	at net.sf.log4jdbc.sql.jdbcapi.PreparedStatementSpy.execute(PreparedStatementSpy.java:443)
	at com.zaxxer.hikari.pool.ProxyPreparedStatement.execute(ProxyPreparedStatement.java:44)
	at com.zaxxer.hikari.pool.HikariProxyPreparedStatement.execute(HikariProxyPreparedStatement.java)
	at org.apache.ibatis.executor.statement.PreparedStatementHandler.query(PreparedStatementHandler.java:65)
	at org.apache.ibatis.executor.statement.RoutingStatementHandler.query(RoutingStatementHandler.java:80)
	at org.apache.ibatis.executor.SimpleExecutor.doQuery(SimpleExecutor.java:65)
	at org.apache.ibatis.executor.BaseExecutor.queryFromDatabase(BaseExecutor.java:336)
	at org.apache.ibatis.executor.BaseExecutor.query(BaseExecutor.java:158)
	at org.apache.ibatis.executor.CachingExecutor.query(CachingExecutor.java:110)
	at org.apache.ibatis.executor.CachingExecutor.query(CachingExecutor.java:90)
	at org.apache.ibatis.session.defaults.DefaultSqlSession.selectList(DefaultSqlSession.java:154)
	at org.apache.ibatis.session.defaults.DefaultSqlSession.selectList(DefaultSqlSession.java:147)
	at org.apache.ibatis.session.defaults.DefaultSqlSession.selectList(DefaultSqlSession.java:142)
	at org.apache.ibatis.session.defaults.DefaultSqlSession.selectOne(DefaultSqlSession.java:75)
	at java.base/jdk.internal.reflect.NativeMethodAccessorImpl.invoke0(Native Method)
	at java.base/jdk.internal.reflect.NativeMethodAccessorImpl.invoke(NativeMethodAccessorImpl.java:77)
	at java.base/jdk.internal.reflect.DelegatingMethodAccessorImpl.invoke(DelegatingMethodAccessorImpl.java:43)
	at java.base/java.lang.reflect.Method.invoke(Method.java:568)
	at org.mybatis.spring.SqlSessionTemplate$SqlSessionInterceptor.invoke(SqlSessionTemplate.java:333)
	... 70 common frames omitted
Caused by: oracle.jdbc.OracleDatabaseException: ORA-00920: 관계 연산자가 부적합합니다

	at oracle.jdbc.driver.T4CTTIoer11.processError(T4CTTIoer11.java:723)
	... 104 common frames omitted
[2025-10-22 16:24:03.679] [WARN ] [http-nio-8881-exec-7] o.s.w.s.m.m.a.ExceptionHandlerExceptionResolver - Failure in @ExceptionHandler com.sqld_board.sqld.exception.ExceptionAdvice#exception(Exception)
java.lang.NullPointerException: Cannot invoke "org.springframework.context.MessageSource.getMessage(String, Object[], java.util.Locale)" because "this.messageSource" is null
	at com.sqld_board.sqld.handler.ResponseHandler.getCode(ResponseHandler.java:26)
	at com.sqld_board.sqld.handler.ResponseHandler.getFailureResponse(ResponseHandler.java:21)
	at com.sqld_board.sqld.exception.ExceptionAdvice.exception(ExceptionAdvice.java:26)
	at java.base/jdk.internal.reflect.NativeMethodAccessorImpl.invoke0(Native Method)
	at java.base/jdk.internal.reflect.NativeMethodAccessorImpl.invoke(NativeMethodAccessorImpl.java:77)
	at java.base/jdk.internal.reflect.DelegatingMethodAccessorImpl.invoke(DelegatingMethodAccessorImpl.java:43)
	at java.base/java.lang.reflect.Method.invoke(Method.java:568)
	at org.springframework.web.method.support.InvocableHandlerMethod.doInvoke(InvocableHandlerMethod.java:258)
	at org.springframework.web.method.support.InvocableHandlerMethod.invokeForRequest(InvocableHandlerMethod.java:191)
	at org.springframework.web.servlet.mvc.method.annotation.ServletInvocableHandlerMethod.invokeAndHandle(ServletInvocableHandlerMethod.java:118)
	at org.springframework.web.servlet.mvc.method.annotation.ExceptionHandlerExceptionResolver.doResolveHandlerMethodException(ExceptionHandlerExceptionResolver.java:471)
	at org.springframework.web.servlet.handler.AbstractHandlerMethodExceptionResolver.doResolveException(AbstractHandlerMethodExceptionResolver.java:73)
	at org.springframework.web.servlet.handler.AbstractHandlerExceptionResolver.resolveException(AbstractHandlerExceptionResolver.java:182)
	at org.springframework.web.servlet.handler.HandlerExceptionResolverComposite.resolveException(HandlerExceptionResolverComposite.java:80)
	at org.springframework.web.servlet.DispatcherServlet.processHandlerException(DispatcherServlet.java:1360)
	at org.springframework.web.servlet.DispatcherServlet.processDispatchResult(DispatcherServlet.java:1161)
	at org.springframework.web.servlet.DispatcherServlet.doDispatch(DispatcherServlet.java:1106)
	at org.springframework.web.servlet.DispatcherServlet.doService(DispatcherServlet.java:979)
	at org.springframework.web.servlet.FrameworkServlet.processRequest(FrameworkServlet.java:1014)
	at org.springframework.web.servlet.FrameworkServlet.doPost(FrameworkServlet.java:914)
	at jakarta.servlet.http.HttpServlet.service(HttpServlet.java:590)
	at org.springframework.web.servlet.FrameworkServlet.service(FrameworkServlet.java:885)
	at jakarta.servlet.http.HttpServlet.service(HttpServlet.java:658)
	at org.apache.catalina.core.ApplicationFilterChain.internalDoFilter(ApplicationFilterChain.java:195)
	at org.apache.catalina.core.ApplicationFilterChain.doFilter(ApplicationFilterChain.java:140)
	at org.apache.tomcat.websocket.server.WsFilter.doFilter(WsFilter.java:51)
	at org.apache.catalina.core.ApplicationFilterChain.internalDoFilter(ApplicationFilterChain.java:164)
	at org.apache.catalina.core.ApplicationFilterChain.doFilter(ApplicationFilterChain.java:140)
	at org.springframework.web.filter.RequestContextFilter.doFilterInternal(RequestContextFilter.java:100)
	at org.springframework.web.filter.OncePerRequestFilter.doFilter(OncePerRequestFilter.java:116)
	at org.apache.catalina.core.ApplicationFilterChain.internalDoFilter(ApplicationFilterChain.java:164)
	at org.apache.catalina.core.ApplicationFilterChain.doFilter(ApplicationFilterChain.java:140)
	at org.springframework.web.filter.FormContentFilter.doFilterInternal(FormContentFilter.java:93)
	at org.springframework.web.filter.OncePerRequestFilter.doFilter(OncePerRequestFilter.java:116)
	at org.apache.catalina.core.ApplicationFilterChain.internalDoFilter(ApplicationFilterChain.java:164)
	at org.apache.catalina.core.ApplicationFilterChain.doFilter(ApplicationFilterChain.java:140)
	at org.springframework.web.filter.CharacterEncodingFilter.doFilterInternal(CharacterEncodingFilter.java:201)
	at org.springframework.web.filter.OncePerRequestFilter.doFilter(OncePerRequestFilter.java:116)
	at org.apache.catalina.core.ApplicationFilterChain.internalDoFilter(ApplicationFilterChain.java:164)
	at org.apache.catalina.core.ApplicationFilterChain.doFilter(ApplicationFilterChain.java:140)
	at org.apache.catalina.core.StandardWrapperValve.invoke(StandardWrapperValve.java:167)
	at org.apache.catalina.core.StandardContextValve.invoke(StandardContextValve.java:90)
	at org.apache.catalina.authenticator.AuthenticatorBase.invoke(AuthenticatorBase.java:483)
	at org.apache.catalina.core.StandardHostValve.invoke(StandardHostValve.java:116)
	at org.apache.catalina.valves.ErrorReportValve.invoke(ErrorReportValve.java:93)
	at org.apache.catalina.core.StandardEngineValve.invoke(StandardEngineValve.java:74)
	at org.apache.catalina.connector.CoyoteAdapter.service(CoyoteAdapter.java:344)
	at org.apache.coyote.http11.Http11Processor.service(Http11Processor.java:398)
	at org.apache.coyote.AbstractProcessorLight.process(AbstractProcessorLight.java:63)
	at org.apache.coyote.AbstractProtocol$ConnectionHandler.process(AbstractProtocol.java:903)
	at org.apache.tomcat.util.net.NioEndpoint$SocketProcessor.doRun(NioEndpoint.java:1776)
	at org.apache.tomcat.util.net.SocketProcessorBase.run(SocketProcessorBase.java:52)
	at org.apache.tomcat.util.threads.ThreadPoolExecutor.runWorker(ThreadPoolExecutor.java:975)
	at org.apache.tomcat.util.threads.ThreadPoolExecutor$Worker.run(ThreadPoolExecutor.java:493)
	at org.apache.tomcat.util.threads.TaskThread$WrappingRunnable.run(TaskThread.java:63)
	at java.base/java.lang.Thread.run(Thread.java:840)
[2025-10-22 16:24:03.680] [ERROR] [http-nio-8881-exec-7] o.a.c.c.C.[.[.[.[dispatcherServlet] - Servlet.service() for servlet [dispatcherServlet] in context with path [] threw exception [Request processing failed: org.springframework.jdbc.BadSqlGrammarException: 
### Error querying database.  Cause: java.sql.SQLSyntaxErrorException: ORA-00920: 관계 연산자가 부적합합니다

https://docs.oracle.com/error-help/db/ora-00920/
### The error may exist in file [/Users/minboklee/Downloads/sqld/build/resources/main/mapper/Member.xml]
### The error may involve com.sqld_board.sqld.mapper.MemberMapper.readMemberByUsersId-Inline
### The error occurred while setting parameters
### SQL: SELECT 1          FROM DUAL         WHERE EXISTS(SELECT 1                        FROM MEMBER_INFO                       WHERE ?                        )
### Cause: java.sql.SQLSyntaxErrorException: ORA-00920: 관계 연산자가 부적합합니다

https://docs.oracle.com/error-help/db/ora-00920/
; bad SQL grammar []] with root cause
oracle.jdbc.OracleDatabaseException: ORA-00920: 관계 연산자가 부적합합니다

	at oracle.jdbc.driver.T4CTTIoer11.processError(T4CTTIoer11.java:723)
	at oracle.jdbc.driver.T4CTTIoer11.processError(T4CTTIoer11.java:615)
	at oracle.jdbc.driver.T4C8Oall.processError(T4C8Oall.java:1372)
	at oracle.jdbc.driver.T4CTTIfun.receive(T4CTTIfun.java:969)
	at oracle.jdbc.driver.T4CTTIfun.doRPC(T4CTTIfun.java:237)
	at oracle.jdbc.driver.T4C8Oall.doOALL(T4C8Oall.java:524)
	at oracle.jdbc.driver.T4CPreparedStatement.doOall8(T4CPreparedStatement.java:298)
	at oracle.jdbc.driver.T4CPreparedStatement.executeForDescribe(T4CPreparedStatement.java:1255)
	at oracle.jdbc.driver.OracleStatement.prepareDefineBufferAndExecute(OracleStatement.java:1413)
	at oracle.jdbc.driver.OracleStatement.executeMaybeDescribe(OracleStatement.java:1287)
	at oracle.jdbc.driver.OracleStatement.executeSQLSelect(OracleStatement.java:1844)
	at oracle.jdbc.driver.OracleStatement.doExecuteWithTimeout(OracleStatement.java:1620)
	at oracle.jdbc.driver.OraclePreparedStatement.executeInternal(OraclePreparedStatement.java:3973)
	at oracle.jdbc.driver.OraclePreparedStatement.doExecute(OraclePreparedStatement.java:4447)
	at oracle.jdbc.driver.OraclePreparedStatement.execute(OraclePreparedStatement.java:4433)
	at oracle.jdbc.driver.OraclePreparedStatementWrapper.execute(OraclePreparedStatementWrapper.java:1029)
	at net.sf.log4jdbc.sql.jdbcapi.PreparedStatementSpy.execute(PreparedStatementSpy.java:443)
	at com.zaxxer.hikari.pool.ProxyPreparedStatement.execute(ProxyPreparedStatement.java:44)
	at com.zaxxer.hikari.pool.HikariProxyPreparedStatement.execute(HikariProxyPreparedStatement.java)
	at org.apache.ibatis.executor.statement.PreparedStatementHandler.query(PreparedStatementHandler.java:65)
	at org.apache.ibatis.executor.statement.RoutingStatementHandler.query(RoutingStatementHandler.java:80)
	at org.apache.ibatis.executor.SimpleExecutor.doQuery(SimpleExecutor.java:65)
	at org.apache.ibatis.executor.BaseExecutor.queryFromDatabase(BaseExecutor.java:336)
	at org.apache.ibatis.executor.BaseExecutor.query(BaseExecutor.java:158)
	at org.apache.ibatis.executor.CachingExecutor.query(CachingExecutor.java:110)
	at org.apache.ibatis.executor.CachingExecutor.query(CachingExecutor.java:90)
	at org.apache.ibatis.session.defaults.DefaultSqlSession.selectList(DefaultSqlSession.java:154)
	at org.apache.ibatis.session.defaults.DefaultSqlSession.selectList(DefaultSqlSession.java:147)
	at org.apache.ibatis.session.defaults.DefaultSqlSession.selectList(DefaultSqlSession.java:142)
	at org.apache.ibatis.session.defaults.DefaultSqlSession.selectOne(DefaultSqlSession.java:75)
	at java.base/jdk.internal.reflect.NativeMethodAccessorImpl.invoke0(Native Method)
	at java.base/jdk.internal.reflect.NativeMethodAccessorImpl.invoke(NativeMethodAccessorImpl.java:77)
	at java.base/jdk.internal.reflect.DelegatingMethodAccessorImpl.invoke(DelegatingMethodAccessorImpl.java:43)
	at java.base/java.lang.reflect.Method.invoke(Method.java:568)
	at org.mybatis.spring.SqlSessionTemplate$SqlSessionInterceptor.invoke(SqlSessionTemplate.java:333)
	at jdk.proxy2/jdk.proxy2.$Proxy86.selectOne(Unknown Source)
	at org.mybatis.spring.SqlSessionTemplate.selectOne(SqlSessionTemplate.java:154)
	at org.apache.ibatis.binding.MapperMethod.execute(MapperMethod.java:87)
	at org.apache.ibatis.binding.MapperProxy$PlainMethodInvoker.invoke(MapperProxy.java:141)
	at org.apache.ibatis.binding.MapperProxy.invoke(MapperProxy.java:86)
	at jdk.proxy3/jdk.proxy3.$Proxy89.readMemberByUsersId(Unknown Source)
	at java.base/jdk.internal.reflect.NativeMethodAccessorImpl.invoke0(Native Method)
	at java.base/jdk.internal.reflect.NativeMethodAccessorImpl.invoke(NativeMethodAccessorImpl.java:77)
	at java.base/jdk.internal.reflect.DelegatingMethodAccessorImpl.invoke(DelegatingMethodAccessorImpl.java:43)
	at java.base/java.lang.reflect.Method.invoke(Method.java:568)
	at org.springframework.aop.support.AopUtils.invokeJoinpointUsingReflection(AopUtils.java:360)
	at org.springframework.aop.framework.ReflectiveMethodInvocation.invokeJoinpoint(ReflectiveMethodInvocation.java:196)
	at org.springframework.aop.framework.ReflectiveMethodInvocation.proceed(ReflectiveMethodInvocation.java:163)
	at org.springframework.dao.support.PersistenceExceptionTranslationInterceptor.invoke(PersistenceExceptionTranslationInterceptor.java:138)
	at org.springframework.aop.framework.ReflectiveMethodInvocation.proceed(ReflectiveMethodInvocation.java:184)
	at org.springframework.aop.framework.JdkDynamicAopProxy.invoke(JdkDynamicAopProxy.java:223)
	at jdk.proxy3/jdk.proxy3.$Proxy90.readMemberByUsersId(Unknown Source)
	at com.sqld_board.sqld.service.sign.SignService.readMemberByUsersId(SignService.java:69)
	at com.sqld_board.sqld.service.sign.SignService.signIn(SignService.java:28)
	at com.sqld_board.sqld.controller.sign.SignController.readMemberByUsersId(SignController.java:28)
	at java.base/jdk.internal.reflect.NativeMethodAccessorImpl.invoke0(Native Method)
	at java.base/jdk.internal.reflect.NativeMethodAccessorImpl.invoke(NativeMethodAccessorImpl.java:77)
	at java.base/jdk.internal.reflect.DelegatingMethodAccessorImpl.invoke(DelegatingMethodAccessorImpl.java:43)
	at java.base/java.lang.reflect.Method.invoke(Method.java:568)
	at org.springframework.web.method.support.InvocableHandlerMethod.doInvoke(InvocableHandlerMethod.java:258)
	at org.springframework.web.method.support.InvocableHandlerMethod.invokeForRequest(InvocableHandlerMethod.java:191)
	at org.springframework.web.servlet.mvc.method.annotation.ServletInvocableHandlerMethod.invokeAndHandle(ServletInvocableHandlerMethod.java:118)
	at org.springframework.web.servlet.mvc.method.annotation.RequestMappingHandlerAdapter.invokeHandlerMethod(RequestMappingHandlerAdapter.java:991)
	at org.springframework.web.servlet.mvc.method.annotation.RequestMappingHandlerAdapter.handleInternal(RequestMappingHandlerAdapter.java:896)
	at org.springframework.web.servlet.mvc.method.AbstractHandlerMethodAdapter.handle(AbstractHandlerMethodAdapter.java:87)
	at org.springframework.web.servlet.DispatcherServlet.doDispatch(DispatcherServlet.java:1089)
	at org.springframework.web.servlet.DispatcherServlet.doService(DispatcherServlet.java:979)
	at org.springframework.web.servlet.FrameworkServlet.processRequest(FrameworkServlet.java:1014)
	at org.springframework.web.servlet.FrameworkServlet.doPost(FrameworkServlet.java:914)
	at jakarta.servlet.http.HttpServlet.service(HttpServlet.java:590)
	at org.springframework.web.servlet.FrameworkServlet.service(FrameworkServlet.java:885)
	at jakarta.servlet.http.HttpServlet.service(HttpServlet.java:658)
	at org.apache.catalina.core.ApplicationFilterChain.internalDoFilter(ApplicationFilterChain.java:195)
	at org.apache.catalina.core.ApplicationFilterChain.doFilter(ApplicationFilterChain.java:140)
	at org.apache.tomcat.websocket.server.WsFilter.doFilter(WsFilter.java:51)
	at org.apache.catalina.core.ApplicationFilterChain.internalDoFilter(ApplicationFilterChain.java:164)
	at org.apache.catalina.core.ApplicationFilterChain.doFilter(ApplicationFilterChain.java:140)
	at org.springframework.web.filter.RequestContextFilter.doFilterInternal(RequestContextFilter.java:100)
	at org.springframework.web.filter.OncePerRequestFilter.doFilter(OncePerRequestFilter.java:116)
	at org.apache.catalina.core.ApplicationFilterChain.internalDoFilter(ApplicationFilterChain.java:164)
	at org.apache.catalina.core.ApplicationFilterChain.doFilter(ApplicationFilterChain.java:140)
	at org.springframework.web.filter.FormContentFilter.doFilterInternal(FormContentFilter.java:93)
	at org.springframework.web.filter.OncePerRequestFilter.doFilter(OncePerRequestFilter.java:116)
	at org.apache.catalina.core.ApplicationFilterChain.internalDoFilter(ApplicationFilterChain.java:164)
	at org.apache.catalina.core.ApplicationFilterChain.doFilter(ApplicationFilterChain.java:140)
	at org.springframework.web.filter.CharacterEncodingFilter.doFilterInternal(CharacterEncodingFilter.java:201)
	at org.springframework.web.filter.OncePerRequestFilter.doFilter(OncePerRequestFilter.java:116)
	at org.apache.catalina.core.ApplicationFilterChain.internalDoFilter(ApplicationFilterChain.java:164)
	at org.apache.catalina.core.ApplicationFilterChain.doFilter(ApplicationFilterChain.java:140)
	at org.apache.catalina.core.StandardWrapperValve.invoke(StandardWrapperValve.java:167)
	at org.apache.catalina.core.StandardContextValve.invoke(StandardContextValve.java:90)
	at org.apache.catalina.authenticator.AuthenticatorBase.invoke(AuthenticatorBase.java:483)
	at org.apache.catalina.core.StandardHostValve.invoke(StandardHostValve.java:116)
	at org.apache.catalina.valves.ErrorReportValve.invoke(ErrorReportValve.java:93)
	at org.apache.catalina.core.StandardEngineValve.invoke(StandardEngineValve.java:74)
	at org.apache.catalina.connector.CoyoteAdapter.service(CoyoteAdapter.java:344)
	at org.apache.coyote.http11.Http11Processor.service(Http11Processor.java:398)
	at org.apache.coyote.AbstractProcessorLight.process(AbstractProcessorLight.java:63)
	at org.apache.coyote.AbstractProtocol$ConnectionHandler.process(AbstractProtocol.java:903)
	at org.apache.tomcat.util.net.NioEndpoint$SocketProcessor.doRun(NioEndpoint.java:1776)
	at org.apache.tomcat.util.net.SocketProcessorBase.run(SocketProcessorBase.java:52)
	at org.apache.tomcat.util.threads.ThreadPoolExecutor.runWorker(ThreadPoolExecutor.java:975)
	at org.apache.tomcat.util.threads.ThreadPoolExecutor$Worker.run(ThreadPoolExecutor.java:493)
	at org.apache.tomcat.util.threads.TaskThread$WrappingRunnable.run(TaskThread.java:63)
	at java.base/java.lang.Thread.run(Thread.java:840)
[2025-10-22 16:25:43.517] [INFO ] [SpringApplicationShutdownHook] o.s.b.w.e.tomcat.GracefulShutdown - Commencing graceful shutdown. Waiting for active requests to complete
[2025-10-22 16:25:43.525] [INFO ] [tomcat-shutdown] o.s.b.w.e.tomcat.GracefulShutdown - Graceful shutdown complete
[2025-10-22 16:25:43.537] [INFO ] [SpringApplicationShutdownHook] com.zaxxer.hikari.HikariDataSource - HikariPool-1 - Shutdown initiated...
[2025-10-22 16:25:43.644] [INFO ] [SpringApplicationShutdownHook] com.zaxxer.hikari.HikariDataSource - HikariPool-1 - Shutdown completed.
[2025-10-22 16:25:46.133] [INFO ] [background-preinit] o.h.validator.internal.util.Version - HV000001: Hibernate Validator 8.0.3.Final
[2025-10-22 16:25:46.238] [INFO ] [restartedMain] com.sqld_board.sqld.SqldApplication - Starting SqldApplication using Java 17.0.11 with PID 88354 (/Users/minboklee/Downloads/sqld/build/classes/java/main started by minboklee in /Users/minboklee/Downloads/sqld)
[2025-10-22 16:25:46.240] [INFO ] [restartedMain] com.sqld_board.sqld.SqldApplication - No active profile set, falling back to 1 default profile: "default"
[2025-10-22 16:25:46.285] [INFO ] [restartedMain] o.s.b.d.restart.ChangeableUrls - The Class-Path manifest attribute in /Users/minboklee/.gradle/caches/modules-2/files-2.1/com.oracle.database.jdbc/ojdbc11/23.7.0.25.01/665f52abef9122ce003b5cfc1d9d44f7302e2cfe/ojdbc11-23.7.0.25.01.jar referenced one or more files that do not exist: file:/Users/minboklee/.gradle/caches/modules-2/files-2.1/com.oracle.database.jdbc/ojdbc11/23.7.0.25.01/665f52abef9122ce003b5cfc1d9d44f7302e2cfe/oraclepki.jar
[2025-10-22 16:25:46.285] [INFO ] [restartedMain] o.s.b.d.e.DevToolsPropertyDefaultsPostProcessor - Devtools property defaults active! Set 'spring.devtools.add-properties' to 'false' to disable
[2025-10-22 16:25:46.285] [INFO ] [restartedMain] o.s.b.d.e.DevToolsPropertyDefaultsPostProcessor - For additional web related logging consider setting the 'logging.level.web' property to 'DEBUG'
[2025-10-22 16:25:47.139] [INFO ] [restartedMain] o.s.b.w.e.tomcat.TomcatWebServer - Tomcat initialized with port 8881 (http)
[2025-10-22 16:25:47.145] [INFO ] [restartedMain] o.a.coyote.http11.Http11NioProtocol - Initializing ProtocolHandler ["http-nio-8881"]
[2025-10-22 16:25:47.146] [INFO ] [restartedMain] o.a.catalina.core.StandardService - Starting service [Tomcat]
[2025-10-22 16:25:47.146] [INFO ] [restartedMain] o.a.catalina.core.StandardEngine - Starting Servlet engine: [Apache Tomcat/10.1.46]
[2025-10-22 16:25:47.165] [INFO ] [restartedMain] o.a.c.c.C.[Tomcat].[localhost].[/] - Initializing Spring embedded WebApplicationContext
[2025-10-22 16:25:47.165] [INFO ] [restartedMain] o.s.b.w.s.c.ServletWebServerApplicationContext - Root WebApplicationContext: initialization completed in 879 ms
[2025-10-22 16:25:47.504] [INFO ] [restartedMain] com.zaxxer.hikari.HikariDataSource - HikariPool-1 - Starting...
[2025-10-22 16:25:47.811] [INFO ] [restartedMain] com.zaxxer.hikari.pool.HikariPool - HikariPool-1 - Added connection net.sf.log4jdbc.sql.jdbcapi.ConnectionSpy@1597c954
[2025-10-22 16:25:47.812] [INFO ] [restartedMain] com.zaxxer.hikari.HikariDataSource - HikariPool-1 - Start completed.
[2025-10-22 16:25:47.817] [INFO ] [restartedMain] o.s.b.a.h.H2ConsoleAutoConfiguration - H2 console available at '/h2-console'. Database available at 'jdbc:oracle:thin:@175.197.69.42:1521:orcl'
[2025-10-22 16:25:47.847] [INFO ] [restartedMain] o.s.b.d.a.OptionalLiveReloadServer - LiveReload server is running on port 35729
[2025-10-22 16:25:47.857] [INFO ] [restartedMain] o.a.coyote.http11.Http11NioProtocol - Starting ProtocolHandler ["http-nio-8881"]
[2025-10-22 16:25:47.865] [INFO ] [restartedMain] o.s.b.w.e.tomcat.TomcatWebServer - Tomcat started on port 8881 (http) with context path '/'
[2025-10-22 16:25:47.872] [INFO ] [restartedMain] com.sqld_board.sqld.SqldApplication - Started SqldApplication in 2.154 seconds (process running for 2.738)
[2025-10-22 16:25:56.016] [INFO ] [http-nio-8881-exec-1] o.a.c.c.C.[Tomcat].[localhost].[/] - Initializing Spring DispatcherServlet 'dispatcherServlet'
[2025-10-22 16:25:56.017] [INFO ] [http-nio-8881-exec-1] o.s.web.servlet.DispatcherServlet - Initializing Servlet 'dispatcherServlet'
[2025-10-22 16:25:56.020] [INFO ] [http-nio-8881-exec-1] o.s.web.servlet.DispatcherServlet - Completed initialization in 2 ms
[2025-10-22 16:25:56.152] [INFO ] [http-nio-8881-exec-1] jdbc.sqlonly - SELECT 1
         FROM DUAL
        WHERE EXISTS(SELECT 1
                       FROM MEMBER_INFO
                      WHERE USER_ID = 'test111'
                       )

[2025-10-22 16:25:56.222] [INFO ] [http-nio-8881-exec-1] jdbc.resultsettable - 
|--|
|1 |
|--|
|--|

[2025-10-22 16:25:56.228] [INFO ] [http-nio-8881-exec-1] c.s.sqld.exception.ExceptionAdvice - MemberNotFoundException
com.sqld_board.sqld.exception.common.MemberNotFoundException: null
	at java.base/java.util.Optional.orElseThrow(Optional.java:403)
	at com.sqld_board.sqld.service.sign.SignService.readMemberByUsersId(SignService.java:69)
	at com.sqld_board.sqld.service.sign.SignService.signIn(SignService.java:28)
	at com.sqld_board.sqld.controller.sign.SignController.readMemberByUsersId(SignController.java:28)
	at java.base/jdk.internal.reflect.NativeMethodAccessorImpl.invoke0(Native Method)
	at java.base/jdk.internal.reflect.NativeMethodAccessorImpl.invoke(NativeMethodAccessorImpl.java:77)
	at java.base/jdk.internal.reflect.DelegatingMethodAccessorImpl.invoke(DelegatingMethodAccessorImpl.java:43)
	at java.base/java.lang.reflect.Method.invoke(Method.java:568)
	at org.springframework.web.method.support.InvocableHandlerMethod.doInvoke(InvocableHandlerMethod.java:258)
	at org.springframework.web.method.support.InvocableHandlerMethod.invokeForRequest(InvocableHandlerMethod.java:191)
	at org.springframework.web.servlet.mvc.method.annotation.ServletInvocableHandlerMethod.invokeAndHandle(ServletInvocableHandlerMethod.java:118)
	at org.springframework.web.servlet.mvc.method.annotation.RequestMappingHandlerAdapter.invokeHandlerMethod(RequestMappingHandlerAdapter.java:991)
	at org.springframework.web.servlet.mvc.method.annotation.RequestMappingHandlerAdapter.handleInternal(RequestMappingHandlerAdapter.java:896)
	at org.springframework.web.servlet.mvc.method.AbstractHandlerMethodAdapter.handle(AbstractHandlerMethodAdapter.java:87)
	at org.springframework.web.servlet.DispatcherServlet.doDispatch(DispatcherServlet.java:1089)
	at org.springframework.web.servlet.DispatcherServlet.doService(DispatcherServlet.java:979)
	at org.springframework.web.servlet.FrameworkServlet.processRequest(FrameworkServlet.java:1014)
	at org.springframework.web.servlet.FrameworkServlet.doPost(FrameworkServlet.java:914)
	at jakarta.servlet.http.HttpServlet.service(HttpServlet.java:590)
	at org.springframework.web.servlet.FrameworkServlet.service(FrameworkServlet.java:885)
	at jakarta.servlet.http.HttpServlet.service(HttpServlet.java:658)
	at org.apache.catalina.core.ApplicationFilterChain.internalDoFilter(ApplicationFilterChain.java:195)
	at org.apache.catalina.core.ApplicationFilterChain.doFilter(ApplicationFilterChain.java:140)
	at org.apache.tomcat.websocket.server.WsFilter.doFilter(WsFilter.java:51)
	at org.apache.catalina.core.ApplicationFilterChain.internalDoFilter(ApplicationFilterChain.java:164)
	at org.apache.catalina.core.ApplicationFilterChain.doFilter(ApplicationFilterChain.java:140)
	at org.springframework.web.filter.RequestContextFilter.doFilterInternal(RequestContextFilter.java:100)
	at org.springframework.web.filter.OncePerRequestFilter.doFilter(OncePerRequestFilter.java:116)
	at org.apache.catalina.core.ApplicationFilterChain.internalDoFilter(ApplicationFilterChain.java:164)
	at org.apache.catalina.core.ApplicationFilterChain.doFilter(ApplicationFilterChain.java:140)
	at org.springframework.web.filter.FormContentFilter.doFilterInternal(FormContentFilter.java:93)
	at org.springframework.web.filter.OncePerRequestFilter.doFilter(OncePerRequestFilter.java:116)
	at org.apache.catalina.core.ApplicationFilterChain.internalDoFilter(ApplicationFilterChain.java:164)
	at org.apache.catalina.core.ApplicationFilterChain.doFilter(ApplicationFilterChain.java:140)
	at org.springframework.web.filter.CharacterEncodingFilter.doFilterInternal(CharacterEncodingFilter.java:201)
	at org.springframework.web.filter.OncePerRequestFilter.doFilter(OncePerRequestFilter.java:116)
	at org.apache.catalina.core.ApplicationFilterChain.internalDoFilter(ApplicationFilterChain.java:164)
	at org.apache.catalina.core.ApplicationFilterChain.doFilter(ApplicationFilterChain.java:140)
	at org.apache.catalina.core.StandardWrapperValve.invoke(StandardWrapperValve.java:167)
	at org.apache.catalina.core.StandardContextValve.invoke(StandardContextValve.java:90)
	at org.apache.catalina.authenticator.AuthenticatorBase.invoke(AuthenticatorBase.java:483)
	at org.apache.catalina.core.StandardHostValve.invoke(StandardHostValve.java:116)
	at org.apache.catalina.valves.ErrorReportValve.invoke(ErrorReportValve.java:93)
	at org.apache.catalina.core.StandardEngineValve.invoke(StandardEngineValve.java:74)
	at org.apache.catalina.connector.CoyoteAdapter.service(CoyoteAdapter.java:344)
	at org.apache.coyote.http11.Http11Processor.service(Http11Processor.java:398)
	at org.apache.coyote.AbstractProcessorLight.process(AbstractProcessorLight.java:63)
	at org.apache.coyote.AbstractProtocol$ConnectionHandler.process(AbstractProtocol.java:903)
	at org.apache.tomcat.util.net.NioEndpoint$SocketProcessor.doRun(NioEndpoint.java:1776)
	at org.apache.tomcat.util.net.SocketProcessorBase.run(SocketProcessorBase.java:52)
	at org.apache.tomcat.util.threads.ThreadPoolExecutor.runWorker(ThreadPoolExecutor.java:975)
	at org.apache.tomcat.util.threads.ThreadPoolExecutor$Worker.run(ThreadPoolExecutor.java:493)
	at org.apache.tomcat.util.threads.TaskThread$WrappingRunnable.run(TaskThread.java:63)
	at java.base/java.lang.Thread.run(Thread.java:840)
[2025-10-22 16:25:56.230] [WARN ] [http-nio-8881-exec-1] o.s.w.s.m.m.a.ExceptionHandlerExceptionResolver - Failure in @ExceptionHandler com.sqld_board.sqld.exception.ExceptionAdvice#MemberNotFoundException(Exception)
java.lang.NullPointerException: Cannot invoke "org.springframework.context.MessageSource.getMessage(String, Object[], java.util.Locale)" because "this.messageSource" is null
	at com.sqld_board.sqld.handler.ResponseHandler.getCode(ResponseHandler.java:26)
	at com.sqld_board.sqld.handler.ResponseHandler.getFailureResponse(ResponseHandler.java:17)
	at com.sqld_board.sqld.exception.ExceptionAdvice.MemberNotFoundException(ExceptionAdvice.java:40)
	at java.base/jdk.internal.reflect.NativeMethodAccessorImpl.invoke0(Native Method)
	at java.base/jdk.internal.reflect.NativeMethodAccessorImpl.invoke(NativeMethodAccessorImpl.java:77)
	at java.base/jdk.internal.reflect.DelegatingMethodAccessorImpl.invoke(DelegatingMethodAccessorImpl.java:43)
	at java.base/java.lang.reflect.Method.invoke(Method.java:568)
	at org.springframework.web.method.support.InvocableHandlerMethod.doInvoke(InvocableHandlerMethod.java:258)
	at org.springframework.web.method.support.InvocableHandlerMethod.invokeForRequest(InvocableHandlerMethod.java:191)
	at org.springframework.web.servlet.mvc.method.annotation.ServletInvocableHandlerMethod.invokeAndHandle(ServletInvocableHandlerMethod.java:118)
	at org.springframework.web.servlet.mvc.method.annotation.ExceptionHandlerExceptionResolver.doResolveHandlerMethodException(ExceptionHandlerExceptionResolver.java:471)
	at org.springframework.web.servlet.handler.AbstractHandlerMethodExceptionResolver.doResolveException(AbstractHandlerMethodExceptionResolver.java:73)
	at org.springframework.web.servlet.handler.AbstractHandlerExceptionResolver.resolveException(AbstractHandlerExceptionResolver.java:182)
	at org.springframework.web.servlet.handler.HandlerExceptionResolverComposite.resolveException(HandlerExceptionResolverComposite.java:80)
	at org.springframework.web.servlet.DispatcherServlet.processHandlerException(DispatcherServlet.java:1360)
	at org.springframework.web.servlet.DispatcherServlet.processDispatchResult(DispatcherServlet.java:1161)
	at org.springframework.web.servlet.DispatcherServlet.doDispatch(DispatcherServlet.java:1106)
	at org.springframework.web.servlet.DispatcherServlet.doService(DispatcherServlet.java:979)
	at org.springframework.web.servlet.FrameworkServlet.processRequest(FrameworkServlet.java:1014)
	at org.springframework.web.servlet.FrameworkServlet.doPost(FrameworkServlet.java:914)
	at jakarta.servlet.http.HttpServlet.service(HttpServlet.java:590)
	at org.springframework.web.servlet.FrameworkServlet.service(FrameworkServlet.java:885)
	at jakarta.servlet.http.HttpServlet.service(HttpServlet.java:658)
	at org.apache.catalina.core.ApplicationFilterChain.internalDoFilter(ApplicationFilterChain.java:195)
	at org.apache.catalina.core.ApplicationFilterChain.doFilter(ApplicationFilterChain.java:140)
	at org.apache.tomcat.websocket.server.WsFilter.doFilter(WsFilter.java:51)
	at org.apache.catalina.core.ApplicationFilterChain.internalDoFilter(ApplicationFilterChain.java:164)
	at org.apache.catalina.core.ApplicationFilterChain.doFilter(ApplicationFilterChain.java:140)
	at org.springframework.web.filter.RequestContextFilter.doFilterInternal(RequestContextFilter.java:100)
	at org.springframework.web.filter.OncePerRequestFilter.doFilter(OncePerRequestFilter.java:116)
	at org.apache.catalina.core.ApplicationFilterChain.internalDoFilter(ApplicationFilterChain.java:164)
	at org.apache.catalina.core.ApplicationFilterChain.doFilter(ApplicationFilterChain.java:140)
	at org.springframework.web.filter.FormContentFilter.doFilterInternal(FormContentFilter.java:93)
	at org.springframework.web.filter.OncePerRequestFilter.doFilter(OncePerRequestFilter.java:116)
	at org.apache.catalina.core.ApplicationFilterChain.internalDoFilter(ApplicationFilterChain.java:164)
	at org.apache.catalina.core.ApplicationFilterChain.doFilter(ApplicationFilterChain.java:140)
	at org.springframework.web.filter.CharacterEncodingFilter.doFilterInternal(CharacterEncodingFilter.java:201)
	at org.springframework.web.filter.OncePerRequestFilter.doFilter(OncePerRequestFilter.java:116)
	at org.apache.catalina.core.ApplicationFilterChain.internalDoFilter(ApplicationFilterChain.java:164)
	at org.apache.catalina.core.ApplicationFilterChain.doFilter(ApplicationFilterChain.java:140)
	at org.apache.catalina.core.StandardWrapperValve.invoke(StandardWrapperValve.java:167)
	at org.apache.catalina.core.StandardContextValve.invoke(StandardContextValve.java:90)
	at org.apache.catalina.authenticator.AuthenticatorBase.invoke(AuthenticatorBase.java:483)
	at org.apache.catalina.core.StandardHostValve.invoke(StandardHostValve.java:116)
	at org.apache.catalina.valves.ErrorReportValve.invoke(ErrorReportValve.java:93)
	at org.apache.catalina.core.StandardEngineValve.invoke(StandardEngineValve.java:74)
	at org.apache.catalina.connector.CoyoteAdapter.service(CoyoteAdapter.java:344)
	at org.apache.coyote.http11.Http11Processor.service(Http11Processor.java:398)
	at org.apache.coyote.AbstractProcessorLight.process(AbstractProcessorLight.java:63)
	at org.apache.coyote.AbstractProtocol$ConnectionHandler.process(AbstractProtocol.java:903)
	at org.apache.tomcat.util.net.NioEndpoint$SocketProcessor.doRun(NioEndpoint.java:1776)
	at org.apache.tomcat.util.net.SocketProcessorBase.run(SocketProcessorBase.java:52)
	at org.apache.tomcat.util.threads.ThreadPoolExecutor.runWorker(ThreadPoolExecutor.java:975)
	at org.apache.tomcat.util.threads.ThreadPoolExecutor$Worker.run(ThreadPoolExecutor.java:493)
	at org.apache.tomcat.util.threads.TaskThread$WrappingRunnable.run(TaskThread.java:63)
	at java.base/java.lang.Thread.run(Thread.java:840)
[2025-10-22 16:25:56.233] [ERROR] [http-nio-8881-exec-1] o.a.c.c.C.[.[.[.[dispatcherServlet] - Servlet.service() for servlet [dispatcherServlet] in context with path [] threw exception [Request processing failed: com.sqld_board.sqld.exception.common.MemberNotFoundException] with root cause
com.sqld_board.sqld.exception.common.MemberNotFoundException: null
	at java.base/java.util.Optional.orElseThrow(Optional.java:403)
	at com.sqld_board.sqld.service.sign.SignService.readMemberByUsersId(SignService.java:69)
	at com.sqld_board.sqld.service.sign.SignService.signIn(SignService.java:28)
	at com.sqld_board.sqld.controller.sign.SignController.readMemberByUsersId(SignController.java:28)
	at java.base/jdk.internal.reflect.NativeMethodAccessorImpl.invoke0(Native Method)
	at java.base/jdk.internal.reflect.NativeMethodAccessorImpl.invoke(NativeMethodAccessorImpl.java:77)
	at java.base/jdk.internal.reflect.DelegatingMethodAccessorImpl.invoke(DelegatingMethodAccessorImpl.java:43)
	at java.base/java.lang.reflect.Method.invoke(Method.java:568)
	at org.springframework.web.method.support.InvocableHandlerMethod.doInvoke(InvocableHandlerMethod.java:258)
	at org.springframework.web.method.support.InvocableHandlerMethod.invokeForRequest(InvocableHandlerMethod.java:191)
	at org.springframework.web.servlet.mvc.method.annotation.ServletInvocableHandlerMethod.invokeAndHandle(ServletInvocableHandlerMethod.java:118)
	at org.springframework.web.servlet.mvc.method.annotation.RequestMappingHandlerAdapter.invokeHandlerMethod(RequestMappingHandlerAdapter.java:991)
	at org.springframework.web.servlet.mvc.method.annotation.RequestMappingHandlerAdapter.handleInternal(RequestMappingHandlerAdapter.java:896)
	at org.springframework.web.servlet.mvc.method.AbstractHandlerMethodAdapter.handle(AbstractHandlerMethodAdapter.java:87)
	at org.springframework.web.servlet.DispatcherServlet.doDispatch(DispatcherServlet.java:1089)
	at org.springframework.web.servlet.DispatcherServlet.doService(DispatcherServlet.java:979)
	at org.springframework.web.servlet.FrameworkServlet.processRequest(FrameworkServlet.java:1014)
	at org.springframework.web.servlet.FrameworkServlet.doPost(FrameworkServlet.java:914)
	at jakarta.servlet.http.HttpServlet.service(HttpServlet.java:590)
	at org.springframework.web.servlet.FrameworkServlet.service(FrameworkServlet.java:885)
	at jakarta.servlet.http.HttpServlet.service(HttpServlet.java:658)
	at org.apache.catalina.core.ApplicationFilterChain.internalDoFilter(ApplicationFilterChain.java:195)
	at org.apache.catalina.core.ApplicationFilterChain.doFilter(ApplicationFilterChain.java:140)
	at org.apache.tomcat.websocket.server.WsFilter.doFilter(WsFilter.java:51)
	at org.apache.catalina.core.ApplicationFilterChain.internalDoFilter(ApplicationFilterChain.java:164)
	at org.apache.catalina.core.ApplicationFilterChain.doFilter(ApplicationFilterChain.java:140)
	at org.springframework.web.filter.RequestContextFilter.doFilterInternal(RequestContextFilter.java:100)
	at org.springframework.web.filter.OncePerRequestFilter.doFilter(OncePerRequestFilter.java:116)
	at org.apache.catalina.core.ApplicationFilterChain.internalDoFilter(ApplicationFilterChain.java:164)
	at org.apache.catalina.core.ApplicationFilterChain.doFilter(ApplicationFilterChain.java:140)
	at org.springframework.web.filter.FormContentFilter.doFilterInternal(FormContentFilter.java:93)
	at org.springframework.web.filter.OncePerRequestFilter.doFilter(OncePerRequestFilter.java:116)
	at org.apache.catalina.core.ApplicationFilterChain.internalDoFilter(ApplicationFilterChain.java:164)
	at org.apache.catalina.core.ApplicationFilterChain.doFilter(ApplicationFilterChain.java:140)
	at org.springframework.web.filter.CharacterEncodingFilter.doFilterInternal(CharacterEncodingFilter.java:201)
	at org.springframework.web.filter.OncePerRequestFilter.doFilter(OncePerRequestFilter.java:116)
	at org.apache.catalina.core.ApplicationFilterChain.internalDoFilter(ApplicationFilterChain.java:164)
	at org.apache.catalina.core.ApplicationFilterChain.doFilter(ApplicationFilterChain.java:140)
	at org.apache.catalina.core.StandardWrapperValve.invoke(StandardWrapperValve.java:167)
	at org.apache.catalina.core.StandardContextValve.invoke(StandardContextValve.java:90)
	at org.apache.catalina.authenticator.AuthenticatorBase.invoke(AuthenticatorBase.java:483)
	at org.apache.catalina.core.StandardHostValve.invoke(StandardHostValve.java:116)
	at org.apache.catalina.valves.ErrorReportValve.invoke(ErrorReportValve.java:93)
	at org.apache.catalina.core.StandardEngineValve.invoke(StandardEngineValve.java:74)
	at org.apache.catalina.connector.CoyoteAdapter.service(CoyoteAdapter.java:344)
	at org.apache.coyote.http11.Http11Processor.service(Http11Processor.java:398)
	at org.apache.coyote.AbstractProcessorLight.process(AbstractProcessorLight.java:63)
	at org.apache.coyote.AbstractProtocol$ConnectionHandler.process(AbstractProtocol.java:903)
	at org.apache.tomcat.util.net.NioEndpoint$SocketProcessor.doRun(NioEndpoint.java:1776)
	at org.apache.tomcat.util.net.SocketProcessorBase.run(SocketProcessorBase.java:52)
	at org.apache.tomcat.util.threads.ThreadPoolExecutor.runWorker(ThreadPoolExecutor.java:975)
	at org.apache.tomcat.util.threads.ThreadPoolExecutor$Worker.run(ThreadPoolExecutor.java:493)
	at org.apache.tomcat.util.threads.TaskThread$WrappingRunnable.run(TaskThread.java:63)
	at java.base/java.lang.Thread.run(Thread.java:840)
[2025-10-22 16:29:29.997] [INFO ] [SpringApplicationShutdownHook] o.s.b.w.e.tomcat.GracefulShutdown - Commencing graceful shutdown. Waiting for active requests to complete
[2025-10-22 16:29:30.005] [INFO ] [tomcat-shutdown] o.s.b.w.e.tomcat.GracefulShutdown - Graceful shutdown complete
[2025-10-22 16:29:30.011] [INFO ] [SpringApplicationShutdownHook] com.zaxxer.hikari.HikariDataSource - HikariPool-1 - Shutdown initiated...
[2025-10-22 16:29:30.106] [INFO ] [SpringApplicationShutdownHook] com.zaxxer.hikari.HikariDataSource - HikariPool-1 - Shutdown completed.
[2025-10-22 16:29:32.429] [INFO ] [background-preinit] o.h.validator.internal.util.Version - HV000001: Hibernate Validator 8.0.3.Final
[2025-10-22 16:29:32.450] [INFO ] [restartedMain] com.sqld_board.sqld.SqldApplication - Starting SqldApplication using Java 17.0.11 with PID 88392 (/Users/minboklee/Downloads/sqld/build/classes/java/main started by minboklee in /Users/minboklee/Downloads/sqld)
[2025-10-22 16:29:32.450] [INFO ] [restartedMain] com.sqld_board.sqld.SqldApplication - No active profile set, falling back to 1 default profile: "default"
[2025-10-22 16:29:32.467] [INFO ] [restartedMain] o.s.b.d.restart.ChangeableUrls - The Class-Path manifest attribute in /Users/minboklee/.gradle/caches/modules-2/files-2.1/com.oracle.database.jdbc/ojdbc11/23.7.0.25.01/665f52abef9122ce003b5cfc1d9d44f7302e2cfe/ojdbc11-23.7.0.25.01.jar referenced one or more files that do not exist: file:/Users/minboklee/.gradle/caches/modules-2/files-2.1/com.oracle.database.jdbc/ojdbc11/23.7.0.25.01/665f52abef9122ce003b5cfc1d9d44f7302e2cfe/oraclepki.jar
[2025-10-22 16:29:32.467] [INFO ] [restartedMain] o.s.b.d.e.DevToolsPropertyDefaultsPostProcessor - Devtools property defaults active! Set 'spring.devtools.add-properties' to 'false' to disable
[2025-10-22 16:29:32.467] [INFO ] [restartedMain] o.s.b.d.e.DevToolsPropertyDefaultsPostProcessor - For additional web related logging consider setting the 'logging.level.web' property to 'DEBUG'
[2025-10-22 16:29:33.013] [INFO ] [restartedMain] o.s.b.w.e.tomcat.TomcatWebServer - Tomcat initialized with port 8881 (http)
[2025-10-22 16:29:33.021] [INFO ] [restartedMain] o.a.coyote.http11.Http11NioProtocol - Initializing ProtocolHandler ["http-nio-8881"]
[2025-10-22 16:29:33.022] [INFO ] [restartedMain] o.a.catalina.core.StandardService - Starting service [Tomcat]
[2025-10-22 16:29:33.022] [INFO ] [restartedMain] o.a.catalina.core.StandardEngine - Starting Servlet engine: [Apache Tomcat/10.1.46]
[2025-10-22 16:29:33.044] [INFO ] [restartedMain] o.a.c.c.C.[Tomcat].[localhost].[/] - Initializing Spring embedded WebApplicationContext
[2025-10-22 16:29:33.045] [INFO ] [restartedMain] o.s.b.w.s.c.ServletWebServerApplicationContext - Root WebApplicationContext: initialization completed in 577 ms
[2025-10-22 16:29:33.380] [INFO ] [restartedMain] com.zaxxer.hikari.HikariDataSource - HikariPool-1 - Starting...
[2025-10-22 16:29:34.558] [INFO ] [restartedMain] com.zaxxer.hikari.pool.HikariPool - HikariPool-1 - Added connection net.sf.log4jdbc.sql.jdbcapi.ConnectionSpy@25fe45ae
[2025-10-22 16:29:34.559] [INFO ] [restartedMain] com.zaxxer.hikari.HikariDataSource - HikariPool-1 - Start completed.
[2025-10-22 16:29:34.566] [INFO ] [restartedMain] o.s.b.a.h.H2ConsoleAutoConfiguration - H2 console available at '/h2-console'. Database available at 'jdbc:oracle:thin:@175.197.69.42:1521:orcl'
[2025-10-22 16:29:34.601] [INFO ] [restartedMain] o.s.b.d.a.OptionalLiveReloadServer - LiveReload server is running on port 35729
[2025-10-22 16:29:34.612] [INFO ] [restartedMain] o.a.coyote.http11.Http11NioProtocol - Starting ProtocolHandler ["http-nio-8881"]
[2025-10-22 16:29:34.620] [INFO ] [restartedMain] o.s.b.w.e.tomcat.TomcatWebServer - Tomcat started on port 8881 (http) with context path '/'
[2025-10-22 16:29:34.627] [INFO ] [restartedMain] com.sqld_board.sqld.SqldApplication - Started SqldApplication in 2.413 seconds (process running for 2.787)
[2025-10-22 16:29:38.347] [INFO ] [http-nio-8881-exec-1] o.a.c.c.C.[Tomcat].[localhost].[/] - Initializing Spring DispatcherServlet 'dispatcherServlet'
[2025-10-22 16:29:38.348] [INFO ] [http-nio-8881-exec-1] o.s.web.servlet.DispatcherServlet - Initializing Servlet 'dispatcherServlet'
[2025-10-22 16:29:38.354] [INFO ] [http-nio-8881-exec-1] o.s.web.servlet.DispatcherServlet - Completed initialization in 6 ms
[2025-10-22 16:29:38.471] [INFO ] [http-nio-8881-exec-1] jdbc.sqlonly - SELECT 1
         FROM DUAL
        WHERE EXISTS(SELECT 1
                       FROM MEMBER_INFO
                      WHERE USER_ID = 'test111'
                       )

[2025-10-22 16:29:38.506] [INFO ] [http-nio-8881-exec-1] jdbc.resultsettable - 
|--|
|1 |
|--|
|--|

[2025-10-22 16:29:38.509] [INFO ] [http-nio-8881-exec-1] c.s.sqld.exception.ExceptionAdvice - MemberNotFoundException
com.sqld_board.sqld.exception.common.MemberNotFoundException: null
	at java.base/java.util.Optional.orElseThrow(Optional.java:403)
	at com.sqld_board.sqld.service.sign.SignService.readMemberByUsersId(SignService.java:74)
	at com.sqld_board.sqld.service.sign.SignService.signIn(SignService.java:33)
	at com.sqld_board.sqld.controller.sign.SignController.readMemberByUsersId(SignController.java:28)
	at java.base/jdk.internal.reflect.NativeMethodAccessorImpl.invoke0(Native Method)
	at java.base/jdk.internal.reflect.NativeMethodAccessorImpl.invoke(NativeMethodAccessorImpl.java:77)
	at java.base/jdk.internal.reflect.DelegatingMethodAccessorImpl.invoke(DelegatingMethodAccessorImpl.java:43)
	at java.base/java.lang.reflect.Method.invoke(Method.java:568)
	at org.springframework.web.method.support.InvocableHandlerMethod.doInvoke(InvocableHandlerMethod.java:258)
	at org.springframework.web.method.support.InvocableHandlerMethod.invokeForRequest(InvocableHandlerMethod.java:191)
	at org.springframework.web.servlet.mvc.method.annotation.ServletInvocableHandlerMethod.invokeAndHandle(ServletInvocableHandlerMethod.java:118)
	at org.springframework.web.servlet.mvc.method.annotation.RequestMappingHandlerAdapter.invokeHandlerMethod(RequestMappingHandlerAdapter.java:991)
	at org.springframework.web.servlet.mvc.method.annotation.RequestMappingHandlerAdapter.handleInternal(RequestMappingHandlerAdapter.java:896)
	at org.springframework.web.servlet.mvc.method.AbstractHandlerMethodAdapter.handle(AbstractHandlerMethodAdapter.java:87)
	at org.springframework.web.servlet.DispatcherServlet.doDispatch(DispatcherServlet.java:1089)
	at org.springframework.web.servlet.DispatcherServlet.doService(DispatcherServlet.java:979)
	at org.springframework.web.servlet.FrameworkServlet.processRequest(FrameworkServlet.java:1014)
	at org.springframework.web.servlet.FrameworkServlet.doPost(FrameworkServlet.java:914)
	at jakarta.servlet.http.HttpServlet.service(HttpServlet.java:590)
	at org.springframework.web.servlet.FrameworkServlet.service(FrameworkServlet.java:885)
	at jakarta.servlet.http.HttpServlet.service(HttpServlet.java:658)
	at org.apache.catalina.core.ApplicationFilterChain.internalDoFilter(ApplicationFilterChain.java:195)
	at org.apache.catalina.core.ApplicationFilterChain.doFilter(ApplicationFilterChain.java:140)
	at org.apache.tomcat.websocket.server.WsFilter.doFilter(WsFilter.java:51)
	at org.apache.catalina.core.ApplicationFilterChain.internalDoFilter(ApplicationFilterChain.java:164)
	at org.apache.catalina.core.ApplicationFilterChain.doFilter(ApplicationFilterChain.java:140)
	at org.springframework.web.filter.RequestContextFilter.doFilterInternal(RequestContextFilter.java:100)
	at org.springframework.web.filter.OncePerRequestFilter.doFilter(OncePerRequestFilter.java:116)
	at org.apache.catalina.core.ApplicationFilterChain.internalDoFilter(ApplicationFilterChain.java:164)
	at org.apache.catalina.core.ApplicationFilterChain.doFilter(ApplicationFilterChain.java:140)
	at org.springframework.web.filter.FormContentFilter.doFilterInternal(FormContentFilter.java:93)
	at org.springframework.web.filter.OncePerRequestFilter.doFilter(OncePerRequestFilter.java:116)
	at org.apache.catalina.core.ApplicationFilterChain.internalDoFilter(ApplicationFilterChain.java:164)
	at org.apache.catalina.core.ApplicationFilterChain.doFilter(ApplicationFilterChain.java:140)
	at org.springframework.web.filter.CharacterEncodingFilter.doFilterInternal(CharacterEncodingFilter.java:201)
	at org.springframework.web.filter.OncePerRequestFilter.doFilter(OncePerRequestFilter.java:116)
	at org.apache.catalina.core.ApplicationFilterChain.internalDoFilter(ApplicationFilterChain.java:164)
	at org.apache.catalina.core.ApplicationFilterChain.doFilter(ApplicationFilterChain.java:140)
	at org.apache.catalina.core.StandardWrapperValve.invoke(StandardWrapperValve.java:167)
	at org.apache.catalina.core.StandardContextValve.invoke(StandardContextValve.java:90)
	at org.apache.catalina.authenticator.AuthenticatorBase.invoke(AuthenticatorBase.java:483)
	at org.apache.catalina.core.StandardHostValve.invoke(StandardHostValve.java:116)
	at org.apache.catalina.valves.ErrorReportValve.invoke(ErrorReportValve.java:93)
	at org.apache.catalina.core.StandardEngineValve.invoke(StandardEngineValve.java:74)
	at org.apache.catalina.connector.CoyoteAdapter.service(CoyoteAdapter.java:344)
	at org.apache.coyote.http11.Http11Processor.service(Http11Processor.java:398)
	at org.apache.coyote.AbstractProcessorLight.process(AbstractProcessorLight.java:63)
	at org.apache.coyote.AbstractProtocol$ConnectionHandler.process(AbstractProtocol.java:903)
	at org.apache.tomcat.util.net.NioEndpoint$SocketProcessor.doRun(NioEndpoint.java:1776)
	at org.apache.tomcat.util.net.SocketProcessorBase.run(SocketProcessorBase.java:52)
	at org.apache.tomcat.util.threads.ThreadPoolExecutor.runWorker(ThreadPoolExecutor.java:975)
	at org.apache.tomcat.util.threads.ThreadPoolExecutor$Worker.run(ThreadPoolExecutor.java:493)
	at org.apache.tomcat.util.threads.TaskThread$WrappingRunnable.run(TaskThread.java:63)
	at java.base/java.lang.Thread.run(Thread.java:840)
[2025-10-22 16:29:38.510] [WARN ] [http-nio-8881-exec-1] o.s.w.s.m.m.a.ExceptionHandlerExceptionResolver - Failure in @ExceptionHandler com.sqld_board.sqld.exception.ExceptionAdvice#MemberNotFoundException(Exception)
java.lang.NullPointerException: Cannot invoke "org.springframework.context.MessageSource.getMessage(String, Object[], java.util.Locale)" because "this.messageSource" is null
	at com.sqld_board.sqld.handler.ResponseHandler.getCode(ResponseHandler.java:26)
	at com.sqld_board.sqld.handler.ResponseHandler.getFailureResponse(ResponseHandler.java:17)
	at com.sqld_board.sqld.exception.ExceptionAdvice.MemberNotFoundException(ExceptionAdvice.java:40)
	at java.base/jdk.internal.reflect.NativeMethodAccessorImpl.invoke0(Native Method)
	at java.base/jdk.internal.reflect.NativeMethodAccessorImpl.invoke(NativeMethodAccessorImpl.java:77)
	at java.base/jdk.internal.reflect.DelegatingMethodAccessorImpl.invoke(DelegatingMethodAccessorImpl.java:43)
	at java.base/java.lang.reflect.Method.invoke(Method.java:568)
	at org.springframework.web.method.support.InvocableHandlerMethod.doInvoke(InvocableHandlerMethod.java:258)
	at org.springframework.web.method.support.InvocableHandlerMethod.invokeForRequest(InvocableHandlerMethod.java:191)
	at org.springframework.web.servlet.mvc.method.annotation.ServletInvocableHandlerMethod.invokeAndHandle(ServletInvocableHandlerMethod.java:118)
	at org.springframework.web.servlet.mvc.method.annotation.ExceptionHandlerExceptionResolver.doResolveHandlerMethodException(ExceptionHandlerExceptionResolver.java:471)
	at org.springframework.web.servlet.handler.AbstractHandlerMethodExceptionResolver.doResolveException(AbstractHandlerMethodExceptionResolver.java:73)
	at org.springframework.web.servlet.handler.AbstractHandlerExceptionResolver.resolveException(AbstractHandlerExceptionResolver.java:182)
	at org.springframework.web.servlet.handler.HandlerExceptionResolverComposite.resolveException(HandlerExceptionResolverComposite.java:80)
	at org.springframework.web.servlet.DispatcherServlet.processHandlerException(DispatcherServlet.java:1360)
	at org.springframework.web.servlet.DispatcherServlet.processDispatchResult(DispatcherServlet.java:1161)
	at org.springframework.web.servlet.DispatcherServlet.doDispatch(DispatcherServlet.java:1106)
	at org.springframework.web.servlet.DispatcherServlet.doService(DispatcherServlet.java:979)
	at org.springframework.web.servlet.FrameworkServlet.processRequest(FrameworkServlet.java:1014)
	at org.springframework.web.servlet.FrameworkServlet.doPost(FrameworkServlet.java:914)
	at jakarta.servlet.http.HttpServlet.service(HttpServlet.java:590)
	at org.springframework.web.servlet.FrameworkServlet.service(FrameworkServlet.java:885)
	at jakarta.servlet.http.HttpServlet.service(HttpServlet.java:658)
	at org.apache.catalina.core.ApplicationFilterChain.internalDoFilter(ApplicationFilterChain.java:195)
	at org.apache.catalina.core.ApplicationFilterChain.doFilter(ApplicationFilterChain.java:140)
	at org.apache.tomcat.websocket.server.WsFilter.doFilter(WsFilter.java:51)
	at org.apache.catalina.core.ApplicationFilterChain.internalDoFilter(ApplicationFilterChain.java:164)
	at org.apache.catalina.core.ApplicationFilterChain.doFilter(ApplicationFilterChain.java:140)
	at org.springframework.web.filter.RequestContextFilter.doFilterInternal(RequestContextFilter.java:100)
	at org.springframework.web.filter.OncePerRequestFilter.doFilter(OncePerRequestFilter.java:116)
	at org.apache.catalina.core.ApplicationFilterChain.internalDoFilter(ApplicationFilterChain.java:164)
	at org.apache.catalina.core.ApplicationFilterChain.doFilter(ApplicationFilterChain.java:140)
	at org.springframework.web.filter.FormContentFilter.doFilterInternal(FormContentFilter.java:93)
	at org.springframework.web.filter.OncePerRequestFilter.doFilter(OncePerRequestFilter.java:116)
	at org.apache.catalina.core.ApplicationFilterChain.internalDoFilter(ApplicationFilterChain.java:164)
	at org.apache.catalina.core.ApplicationFilterChain.doFilter(ApplicationFilterChain.java:140)
	at org.springframework.web.filter.CharacterEncodingFilter.doFilterInternal(CharacterEncodingFilter.java:201)
	at org.springframework.web.filter.OncePerRequestFilter.doFilter(OncePerRequestFilter.java:116)
	at org.apache.catalina.core.ApplicationFilterChain.internalDoFilter(ApplicationFilterChain.java:164)
	at org.apache.catalina.core.ApplicationFilterChain.doFilter(ApplicationFilterChain.java:140)
	at org.apache.catalina.core.StandardWrapperValve.invoke(StandardWrapperValve.java:167)
	at org.apache.catalina.core.StandardContextValve.invoke(StandardContextValve.java:90)
	at org.apache.catalina.authenticator.AuthenticatorBase.invoke(AuthenticatorBase.java:483)
	at org.apache.catalina.core.StandardHostValve.invoke(StandardHostValve.java:116)
	at org.apache.catalina.valves.ErrorReportValve.invoke(ErrorReportValve.java:93)
	at org.apache.catalina.core.StandardEngineValve.invoke(StandardEngineValve.java:74)
	at org.apache.catalina.connector.CoyoteAdapter.service(CoyoteAdapter.java:344)
	at org.apache.coyote.http11.Http11Processor.service(Http11Processor.java:398)
	at org.apache.coyote.AbstractProcessorLight.process(AbstractProcessorLight.java:63)
	at org.apache.coyote.AbstractProtocol$ConnectionHandler.process(AbstractProtocol.java:903)
	at org.apache.tomcat.util.net.NioEndpoint$SocketProcessor.doRun(NioEndpoint.java:1776)
	at org.apache.tomcat.util.net.SocketProcessorBase.run(SocketProcessorBase.java:52)
	at org.apache.tomcat.util.threads.ThreadPoolExecutor.runWorker(ThreadPoolExecutor.java:975)
	at org.apache.tomcat.util.threads.ThreadPoolExecutor$Worker.run(ThreadPoolExecutor.java:493)
	at org.apache.tomcat.util.threads.TaskThread$WrappingRunnable.run(TaskThread.java:63)
	at java.base/java.lang.Thread.run(Thread.java:840)
[2025-10-22 16:29:38.511] [ERROR] [http-nio-8881-exec-1] o.a.c.c.C.[.[.[.[dispatcherServlet] - Servlet.service() for servlet [dispatcherServlet] in context with path [] threw exception [Request processing failed: com.sqld_board.sqld.exception.common.MemberNotFoundException] with root cause
com.sqld_board.sqld.exception.common.MemberNotFoundException: null
	at java.base/java.util.Optional.orElseThrow(Optional.java:403)
	at com.sqld_board.sqld.service.sign.SignService.readMemberByUsersId(SignService.java:74)
	at com.sqld_board.sqld.service.sign.SignService.signIn(SignService.java:33)
	at com.sqld_board.sqld.controller.sign.SignController.readMemberByUsersId(SignController.java:28)
	at java.base/jdk.internal.reflect.NativeMethodAccessorImpl.invoke0(Native Method)
	at java.base/jdk.internal.reflect.NativeMethodAccessorImpl.invoke(NativeMethodAccessorImpl.java:77)
	at java.base/jdk.internal.reflect.DelegatingMethodAccessorImpl.invoke(DelegatingMethodAccessorImpl.java:43)
	at java.base/java.lang.reflect.Method.invoke(Method.java:568)
	at org.springframework.web.method.support.InvocableHandlerMethod.doInvoke(InvocableHandlerMethod.java:258)
	at org.springframework.web.method.support.InvocableHandlerMethod.invokeForRequest(InvocableHandlerMethod.java:191)
	at org.springframework.web.servlet.mvc.method.annotation.ServletInvocableHandlerMethod.invokeAndHandle(ServletInvocableHandlerMethod.java:118)
	at org.springframework.web.servlet.mvc.method.annotation.RequestMappingHandlerAdapter.invokeHandlerMethod(RequestMappingHandlerAdapter.java:991)
	at org.springframework.web.servlet.mvc.method.annotation.RequestMappingHandlerAdapter.handleInternal(RequestMappingHandlerAdapter.java:896)
	at org.springframework.web.servlet.mvc.method.AbstractHandlerMethodAdapter.handle(AbstractHandlerMethodAdapter.java:87)
	at org.springframework.web.servlet.DispatcherServlet.doDispatch(DispatcherServlet.java:1089)
	at org.springframework.web.servlet.DispatcherServlet.doService(DispatcherServlet.java:979)
	at org.springframework.web.servlet.FrameworkServlet.processRequest(FrameworkServlet.java:1014)
	at org.springframework.web.servlet.FrameworkServlet.doPost(FrameworkServlet.java:914)
	at jakarta.servlet.http.HttpServlet.service(HttpServlet.java:590)
	at org.springframework.web.servlet.FrameworkServlet.service(FrameworkServlet.java:885)
	at jakarta.servlet.http.HttpServlet.service(HttpServlet.java:658)
	at org.apache.catalina.core.ApplicationFilterChain.internalDoFilter(ApplicationFilterChain.java:195)
	at org.apache.catalina.core.ApplicationFilterChain.doFilter(ApplicationFilterChain.java:140)
	at org.apache.tomcat.websocket.server.WsFilter.doFilter(WsFilter.java:51)
	at org.apache.catalina.core.ApplicationFilterChain.internalDoFilter(ApplicationFilterChain.java:164)
	at org.apache.catalina.core.ApplicationFilterChain.doFilter(ApplicationFilterChain.java:140)
	at org.springframework.web.filter.RequestContextFilter.doFilterInternal(RequestContextFilter.java:100)
	at org.springframework.web.filter.OncePerRequestFilter.doFilter(OncePerRequestFilter.java:116)
	at org.apache.catalina.core.ApplicationFilterChain.internalDoFilter(ApplicationFilterChain.java:164)
	at org.apache.catalina.core.ApplicationFilterChain.doFilter(ApplicationFilterChain.java:140)
	at org.springframework.web.filter.FormContentFilter.doFilterInternal(FormContentFilter.java:93)
	at org.springframework.web.filter.OncePerRequestFilter.doFilter(OncePerRequestFilter.java:116)
	at org.apache.catalina.core.ApplicationFilterChain.internalDoFilter(ApplicationFilterChain.java:164)
	at org.apache.catalina.core.ApplicationFilterChain.doFilter(ApplicationFilterChain.java:140)
	at org.springframework.web.filter.CharacterEncodingFilter.doFilterInternal(CharacterEncodingFilter.java:201)
	at org.springframework.web.filter.OncePerRequestFilter.doFilter(OncePerRequestFilter.java:116)
	at org.apache.catalina.core.ApplicationFilterChain.internalDoFilter(ApplicationFilterChain.java:164)
	at org.apache.catalina.core.ApplicationFilterChain.doFilter(ApplicationFilterChain.java:140)
	at org.apache.catalina.core.StandardWrapperValve.invoke(StandardWrapperValve.java:167)
	at org.apache.catalina.core.StandardContextValve.invoke(StandardContextValve.java:90)
	at org.apache.catalina.authenticator.AuthenticatorBase.invoke(AuthenticatorBase.java:483)
	at org.apache.catalina.core.StandardHostValve.invoke(StandardHostValve.java:116)
	at org.apache.catalina.valves.ErrorReportValve.invoke(ErrorReportValve.java:93)
	at org.apache.catalina.core.StandardEngineValve.invoke(StandardEngineValve.java:74)
	at org.apache.catalina.connector.CoyoteAdapter.service(CoyoteAdapter.java:344)
	at org.apache.coyote.http11.Http11Processor.service(Http11Processor.java:398)
	at org.apache.coyote.AbstractProcessorLight.process(AbstractProcessorLight.java:63)
	at org.apache.coyote.AbstractProtocol$ConnectionHandler.process(AbstractProtocol.java:903)
	at org.apache.tomcat.util.net.NioEndpoint$SocketProcessor.doRun(NioEndpoint.java:1776)
	at org.apache.tomcat.util.net.SocketProcessorBase.run(SocketProcessorBase.java:52)
	at org.apache.tomcat.util.threads.ThreadPoolExecutor.runWorker(ThreadPoolExecutor.java:975)
	at org.apache.tomcat.util.threads.ThreadPoolExecutor$Worker.run(ThreadPoolExecutor.java:493)
	at org.apache.tomcat.util.threads.TaskThread$WrappingRunnable.run(TaskThread.java:63)
	at java.base/java.lang.Thread.run(Thread.java:840)
[2025-10-22 16:30:02.853] [INFO ] [SpringApplicationShutdownHook] o.s.b.w.e.tomcat.GracefulShutdown - Commencing graceful shutdown. Waiting for active requests to complete
[2025-10-22 16:30:02.861] [INFO ] [tomcat-shutdown] o.s.b.w.e.tomcat.GracefulShutdown - Graceful shutdown complete
[2025-10-22 16:30:02.866] [INFO ] [SpringApplicationShutdownHook] com.zaxxer.hikari.HikariDataSource - HikariPool-1 - Shutdown initiated...
[2025-10-22 16:30:02.945] [INFO ] [SpringApplicationShutdownHook] com.zaxxer.hikari.HikariDataSource - HikariPool-1 - Shutdown completed.
[2025-10-22 16:30:16.648] [INFO ] [background-preinit] o.h.validator.internal.util.Version - HV000001: Hibernate Validator 8.0.3.Final
[2025-10-22 16:30:16.668] [INFO ] [restartedMain] com.sqld_board.sqld.SqldApplication - Starting SqldApplication using Java 17.0.11 with PID 88431 (/Users/minboklee/Downloads/sqld/build/classes/java/main started by minboklee in /Users/minboklee/Downloads/sqld)
[2025-10-22 16:30:16.668] [INFO ] [restartedMain] com.sqld_board.sqld.SqldApplication - No active profile set, falling back to 1 default profile: "default"
[2025-10-22 16:30:16.686] [INFO ] [restartedMain] o.s.b.d.restart.ChangeableUrls - The Class-Path manifest attribute in /Users/minboklee/.gradle/caches/modules-2/files-2.1/com.oracle.database.jdbc/ojdbc11/23.7.0.25.01/665f52abef9122ce003b5cfc1d9d44f7302e2cfe/ojdbc11-23.7.0.25.01.jar referenced one or more files that do not exist: file:/Users/minboklee/.gradle/caches/modules-2/files-2.1/com.oracle.database.jdbc/ojdbc11/23.7.0.25.01/665f52abef9122ce003b5cfc1d9d44f7302e2cfe/oraclepki.jar
[2025-10-22 16:30:16.686] [INFO ] [restartedMain] o.s.b.d.e.DevToolsPropertyDefaultsPostProcessor - Devtools property defaults active! Set 'spring.devtools.add-properties' to 'false' to disable
[2025-10-22 16:30:16.686] [INFO ] [restartedMain] o.s.b.d.e.DevToolsPropertyDefaultsPostProcessor - For additional web related logging consider setting the 'logging.level.web' property to 'DEBUG'
[2025-10-22 16:30:17.233] [INFO ] [restartedMain] o.s.b.w.e.tomcat.TomcatWebServer - Tomcat initialized with port 8881 (http)
[2025-10-22 16:30:17.239] [INFO ] [restartedMain] o.a.coyote.http11.Http11NioProtocol - Initializing ProtocolHandler ["http-nio-8881"]
[2025-10-22 16:30:17.240] [INFO ] [restartedMain] o.a.catalina.core.StandardService - Starting service [Tomcat]
[2025-10-22 16:30:17.240] [INFO ] [restartedMain] o.a.catalina.core.StandardEngine - Starting Servlet engine: [Apache Tomcat/10.1.46]
[2025-10-22 16:30:17.261] [INFO ] [restartedMain] o.a.c.c.C.[Tomcat].[localhost].[/] - Initializing Spring embedded WebApplicationContext
[2025-10-22 16:30:17.261] [INFO ] [restartedMain] o.s.b.w.s.c.ServletWebServerApplicationContext - Root WebApplicationContext: initialization completed in 575 ms
[2025-10-22 16:30:17.589] [INFO ] [restartedMain] com.zaxxer.hikari.HikariDataSource - HikariPool-1 - Starting...
[2025-10-22 16:30:17.867] [INFO ] [restartedMain] com.zaxxer.hikari.pool.HikariPool - HikariPool-1 - Added connection net.sf.log4jdbc.sql.jdbcapi.ConnectionSpy@1f15920
[2025-10-22 16:30:17.868] [INFO ] [restartedMain] com.zaxxer.hikari.HikariDataSource - HikariPool-1 - Start completed.
[2025-10-22 16:30:17.872] [INFO ] [restartedMain] o.s.b.a.h.H2ConsoleAutoConfiguration - H2 console available at '/h2-console'. Database available at 'jdbc:oracle:thin:@175.197.69.42:1521:orcl'
[2025-10-22 16:30:17.899] [INFO ] [restartedMain] o.s.b.d.a.OptionalLiveReloadServer - LiveReload server is running on port 35729
[2025-10-22 16:30:17.908] [INFO ] [restartedMain] o.a.coyote.http11.Http11NioProtocol - Starting ProtocolHandler ["http-nio-8881"]
[2025-10-22 16:30:17.916] [INFO ] [restartedMain] o.s.b.w.e.tomcat.TomcatWebServer - Tomcat started on port 8881 (http) with context path '/'
[2025-10-22 16:30:17.923] [INFO ] [restartedMain] com.sqld_board.sqld.SqldApplication - Started SqldApplication in 1.486 seconds (process running for 1.857)
[2025-10-22 16:30:27.322] [INFO ] [http-nio-8881-exec-1] o.a.c.c.C.[Tomcat].[localhost].[/] - Initializing Spring DispatcherServlet 'dispatcherServlet'
[2025-10-22 16:30:27.323] [INFO ] [http-nio-8881-exec-1] o.s.web.servlet.DispatcherServlet - Initializing Servlet 'dispatcherServlet'
[2025-10-22 16:30:27.326] [INFO ] [http-nio-8881-exec-1] o.s.web.servlet.DispatcherServlet - Completed initialization in 3 ms
[2025-10-22 16:30:27.754] [INFO ] [http-nio-8881-exec-4] o.s.api.AbstractOpenApiResource - Init duration for springdoc-openapi is: 163 ms
[2025-10-22 16:30:35.185] [INFO ] [http-nio-8881-exec-6] jdbc.sqlonly - SELECT 1
         FROM DUAL
        WHERE EXISTS(SELECT 1
                       FROM MEMBER_INFO
                      WHERE USER_ID = 'string'
                       )

[2025-10-22 16:30:35.225] [INFO ] [http-nio-8881-exec-6] jdbc.resultsettable - 
|--|
|1 |
|--|
|--|

[2025-10-22 16:30:35.228] [INFO ] [http-nio-8881-exec-6] c.s.sqld.exception.ExceptionAdvice - MemberNotFoundException
com.sqld_board.sqld.exception.common.MemberNotFoundException: null
	at java.base/java.util.Optional.orElseThrow(Optional.java:403)
	at com.sqld_board.sqld.service.sign.SignService.readMemberByUsersId(SignService.java:74)
	at com.sqld_board.sqld.service.sign.SignService.signIn(SignService.java:33)
	at com.sqld_board.sqld.controller.sign.SignController.readMemberByUsersId(SignController.java:28)
	at java.base/jdk.internal.reflect.NativeMethodAccessorImpl.invoke0(Native Method)
	at java.base/jdk.internal.reflect.NativeMethodAccessorImpl.invoke(NativeMethodAccessorImpl.java:77)
	at java.base/jdk.internal.reflect.DelegatingMethodAccessorImpl.invoke(DelegatingMethodAccessorImpl.java:43)
	at java.base/java.lang.reflect.Method.invoke(Method.java:568)
	at org.springframework.web.method.support.InvocableHandlerMethod.doInvoke(InvocableHandlerMethod.java:258)
	at org.springframework.web.method.support.InvocableHandlerMethod.invokeForRequest(InvocableHandlerMethod.java:191)
	at org.springframework.web.servlet.mvc.method.annotation.ServletInvocableHandlerMethod.invokeAndHandle(ServletInvocableHandlerMethod.java:118)
	at org.springframework.web.servlet.mvc.method.annotation.RequestMappingHandlerAdapter.invokeHandlerMethod(RequestMappingHandlerAdapter.java:991)
	at org.springframework.web.servlet.mvc.method.annotation.RequestMappingHandlerAdapter.handleInternal(RequestMappingHandlerAdapter.java:896)
	at org.springframework.web.servlet.mvc.method.AbstractHandlerMethodAdapter.handle(AbstractHandlerMethodAdapter.java:87)
	at org.springframework.web.servlet.DispatcherServlet.doDispatch(DispatcherServlet.java:1089)
	at org.springframework.web.servlet.DispatcherServlet.doService(DispatcherServlet.java:979)
	at org.springframework.web.servlet.FrameworkServlet.processRequest(FrameworkServlet.java:1014)
	at org.springframework.web.servlet.FrameworkServlet.doPost(FrameworkServlet.java:914)
	at jakarta.servlet.http.HttpServlet.service(HttpServlet.java:590)
	at org.springframework.web.servlet.FrameworkServlet.service(FrameworkServlet.java:885)
	at jakarta.servlet.http.HttpServlet.service(HttpServlet.java:658)
	at org.apache.catalina.core.ApplicationFilterChain.internalDoFilter(ApplicationFilterChain.java:195)
	at org.apache.catalina.core.ApplicationFilterChain.doFilter(ApplicationFilterChain.java:140)
	at org.apache.tomcat.websocket.server.WsFilter.doFilter(WsFilter.java:51)
	at org.apache.catalina.core.ApplicationFilterChain.internalDoFilter(ApplicationFilterChain.java:164)
	at org.apache.catalina.core.ApplicationFilterChain.doFilter(ApplicationFilterChain.java:140)
	at org.springframework.web.filter.RequestContextFilter.doFilterInternal(RequestContextFilter.java:100)
	at org.springframework.web.filter.OncePerRequestFilter.doFilter(OncePerRequestFilter.java:116)
	at org.apache.catalina.core.ApplicationFilterChain.internalDoFilter(ApplicationFilterChain.java:164)
	at org.apache.catalina.core.ApplicationFilterChain.doFilter(ApplicationFilterChain.java:140)
	at org.springframework.web.filter.FormContentFilter.doFilterInternal(FormContentFilter.java:93)
	at org.springframework.web.filter.OncePerRequestFilter.doFilter(OncePerRequestFilter.java:116)
	at org.apache.catalina.core.ApplicationFilterChain.internalDoFilter(ApplicationFilterChain.java:164)
	at org.apache.catalina.core.ApplicationFilterChain.doFilter(ApplicationFilterChain.java:140)
	at org.springframework.web.filter.CharacterEncodingFilter.doFilterInternal(CharacterEncodingFilter.java:201)
	at org.springframework.web.filter.OncePerRequestFilter.doFilter(OncePerRequestFilter.java:116)
	at org.apache.catalina.core.ApplicationFilterChain.internalDoFilter(ApplicationFilterChain.java:164)
	at org.apache.catalina.core.ApplicationFilterChain.doFilter(ApplicationFilterChain.java:140)
	at org.apache.catalina.core.StandardWrapperValve.invoke(StandardWrapperValve.java:167)
	at org.apache.catalina.core.StandardContextValve.invoke(StandardContextValve.java:90)
	at org.apache.catalina.authenticator.AuthenticatorBase.invoke(AuthenticatorBase.java:483)
	at org.apache.catalina.core.StandardHostValve.invoke(StandardHostValve.java:116)
	at org.apache.catalina.valves.ErrorReportValve.invoke(ErrorReportValve.java:93)
	at org.apache.catalina.core.StandardEngineValve.invoke(StandardEngineValve.java:74)
	at org.apache.catalina.connector.CoyoteAdapter.service(CoyoteAdapter.java:344)
	at org.apache.coyote.http11.Http11Processor.service(Http11Processor.java:398)
	at org.apache.coyote.AbstractProcessorLight.process(AbstractProcessorLight.java:63)
	at org.apache.coyote.AbstractProtocol$ConnectionHandler.process(AbstractProtocol.java:903)
	at org.apache.tomcat.util.net.NioEndpoint$SocketProcessor.doRun(NioEndpoint.java:1776)
	at org.apache.tomcat.util.net.SocketProcessorBase.run(SocketProcessorBase.java:52)
	at org.apache.tomcat.util.threads.ThreadPoolExecutor.runWorker(ThreadPoolExecutor.java:975)
	at org.apache.tomcat.util.threads.ThreadPoolExecutor$Worker.run(ThreadPoolExecutor.java:493)
	at org.apache.tomcat.util.threads.TaskThread$WrappingRunnable.run(TaskThread.java:63)
	at java.base/java.lang.Thread.run(Thread.java:840)
[2025-10-22 16:30:35.230] [WARN ] [http-nio-8881-exec-6] o.s.w.s.m.m.a.ExceptionHandlerExceptionResolver - Failure in @ExceptionHandler com.sqld_board.sqld.exception.ExceptionAdvice#MemberNotFoundException(Exception)
java.lang.NullPointerException: Cannot invoke "org.springframework.context.MessageSource.getMessage(String, Object[], java.util.Locale)" because "this.messageSource" is null
	at com.sqld_board.sqld.handler.ResponseHandler.getCode(ResponseHandler.java:26)
	at com.sqld_board.sqld.handler.ResponseHandler.getFailureResponse(ResponseHandler.java:17)
	at com.sqld_board.sqld.exception.ExceptionAdvice.MemberNotFoundException(ExceptionAdvice.java:40)
	at java.base/jdk.internal.reflect.NativeMethodAccessorImpl.invoke0(Native Method)
	at java.base/jdk.internal.reflect.NativeMethodAccessorImpl.invoke(NativeMethodAccessorImpl.java:77)
	at java.base/jdk.internal.reflect.DelegatingMethodAccessorImpl.invoke(DelegatingMethodAccessorImpl.java:43)
	at java.base/java.lang.reflect.Method.invoke(Method.java:568)
	at org.springframework.web.method.support.InvocableHandlerMethod.doInvoke(InvocableHandlerMethod.java:258)
	at org.springframework.web.method.support.InvocableHandlerMethod.invokeForRequest(InvocableHandlerMethod.java:191)
	at org.springframework.web.servlet.mvc.method.annotation.ServletInvocableHandlerMethod.invokeAndHandle(ServletInvocableHandlerMethod.java:118)
	at org.springframework.web.servlet.mvc.method.annotation.ExceptionHandlerExceptionResolver.doResolveHandlerMethodException(ExceptionHandlerExceptionResolver.java:471)
	at org.springframework.web.servlet.handler.AbstractHandlerMethodExceptionResolver.doResolveException(AbstractHandlerMethodExceptionResolver.java:73)
	at org.springframework.web.servlet.handler.AbstractHandlerExceptionResolver.resolveException(AbstractHandlerExceptionResolver.java:182)
	at org.springframework.web.servlet.handler.HandlerExceptionResolverComposite.resolveException(HandlerExceptionResolverComposite.java:80)
	at org.springframework.web.servlet.DispatcherServlet.processHandlerException(DispatcherServlet.java:1360)
	at org.springframework.web.servlet.DispatcherServlet.processDispatchResult(DispatcherServlet.java:1161)
	at org.springframework.web.servlet.DispatcherServlet.doDispatch(DispatcherServlet.java:1106)
	at org.springframework.web.servlet.DispatcherServlet.doService(DispatcherServlet.java:979)
	at org.springframework.web.servlet.FrameworkServlet.processRequest(FrameworkServlet.java:1014)
	at org.springframework.web.servlet.FrameworkServlet.doPost(FrameworkServlet.java:914)
	at jakarta.servlet.http.HttpServlet.service(HttpServlet.java:590)
	at org.springframework.web.servlet.FrameworkServlet.service(FrameworkServlet.java:885)
	at jakarta.servlet.http.HttpServlet.service(HttpServlet.java:658)
	at org.apache.catalina.core.ApplicationFilterChain.internalDoFilter(ApplicationFilterChain.java:195)
	at org.apache.catalina.core.ApplicationFilterChain.doFilter(ApplicationFilterChain.java:140)
	at org.apache.tomcat.websocket.server.WsFilter.doFilter(WsFilter.java:51)
	at org.apache.catalina.core.ApplicationFilterChain.internalDoFilter(ApplicationFilterChain.java:164)
	at org.apache.catalina.core.ApplicationFilterChain.doFilter(ApplicationFilterChain.java:140)
	at org.springframework.web.filter.RequestContextFilter.doFilterInternal(RequestContextFilter.java:100)
	at org.springframework.web.filter.OncePerRequestFilter.doFilter(OncePerRequestFilter.java:116)
	at org.apache.catalina.core.ApplicationFilterChain.internalDoFilter(ApplicationFilterChain.java:164)
	at org.apache.catalina.core.ApplicationFilterChain.doFilter(ApplicationFilterChain.java:140)
	at org.springframework.web.filter.FormContentFilter.doFilterInternal(FormContentFilter.java:93)
	at org.springframework.web.filter.OncePerRequestFilter.doFilter(OncePerRequestFilter.java:116)
	at org.apache.catalina.core.ApplicationFilterChain.internalDoFilter(ApplicationFilterChain.java:164)
	at org.apache.catalina.core.ApplicationFilterChain.doFilter(ApplicationFilterChain.java:140)
	at org.springframework.web.filter.CharacterEncodingFilter.doFilterInternal(CharacterEncodingFilter.java:201)
	at org.springframework.web.filter.OncePerRequestFilter.doFilter(OncePerRequestFilter.java:116)
	at org.apache.catalina.core.ApplicationFilterChain.internalDoFilter(ApplicationFilterChain.java:164)
	at org.apache.catalina.core.ApplicationFilterChain.doFilter(ApplicationFilterChain.java:140)
	at org.apache.catalina.core.StandardWrapperValve.invoke(StandardWrapperValve.java:167)
	at org.apache.catalina.core.StandardContextValve.invoke(StandardContextValve.java:90)
	at org.apache.catalina.authenticator.AuthenticatorBase.invoke(AuthenticatorBase.java:483)
	at org.apache.catalina.core.StandardHostValve.invoke(StandardHostValve.java:116)
	at org.apache.catalina.valves.ErrorReportValve.invoke(ErrorReportValve.java:93)
	at org.apache.catalina.core.StandardEngineValve.invoke(StandardEngineValve.java:74)
	at org.apache.catalina.connector.CoyoteAdapter.service(CoyoteAdapter.java:344)
	at org.apache.coyote.http11.Http11Processor.service(Http11Processor.java:398)
	at org.apache.coyote.AbstractProcessorLight.process(AbstractProcessorLight.java:63)
	at org.apache.coyote.AbstractProtocol$ConnectionHandler.process(AbstractProtocol.java:903)
	at org.apache.tomcat.util.net.NioEndpoint$SocketProcessor.doRun(NioEndpoint.java:1776)
	at org.apache.tomcat.util.net.SocketProcessorBase.run(SocketProcessorBase.java:52)
	at org.apache.tomcat.util.threads.ThreadPoolExecutor.runWorker(ThreadPoolExecutor.java:975)
	at org.apache.tomcat.util.threads.ThreadPoolExecutor$Worker.run(ThreadPoolExecutor.java:493)
	at org.apache.tomcat.util.threads.TaskThread$WrappingRunnable.run(TaskThread.java:63)
	at java.base/java.lang.Thread.run(Thread.java:840)
[2025-10-22 16:30:35.230] [ERROR] [http-nio-8881-exec-6] o.a.c.c.C.[.[.[.[dispatcherServlet] - Servlet.service() for servlet [dispatcherServlet] in context with path [] threw exception [Request processing failed: com.sqld_board.sqld.exception.common.MemberNotFoundException] with root cause
com.sqld_board.sqld.exception.common.MemberNotFoundException: null
	at java.base/java.util.Optional.orElseThrow(Optional.java:403)
	at com.sqld_board.sqld.service.sign.SignService.readMemberByUsersId(SignService.java:74)
	at com.sqld_board.sqld.service.sign.SignService.signIn(SignService.java:33)
	at com.sqld_board.sqld.controller.sign.SignController.readMemberByUsersId(SignController.java:28)
	at java.base/jdk.internal.reflect.NativeMethodAccessorImpl.invoke0(Native Method)
	at java.base/jdk.internal.reflect.NativeMethodAccessorImpl.invoke(NativeMethodAccessorImpl.java:77)
	at java.base/jdk.internal.reflect.DelegatingMethodAccessorImpl.invoke(DelegatingMethodAccessorImpl.java:43)
	at java.base/java.lang.reflect.Method.invoke(Method.java:568)
	at org.springframework.web.method.support.InvocableHandlerMethod.doInvoke(InvocableHandlerMethod.java:258)
	at org.springframework.web.method.support.InvocableHandlerMethod.invokeForRequest(InvocableHandlerMethod.java:191)
	at org.springframework.web.servlet.mvc.method.annotation.ServletInvocableHandlerMethod.invokeAndHandle(ServletInvocableHandlerMethod.java:118)
	at org.springframework.web.servlet.mvc.method.annotation.RequestMappingHandlerAdapter.invokeHandlerMethod(RequestMappingHandlerAdapter.java:991)
	at org.springframework.web.servlet.mvc.method.annotation.RequestMappingHandlerAdapter.handleInternal(RequestMappingHandlerAdapter.java:896)
	at org.springframework.web.servlet.mvc.method.AbstractHandlerMethodAdapter.handle(AbstractHandlerMethodAdapter.java:87)
	at org.springframework.web.servlet.DispatcherServlet.doDispatch(DispatcherServlet.java:1089)
	at org.springframework.web.servlet.DispatcherServlet.doService(DispatcherServlet.java:979)
	at org.springframework.web.servlet.FrameworkServlet.processRequest(FrameworkServlet.java:1014)
	at org.springframework.web.servlet.FrameworkServlet.doPost(FrameworkServlet.java:914)
	at jakarta.servlet.http.HttpServlet.service(HttpServlet.java:590)
	at org.springframework.web.servlet.FrameworkServlet.service(FrameworkServlet.java:885)
	at jakarta.servlet.http.HttpServlet.service(HttpServlet.java:658)
	at org.apache.catalina.core.ApplicationFilterChain.internalDoFilter(ApplicationFilterChain.java:195)
	at org.apache.catalina.core.ApplicationFilterChain.doFilter(ApplicationFilterChain.java:140)
	at org.apache.tomcat.websocket.server.WsFilter.doFilter(WsFilter.java:51)
	at org.apache.catalina.core.ApplicationFilterChain.internalDoFilter(ApplicationFilterChain.java:164)
	at org.apache.catalina.core.ApplicationFilterChain.doFilter(ApplicationFilterChain.java:140)
	at org.springframework.web.filter.RequestContextFilter.doFilterInternal(RequestContextFilter.java:100)
	at org.springframework.web.filter.OncePerRequestFilter.doFilter(OncePerRequestFilter.java:116)
	at org.apache.catalina.core.ApplicationFilterChain.internalDoFilter(ApplicationFilterChain.java:164)
	at org.apache.catalina.core.ApplicationFilterChain.doFilter(ApplicationFilterChain.java:140)
	at org.springframework.web.filter.FormContentFilter.doFilterInternal(FormContentFilter.java:93)
	at org.springframework.web.filter.OncePerRequestFilter.doFilter(OncePerRequestFilter.java:116)
	at org.apache.catalina.core.ApplicationFilterChain.internalDoFilter(ApplicationFilterChain.java:164)
	at org.apache.catalina.core.ApplicationFilterChain.doFilter(ApplicationFilterChain.java:140)
	at org.springframework.web.filter.CharacterEncodingFilter.doFilterInternal(CharacterEncodingFilter.java:201)
	at org.springframework.web.filter.OncePerRequestFilter.doFilter(OncePerRequestFilter.java:116)
	at org.apache.catalina.core.ApplicationFilterChain.internalDoFilter(ApplicationFilterChain.java:164)
	at org.apache.catalina.core.ApplicationFilterChain.doFilter(ApplicationFilterChain.java:140)
	at org.apache.catalina.core.StandardWrapperValve.invoke(StandardWrapperValve.java:167)
	at org.apache.catalina.core.StandardContextValve.invoke(StandardContextValve.java:90)
	at org.apache.catalina.authenticator.AuthenticatorBase.invoke(AuthenticatorBase.java:483)
	at org.apache.catalina.core.StandardHostValve.invoke(StandardHostValve.java:116)
	at org.apache.catalina.valves.ErrorReportValve.invoke(ErrorReportValve.java:93)
	at org.apache.catalina.core.StandardEngineValve.invoke(StandardEngineValve.java:74)
	at org.apache.catalina.connector.CoyoteAdapter.service(CoyoteAdapter.java:344)
	at org.apache.coyote.http11.Http11Processor.service(Http11Processor.java:398)
	at org.apache.coyote.AbstractProcessorLight.process(AbstractProcessorLight.java:63)
	at org.apache.coyote.AbstractProtocol$ConnectionHandler.process(AbstractProtocol.java:903)
	at org.apache.tomcat.util.net.NioEndpoint$SocketProcessor.doRun(NioEndpoint.java:1776)
	at org.apache.tomcat.util.net.SocketProcessorBase.run(SocketProcessorBase.java:52)
	at org.apache.tomcat.util.threads.ThreadPoolExecutor.runWorker(ThreadPoolExecutor.java:975)
	at org.apache.tomcat.util.threads.ThreadPoolExecutor$Worker.run(ThreadPoolExecutor.java:493)
	at org.apache.tomcat.util.threads.TaskThread$WrappingRunnable.run(TaskThread.java:63)
	at java.base/java.lang.Thread.run(Thread.java:840)
[2025-10-22 16:31:33.508] [INFO ] [SpringApplicationShutdownHook] o.s.b.w.e.tomcat.GracefulShutdown - Commencing graceful shutdown. Waiting for active requests to complete
[2025-10-22 16:31:33.516] [INFO ] [tomcat-shutdown] o.s.b.w.e.tomcat.GracefulShutdown - Graceful shutdown complete
[2025-10-22 16:31:33.522] [INFO ] [SpringApplicationShutdownHook] com.zaxxer.hikari.HikariDataSource - HikariPool-1 - Shutdown initiated...
[2025-10-22 16:31:33.613] [INFO ] [SpringApplicationShutdownHook] com.zaxxer.hikari.HikariDataSource - HikariPool-1 - Shutdown completed.
[2025-10-22 16:33:51.695] [INFO ] [background-preinit] o.h.validator.internal.util.Version - HV000001: Hibernate Validator 8.0.3.Final
[2025-10-22 16:33:51.717] [INFO ] [restartedMain] com.sqld_board.sqld.SqldApplication - Starting SqldApplication using Java 17.0.11 with PID 88503 (/Users/minboklee/Downloads/sqld/build/classes/java/main started by minboklee in /Users/minboklee/Downloads/sqld)
[2025-10-22 16:33:51.718] [INFO ] [restartedMain] com.sqld_board.sqld.SqldApplication - No active profile set, falling back to 1 default profile: "default"
[2025-10-22 16:33:51.734] [INFO ] [restartedMain] o.s.b.d.restart.ChangeableUrls - The Class-Path manifest attribute in /Users/minboklee/.gradle/caches/modules-2/files-2.1/com.oracle.database.jdbc/ojdbc11/23.7.0.25.01/665f52abef9122ce003b5cfc1d9d44f7302e2cfe/ojdbc11-23.7.0.25.01.jar referenced one or more files that do not exist: file:/Users/minboklee/.gradle/caches/modules-2/files-2.1/com.oracle.database.jdbc/ojdbc11/23.7.0.25.01/665f52abef9122ce003b5cfc1d9d44f7302e2cfe/oraclepki.jar
[2025-10-22 16:33:51.735] [INFO ] [restartedMain] o.s.b.d.e.DevToolsPropertyDefaultsPostProcessor - Devtools property defaults active! Set 'spring.devtools.add-properties' to 'false' to disable
[2025-10-22 16:33:51.735] [INFO ] [restartedMain] o.s.b.d.e.DevToolsPropertyDefaultsPostProcessor - For additional web related logging consider setting the 'logging.level.web' property to 'DEBUG'
[2025-10-22 16:33:52.298] [INFO ] [restartedMain] o.s.b.w.e.tomcat.TomcatWebServer - Tomcat initialized with port 8881 (http)
[2025-10-22 16:33:52.305] [INFO ] [restartedMain] o.a.coyote.http11.Http11NioProtocol - Initializing ProtocolHandler ["http-nio-8881"]
[2025-10-22 16:33:52.306] [INFO ] [restartedMain] o.a.catalina.core.StandardService - Starting service [Tomcat]
[2025-10-22 16:33:52.306] [INFO ] [restartedMain] o.a.catalina.core.StandardEngine - Starting Servlet engine: [Apache Tomcat/10.1.46]
[2025-10-22 16:33:52.330] [INFO ] [restartedMain] o.a.c.c.C.[Tomcat].[localhost].[/] - Initializing Spring embedded WebApplicationContext
[2025-10-22 16:33:52.330] [INFO ] [restartedMain] o.s.b.w.s.c.ServletWebServerApplicationContext - Root WebApplicationContext: initialization completed in 595 ms
[2025-10-22 16:33:52.686] [INFO ] [restartedMain] com.zaxxer.hikari.HikariDataSource - HikariPool-1 - Starting...
[2025-10-22 16:33:53.017] [INFO ] [restartedMain] com.zaxxer.hikari.pool.HikariPool - HikariPool-1 - Added connection net.sf.log4jdbc.sql.jdbcapi.ConnectionSpy@7b2eb4e1
[2025-10-22 16:33:53.018] [INFO ] [restartedMain] com.zaxxer.hikari.HikariDataSource - HikariPool-1 - Start completed.
[2025-10-22 16:33:53.023] [INFO ] [restartedMain] o.s.b.a.h.H2ConsoleAutoConfiguration - H2 console available at '/h2-console'. Database available at 'jdbc:oracle:thin:@175.197.69.42:1521:orcl'
[2025-10-22 16:33:53.072] [INFO ] [restartedMain] o.s.b.d.a.OptionalLiveReloadServer - LiveReload server is running on port 35729
[2025-10-22 16:33:53.086] [INFO ] [restartedMain] o.a.coyote.http11.Http11NioProtocol - Starting ProtocolHandler ["http-nio-8881"]
[2025-10-22 16:33:53.099] [INFO ] [restartedMain] o.s.b.w.e.tomcat.TomcatWebServer - Tomcat started on port 8881 (http) with context path '/'
[2025-10-22 16:33:53.107] [INFO ] [restartedMain] com.sqld_board.sqld.SqldApplication - Started SqldApplication in 1.63 seconds (process running for 2.017)
[2025-10-22 16:34:01.345] [INFO ] [http-nio-8881-exec-1] o.a.c.c.C.[Tomcat].[localhost].[/] - Initializing Spring DispatcherServlet 'dispatcherServlet'
[2025-10-22 16:34:01.347] [INFO ] [http-nio-8881-exec-1] o.s.web.servlet.DispatcherServlet - Initializing Servlet 'dispatcherServlet'
[2025-10-22 16:34:01.352] [INFO ] [http-nio-8881-exec-1] o.s.web.servlet.DispatcherServlet - Completed initialization in 5 ms
[2025-10-22 16:34:01.495] [INFO ] [http-nio-8881-exec-1] jdbc.sqlonly - SELECT 1
         FROM DUAL
        WHERE EXISTS(SELECT 1
                       FROM MEMBER_INFO
                      WHERE USER_ID = 'string'
                       )

[2025-10-22 16:34:01.536] [INFO ] [http-nio-8881-exec-1] jdbc.resultsettable - 
|--|
|1 |
|--|
|--|

[2025-10-22 16:34:01.541] [INFO ] [http-nio-8881-exec-1] c.s.sqld.exception.ExceptionAdvice - MemberNotFoundException
com.sqld_board.sqld.exception.common.MemberNotFoundException: null
	at java.base/java.util.Optional.orElseThrow(Optional.java:403)
	at com.sqld_board.sqld.service.sign.SignService.readMemberByUsersId(SignService.java:74)
	at com.sqld_board.sqld.service.sign.SignService.signIn(SignService.java:33)
	at com.sqld_board.sqld.controller.sign.SignController.readMemberByUsersId(SignController.java:28)
	at java.base/jdk.internal.reflect.NativeMethodAccessorImpl.invoke0(Native Method)
	at java.base/jdk.internal.reflect.NativeMethodAccessorImpl.invoke(NativeMethodAccessorImpl.java:77)
	at java.base/jdk.internal.reflect.DelegatingMethodAccessorImpl.invoke(DelegatingMethodAccessorImpl.java:43)
	at java.base/java.lang.reflect.Method.invoke(Method.java:568)
	at org.springframework.web.method.support.InvocableHandlerMethod.doInvoke(InvocableHandlerMethod.java:258)
	at org.springframework.web.method.support.InvocableHandlerMethod.invokeForRequest(InvocableHandlerMethod.java:191)
	at org.springframework.web.servlet.mvc.method.annotation.ServletInvocableHandlerMethod.invokeAndHandle(ServletInvocableHandlerMethod.java:118)
	at org.springframework.web.servlet.mvc.method.annotation.RequestMappingHandlerAdapter.invokeHandlerMethod(RequestMappingHandlerAdapter.java:991)
	at org.springframework.web.servlet.mvc.method.annotation.RequestMappingHandlerAdapter.handleInternal(RequestMappingHandlerAdapter.java:896)
	at org.springframework.web.servlet.mvc.method.AbstractHandlerMethodAdapter.handle(AbstractHandlerMethodAdapter.java:87)
	at org.springframework.web.servlet.DispatcherServlet.doDispatch(DispatcherServlet.java:1089)
	at org.springframework.web.servlet.DispatcherServlet.doService(DispatcherServlet.java:979)
	at org.springframework.web.servlet.FrameworkServlet.processRequest(FrameworkServlet.java:1014)
	at org.springframework.web.servlet.FrameworkServlet.doPost(FrameworkServlet.java:914)
	at jakarta.servlet.http.HttpServlet.service(HttpServlet.java:590)
	at org.springframework.web.servlet.FrameworkServlet.service(FrameworkServlet.java:885)
	at jakarta.servlet.http.HttpServlet.service(HttpServlet.java:658)
	at org.apache.catalina.core.ApplicationFilterChain.internalDoFilter(ApplicationFilterChain.java:195)
	at org.apache.catalina.core.ApplicationFilterChain.doFilter(ApplicationFilterChain.java:140)
	at org.apache.tomcat.websocket.server.WsFilter.doFilter(WsFilter.java:51)
	at org.apache.catalina.core.ApplicationFilterChain.internalDoFilter(ApplicationFilterChain.java:164)
	at org.apache.catalina.core.ApplicationFilterChain.doFilter(ApplicationFilterChain.java:140)
	at org.springframework.web.filter.RequestContextFilter.doFilterInternal(RequestContextFilter.java:100)
	at org.springframework.web.filter.OncePerRequestFilter.doFilter(OncePerRequestFilter.java:116)
	at org.apache.catalina.core.ApplicationFilterChain.internalDoFilter(ApplicationFilterChain.java:164)
	at org.apache.catalina.core.ApplicationFilterChain.doFilter(ApplicationFilterChain.java:140)
	at org.springframework.web.filter.FormContentFilter.doFilterInternal(FormContentFilter.java:93)
	at org.springframework.web.filter.OncePerRequestFilter.doFilter(OncePerRequestFilter.java:116)
	at org.apache.catalina.core.ApplicationFilterChain.internalDoFilter(ApplicationFilterChain.java:164)
	at org.apache.catalina.core.ApplicationFilterChain.doFilter(ApplicationFilterChain.java:140)
	at org.springframework.web.filter.CharacterEncodingFilter.doFilterInternal(CharacterEncodingFilter.java:201)
	at org.springframework.web.filter.OncePerRequestFilter.doFilter(OncePerRequestFilter.java:116)
	at org.apache.catalina.core.ApplicationFilterChain.internalDoFilter(ApplicationFilterChain.java:164)
	at org.apache.catalina.core.ApplicationFilterChain.doFilter(ApplicationFilterChain.java:140)
	at org.apache.catalina.core.StandardWrapperValve.invoke(StandardWrapperValve.java:167)
	at org.apache.catalina.core.StandardContextValve.invoke(StandardContextValve.java:90)
	at org.apache.catalina.authenticator.AuthenticatorBase.invoke(AuthenticatorBase.java:483)
	at org.apache.catalina.core.StandardHostValve.invoke(StandardHostValve.java:116)
	at org.apache.catalina.valves.ErrorReportValve.invoke(ErrorReportValve.java:93)
	at org.apache.catalina.core.StandardEngineValve.invoke(StandardEngineValve.java:74)
	at org.apache.catalina.connector.CoyoteAdapter.service(CoyoteAdapter.java:344)
	at org.apache.coyote.http11.Http11Processor.service(Http11Processor.java:398)
	at org.apache.coyote.AbstractProcessorLight.process(AbstractProcessorLight.java:63)
	at org.apache.coyote.AbstractProtocol$ConnectionHandler.process(AbstractProtocol.java:903)
	at org.apache.tomcat.util.net.NioEndpoint$SocketProcessor.doRun(NioEndpoint.java:1776)
	at org.apache.tomcat.util.net.SocketProcessorBase.run(SocketProcessorBase.java:52)
	at org.apache.tomcat.util.threads.ThreadPoolExecutor.runWorker(ThreadPoolExecutor.java:975)
	at org.apache.tomcat.util.threads.ThreadPoolExecutor$Worker.run(ThreadPoolExecutor.java:493)
	at org.apache.tomcat.util.threads.TaskThread$WrappingRunnable.run(TaskThread.java:63)
	at java.base/java.lang.Thread.run(Thread.java:840)
[2025-10-22 16:34:01.542] [WARN ] [http-nio-8881-exec-1] o.s.w.s.m.m.a.ExceptionHandlerExceptionResolver - Failure in @ExceptionHandler com.sqld_board.sqld.exception.ExceptionAdvice#MemberNotFoundException(Exception)
java.lang.NullPointerException: Cannot invoke "org.springframework.context.MessageSource.getMessage(String, Object[], java.util.Locale)" because "this.messageSource" is null
	at com.sqld_board.sqld.handler.ResponseHandler.getCode(ResponseHandler.java:26)
	at com.sqld_board.sqld.handler.ResponseHandler.getFailureResponse(ResponseHandler.java:17)
	at com.sqld_board.sqld.exception.ExceptionAdvice.MemberNotFoundException(ExceptionAdvice.java:40)
	at java.base/jdk.internal.reflect.NativeMethodAccessorImpl.invoke0(Native Method)
	at java.base/jdk.internal.reflect.NativeMethodAccessorImpl.invoke(NativeMethodAccessorImpl.java:77)
	at java.base/jdk.internal.reflect.DelegatingMethodAccessorImpl.invoke(DelegatingMethodAccessorImpl.java:43)
	at java.base/java.lang.reflect.Method.invoke(Method.java:568)
	at org.springframework.web.method.support.InvocableHandlerMethod.doInvoke(InvocableHandlerMethod.java:258)
	at org.springframework.web.method.support.InvocableHandlerMethod.invokeForRequest(InvocableHandlerMethod.java:191)
	at org.springframework.web.servlet.mvc.method.annotation.ServletInvocableHandlerMethod.invokeAndHandle(ServletInvocableHandlerMethod.java:118)
	at org.springframework.web.servlet.mvc.method.annotation.ExceptionHandlerExceptionResolver.doResolveHandlerMethodException(ExceptionHandlerExceptionResolver.java:471)
	at org.springframework.web.servlet.handler.AbstractHandlerMethodExceptionResolver.doResolveException(AbstractHandlerMethodExceptionResolver.java:73)
	at org.springframework.web.servlet.handler.AbstractHandlerExceptionResolver.resolveException(AbstractHandlerExceptionResolver.java:182)
	at org.springframework.web.servlet.handler.HandlerExceptionResolverComposite.resolveException(HandlerExceptionResolverComposite.java:80)
	at org.springframework.web.servlet.DispatcherServlet.processHandlerException(DispatcherServlet.java:1360)
	at org.springframework.web.servlet.DispatcherServlet.processDispatchResult(DispatcherServlet.java:1161)
	at org.springframework.web.servlet.DispatcherServlet.doDispatch(DispatcherServlet.java:1106)
	at org.springframework.web.servlet.DispatcherServlet.doService(DispatcherServlet.java:979)
	at org.springframework.web.servlet.FrameworkServlet.processRequest(FrameworkServlet.java:1014)
	at org.springframework.web.servlet.FrameworkServlet.doPost(FrameworkServlet.java:914)
	at jakarta.servlet.http.HttpServlet.service(HttpServlet.java:590)
	at org.springframework.web.servlet.FrameworkServlet.service(FrameworkServlet.java:885)
	at jakarta.servlet.http.HttpServlet.service(HttpServlet.java:658)
	at org.apache.catalina.core.ApplicationFilterChain.internalDoFilter(ApplicationFilterChain.java:195)
	at org.apache.catalina.core.ApplicationFilterChain.doFilter(ApplicationFilterChain.java:140)
	at org.apache.tomcat.websocket.server.WsFilter.doFilter(WsFilter.java:51)
	at org.apache.catalina.core.ApplicationFilterChain.internalDoFilter(ApplicationFilterChain.java:164)
	at org.apache.catalina.core.ApplicationFilterChain.doFilter(ApplicationFilterChain.java:140)
	at org.springframework.web.filter.RequestContextFilter.doFilterInternal(RequestContextFilter.java:100)
	at org.springframework.web.filter.OncePerRequestFilter.doFilter(OncePerRequestFilter.java:116)
	at org.apache.catalina.core.ApplicationFilterChain.internalDoFilter(ApplicationFilterChain.java:164)
	at org.apache.catalina.core.ApplicationFilterChain.doFilter(ApplicationFilterChain.java:140)
	at org.springframework.web.filter.FormContentFilter.doFilterInternal(FormContentFilter.java:93)
	at org.springframework.web.filter.OncePerRequestFilter.doFilter(OncePerRequestFilter.java:116)
	at org.apache.catalina.core.ApplicationFilterChain.internalDoFilter(ApplicationFilterChain.java:164)
	at org.apache.catalina.core.ApplicationFilterChain.doFilter(ApplicationFilterChain.java:140)
	at org.springframework.web.filter.CharacterEncodingFilter.doFilterInternal(CharacterEncodingFilter.java:201)
	at org.springframework.web.filter.OncePerRequestFilter.doFilter(OncePerRequestFilter.java:116)
	at org.apache.catalina.core.ApplicationFilterChain.internalDoFilter(ApplicationFilterChain.java:164)
	at org.apache.catalina.core.ApplicationFilterChain.doFilter(ApplicationFilterChain.java:140)
	at org.apache.catalina.core.StandardWrapperValve.invoke(StandardWrapperValve.java:167)
	at org.apache.catalina.core.StandardContextValve.invoke(StandardContextValve.java:90)
	at org.apache.catalina.authenticator.AuthenticatorBase.invoke(AuthenticatorBase.java:483)
	at org.apache.catalina.core.StandardHostValve.invoke(StandardHostValve.java:116)
	at org.apache.catalina.valves.ErrorReportValve.invoke(ErrorReportValve.java:93)
	at org.apache.catalina.core.StandardEngineValve.invoke(StandardEngineValve.java:74)
	at org.apache.catalina.connector.CoyoteAdapter.service(CoyoteAdapter.java:344)
	at org.apache.coyote.http11.Http11Processor.service(Http11Processor.java:398)
	at org.apache.coyote.AbstractProcessorLight.process(AbstractProcessorLight.java:63)
	at org.apache.coyote.AbstractProtocol$ConnectionHandler.process(AbstractProtocol.java:903)
	at org.apache.tomcat.util.net.NioEndpoint$SocketProcessor.doRun(NioEndpoint.java:1776)
	at org.apache.tomcat.util.net.SocketProcessorBase.run(SocketProcessorBase.java:52)
	at org.apache.tomcat.util.threads.ThreadPoolExecutor.runWorker(ThreadPoolExecutor.java:975)
	at org.apache.tomcat.util.threads.ThreadPoolExecutor$Worker.run(ThreadPoolExecutor.java:493)
	at org.apache.tomcat.util.threads.TaskThread$WrappingRunnable.run(TaskThread.java:63)
	at java.base/java.lang.Thread.run(Thread.java:840)
[2025-10-22 16:34:01.543] [ERROR] [http-nio-8881-exec-1] o.a.c.c.C.[.[.[.[dispatcherServlet] - Servlet.service() for servlet [dispatcherServlet] in context with path [] threw exception [Request processing failed: com.sqld_board.sqld.exception.common.MemberNotFoundException] with root cause
com.sqld_board.sqld.exception.common.MemberNotFoundException: null
	at java.base/java.util.Optional.orElseThrow(Optional.java:403)
	at com.sqld_board.sqld.service.sign.SignService.readMemberByUsersId(SignService.java:74)
	at com.sqld_board.sqld.service.sign.SignService.signIn(SignService.java:33)
	at com.sqld_board.sqld.controller.sign.SignController.readMemberByUsersId(SignController.java:28)
	at java.base/jdk.internal.reflect.NativeMethodAccessorImpl.invoke0(Native Method)
	at java.base/jdk.internal.reflect.NativeMethodAccessorImpl.invoke(NativeMethodAccessorImpl.java:77)
	at java.base/jdk.internal.reflect.DelegatingMethodAccessorImpl.invoke(DelegatingMethodAccessorImpl.java:43)
	at java.base/java.lang.reflect.Method.invoke(Method.java:568)
	at org.springframework.web.method.support.InvocableHandlerMethod.doInvoke(InvocableHandlerMethod.java:258)
	at org.springframework.web.method.support.InvocableHandlerMethod.invokeForRequest(InvocableHandlerMethod.java:191)
	at org.springframework.web.servlet.mvc.method.annotation.ServletInvocableHandlerMethod.invokeAndHandle(ServletInvocableHandlerMethod.java:118)
	at org.springframework.web.servlet.mvc.method.annotation.RequestMappingHandlerAdapter.invokeHandlerMethod(RequestMappingHandlerAdapter.java:991)
	at org.springframework.web.servlet.mvc.method.annotation.RequestMappingHandlerAdapter.handleInternal(RequestMappingHandlerAdapter.java:896)
	at org.springframework.web.servlet.mvc.method.AbstractHandlerMethodAdapter.handle(AbstractHandlerMethodAdapter.java:87)
	at org.springframework.web.servlet.DispatcherServlet.doDispatch(DispatcherServlet.java:1089)
	at org.springframework.web.servlet.DispatcherServlet.doService(DispatcherServlet.java:979)
	at org.springframework.web.servlet.FrameworkServlet.processRequest(FrameworkServlet.java:1014)
	at org.springframework.web.servlet.FrameworkServlet.doPost(FrameworkServlet.java:914)
	at jakarta.servlet.http.HttpServlet.service(HttpServlet.java:590)
	at org.springframework.web.servlet.FrameworkServlet.service(FrameworkServlet.java:885)
	at jakarta.servlet.http.HttpServlet.service(HttpServlet.java:658)
	at org.apache.catalina.core.ApplicationFilterChain.internalDoFilter(ApplicationFilterChain.java:195)
	at org.apache.catalina.core.ApplicationFilterChain.doFilter(ApplicationFilterChain.java:140)
	at org.apache.tomcat.websocket.server.WsFilter.doFilter(WsFilter.java:51)
	at org.apache.catalina.core.ApplicationFilterChain.internalDoFilter(ApplicationFilterChain.java:164)
	at org.apache.catalina.core.ApplicationFilterChain.doFilter(ApplicationFilterChain.java:140)
	at org.springframework.web.filter.RequestContextFilter.doFilterInternal(RequestContextFilter.java:100)
	at org.springframework.web.filter.OncePerRequestFilter.doFilter(OncePerRequestFilter.java:116)
	at org.apache.catalina.core.ApplicationFilterChain.internalDoFilter(ApplicationFilterChain.java:164)
	at org.apache.catalina.core.ApplicationFilterChain.doFilter(ApplicationFilterChain.java:140)
	at org.springframework.web.filter.FormContentFilter.doFilterInternal(FormContentFilter.java:93)
	at org.springframework.web.filter.OncePerRequestFilter.doFilter(OncePerRequestFilter.java:116)
	at org.apache.catalina.core.ApplicationFilterChain.internalDoFilter(ApplicationFilterChain.java:164)
	at org.apache.catalina.core.ApplicationFilterChain.doFilter(ApplicationFilterChain.java:140)
	at org.springframework.web.filter.CharacterEncodingFilter.doFilterInternal(CharacterEncodingFilter.java:201)
	at org.springframework.web.filter.OncePerRequestFilter.doFilter(OncePerRequestFilter.java:116)
	at org.apache.catalina.core.ApplicationFilterChain.internalDoFilter(ApplicationFilterChain.java:164)
	at org.apache.catalina.core.ApplicationFilterChain.doFilter(ApplicationFilterChain.java:140)
	at org.apache.catalina.core.StandardWrapperValve.invoke(StandardWrapperValve.java:167)
	at org.apache.catalina.core.StandardContextValve.invoke(StandardContextValve.java:90)
	at org.apache.catalina.authenticator.AuthenticatorBase.invoke(AuthenticatorBase.java:483)
	at org.apache.catalina.core.StandardHostValve.invoke(StandardHostValve.java:116)
	at org.apache.catalina.valves.ErrorReportValve.invoke(ErrorReportValve.java:93)
	at org.apache.catalina.core.StandardEngineValve.invoke(StandardEngineValve.java:74)
	at org.apache.catalina.connector.CoyoteAdapter.service(CoyoteAdapter.java:344)
	at org.apache.coyote.http11.Http11Processor.service(Http11Processor.java:398)
	at org.apache.coyote.AbstractProcessorLight.process(AbstractProcessorLight.java:63)
	at org.apache.coyote.AbstractProtocol$ConnectionHandler.process(AbstractProtocol.java:903)
	at org.apache.tomcat.util.net.NioEndpoint$SocketProcessor.doRun(NioEndpoint.java:1776)
	at org.apache.tomcat.util.net.SocketProcessorBase.run(SocketProcessorBase.java:52)
	at org.apache.tomcat.util.threads.ThreadPoolExecutor.runWorker(ThreadPoolExecutor.java:975)
	at org.apache.tomcat.util.threads.ThreadPoolExecutor$Worker.run(ThreadPoolExecutor.java:493)
	at org.apache.tomcat.util.threads.TaskThread$WrappingRunnable.run(TaskThread.java:63)
	at java.base/java.lang.Thread.run(Thread.java:840)
[2025-10-22 16:36:18.371] [INFO ] [File Watcher] o.s.b.d.a.LocalDevToolsAutoConfiguration$RestartingClassPathChangeChangedEventListener - Restarting due to 1 class path change (0 additions, 0 deletions, 1 modification)
[2025-10-22 16:36:18.393] [INFO ] [Thread-7] o.s.b.w.e.tomcat.GracefulShutdown - Commencing graceful shutdown. Waiting for active requests to complete
[2025-10-22 16:36:18.395] [INFO ] [tomcat-shutdown] o.a.coyote.http11.Http11NioProtocol - Pausing ProtocolHandler ["http-nio-8881"]
[2025-10-22 16:36:18.435] [INFO ] [tomcat-shutdown] o.s.b.w.e.tomcat.GracefulShutdown - Graceful shutdown complete
[2025-10-22 16:36:18.435] [INFO ] [Thread-7] o.a.coyote.http11.Http11NioProtocol - Stopping ProtocolHandler ["http-nio-8881"]
[2025-10-22 16:36:18.450] [INFO ] [Thread-7] com.zaxxer.hikari.HikariDataSource - HikariPool-1 - Shutdown initiated...
[2025-10-22 16:36:18.552] [INFO ] [Thread-7] com.zaxxer.hikari.HikariDataSource - HikariPool-1 - Shutdown completed.
[2025-10-22 16:36:18.645] [INFO ] [restartedMain] com.sqld_board.sqld.SqldApplication - Starting SqldApplication using Java 17.0.11 with PID 88503 (/Users/minboklee/Downloads/sqld/build/classes/java/main started by minboklee in /Users/minboklee/Downloads/sqld)
[2025-10-22 16:36:18.645] [INFO ] [restartedMain] com.sqld_board.sqld.SqldApplication - No active profile set, falling back to 1 default profile: "default"
[2025-10-22 16:36:18.842] [INFO ] [restartedMain] o.s.b.w.e.tomcat.TomcatWebServer - Tomcat initialized with port 8881 (http)
[2025-10-22 16:36:18.843] [INFO ] [restartedMain] o.a.coyote.http11.Http11NioProtocol - Initializing ProtocolHandler ["http-nio-8881"]
[2025-10-22 16:36:18.843] [INFO ] [restartedMain] o.a.catalina.core.StandardService - Starting service [Tomcat]
[2025-10-22 16:36:18.843] [INFO ] [restartedMain] o.a.catalina.core.StandardEngine - Starting Servlet engine: [Apache Tomcat/10.1.46]
[2025-10-22 16:36:18.848] [INFO ] [restartedMain] o.a.c.c.C.[Tomcat].[localhost].[/] - Initializing Spring embedded WebApplicationContext
[2025-10-22 16:36:18.848] [INFO ] [restartedMain] o.s.b.w.s.c.ServletWebServerApplicationContext - Root WebApplicationContext: initialization completed in 201 ms
[2025-10-22 16:36:18.956] [INFO ] [restartedMain] com.zaxxer.hikari.HikariDataSource - HikariPool-2 - Starting...
[2025-10-22 16:36:19.113] [INFO ] [restartedMain] com.zaxxer.hikari.pool.HikariPool - HikariPool-2 - Added connection net.sf.log4jdbc.sql.jdbcapi.ConnectionSpy@2c039689
[2025-10-22 16:36:19.113] [INFO ] [restartedMain] com.zaxxer.hikari.HikariDataSource - HikariPool-2 - Start completed.
[2025-10-22 16:36:19.113] [INFO ] [restartedMain] o.s.b.a.h.H2ConsoleAutoConfiguration - H2 console available at '/h2-console'. Database available at 'jdbc:oracle:thin:@175.197.69.42:1521:orcl'
[2025-10-22 16:36:19.121] [INFO ] [restartedMain] o.s.b.d.a.OptionalLiveReloadServer - LiveReload server is running on port 35729
[2025-10-22 16:36:19.131] [INFO ] [restartedMain] o.a.coyote.http11.Http11NioProtocol - Starting ProtocolHandler ["http-nio-8881"]
[2025-10-22 16:36:19.132] [INFO ] [restartedMain] o.s.b.w.e.tomcat.TomcatWebServer - Tomcat started on port 8881 (http) with context path '/'
[2025-10-22 16:36:19.135] [INFO ] [restartedMain] com.sqld_board.sqld.SqldApplication - Started SqldApplication in 0.522 seconds (process running for 148.049)
[2025-10-22 16:36:19.136] [INFO ] [restartedMain] o.s.b.d.a.ConditionEvaluationDeltaLoggingListener - Condition evaluation unchanged
[2025-10-22 16:38:19.452] [INFO ] [SpringApplicationShutdownHook] o.s.b.w.e.tomcat.GracefulShutdown - Commencing graceful shutdown. Waiting for active requests to complete
[2025-10-22 16:38:19.456] [INFO ] [tomcat-shutdown] o.s.b.w.e.tomcat.GracefulShutdown - Graceful shutdown complete
[2025-10-22 16:38:19.459] [INFO ] [SpringApplicationShutdownHook] com.zaxxer.hikari.HikariDataSource - HikariPool-2 - Shutdown initiated...
[2025-10-22 16:38:19.560] [INFO ] [SpringApplicationShutdownHook] com.zaxxer.hikari.HikariDataSource - HikariPool-2 - Shutdown completed.
[2025-10-22 16:38:21.804] [INFO ] [background-preinit] o.h.validator.internal.util.Version - HV000001: Hibernate Validator 8.0.3.Final
[2025-10-22 16:38:21.825] [INFO ] [restartedMain] com.sqld_board.sqld.SqldApplication - Starting SqldApplication using Java 17.0.11 with PID 88669 (/Users/minboklee/Downloads/sqld/build/classes/java/main started by minboklee in /Users/minboklee/Downloads/sqld)
[2025-10-22 16:38:21.826] [INFO ] [restartedMain] com.sqld_board.sqld.SqldApplication - No active profile set, falling back to 1 default profile: "default"
[2025-10-22 16:38:21.843] [INFO ] [restartedMain] o.s.b.d.restart.ChangeableUrls - The Class-Path manifest attribute in /Users/minboklee/.gradle/caches/modules-2/files-2.1/com.oracle.database.jdbc/ojdbc11/23.7.0.25.01/665f52abef9122ce003b5cfc1d9d44f7302e2cfe/ojdbc11-23.7.0.25.01.jar referenced one or more files that do not exist: file:/Users/minboklee/.gradle/caches/modules-2/files-2.1/com.oracle.database.jdbc/ojdbc11/23.7.0.25.01/665f52abef9122ce003b5cfc1d9d44f7302e2cfe/oraclepki.jar
[2025-10-22 16:38:21.843] [INFO ] [restartedMain] o.s.b.d.e.DevToolsPropertyDefaultsPostProcessor - Devtools property defaults active! Set 'spring.devtools.add-properties' to 'false' to disable
[2025-10-22 16:38:21.843] [INFO ] [restartedMain] o.s.b.d.e.DevToolsPropertyDefaultsPostProcessor - For additional web related logging consider setting the 'logging.level.web' property to 'DEBUG'
[2025-10-22 16:38:22.396] [INFO ] [restartedMain] o.s.b.w.e.tomcat.TomcatWebServer - Tomcat initialized with port 8881 (http)
[2025-10-22 16:38:22.402] [INFO ] [restartedMain] o.a.coyote.http11.Http11NioProtocol - Initializing ProtocolHandler ["http-nio-8881"]
[2025-10-22 16:38:22.403] [INFO ] [restartedMain] o.a.catalina.core.StandardService - Starting service [Tomcat]
[2025-10-22 16:38:22.403] [INFO ] [restartedMain] o.a.catalina.core.StandardEngine - Starting Servlet engine: [Apache Tomcat/10.1.46]
[2025-10-22 16:38:22.422] [INFO ] [restartedMain] o.a.c.c.C.[Tomcat].[localhost].[/] - Initializing Spring embedded WebApplicationContext
[2025-10-22 16:38:22.422] [INFO ] [restartedMain] o.s.b.w.s.c.ServletWebServerApplicationContext - Root WebApplicationContext: initialization completed in 579 ms
[2025-10-22 16:38:22.756] [INFO ] [restartedMain] com.zaxxer.hikari.HikariDataSource - HikariPool-1 - Starting...
[2025-10-22 16:38:23.036] [INFO ] [restartedMain] com.zaxxer.hikari.pool.HikariPool - HikariPool-1 - Added connection net.sf.log4jdbc.sql.jdbcapi.ConnectionSpy@7d9abac2
[2025-10-22 16:38:23.037] [INFO ] [restartedMain] com.zaxxer.hikari.HikariDataSource - HikariPool-1 - Start completed.
[2025-10-22 16:38:23.041] [INFO ] [restartedMain] o.s.b.a.h.H2ConsoleAutoConfiguration - H2 console available at '/h2-console'. Database available at 'jdbc:oracle:thin:@175.197.69.42:1521:orcl'
[2025-10-22 16:38:23.067] [INFO ] [restartedMain] o.s.b.d.a.OptionalLiveReloadServer - LiveReload server is running on port 35729
[2025-10-22 16:38:23.077] [INFO ] [restartedMain] o.a.coyote.http11.Http11NioProtocol - Starting ProtocolHandler ["http-nio-8881"]
[2025-10-22 16:38:23.085] [INFO ] [restartedMain] o.s.b.w.e.tomcat.TomcatWebServer - Tomcat started on port 8881 (http) with context path '/'
[2025-10-22 16:38:23.091] [INFO ] [restartedMain] com.sqld_board.sqld.SqldApplication - Started SqldApplication in 1.503 seconds (process running for 1.873)
[2025-10-22 16:38:39.455] [INFO ] [http-nio-8881-exec-1] o.a.c.c.C.[Tomcat].[localhost].[/] - Initializing Spring DispatcherServlet 'dispatcherServlet'
[2025-10-22 16:38:39.456] [INFO ] [http-nio-8881-exec-1] o.s.web.servlet.DispatcherServlet - Initializing Servlet 'dispatcherServlet'
[2025-10-22 16:38:39.458] [INFO ] [http-nio-8881-exec-1] o.s.web.servlet.DispatcherServlet - Completed initialization in 2 ms
[2025-10-22 16:38:39.710] [INFO ] [http-nio-8881-exec-1] jdbc.sqlonly - SELECT 1
         FROM DUAL
        WHERE EXISTS(SELECT 1
                       FROM MEMBER_INFO
                      WHERE USER_ID = 'string'
                       )

[2025-10-22 16:38:39.756] [INFO ] [http-nio-8881-exec-1] jdbc.resultsettable - 
|--|
|1 |
|--|
|--|

[2025-10-22 16:38:39.761] [INFO ] [http-nio-8881-exec-1] c.s.sqld.exception.ExceptionAdvice - MemberNotFoundException
com.sqld_board.sqld.exception.common.MemberNotFoundException: null
	at java.base/java.util.Optional.orElseThrow(Optional.java:403)
	at com.sqld_board.sqld.service.sign.SignService.readMemberByUsersId(SignService.java:74)
	at com.sqld_board.sqld.service.sign.SignService.signIn(SignService.java:33)
	at com.sqld_board.sqld.controller.sign.SignController.readMemberByUsersId(SignController.java:28)
	at java.base/jdk.internal.reflect.NativeMethodAccessorImpl.invoke0(Native Method)
	at java.base/jdk.internal.reflect.NativeMethodAccessorImpl.invoke(NativeMethodAccessorImpl.java:77)
	at java.base/jdk.internal.reflect.DelegatingMethodAccessorImpl.invoke(DelegatingMethodAccessorImpl.java:43)
	at java.base/java.lang.reflect.Method.invoke(Method.java:568)
	at org.springframework.web.method.support.InvocableHandlerMethod.doInvoke(InvocableHandlerMethod.java:258)
	at org.springframework.web.method.support.InvocableHandlerMethod.invokeForRequest(InvocableHandlerMethod.java:191)
	at org.springframework.web.servlet.mvc.method.annotation.ServletInvocableHandlerMethod.invokeAndHandle(ServletInvocableHandlerMethod.java:118)
	at org.springframework.web.servlet.mvc.method.annotation.RequestMappingHandlerAdapter.invokeHandlerMethod(RequestMappingHandlerAdapter.java:991)
	at org.springframework.web.servlet.mvc.method.annotation.RequestMappingHandlerAdapter.handleInternal(RequestMappingHandlerAdapter.java:896)
	at org.springframework.web.servlet.mvc.method.AbstractHandlerMethodAdapter.handle(AbstractHandlerMethodAdapter.java:87)
	at org.springframework.web.servlet.DispatcherServlet.doDispatch(DispatcherServlet.java:1089)
	at org.springframework.web.servlet.DispatcherServlet.doService(DispatcherServlet.java:979)
	at org.springframework.web.servlet.FrameworkServlet.processRequest(FrameworkServlet.java:1014)
	at org.springframework.web.servlet.FrameworkServlet.doPost(FrameworkServlet.java:914)
	at jakarta.servlet.http.HttpServlet.service(HttpServlet.java:590)
	at org.springframework.web.servlet.FrameworkServlet.service(FrameworkServlet.java:885)
	at jakarta.servlet.http.HttpServlet.service(HttpServlet.java:658)
	at org.apache.catalina.core.ApplicationFilterChain.internalDoFilter(ApplicationFilterChain.java:195)
	at org.apache.catalina.core.ApplicationFilterChain.doFilter(ApplicationFilterChain.java:140)
	at org.apache.tomcat.websocket.server.WsFilter.doFilter(WsFilter.java:51)
	at org.apache.catalina.core.ApplicationFilterChain.internalDoFilter(ApplicationFilterChain.java:164)
	at org.apache.catalina.core.ApplicationFilterChain.doFilter(ApplicationFilterChain.java:140)
	at org.springframework.web.filter.RequestContextFilter.doFilterInternal(RequestContextFilter.java:100)
	at org.springframework.web.filter.OncePerRequestFilter.doFilter(OncePerRequestFilter.java:116)
	at org.apache.catalina.core.ApplicationFilterChain.internalDoFilter(ApplicationFilterChain.java:164)
	at org.apache.catalina.core.ApplicationFilterChain.doFilter(ApplicationFilterChain.java:140)
	at org.springframework.web.filter.FormContentFilter.doFilterInternal(FormContentFilter.java:93)
	at org.springframework.web.filter.OncePerRequestFilter.doFilter(OncePerRequestFilter.java:116)
	at org.apache.catalina.core.ApplicationFilterChain.internalDoFilter(ApplicationFilterChain.java:164)
	at org.apache.catalina.core.ApplicationFilterChain.doFilter(ApplicationFilterChain.java:140)
	at org.springframework.web.filter.CharacterEncodingFilter.doFilterInternal(CharacterEncodingFilter.java:201)
	at org.springframework.web.filter.OncePerRequestFilter.doFilter(OncePerRequestFilter.java:116)
	at org.apache.catalina.core.ApplicationFilterChain.internalDoFilter(ApplicationFilterChain.java:164)
	at org.apache.catalina.core.ApplicationFilterChain.doFilter(ApplicationFilterChain.java:140)
	at org.apache.catalina.core.StandardWrapperValve.invoke(StandardWrapperValve.java:167)
	at org.apache.catalina.core.StandardContextValve.invoke(StandardContextValve.java:90)
	at org.apache.catalina.authenticator.AuthenticatorBase.invoke(AuthenticatorBase.java:483)
	at org.apache.catalina.core.StandardHostValve.invoke(StandardHostValve.java:116)
	at org.apache.catalina.valves.ErrorReportValve.invoke(ErrorReportValve.java:93)
	at org.apache.catalina.core.StandardEngineValve.invoke(StandardEngineValve.java:74)
	at org.apache.catalina.connector.CoyoteAdapter.service(CoyoteAdapter.java:344)
	at org.apache.coyote.http11.Http11Processor.service(Http11Processor.java:398)
	at org.apache.coyote.AbstractProcessorLight.process(AbstractProcessorLight.java:63)
	at org.apache.coyote.AbstractProtocol$ConnectionHandler.process(AbstractProtocol.java:903)
	at org.apache.tomcat.util.net.NioEndpoint$SocketProcessor.doRun(NioEndpoint.java:1776)
	at org.apache.tomcat.util.net.SocketProcessorBase.run(SocketProcessorBase.java:52)
	at org.apache.tomcat.util.threads.ThreadPoolExecutor.runWorker(ThreadPoolExecutor.java:975)
	at org.apache.tomcat.util.threads.ThreadPoolExecutor$Worker.run(ThreadPoolExecutor.java:493)
	at org.apache.tomcat.util.threads.TaskThread$WrappingRunnable.run(TaskThread.java:63)
	at java.base/java.lang.Thread.run(Thread.java:840)
[2025-10-22 16:38:39.762] [WARN ] [http-nio-8881-exec-1] o.s.w.s.m.m.a.ExceptionHandlerExceptionResolver - Failure in @ExceptionHandler com.sqld_board.sqld.exception.ExceptionAdvice#MemberNotFoundException(Exception)
org.springframework.context.NoSuchMessageException: No message found under code 'memberNotFoundException.code' for locale 'ko_KR'.
	at org.springframework.context.support.DelegatingMessageSource.getMessage(DelegatingMessageSource.java:77)
	at com.sqld_board.sqld.handler.ResponseHandler.getCode(ResponseHandler.java:26)
	at com.sqld_board.sqld.handler.ResponseHandler.getFailureResponse(ResponseHandler.java:17)
	at com.sqld_board.sqld.exception.ExceptionAdvice.MemberNotFoundException(ExceptionAdvice.java:43)
	at java.base/jdk.internal.reflect.NativeMethodAccessorImpl.invoke0(Native Method)
	at java.base/jdk.internal.reflect.NativeMethodAccessorImpl.invoke(NativeMethodAccessorImpl.java:77)
	at java.base/jdk.internal.reflect.DelegatingMethodAccessorImpl.invoke(DelegatingMethodAccessorImpl.java:43)
	at java.base/java.lang.reflect.Method.invoke(Method.java:568)
	at org.springframework.web.method.support.InvocableHandlerMethod.doInvoke(InvocableHandlerMethod.java:258)
	at org.springframework.web.method.support.InvocableHandlerMethod.invokeForRequest(InvocableHandlerMethod.java:191)
	at org.springframework.web.servlet.mvc.method.annotation.ServletInvocableHandlerMethod.invokeAndHandle(ServletInvocableHandlerMethod.java:118)
	at org.springframework.web.servlet.mvc.method.annotation.ExceptionHandlerExceptionResolver.doResolveHandlerMethodException(ExceptionHandlerExceptionResolver.java:471)
	at org.springframework.web.servlet.handler.AbstractHandlerMethodExceptionResolver.doResolveException(AbstractHandlerMethodExceptionResolver.java:73)
	at org.springframework.web.servlet.handler.AbstractHandlerExceptionResolver.resolveException(AbstractHandlerExceptionResolver.java:182)
	at org.springframework.web.servlet.handler.HandlerExceptionResolverComposite.resolveException(HandlerExceptionResolverComposite.java:80)
	at org.springframework.web.servlet.DispatcherServlet.processHandlerException(DispatcherServlet.java:1360)
	at org.springframework.web.servlet.DispatcherServlet.processDispatchResult(DispatcherServlet.java:1161)
	at org.springframework.web.servlet.DispatcherServlet.doDispatch(DispatcherServlet.java:1106)
	at org.springframework.web.servlet.DispatcherServlet.doService(DispatcherServlet.java:979)
	at org.springframework.web.servlet.FrameworkServlet.processRequest(FrameworkServlet.java:1014)
	at org.springframework.web.servlet.FrameworkServlet.doPost(FrameworkServlet.java:914)
	at jakarta.servlet.http.HttpServlet.service(HttpServlet.java:590)
	at org.springframework.web.servlet.FrameworkServlet.service(FrameworkServlet.java:885)
	at jakarta.servlet.http.HttpServlet.service(HttpServlet.java:658)
	at org.apache.catalina.core.ApplicationFilterChain.internalDoFilter(ApplicationFilterChain.java:195)
	at org.apache.catalina.core.ApplicationFilterChain.doFilter(ApplicationFilterChain.java:140)
	at org.apache.tomcat.websocket.server.WsFilter.doFilter(WsFilter.java:51)
	at org.apache.catalina.core.ApplicationFilterChain.internalDoFilter(ApplicationFilterChain.java:164)
	at org.apache.catalina.core.ApplicationFilterChain.doFilter(ApplicationFilterChain.java:140)
	at org.springframework.web.filter.RequestContextFilter.doFilterInternal(RequestContextFilter.java:100)
	at org.springframework.web.filter.OncePerRequestFilter.doFilter(OncePerRequestFilter.java:116)
	at org.apache.catalina.core.ApplicationFilterChain.internalDoFilter(ApplicationFilterChain.java:164)
	at org.apache.catalina.core.ApplicationFilterChain.doFilter(ApplicationFilterChain.java:140)
	at org.springframework.web.filter.FormContentFilter.doFilterInternal(FormContentFilter.java:93)
	at org.springframework.web.filter.OncePerRequestFilter.doFilter(OncePerRequestFilter.java:116)
	at org.apache.catalina.core.ApplicationFilterChain.internalDoFilter(ApplicationFilterChain.java:164)
	at org.apache.catalina.core.ApplicationFilterChain.doFilter(ApplicationFilterChain.java:140)
	at org.springframework.web.filter.CharacterEncodingFilter.doFilterInternal(CharacterEncodingFilter.java:201)
	at org.springframework.web.filter.OncePerRequestFilter.doFilter(OncePerRequestFilter.java:116)
	at org.apache.catalina.core.ApplicationFilterChain.internalDoFilter(ApplicationFilterChain.java:164)
	at org.apache.catalina.core.ApplicationFilterChain.doFilter(ApplicationFilterChain.java:140)
	at org.apache.catalina.core.StandardWrapperValve.invoke(StandardWrapperValve.java:167)
	at org.apache.catalina.core.StandardContextValve.invoke(StandardContextValve.java:90)
	at org.apache.catalina.authenticator.AuthenticatorBase.invoke(AuthenticatorBase.java:483)
	at org.apache.catalina.core.StandardHostValve.invoke(StandardHostValve.java:116)
	at org.apache.catalina.valves.ErrorReportValve.invoke(ErrorReportValve.java:93)
	at org.apache.catalina.core.StandardEngineValve.invoke(StandardEngineValve.java:74)
	at org.apache.catalina.connector.CoyoteAdapter.service(CoyoteAdapter.java:344)
	at org.apache.coyote.http11.Http11Processor.service(Http11Processor.java:398)
	at org.apache.coyote.AbstractProcessorLight.process(AbstractProcessorLight.java:63)
	at org.apache.coyote.AbstractProtocol$ConnectionHandler.process(AbstractProtocol.java:903)
	at org.apache.tomcat.util.net.NioEndpoint$SocketProcessor.doRun(NioEndpoint.java:1776)
	at org.apache.tomcat.util.net.SocketProcessorBase.run(SocketProcessorBase.java:52)
	at org.apache.tomcat.util.threads.ThreadPoolExecutor.runWorker(ThreadPoolExecutor.java:975)
	at org.apache.tomcat.util.threads.ThreadPoolExecutor$Worker.run(ThreadPoolExecutor.java:493)
	at org.apache.tomcat.util.threads.TaskThread$WrappingRunnable.run(TaskThread.java:63)
	at java.base/java.lang.Thread.run(Thread.java:840)
[2025-10-22 16:38:39.763] [ERROR] [http-nio-8881-exec-1] o.a.c.c.C.[.[.[.[dispatcherServlet] - Servlet.service() for servlet [dispatcherServlet] in context with path [] threw exception [Request processing failed: com.sqld_board.sqld.exception.common.MemberNotFoundException] with root cause
com.sqld_board.sqld.exception.common.MemberNotFoundException: null
	at java.base/java.util.Optional.orElseThrow(Optional.java:403)
	at com.sqld_board.sqld.service.sign.SignService.readMemberByUsersId(SignService.java:74)
	at com.sqld_board.sqld.service.sign.SignService.signIn(SignService.java:33)
	at com.sqld_board.sqld.controller.sign.SignController.readMemberByUsersId(SignController.java:28)
	at java.base/jdk.internal.reflect.NativeMethodAccessorImpl.invoke0(Native Method)
	at java.base/jdk.internal.reflect.NativeMethodAccessorImpl.invoke(NativeMethodAccessorImpl.java:77)
	at java.base/jdk.internal.reflect.DelegatingMethodAccessorImpl.invoke(DelegatingMethodAccessorImpl.java:43)
	at java.base/java.lang.reflect.Method.invoke(Method.java:568)
	at org.springframework.web.method.support.InvocableHandlerMethod.doInvoke(InvocableHandlerMethod.java:258)
	at org.springframework.web.method.support.InvocableHandlerMethod.invokeForRequest(InvocableHandlerMethod.java:191)
	at org.springframework.web.servlet.mvc.method.annotation.ServletInvocableHandlerMethod.invokeAndHandle(ServletInvocableHandlerMethod.java:118)
	at org.springframework.web.servlet.mvc.method.annotation.RequestMappingHandlerAdapter.invokeHandlerMethod(RequestMappingHandlerAdapter.java:991)
	at org.springframework.web.servlet.mvc.method.annotation.RequestMappingHandlerAdapter.handleInternal(RequestMappingHandlerAdapter.java:896)
	at org.springframework.web.servlet.mvc.method.AbstractHandlerMethodAdapter.handle(AbstractHandlerMethodAdapter.java:87)
	at org.springframework.web.servlet.DispatcherServlet.doDispatch(DispatcherServlet.java:1089)
	at org.springframework.web.servlet.DispatcherServlet.doService(DispatcherServlet.java:979)
	at org.springframework.web.servlet.FrameworkServlet.processRequest(FrameworkServlet.java:1014)
	at org.springframework.web.servlet.FrameworkServlet.doPost(FrameworkServlet.java:914)
	at jakarta.servlet.http.HttpServlet.service(HttpServlet.java:590)
	at org.springframework.web.servlet.FrameworkServlet.service(FrameworkServlet.java:885)
	at jakarta.servlet.http.HttpServlet.service(HttpServlet.java:658)
	at org.apache.catalina.core.ApplicationFilterChain.internalDoFilter(ApplicationFilterChain.java:195)
	at org.apache.catalina.core.ApplicationFilterChain.doFilter(ApplicationFilterChain.java:140)
	at org.apache.tomcat.websocket.server.WsFilter.doFilter(WsFilter.java:51)
	at org.apache.catalina.core.ApplicationFilterChain.internalDoFilter(ApplicationFilterChain.java:164)
	at org.apache.catalina.core.ApplicationFilterChain.doFilter(ApplicationFilterChain.java:140)
	at org.springframework.web.filter.RequestContextFilter.doFilterInternal(RequestContextFilter.java:100)
	at org.springframework.web.filter.OncePerRequestFilter.doFilter(OncePerRequestFilter.java:116)
	at org.apache.catalina.core.ApplicationFilterChain.internalDoFilter(ApplicationFilterChain.java:164)
	at org.apache.catalina.core.ApplicationFilterChain.doFilter(ApplicationFilterChain.java:140)
	at org.springframework.web.filter.FormContentFilter.doFilterInternal(FormContentFilter.java:93)
	at org.springframework.web.filter.OncePerRequestFilter.doFilter(OncePerRequestFilter.java:116)
	at org.apache.catalina.core.ApplicationFilterChain.internalDoFilter(ApplicationFilterChain.java:164)
	at org.apache.catalina.core.ApplicationFilterChain.doFilter(ApplicationFilterChain.java:140)
	at org.springframework.web.filter.CharacterEncodingFilter.doFilterInternal(CharacterEncodingFilter.java:201)
	at org.springframework.web.filter.OncePerRequestFilter.doFilter(OncePerRequestFilter.java:116)
	at org.apache.catalina.core.ApplicationFilterChain.internalDoFilter(ApplicationFilterChain.java:164)
	at org.apache.catalina.core.ApplicationFilterChain.doFilter(ApplicationFilterChain.java:140)
	at org.apache.catalina.core.StandardWrapperValve.invoke(StandardWrapperValve.java:167)
	at org.apache.catalina.core.StandardContextValve.invoke(StandardContextValve.java:90)
	at org.apache.catalina.authenticator.AuthenticatorBase.invoke(AuthenticatorBase.java:483)
	at org.apache.catalina.core.StandardHostValve.invoke(StandardHostValve.java:116)
	at org.apache.catalina.valves.ErrorReportValve.invoke(ErrorReportValve.java:93)
	at org.apache.catalina.core.StandardEngineValve.invoke(StandardEngineValve.java:74)
	at org.apache.catalina.connector.CoyoteAdapter.service(CoyoteAdapter.java:344)
	at org.apache.coyote.http11.Http11Processor.service(Http11Processor.java:398)
	at org.apache.coyote.AbstractProcessorLight.process(AbstractProcessorLight.java:63)
	at org.apache.coyote.AbstractProtocol$ConnectionHandler.process(AbstractProtocol.java:903)
	at org.apache.tomcat.util.net.NioEndpoint$SocketProcessor.doRun(NioEndpoint.java:1776)
	at org.apache.tomcat.util.net.SocketProcessorBase.run(SocketProcessorBase.java:52)
	at org.apache.tomcat.util.threads.ThreadPoolExecutor.runWorker(ThreadPoolExecutor.java:975)
	at org.apache.tomcat.util.threads.ThreadPoolExecutor$Worker.run(ThreadPoolExecutor.java:493)
	at org.apache.tomcat.util.threads.TaskThread$WrappingRunnable.run(TaskThread.java:63)
	at java.base/java.lang.Thread.run(Thread.java:840)
[2025-10-22 16:41:06.562] [INFO ] [File Watcher] o.s.b.d.a.LocalDevToolsAutoConfiguration$RestartingClassPathChangeChangedEventListener - Restarting due to 7 class path changes (0 additions, 0 deletions, 7 modifications)
[2025-10-22 16:41:06.572] [INFO ] [Thread-7] o.s.b.w.e.tomcat.GracefulShutdown - Commencing graceful shutdown. Waiting for active requests to complete
[2025-10-22 16:41:06.574] [INFO ] [tomcat-shutdown] o.a.coyote.http11.Http11NioProtocol - Pausing ProtocolHandler ["http-nio-8881"]
[2025-10-22 16:41:06.582] [INFO ] [tomcat-shutdown] o.s.b.w.e.tomcat.GracefulShutdown - Graceful shutdown complete
[2025-10-22 16:41:06.582] [INFO ] [Thread-7] o.a.coyote.http11.Http11NioProtocol - Stopping ProtocolHandler ["http-nio-8881"]
[2025-10-22 16:41:06.588] [INFO ] [Thread-7] com.zaxxer.hikari.HikariDataSource - HikariPool-1 - Shutdown initiated...
[2025-10-22 16:41:06.674] [INFO ] [Thread-7] com.zaxxer.hikari.HikariDataSource - HikariPool-1 - Shutdown completed.
[2025-10-22 16:41:06.734] [INFO ] [restartedMain] com.sqld_board.sqld.SqldApplication - Starting SqldApplication using Java 17.0.11 with PID 88669 (/Users/minboklee/Downloads/sqld/build/classes/java/main started by minboklee in /Users/minboklee/Downloads/sqld)
[2025-10-22 16:41:06.734] [INFO ] [restartedMain] com.sqld_board.sqld.SqldApplication - No active profile set, falling back to 1 default profile: "default"
[2025-10-22 16:41:06.906] [INFO ] [restartedMain] o.s.b.w.e.tomcat.TomcatWebServer - Tomcat initialized with port 8881 (http)
[2025-10-22 16:41:06.907] [INFO ] [restartedMain] o.a.coyote.http11.Http11NioProtocol - Initializing ProtocolHandler ["http-nio-8881"]
[2025-10-22 16:41:06.907] [INFO ] [restartedMain] o.a.catalina.core.StandardService - Starting service [Tomcat]
[2025-10-22 16:41:06.907] [INFO ] [restartedMain] o.a.catalina.core.StandardEngine - Starting Servlet engine: [Apache Tomcat/10.1.46]
[2025-10-22 16:41:06.911] [INFO ] [restartedMain] o.a.c.c.C.[Tomcat].[localhost].[/] - Initializing Spring embedded WebApplicationContext
[2025-10-22 16:41:06.912] [INFO ] [restartedMain] o.s.b.w.s.c.ServletWebServerApplicationContext - Root WebApplicationContext: initialization completed in 177 ms
[2025-10-22 16:41:07.000] [INFO ] [restartedMain] com.zaxxer.hikari.HikariDataSource - HikariPool-2 - Starting...
[2025-10-22 16:41:07.125] [INFO ] [restartedMain] com.zaxxer.hikari.pool.HikariPool - HikariPool-2 - Added connection net.sf.log4jdbc.sql.jdbcapi.ConnectionSpy@1de9bbb7
[2025-10-22 16:41:07.125] [INFO ] [restartedMain] com.zaxxer.hikari.HikariDataSource - HikariPool-2 - Start completed.
[2025-10-22 16:41:07.126] [INFO ] [restartedMain] o.s.b.a.h.H2ConsoleAutoConfiguration - H2 console available at '/h2-console'. Database available at 'jdbc:oracle:thin:@175.197.69.42:1521:orcl'
[2025-10-22 16:41:07.134] [INFO ] [restartedMain] o.s.b.d.a.OptionalLiveReloadServer - LiveReload server is running on port 35729
[2025-10-22 16:41:07.143] [INFO ] [restartedMain] o.a.coyote.http11.Http11NioProtocol - Starting ProtocolHandler ["http-nio-8881"]
[2025-10-22 16:41:07.144] [INFO ] [restartedMain] o.s.b.w.e.tomcat.TomcatWebServer - Tomcat started on port 8881 (http) with context path '/'
[2025-10-22 16:41:07.147] [INFO ] [restartedMain] com.sqld_board.sqld.SqldApplication - Started SqldApplication in 0.432 seconds (process running for 165.933)
[2025-10-22 16:41:07.148] [INFO ] [restartedMain] o.s.b.d.a.ConditionEvaluationDeltaLoggingListener - Condition evaluation unchanged
[2025-10-22 16:46:35.293] [INFO ] [SpringApplicationShutdownHook] o.s.b.w.e.tomcat.GracefulShutdown - Commencing graceful shutdown. Waiting for active requests to complete
[2025-10-22 16:46:35.306] [INFO ] [tomcat-shutdown] o.s.b.w.e.tomcat.GracefulShutdown - Graceful shutdown complete
[2025-10-22 16:46:35.313] [INFO ] [SpringApplicationShutdownHook] com.zaxxer.hikari.HikariDataSource - HikariPool-2 - Shutdown initiated...
[2025-10-22 16:46:35.409] [INFO ] [SpringApplicationShutdownHook] com.zaxxer.hikari.HikariDataSource - HikariPool-2 - Shutdown completed.
[2025-10-22 16:46:37.630] [INFO ] [background-preinit] o.h.validator.internal.util.Version - HV000001: Hibernate Validator 8.0.3.Final
[2025-10-22 16:46:37.652] [INFO ] [restartedMain] com.sqld_board.sqld.SqldApplication - Starting SqldApplication using Java 17.0.11 with PID 88838 (/Users/minboklee/Downloads/sqld/build/classes/java/main started by minboklee in /Users/minboklee/Downloads/sqld)
[2025-10-22 16:46:37.653] [INFO ] [restartedMain] com.sqld_board.sqld.SqldApplication - No active profile set, falling back to 1 default profile: "default"
[2025-10-22 16:46:37.670] [INFO ] [restartedMain] o.s.b.d.restart.ChangeableUrls - The Class-Path manifest attribute in /Users/minboklee/.gradle/caches/modules-2/files-2.1/com.oracle.database.jdbc/ojdbc11/23.7.0.25.01/665f52abef9122ce003b5cfc1d9d44f7302e2cfe/ojdbc11-23.7.0.25.01.jar referenced one or more files that do not exist: file:/Users/minboklee/.gradle/caches/modules-2/files-2.1/com.oracle.database.jdbc/ojdbc11/23.7.0.25.01/665f52abef9122ce003b5cfc1d9d44f7302e2cfe/oraclepki.jar
[2025-10-22 16:46:37.670] [INFO ] [restartedMain] o.s.b.d.e.DevToolsPropertyDefaultsPostProcessor - Devtools property defaults active! Set 'spring.devtools.add-properties' to 'false' to disable
[2025-10-22 16:46:37.670] [INFO ] [restartedMain] o.s.b.d.e.DevToolsPropertyDefaultsPostProcessor - For additional web related logging consider setting the 'logging.level.web' property to 'DEBUG'
[2025-10-22 16:46:38.223] [INFO ] [restartedMain] o.s.b.w.e.tomcat.TomcatWebServer - Tomcat initialized with port 8881 (http)
[2025-10-22 16:46:38.230] [INFO ] [restartedMain] o.a.coyote.http11.Http11NioProtocol - Initializing ProtocolHandler ["http-nio-8881"]
[2025-10-22 16:46:38.231] [INFO ] [restartedMain] o.a.catalina.core.StandardService - Starting service [Tomcat]
[2025-10-22 16:46:38.231] [INFO ] [restartedMain] o.a.catalina.core.StandardEngine - Starting Servlet engine: [Apache Tomcat/10.1.46]
[2025-10-22 16:46:38.254] [INFO ] [restartedMain] o.a.c.c.C.[Tomcat].[localhost].[/] - Initializing Spring embedded WebApplicationContext
[2025-10-22 16:46:38.255] [INFO ] [restartedMain] o.s.b.w.s.c.ServletWebServerApplicationContext - Root WebApplicationContext: initialization completed in 585 ms
[2025-10-22 16:46:38.587] [INFO ] [restartedMain] com.zaxxer.hikari.HikariDataSource - HikariPool-1 - Starting...
[2025-10-22 16:46:38.867] [INFO ] [restartedMain] com.zaxxer.hikari.pool.HikariPool - HikariPool-1 - Added connection net.sf.log4jdbc.sql.jdbcapi.ConnectionSpy@532476de
[2025-10-22 16:46:38.867] [INFO ] [restartedMain] com.zaxxer.hikari.HikariDataSource - HikariPool-1 - Start completed.
[2025-10-22 16:46:38.872] [INFO ] [restartedMain] o.s.b.a.h.H2ConsoleAutoConfiguration - H2 console available at '/h2-console'. Database available at 'jdbc:oracle:thin:@175.197.69.42:1521:orcl'
[2025-10-22 16:46:38.900] [INFO ] [restartedMain] o.s.b.d.a.OptionalLiveReloadServer - LiveReload server is running on port 35729
[2025-10-22 16:46:38.910] [INFO ] [restartedMain] o.a.coyote.http11.Http11NioProtocol - Starting ProtocolHandler ["http-nio-8881"]
[2025-10-22 16:46:38.918] [INFO ] [restartedMain] o.s.b.w.e.tomcat.TomcatWebServer - Tomcat started on port 8881 (http) with context path '/'
[2025-10-22 16:46:38.924] [INFO ] [restartedMain] com.sqld_board.sqld.SqldApplication - Started SqldApplication in 1.507 seconds (process running for 1.86)
[2025-10-22 16:46:49.004] [INFO ] [http-nio-8881-exec-1] o.a.c.c.C.[Tomcat].[localhost].[/] - Initializing Spring DispatcherServlet 'dispatcherServlet'
[2025-10-22 16:46:49.005] [INFO ] [http-nio-8881-exec-1] o.s.web.servlet.DispatcherServlet - Initializing Servlet 'dispatcherServlet'
[2025-10-22 16:46:49.006] [INFO ] [http-nio-8881-exec-1] o.s.web.servlet.DispatcherServlet - Completed initialization in 1 ms
[2025-10-22 16:46:49.435] [INFO ] [http-nio-8881-exec-4] o.s.api.AbstractOpenApiResource - Init duration for springdoc-openapi is: 145 ms
[2025-10-22 16:46:54.165] [INFO ] [http-nio-8881-exec-6] jdbc.sqlonly - SELECT USER_ID
         FROM MEMBER_INFO
        WHERE EXISTS(SELECT 1
                       FROM MEMBER_INFO
                      WHERE USER_ID = 'string'
                       )

[2025-10-22 16:46:54.229] [INFO ] [http-nio-8881-exec-6] jdbc.resultsettable - 
|--------|
|user_id |
|--------|
|--------|

[2025-10-22 16:46:54.233] [INFO ] [http-nio-8881-exec-6] c.s.sqld.exception.ExceptionAdvice - MemberNotFoundException
com.sqld_board.sqld.exception.common.MemberNotFoundException: null
	at java.base/java.util.Optional.orElseThrow(Optional.java:403)
	at com.sqld_board.sqld.service.sign.SignService.readMemberByUsersId(SignService.java:74)
	at com.sqld_board.sqld.service.sign.SignService.signIn(SignService.java:33)
	at com.sqld_board.sqld.controller.sign.SignController.readMemberByUsersId(SignController.java:28)
	at java.base/jdk.internal.reflect.NativeMethodAccessorImpl.invoke0(Native Method)
	at java.base/jdk.internal.reflect.NativeMethodAccessorImpl.invoke(NativeMethodAccessorImpl.java:77)
	at java.base/jdk.internal.reflect.DelegatingMethodAccessorImpl.invoke(DelegatingMethodAccessorImpl.java:43)
	at java.base/java.lang.reflect.Method.invoke(Method.java:568)
	at org.springframework.web.method.support.InvocableHandlerMethod.doInvoke(InvocableHandlerMethod.java:258)
	at org.springframework.web.method.support.InvocableHandlerMethod.invokeForRequest(InvocableHandlerMethod.java:191)
	at org.springframework.web.servlet.mvc.method.annotation.ServletInvocableHandlerMethod.invokeAndHandle(ServletInvocableHandlerMethod.java:118)
	at org.springframework.web.servlet.mvc.method.annotation.RequestMappingHandlerAdapter.invokeHandlerMethod(RequestMappingHandlerAdapter.java:991)
	at org.springframework.web.servlet.mvc.method.annotation.RequestMappingHandlerAdapter.handleInternal(RequestMappingHandlerAdapter.java:896)
	at org.springframework.web.servlet.mvc.method.AbstractHandlerMethodAdapter.handle(AbstractHandlerMethodAdapter.java:87)
	at org.springframework.web.servlet.DispatcherServlet.doDispatch(DispatcherServlet.java:1089)
	at org.springframework.web.servlet.DispatcherServlet.doService(DispatcherServlet.java:979)
	at org.springframework.web.servlet.FrameworkServlet.processRequest(FrameworkServlet.java:1014)
	at org.springframework.web.servlet.FrameworkServlet.doPost(FrameworkServlet.java:914)
	at jakarta.servlet.http.HttpServlet.service(HttpServlet.java:590)
	at org.springframework.web.servlet.FrameworkServlet.service(FrameworkServlet.java:885)
	at jakarta.servlet.http.HttpServlet.service(HttpServlet.java:658)
	at org.apache.catalina.core.ApplicationFilterChain.internalDoFilter(ApplicationFilterChain.java:195)
	at org.apache.catalina.core.ApplicationFilterChain.doFilter(ApplicationFilterChain.java:140)
	at org.apache.tomcat.websocket.server.WsFilter.doFilter(WsFilter.java:51)
	at org.apache.catalina.core.ApplicationFilterChain.internalDoFilter(ApplicationFilterChain.java:164)
	at org.apache.catalina.core.ApplicationFilterChain.doFilter(ApplicationFilterChain.java:140)
	at org.springframework.web.filter.RequestContextFilter.doFilterInternal(RequestContextFilter.java:100)
	at org.springframework.web.filter.OncePerRequestFilter.doFilter(OncePerRequestFilter.java:116)
	at org.apache.catalina.core.ApplicationFilterChain.internalDoFilter(ApplicationFilterChain.java:164)
	at org.apache.catalina.core.ApplicationFilterChain.doFilter(ApplicationFilterChain.java:140)
	at org.springframework.web.filter.FormContentFilter.doFilterInternal(FormContentFilter.java:93)
	at org.springframework.web.filter.OncePerRequestFilter.doFilter(OncePerRequestFilter.java:116)
	at org.apache.catalina.core.ApplicationFilterChain.internalDoFilter(ApplicationFilterChain.java:164)
	at org.apache.catalina.core.ApplicationFilterChain.doFilter(ApplicationFilterChain.java:140)
	at org.springframework.web.filter.CharacterEncodingFilter.doFilterInternal(CharacterEncodingFilter.java:201)
	at org.springframework.web.filter.OncePerRequestFilter.doFilter(OncePerRequestFilter.java:116)
	at org.apache.catalina.core.ApplicationFilterChain.internalDoFilter(ApplicationFilterChain.java:164)
	at org.apache.catalina.core.ApplicationFilterChain.doFilter(ApplicationFilterChain.java:140)
	at org.apache.catalina.core.StandardWrapperValve.invoke(StandardWrapperValve.java:167)
	at org.apache.catalina.core.StandardContextValve.invoke(StandardContextValve.java:90)
	at org.apache.catalina.authenticator.AuthenticatorBase.invoke(AuthenticatorBase.java:483)
	at org.apache.catalina.core.StandardHostValve.invoke(StandardHostValve.java:116)
	at org.apache.catalina.valves.ErrorReportValve.invoke(ErrorReportValve.java:93)
	at org.apache.catalina.core.StandardEngineValve.invoke(StandardEngineValve.java:74)
	at org.apache.catalina.connector.CoyoteAdapter.service(CoyoteAdapter.java:344)
	at org.apache.coyote.http11.Http11Processor.service(Http11Processor.java:398)
	at org.apache.coyote.AbstractProcessorLight.process(AbstractProcessorLight.java:63)
	at org.apache.coyote.AbstractProtocol$ConnectionHandler.process(AbstractProtocol.java:903)
	at org.apache.tomcat.util.net.NioEndpoint$SocketProcessor.doRun(NioEndpoint.java:1776)
	at org.apache.tomcat.util.net.SocketProcessorBase.run(SocketProcessorBase.java:52)
	at org.apache.tomcat.util.threads.ThreadPoolExecutor.runWorker(ThreadPoolExecutor.java:975)
	at org.apache.tomcat.util.threads.ThreadPoolExecutor$Worker.run(ThreadPoolExecutor.java:493)
	at org.apache.tomcat.util.threads.TaskThread$WrappingRunnable.run(TaskThread.java:63)
	at java.base/java.lang.Thread.run(Thread.java:840)
[2025-10-22 16:46:54.234] [WARN ] [http-nio-8881-exec-6] o.s.w.s.m.m.a.ExceptionHandlerExceptionResolver - Failure in @ExceptionHandler com.sqld_board.sqld.exception.ExceptionAdvice#MemberNotFoundException(Exception)
org.springframework.context.NoSuchMessageException: No message found under code 'memberNotFoundException.code' for locale 'ko_KR'.
	at org.springframework.context.support.DelegatingMessageSource.getMessage(DelegatingMessageSource.java:77)
	at com.sqld_board.sqld.handler.ResponseHandler.getCode(ResponseHandler.java:26)
	at com.sqld_board.sqld.handler.ResponseHandler.getFailureResponse(ResponseHandler.java:17)
	at com.sqld_board.sqld.exception.ExceptionAdvice.MemberNotFoundException(ExceptionAdvice.java:43)
	at java.base/jdk.internal.reflect.NativeMethodAccessorImpl.invoke0(Native Method)
	at java.base/jdk.internal.reflect.NativeMethodAccessorImpl.invoke(NativeMethodAccessorImpl.java:77)
	at java.base/jdk.internal.reflect.DelegatingMethodAccessorImpl.invoke(DelegatingMethodAccessorImpl.java:43)
	at java.base/java.lang.reflect.Method.invoke(Method.java:568)
	at org.springframework.web.method.support.InvocableHandlerMethod.doInvoke(InvocableHandlerMethod.java:258)
	at org.springframework.web.method.support.InvocableHandlerMethod.invokeForRequest(InvocableHandlerMethod.java:191)
	at org.springframework.web.servlet.mvc.method.annotation.ServletInvocableHandlerMethod.invokeAndHandle(ServletInvocableHandlerMethod.java:118)
	at org.springframework.web.servlet.mvc.method.annotation.ExceptionHandlerExceptionResolver.doResolveHandlerMethodException(ExceptionHandlerExceptionResolver.java:471)
	at org.springframework.web.servlet.handler.AbstractHandlerMethodExceptionResolver.doResolveException(AbstractHandlerMethodExceptionResolver.java:73)
	at org.springframework.web.servlet.handler.AbstractHandlerExceptionResolver.resolveException(AbstractHandlerExceptionResolver.java:182)
	at org.springframework.web.servlet.handler.HandlerExceptionResolverComposite.resolveException(HandlerExceptionResolverComposite.java:80)
	at org.springframework.web.servlet.DispatcherServlet.processHandlerException(DispatcherServlet.java:1360)
	at org.springframework.web.servlet.DispatcherServlet.processDispatchResult(DispatcherServlet.java:1161)
	at org.springframework.web.servlet.DispatcherServlet.doDispatch(DispatcherServlet.java:1106)
	at org.springframework.web.servlet.DispatcherServlet.doService(DispatcherServlet.java:979)
	at org.springframework.web.servlet.FrameworkServlet.processRequest(FrameworkServlet.java:1014)
	at org.springframework.web.servlet.FrameworkServlet.doPost(FrameworkServlet.java:914)
	at jakarta.servlet.http.HttpServlet.service(HttpServlet.java:590)
	at org.springframework.web.servlet.FrameworkServlet.service(FrameworkServlet.java:885)
	at jakarta.servlet.http.HttpServlet.service(HttpServlet.java:658)
	at org.apache.catalina.core.ApplicationFilterChain.internalDoFilter(ApplicationFilterChain.java:195)
	at org.apache.catalina.core.ApplicationFilterChain.doFilter(ApplicationFilterChain.java:140)
	at org.apache.tomcat.websocket.server.WsFilter.doFilter(WsFilter.java:51)
	at org.apache.catalina.core.ApplicationFilterChain.internalDoFilter(ApplicationFilterChain.java:164)
	at org.apache.catalina.core.ApplicationFilterChain.doFilter(ApplicationFilterChain.java:140)
	at org.springframework.web.filter.RequestContextFilter.doFilterInternal(RequestContextFilter.java:100)
	at org.springframework.web.filter.OncePerRequestFilter.doFilter(OncePerRequestFilter.java:116)
	at org.apache.catalina.core.ApplicationFilterChain.internalDoFilter(ApplicationFilterChain.java:164)
	at org.apache.catalina.core.ApplicationFilterChain.doFilter(ApplicationFilterChain.java:140)
	at org.springframework.web.filter.FormContentFilter.doFilterInternal(FormContentFilter.java:93)
	at org.springframework.web.filter.OncePerRequestFilter.doFilter(OncePerRequestFilter.java:116)
	at org.apache.catalina.core.ApplicationFilterChain.internalDoFilter(ApplicationFilterChain.java:164)
	at org.apache.catalina.core.ApplicationFilterChain.doFilter(ApplicationFilterChain.java:140)
	at org.springframework.web.filter.CharacterEncodingFilter.doFilterInternal(CharacterEncodingFilter.java:201)
	at org.springframework.web.filter.OncePerRequestFilter.doFilter(OncePerRequestFilter.java:116)
	at org.apache.catalina.core.ApplicationFilterChain.internalDoFilter(ApplicationFilterChain.java:164)
	at org.apache.catalina.core.ApplicationFilterChain.doFilter(ApplicationFilterChain.java:140)
	at org.apache.catalina.core.StandardWrapperValve.invoke(StandardWrapperValve.java:167)
	at org.apache.catalina.core.StandardContextValve.invoke(StandardContextValve.java:90)
	at org.apache.catalina.authenticator.AuthenticatorBase.invoke(AuthenticatorBase.java:483)
	at org.apache.catalina.core.StandardHostValve.invoke(StandardHostValve.java:116)
	at org.apache.catalina.valves.ErrorReportValve.invoke(ErrorReportValve.java:93)
	at org.apache.catalina.core.StandardEngineValve.invoke(StandardEngineValve.java:74)
	at org.apache.catalina.connector.CoyoteAdapter.service(CoyoteAdapter.java:344)
	at org.apache.coyote.http11.Http11Processor.service(Http11Processor.java:398)
	at org.apache.coyote.AbstractProcessorLight.process(AbstractProcessorLight.java:63)
	at org.apache.coyote.AbstractProtocol$ConnectionHandler.process(AbstractProtocol.java:903)
	at org.apache.tomcat.util.net.NioEndpoint$SocketProcessor.doRun(NioEndpoint.java:1776)
	at org.apache.tomcat.util.net.SocketProcessorBase.run(SocketProcessorBase.java:52)
	at org.apache.tomcat.util.threads.ThreadPoolExecutor.runWorker(ThreadPoolExecutor.java:975)
	at org.apache.tomcat.util.threads.ThreadPoolExecutor$Worker.run(ThreadPoolExecutor.java:493)
	at org.apache.tomcat.util.threads.TaskThread$WrappingRunnable.run(TaskThread.java:63)
	at java.base/java.lang.Thread.run(Thread.java:840)
[2025-10-22 16:46:54.234] [ERROR] [http-nio-8881-exec-6] o.a.c.c.C.[.[.[.[dispatcherServlet] - Servlet.service() for servlet [dispatcherServlet] in context with path [] threw exception [Request processing failed: com.sqld_board.sqld.exception.common.MemberNotFoundException] with root cause
com.sqld_board.sqld.exception.common.MemberNotFoundException: null
	at java.base/java.util.Optional.orElseThrow(Optional.java:403)
	at com.sqld_board.sqld.service.sign.SignService.readMemberByUsersId(SignService.java:74)
	at com.sqld_board.sqld.service.sign.SignService.signIn(SignService.java:33)
	at com.sqld_board.sqld.controller.sign.SignController.readMemberByUsersId(SignController.java:28)
	at java.base/jdk.internal.reflect.NativeMethodAccessorImpl.invoke0(Native Method)
	at java.base/jdk.internal.reflect.NativeMethodAccessorImpl.invoke(NativeMethodAccessorImpl.java:77)
	at java.base/jdk.internal.reflect.DelegatingMethodAccessorImpl.invoke(DelegatingMethodAccessorImpl.java:43)
	at java.base/java.lang.reflect.Method.invoke(Method.java:568)
	at org.springframework.web.method.support.InvocableHandlerMethod.doInvoke(InvocableHandlerMethod.java:258)
	at org.springframework.web.method.support.InvocableHandlerMethod.invokeForRequest(InvocableHandlerMethod.java:191)
	at org.springframework.web.servlet.mvc.method.annotation.ServletInvocableHandlerMethod.invokeAndHandle(ServletInvocableHandlerMethod.java:118)
	at org.springframework.web.servlet.mvc.method.annotation.RequestMappingHandlerAdapter.invokeHandlerMethod(RequestMappingHandlerAdapter.java:991)
	at org.springframework.web.servlet.mvc.method.annotation.RequestMappingHandlerAdapter.handleInternal(RequestMappingHandlerAdapter.java:896)
	at org.springframework.web.servlet.mvc.method.AbstractHandlerMethodAdapter.handle(AbstractHandlerMethodAdapter.java:87)
	at org.springframework.web.servlet.DispatcherServlet.doDispatch(DispatcherServlet.java:1089)
	at org.springframework.web.servlet.DispatcherServlet.doService(DispatcherServlet.java:979)
	at org.springframework.web.servlet.FrameworkServlet.processRequest(FrameworkServlet.java:1014)
	at org.springframework.web.servlet.FrameworkServlet.doPost(FrameworkServlet.java:914)
	at jakarta.servlet.http.HttpServlet.service(HttpServlet.java:590)
	at org.springframework.web.servlet.FrameworkServlet.service(FrameworkServlet.java:885)
	at jakarta.servlet.http.HttpServlet.service(HttpServlet.java:658)
	at org.apache.catalina.core.ApplicationFilterChain.internalDoFilter(ApplicationFilterChain.java:195)
	at org.apache.catalina.core.ApplicationFilterChain.doFilter(ApplicationFilterChain.java:140)
	at org.apache.tomcat.websocket.server.WsFilter.doFilter(WsFilter.java:51)
	at org.apache.catalina.core.ApplicationFilterChain.internalDoFilter(ApplicationFilterChain.java:164)
	at org.apache.catalina.core.ApplicationFilterChain.doFilter(ApplicationFilterChain.java:140)
	at org.springframework.web.filter.RequestContextFilter.doFilterInternal(RequestContextFilter.java:100)
	at org.springframework.web.filter.OncePerRequestFilter.doFilter(OncePerRequestFilter.java:116)
	at org.apache.catalina.core.ApplicationFilterChain.internalDoFilter(ApplicationFilterChain.java:164)
	at org.apache.catalina.core.ApplicationFilterChain.doFilter(ApplicationFilterChain.java:140)
	at org.springframework.web.filter.FormContentFilter.doFilterInternal(FormContentFilter.java:93)
	at org.springframework.web.filter.OncePerRequestFilter.doFilter(OncePerRequestFilter.java:116)
	at org.apache.catalina.core.ApplicationFilterChain.internalDoFilter(ApplicationFilterChain.java:164)
	at org.apache.catalina.core.ApplicationFilterChain.doFilter(ApplicationFilterChain.java:140)
	at org.springframework.web.filter.CharacterEncodingFilter.doFilterInternal(CharacterEncodingFilter.java:201)
	at org.springframework.web.filter.OncePerRequestFilter.doFilter(OncePerRequestFilter.java:116)
	at org.apache.catalina.core.ApplicationFilterChain.internalDoFilter(ApplicationFilterChain.java:164)
	at org.apache.catalina.core.ApplicationFilterChain.doFilter(ApplicationFilterChain.java:140)
	at org.apache.catalina.core.StandardWrapperValve.invoke(StandardWrapperValve.java:167)
	at org.apache.catalina.core.StandardContextValve.invoke(StandardContextValve.java:90)
	at org.apache.catalina.authenticator.AuthenticatorBase.invoke(AuthenticatorBase.java:483)
	at org.apache.catalina.core.StandardHostValve.invoke(StandardHostValve.java:116)
	at org.apache.catalina.valves.ErrorReportValve.invoke(ErrorReportValve.java:93)
	at org.apache.catalina.core.StandardEngineValve.invoke(StandardEngineValve.java:74)
	at org.apache.catalina.connector.CoyoteAdapter.service(CoyoteAdapter.java:344)
	at org.apache.coyote.http11.Http11Processor.service(Http11Processor.java:398)
	at org.apache.coyote.AbstractProcessorLight.process(AbstractProcessorLight.java:63)
	at org.apache.coyote.AbstractProtocol$ConnectionHandler.process(AbstractProtocol.java:903)
	at org.apache.tomcat.util.net.NioEndpoint$SocketProcessor.doRun(NioEndpoint.java:1776)
	at org.apache.tomcat.util.net.SocketProcessorBase.run(SocketProcessorBase.java:52)
	at org.apache.tomcat.util.threads.ThreadPoolExecutor.runWorker(ThreadPoolExecutor.java:975)
	at org.apache.tomcat.util.threads.ThreadPoolExecutor$Worker.run(ThreadPoolExecutor.java:493)
	at org.apache.tomcat.util.threads.TaskThread$WrappingRunnable.run(TaskThread.java:63)
	at java.base/java.lang.Thread.run(Thread.java:840)
[2025-10-22 16:53:37.955] [INFO ] [File Watcher] o.s.b.d.a.LocalDevToolsAutoConfiguration$RestartingClassPathChangeChangedEventListener - Restarting due to 7 class path changes (0 additions, 0 deletions, 7 modifications)
[2025-10-22 16:53:37.978] [INFO ] [Thread-7] o.s.b.w.e.tomcat.GracefulShutdown - Commencing graceful shutdown. Waiting for active requests to complete
[2025-10-22 16:53:37.980] [INFO ] [tomcat-shutdown] o.a.coyote.http11.Http11NioProtocol - Pausing ProtocolHandler ["http-nio-8881"]
[2025-10-22 16:53:38.005] [INFO ] [tomcat-shutdown] o.s.b.w.e.tomcat.GracefulShutdown - Graceful shutdown complete
[2025-10-22 16:53:38.005] [INFO ] [Thread-7] o.a.coyote.http11.Http11NioProtocol - Stopping ProtocolHandler ["http-nio-8881"]
[2025-10-22 16:53:38.018] [INFO ] [Thread-7] com.zaxxer.hikari.HikariDataSource - HikariPool-1 - Shutdown initiated...
[2025-10-22 16:53:38.115] [INFO ] [Thread-7] com.zaxxer.hikari.HikariDataSource - HikariPool-1 - Shutdown completed.
[2025-10-22 16:53:38.233] [INFO ] [restartedMain] com.sqld_board.sqld.SqldApplication - Starting SqldApplication using Java 17.0.11 with PID 88838 (/Users/minboklee/Downloads/sqld/build/classes/java/main started by minboklee in /Users/minboklee/Downloads/sqld)
[2025-10-22 16:53:38.233] [INFO ] [restartedMain] com.sqld_board.sqld.SqldApplication - No active profile set, falling back to 1 default profile: "default"
[2025-10-22 16:53:38.440] [INFO ] [restartedMain] o.s.b.w.e.tomcat.TomcatWebServer - Tomcat initialized with port 8881 (http)
[2025-10-22 16:53:38.440] [INFO ] [restartedMain] o.a.coyote.http11.Http11NioProtocol - Initializing ProtocolHandler ["http-nio-8881"]
[2025-10-22 16:53:38.440] [INFO ] [restartedMain] o.a.catalina.core.StandardService - Starting service [Tomcat]
[2025-10-22 16:53:38.441] [INFO ] [restartedMain] o.a.catalina.core.StandardEngine - Starting Servlet engine: [Apache Tomcat/10.1.46]
[2025-10-22 16:53:38.445] [INFO ] [restartedMain] o.a.c.c.C.[Tomcat].[localhost].[/] - Initializing Spring embedded WebApplicationContext
[2025-10-22 16:53:38.445] [INFO ] [restartedMain] o.s.b.w.s.c.ServletWebServerApplicationContext - Root WebApplicationContext: initialization completed in 211 ms
[2025-10-22 16:53:38.537] [INFO ] [restartedMain] com.zaxxer.hikari.HikariDataSource - HikariPool-2 - Starting...
[2025-10-22 16:53:38.723] [INFO ] [restartedMain] com.zaxxer.hikari.pool.HikariPool - HikariPool-2 - Added connection net.sf.log4jdbc.sql.jdbcapi.ConnectionSpy@23dfeb77
[2025-10-22 16:53:38.723] [INFO ] [restartedMain] com.zaxxer.hikari.HikariDataSource - HikariPool-2 - Start completed.
[2025-10-22 16:53:38.723] [INFO ] [restartedMain] o.s.b.a.h.H2ConsoleAutoConfiguration - H2 console available at '/h2-console'. Database available at 'jdbc:oracle:thin:@175.197.69.42:1521:orcl'
[2025-10-22 16:53:38.738] [INFO ] [restartedMain] o.s.b.d.a.OptionalLiveReloadServer - LiveReload server is running on port 35729
[2025-10-22 16:53:38.751] [INFO ] [restartedMain] o.a.coyote.http11.Http11NioProtocol - Starting ProtocolHandler ["http-nio-8881"]
[2025-10-22 16:53:38.752] [INFO ] [restartedMain] o.s.b.w.e.tomcat.TomcatWebServer - Tomcat started on port 8881 (http) with context path '/'
[2025-10-22 16:53:38.756] [INFO ] [restartedMain] com.sqld_board.sqld.SqldApplication - Started SqldApplication in 0.536 seconds (process running for 421.702)
[2025-10-22 16:53:38.757] [INFO ] [restartedMain] o.s.b.d.a.ConditionEvaluationDeltaLoggingListener - Condition evaluation unchanged
[2025-10-22 16:54:58.297] [INFO ] [File Watcher] o.s.b.d.a.LocalDevToolsAutoConfiguration$RestartingClassPathChangeChangedEventListener - Restarting due to 2 class path changes (0 additions, 0 deletions, 2 modifications)
[2025-10-22 16:54:58.403] [INFO ] [Thread-9] o.s.b.w.e.tomcat.GracefulShutdown - Commencing graceful shutdown. Waiting for active requests to complete
[2025-10-22 16:54:58.411] [INFO ] [tomcat-shutdown] o.a.coyote.http11.Http11NioProtocol - Pausing ProtocolHandler ["http-nio-8881"]
[2025-10-22 16:54:58.423] [INFO ] [tomcat-shutdown] o.s.b.w.e.tomcat.GracefulShutdown - Graceful shutdown complete
[2025-10-22 16:54:58.428] [INFO ] [Thread-9] o.a.coyote.http11.Http11NioProtocol - Stopping ProtocolHandler ["http-nio-8881"]
[2025-10-22 16:54:58.451] [INFO ] [Thread-9] com.zaxxer.hikari.HikariDataSource - HikariPool-2 - Shutdown initiated...
[2025-10-22 16:54:58.560] [INFO ] [Thread-9] com.zaxxer.hikari.HikariDataSource - HikariPool-2 - Shutdown completed.
[2025-10-22 16:54:58.724] [INFO ] [restartedMain] com.sqld_board.sqld.SqldApplication - Starting SqldApplication using Java 17.0.11 with PID 88838 (/Users/minboklee/Downloads/sqld/build/classes/java/main started by minboklee in /Users/minboklee/Downloads/sqld)
[2025-10-22 16:54:58.725] [INFO ] [restartedMain] com.sqld_board.sqld.SqldApplication - No active profile set, falling back to 1 default profile: "default"
[2025-10-22 16:54:58.978] [INFO ] [restartedMain] o.s.b.w.e.tomcat.TomcatWebServer - Tomcat initialized with port 8881 (http)
[2025-10-22 16:54:58.979] [INFO ] [restartedMain] o.a.coyote.http11.Http11NioProtocol - Initializing ProtocolHandler ["http-nio-8881"]
[2025-10-22 16:54:58.980] [INFO ] [restartedMain] o.a.catalina.core.StandardService - Starting service [Tomcat]
[2025-10-22 16:54:58.980] [INFO ] [restartedMain] o.a.catalina.core.StandardEngine - Starting Servlet engine: [Apache Tomcat/10.1.46]
[2025-10-22 16:54:58.987] [INFO ] [restartedMain] o.a.c.c.C.[Tomcat].[localhost].[/] - Initializing Spring embedded WebApplicationContext
[2025-10-22 16:54:58.987] [INFO ] [restartedMain] o.s.b.w.s.c.ServletWebServerApplicationContext - Root WebApplicationContext: initialization completed in 261 ms
[2025-10-22 16:54:59.106] [INFO ] [restartedMain] com.zaxxer.hikari.HikariDataSource - HikariPool-3 - Starting...
[2025-10-22 16:54:59.249] [INFO ] [restartedMain] com.zaxxer.hikari.pool.HikariPool - HikariPool-3 - Added connection net.sf.log4jdbc.sql.jdbcapi.ConnectionSpy@57e55e16
[2025-10-22 16:54:59.249] [INFO ] [restartedMain] com.zaxxer.hikari.HikariDataSource - HikariPool-3 - Start completed.
[2025-10-22 16:54:59.250] [INFO ] [restartedMain] o.s.b.a.h.H2ConsoleAutoConfiguration - H2 console available at '/h2-console'. Database available at 'jdbc:oracle:thin:@175.197.69.42:1521:orcl'
[2025-10-22 16:54:59.258] [INFO ] [restartedMain] o.s.b.d.a.OptionalLiveReloadServer - LiveReload server is running on port 35729
[2025-10-22 16:54:59.264] [INFO ] [restartedMain] o.a.coyote.http11.Http11NioProtocol - Starting ProtocolHandler ["http-nio-8881"]
[2025-10-22 16:54:59.265] [INFO ] [restartedMain] o.s.b.w.e.tomcat.TomcatWebServer - Tomcat started on port 8881 (http) with context path '/'
[2025-10-22 16:54:59.268] [INFO ] [restartedMain] com.sqld_board.sqld.SqldApplication - Started SqldApplication in 0.591 seconds (process running for 502.216)
[2025-10-22 16:54:59.270] [INFO ] [restartedMain] o.s.b.d.a.ConditionEvaluationDeltaLoggingListener - Condition evaluation unchanged
[2025-10-22 16:56:50.938] [INFO ] [SpringApplicationShutdownHook] o.s.b.w.e.tomcat.GracefulShutdown - Commencing graceful shutdown. Waiting for active requests to complete
[2025-10-22 16:56:50.941] [INFO ] [tomcat-shutdown] o.s.b.w.e.tomcat.GracefulShutdown - Graceful shutdown complete
[2025-10-22 16:56:50.944] [INFO ] [SpringApplicationShutdownHook] com.zaxxer.hikari.HikariDataSource - HikariPool-3 - Shutdown initiated...
[2025-10-22 16:56:51.039] [INFO ] [SpringApplicationShutdownHook] com.zaxxer.hikari.HikariDataSource - HikariPool-3 - Shutdown completed.
[2025-10-22 16:56:53.772] [INFO ] [background-preinit] o.h.validator.internal.util.Version - HV000001: Hibernate Validator 8.0.3.Final
[2025-10-22 16:56:53.809] [INFO ] [restartedMain] com.sqld_board.sqld.SqldApplication - Starting SqldApplication using Java 17.0.11 with PID 89025 (/Users/minboklee/Downloads/sqld/build/classes/java/main started by minboklee in /Users/minboklee/Downloads/sqld)
[2025-10-22 16:56:53.810] [INFO ] [restartedMain] com.sqld_board.sqld.SqldApplication - No active profile set, falling back to 1 default profile: "default"
[2025-10-22 16:56:53.836] [INFO ] [restartedMain] o.s.b.d.restart.ChangeableUrls - The Class-Path manifest attribute in /Users/minboklee/.gradle/caches/modules-2/files-2.1/com.oracle.database.jdbc/ojdbc11/23.7.0.25.01/665f52abef9122ce003b5cfc1d9d44f7302e2cfe/ojdbc11-23.7.0.25.01.jar referenced one or more files that do not exist: file:/Users/minboklee/.gradle/caches/modules-2/files-2.1/com.oracle.database.jdbc/ojdbc11/23.7.0.25.01/665f52abef9122ce003b5cfc1d9d44f7302e2cfe/oraclepki.jar
[2025-10-22 16:56:53.836] [INFO ] [restartedMain] o.s.b.d.e.DevToolsPropertyDefaultsPostProcessor - Devtools property defaults active! Set 'spring.devtools.add-properties' to 'false' to disable
[2025-10-22 16:56:53.836] [INFO ] [restartedMain] o.s.b.d.e.DevToolsPropertyDefaultsPostProcessor - For additional web related logging consider setting the 'logging.level.web' property to 'DEBUG'
[2025-10-22 16:56:54.509] [INFO ] [restartedMain] o.s.b.w.e.tomcat.TomcatWebServer - Tomcat initialized with port 8881 (http)
[2025-10-22 16:56:54.516] [INFO ] [restartedMain] o.a.coyote.http11.Http11NioProtocol - Initializing ProtocolHandler ["http-nio-8881"]
[2025-10-22 16:56:54.516] [INFO ] [restartedMain] o.a.catalina.core.StandardService - Starting service [Tomcat]
[2025-10-22 16:56:54.516] [INFO ] [restartedMain] o.a.catalina.core.StandardEngine - Starting Servlet engine: [Apache Tomcat/10.1.46]
[2025-10-22 16:56:54.536] [INFO ] [restartedMain] o.a.c.c.C.[Tomcat].[localhost].[/] - Initializing Spring embedded WebApplicationContext
[2025-10-22 16:56:54.536] [INFO ] [restartedMain] o.s.b.w.s.c.ServletWebServerApplicationContext - Root WebApplicationContext: initialization completed in 699 ms
[2025-10-22 16:56:54.882] [INFO ] [restartedMain] com.zaxxer.hikari.HikariDataSource - HikariPool-1 - Starting...
[2025-10-22 16:56:55.211] [INFO ] [restartedMain] com.zaxxer.hikari.pool.HikariPool - HikariPool-1 - Added connection net.sf.log4jdbc.sql.jdbcapi.ConnectionSpy@452ed9b3
[2025-10-22 16:56:55.212] [INFO ] [restartedMain] com.zaxxer.hikari.HikariDataSource - HikariPool-1 - Start completed.
[2025-10-22 16:56:55.216] [INFO ] [restartedMain] o.s.b.a.h.H2ConsoleAutoConfiguration - H2 console available at '/h2-console'. Database available at 'jdbc:oracle:thin:@175.197.69.42:1521:orcl'
[2025-10-22 16:56:55.247] [INFO ] [restartedMain] o.s.b.d.a.OptionalLiveReloadServer - LiveReload server is running on port 35729
[2025-10-22 16:56:55.259] [INFO ] [restartedMain] o.a.coyote.http11.Http11NioProtocol - Starting ProtocolHandler ["http-nio-8881"]
[2025-10-22 16:56:55.268] [INFO ] [restartedMain] o.s.b.w.e.tomcat.TomcatWebServer - Tomcat started on port 8881 (http) with context path '/'
[2025-10-22 16:56:55.275] [INFO ] [restartedMain] com.sqld_board.sqld.SqldApplication - Started SqldApplication in 1.904 seconds (process running for 2.58)
[2025-10-22 16:57:04.920] [INFO ] [http-nio-8881-exec-1] o.a.c.c.C.[Tomcat].[localhost].[/] - Initializing Spring DispatcherServlet 'dispatcherServlet'
[2025-10-22 16:57:04.921] [INFO ] [http-nio-8881-exec-1] o.s.web.servlet.DispatcherServlet - Initializing Servlet 'dispatcherServlet'
[2025-10-22 16:57:04.922] [INFO ] [http-nio-8881-exec-1] o.s.web.servlet.DispatcherServlet - Completed initialization in 1 ms
[2025-10-22 16:57:05.034] [INFO ] [http-nio-8881-exec-1] jdbc.sqlonly - SELECT USER_ID
         FROM MEMBER_INFO
        WHERE EXISTS(SELECT 1
                       FROM MEMBER_INFO
                      WHERE USER_ID = 'string'
                       )

[2025-10-22 16:57:05.091] [INFO ] [http-nio-8881-exec-1] jdbc.resultsettable - 
|--------|
|user_id |
|--------|
|--------|

[2025-10-22 16:57:05.094] [INFO ] [http-nio-8881-exec-1] c.s.sqld.exception.ExceptionAdvice - MemberNotFoundException
com.sqld_board.sqld.exception.common.MemberNotFoundException: null
	at java.base/java.util.Optional.orElseThrow(Optional.java:403)
	at com.sqld_board.sqld.service.sign.SignService.readMemberByUsersId(SignService.java:74)
	at com.sqld_board.sqld.service.sign.SignService.signIn(SignService.java:33)
	at com.sqld_board.sqld.controller.sign.SignController.readMemberByUsersId(SignController.java:28)
	at java.base/jdk.internal.reflect.NativeMethodAccessorImpl.invoke0(Native Method)
	at java.base/jdk.internal.reflect.NativeMethodAccessorImpl.invoke(NativeMethodAccessorImpl.java:77)
	at java.base/jdk.internal.reflect.DelegatingMethodAccessorImpl.invoke(DelegatingMethodAccessorImpl.java:43)
	at java.base/java.lang.reflect.Method.invoke(Method.java:568)
	at org.springframework.web.method.support.InvocableHandlerMethod.doInvoke(InvocableHandlerMethod.java:258)
	at org.springframework.web.method.support.InvocableHandlerMethod.invokeForRequest(InvocableHandlerMethod.java:191)
	at org.springframework.web.servlet.mvc.method.annotation.ServletInvocableHandlerMethod.invokeAndHandle(ServletInvocableHandlerMethod.java:118)
	at org.springframework.web.servlet.mvc.method.annotation.RequestMappingHandlerAdapter.invokeHandlerMethod(RequestMappingHandlerAdapter.java:991)
	at org.springframework.web.servlet.mvc.method.annotation.RequestMappingHandlerAdapter.handleInternal(RequestMappingHandlerAdapter.java:896)
	at org.springframework.web.servlet.mvc.method.AbstractHandlerMethodAdapter.handle(AbstractHandlerMethodAdapter.java:87)
	at org.springframework.web.servlet.DispatcherServlet.doDispatch(DispatcherServlet.java:1089)
	at org.springframework.web.servlet.DispatcherServlet.doService(DispatcherServlet.java:979)
	at org.springframework.web.servlet.FrameworkServlet.processRequest(FrameworkServlet.java:1014)
	at org.springframework.web.servlet.FrameworkServlet.doPost(FrameworkServlet.java:914)
	at jakarta.servlet.http.HttpServlet.service(HttpServlet.java:590)
	at org.springframework.web.servlet.FrameworkServlet.service(FrameworkServlet.java:885)
	at jakarta.servlet.http.HttpServlet.service(HttpServlet.java:658)
	at org.apache.catalina.core.ApplicationFilterChain.internalDoFilter(ApplicationFilterChain.java:195)
	at org.apache.catalina.core.ApplicationFilterChain.doFilter(ApplicationFilterChain.java:140)
	at org.apache.tomcat.websocket.server.WsFilter.doFilter(WsFilter.java:51)
	at org.apache.catalina.core.ApplicationFilterChain.internalDoFilter(ApplicationFilterChain.java:164)
	at org.apache.catalina.core.ApplicationFilterChain.doFilter(ApplicationFilterChain.java:140)
	at org.springframework.web.filter.RequestContextFilter.doFilterInternal(RequestContextFilter.java:100)
	at org.springframework.web.filter.OncePerRequestFilter.doFilter(OncePerRequestFilter.java:116)
	at org.apache.catalina.core.ApplicationFilterChain.internalDoFilter(ApplicationFilterChain.java:164)
	at org.apache.catalina.core.ApplicationFilterChain.doFilter(ApplicationFilterChain.java:140)
	at org.springframework.web.filter.FormContentFilter.doFilterInternal(FormContentFilter.java:93)
	at org.springframework.web.filter.OncePerRequestFilter.doFilter(OncePerRequestFilter.java:116)
	at org.apache.catalina.core.ApplicationFilterChain.internalDoFilter(ApplicationFilterChain.java:164)
	at org.apache.catalina.core.ApplicationFilterChain.doFilter(ApplicationFilterChain.java:140)
	at org.springframework.web.filter.CharacterEncodingFilter.doFilterInternal(CharacterEncodingFilter.java:201)
	at org.springframework.web.filter.OncePerRequestFilter.doFilter(OncePerRequestFilter.java:116)
	at org.apache.catalina.core.ApplicationFilterChain.internalDoFilter(ApplicationFilterChain.java:164)
	at org.apache.catalina.core.ApplicationFilterChain.doFilter(ApplicationFilterChain.java:140)
	at org.apache.catalina.core.StandardWrapperValve.invoke(StandardWrapperValve.java:167)
	at org.apache.catalina.core.StandardContextValve.invoke(StandardContextValve.java:90)
	at org.apache.catalina.authenticator.AuthenticatorBase.invoke(AuthenticatorBase.java:483)
	at org.apache.catalina.core.StandardHostValve.invoke(StandardHostValve.java:116)
	at org.apache.catalina.valves.ErrorReportValve.invoke(ErrorReportValve.java:93)
	at org.apache.catalina.core.StandardEngineValve.invoke(StandardEngineValve.java:74)
	at org.apache.catalina.connector.CoyoteAdapter.service(CoyoteAdapter.java:344)
	at org.apache.coyote.http11.Http11Processor.service(Http11Processor.java:398)
	at org.apache.coyote.AbstractProcessorLight.process(AbstractProcessorLight.java:63)
	at org.apache.coyote.AbstractProtocol$ConnectionHandler.process(AbstractProtocol.java:903)
	at org.apache.tomcat.util.net.NioEndpoint$SocketProcessor.doRun(NioEndpoint.java:1776)
	at org.apache.tomcat.util.net.SocketProcessorBase.run(SocketProcessorBase.java:52)
	at org.apache.tomcat.util.threads.ThreadPoolExecutor.runWorker(ThreadPoolExecutor.java:975)
	at org.apache.tomcat.util.threads.ThreadPoolExecutor$Worker.run(ThreadPoolExecutor.java:493)
	at org.apache.tomcat.util.threads.TaskThread$WrappingRunnable.run(TaskThread.java:63)
	at java.base/java.lang.Thread.run(Thread.java:840)
[2025-10-22 16:57:05.096] [WARN ] [http-nio-8881-exec-1] o.s.w.s.m.m.a.ExceptionHandlerExceptionResolver - Failure in @ExceptionHandler com.sqld_board.sqld.exception.ExceptionAdvice#MemberNotFoundException(Exception)
org.springframework.context.NoSuchMessageException: No message found under code 'memberNotFoundException.code' for locale 'ko_KR'.
	at org.springframework.context.support.DelegatingMessageSource.getMessage(DelegatingMessageSource.java:80)
	at com.sqld_board.sqld.handler.ResponseHandler.getCode(ResponseHandler.java:26)
	at com.sqld_board.sqld.handler.ResponseHandler.getFailureResponse(ResponseHandler.java:17)
	at com.sqld_board.sqld.exception.ExceptionAdvice.MemberNotFoundException(ExceptionAdvice.java:43)
	at java.base/jdk.internal.reflect.NativeMethodAccessorImpl.invoke0(Native Method)
	at java.base/jdk.internal.reflect.NativeMethodAccessorImpl.invoke(NativeMethodAccessorImpl.java:77)
	at java.base/jdk.internal.reflect.DelegatingMethodAccessorImpl.invoke(DelegatingMethodAccessorImpl.java:43)
	at java.base/java.lang.reflect.Method.invoke(Method.java:568)
	at org.springframework.web.method.support.InvocableHandlerMethod.doInvoke(InvocableHandlerMethod.java:258)
	at org.springframework.web.method.support.InvocableHandlerMethod.invokeForRequest(InvocableHandlerMethod.java:191)
	at org.springframework.web.servlet.mvc.method.annotation.ServletInvocableHandlerMethod.invokeAndHandle(ServletInvocableHandlerMethod.java:118)
	at org.springframework.web.servlet.mvc.method.annotation.ExceptionHandlerExceptionResolver.doResolveHandlerMethodException(ExceptionHandlerExceptionResolver.java:471)
	at org.springframework.web.servlet.handler.AbstractHandlerMethodExceptionResolver.doResolveException(AbstractHandlerMethodExceptionResolver.java:73)
	at org.springframework.web.servlet.handler.AbstractHandlerExceptionResolver.resolveException(AbstractHandlerExceptionResolver.java:182)
	at org.springframework.web.servlet.handler.HandlerExceptionResolverComposite.resolveException(HandlerExceptionResolverComposite.java:80)
	at org.springframework.web.servlet.DispatcherServlet.processHandlerException(DispatcherServlet.java:1360)
	at org.springframework.web.servlet.DispatcherServlet.processDispatchResult(DispatcherServlet.java:1161)
	at org.springframework.web.servlet.DispatcherServlet.doDispatch(DispatcherServlet.java:1106)
	at org.springframework.web.servlet.DispatcherServlet.doService(DispatcherServlet.java:979)
	at org.springframework.web.servlet.FrameworkServlet.processRequest(FrameworkServlet.java:1014)
	at org.springframework.web.servlet.FrameworkServlet.doPost(FrameworkServlet.java:914)
	at jakarta.servlet.http.HttpServlet.service(HttpServlet.java:590)
	at org.springframework.web.servlet.FrameworkServlet.service(FrameworkServlet.java:885)
	at jakarta.servlet.http.HttpServlet.service(HttpServlet.java:658)
	at org.apache.catalina.core.ApplicationFilterChain.internalDoFilter(ApplicationFilterChain.java:195)
	at org.apache.catalina.core.ApplicationFilterChain.doFilter(ApplicationFilterChain.java:140)
	at org.apache.tomcat.websocket.server.WsFilter.doFilter(WsFilter.java:51)
	at org.apache.catalina.core.ApplicationFilterChain.internalDoFilter(ApplicationFilterChain.java:164)
	at org.apache.catalina.core.ApplicationFilterChain.doFilter(ApplicationFilterChain.java:140)
	at org.springframework.web.filter.RequestContextFilter.doFilterInternal(RequestContextFilter.java:100)
	at org.springframework.web.filter.OncePerRequestFilter.doFilter(OncePerRequestFilter.java:116)
	at org.apache.catalina.core.ApplicationFilterChain.internalDoFilter(ApplicationFilterChain.java:164)
	at org.apache.catalina.core.ApplicationFilterChain.doFilter(ApplicationFilterChain.java:140)
	at org.springframework.web.filter.FormContentFilter.doFilterInternal(FormContentFilter.java:93)
	at org.springframework.web.filter.OncePerRequestFilter.doFilter(OncePerRequestFilter.java:116)
	at org.apache.catalina.core.ApplicationFilterChain.internalDoFilter(ApplicationFilterChain.java:164)
	at org.apache.catalina.core.ApplicationFilterChain.doFilter(ApplicationFilterChain.java:140)
	at org.springframework.web.filter.CharacterEncodingFilter.doFilterInternal(CharacterEncodingFilter.java:201)
	at org.springframework.web.filter.OncePerRequestFilter.doFilter(OncePerRequestFilter.java:116)
	at org.apache.catalina.core.ApplicationFilterChain.internalDoFilter(ApplicationFilterChain.java:164)
	at org.apache.catalina.core.ApplicationFilterChain.doFilter(ApplicationFilterChain.java:140)
	at org.apache.catalina.core.StandardWrapperValve.invoke(StandardWrapperValve.java:167)
	at org.apache.catalina.core.StandardContextValve.invoke(StandardContextValve.java:90)
	at org.apache.catalina.authenticator.AuthenticatorBase.invoke(AuthenticatorBase.java:483)
	at org.apache.catalina.core.StandardHostValve.invoke(StandardHostValve.java:116)
	at org.apache.catalina.valves.ErrorReportValve.invoke(ErrorReportValve.java:93)
	at org.apache.catalina.core.StandardEngineValve.invoke(StandardEngineValve.java:74)
	at org.apache.catalina.connector.CoyoteAdapter.service(CoyoteAdapter.java:344)
	at org.apache.coyote.http11.Http11Processor.service(Http11Processor.java:398)
	at org.apache.coyote.AbstractProcessorLight.process(AbstractProcessorLight.java:63)
	at org.apache.coyote.AbstractProtocol$ConnectionHandler.process(AbstractProtocol.java:903)
	at org.apache.tomcat.util.net.NioEndpoint$SocketProcessor.doRun(NioEndpoint.java:1776)
	at org.apache.tomcat.util.net.SocketProcessorBase.run(SocketProcessorBase.java:52)
	at org.apache.tomcat.util.threads.ThreadPoolExecutor.runWorker(ThreadPoolExecutor.java:975)
	at org.apache.tomcat.util.threads.ThreadPoolExecutor$Worker.run(ThreadPoolExecutor.java:493)
	at org.apache.tomcat.util.threads.TaskThread$WrappingRunnable.run(TaskThread.java:63)
	at java.base/java.lang.Thread.run(Thread.java:840)
[2025-10-22 16:57:05.096] [ERROR] [http-nio-8881-exec-1] o.a.c.c.C.[.[.[.[dispatcherServlet] - Servlet.service() for servlet [dispatcherServlet] in context with path [] threw exception [Request processing failed: com.sqld_board.sqld.exception.common.MemberNotFoundException] with root cause
com.sqld_board.sqld.exception.common.MemberNotFoundException: null
	at java.base/java.util.Optional.orElseThrow(Optional.java:403)
	at com.sqld_board.sqld.service.sign.SignService.readMemberByUsersId(SignService.java:74)
	at com.sqld_board.sqld.service.sign.SignService.signIn(SignService.java:33)
	at com.sqld_board.sqld.controller.sign.SignController.readMemberByUsersId(SignController.java:28)
	at java.base/jdk.internal.reflect.NativeMethodAccessorImpl.invoke0(Native Method)
	at java.base/jdk.internal.reflect.NativeMethodAccessorImpl.invoke(NativeMethodAccessorImpl.java:77)
	at java.base/jdk.internal.reflect.DelegatingMethodAccessorImpl.invoke(DelegatingMethodAccessorImpl.java:43)
	at java.base/java.lang.reflect.Method.invoke(Method.java:568)
	at org.springframework.web.method.support.InvocableHandlerMethod.doInvoke(InvocableHandlerMethod.java:258)
	at org.springframework.web.method.support.InvocableHandlerMethod.invokeForRequest(InvocableHandlerMethod.java:191)
	at org.springframework.web.servlet.mvc.method.annotation.ServletInvocableHandlerMethod.invokeAndHandle(ServletInvocableHandlerMethod.java:118)
	at org.springframework.web.servlet.mvc.method.annotation.RequestMappingHandlerAdapter.invokeHandlerMethod(RequestMappingHandlerAdapter.java:991)
	at org.springframework.web.servlet.mvc.method.annotation.RequestMappingHandlerAdapter.handleInternal(RequestMappingHandlerAdapter.java:896)
	at org.springframework.web.servlet.mvc.method.AbstractHandlerMethodAdapter.handle(AbstractHandlerMethodAdapter.java:87)
	at org.springframework.web.servlet.DispatcherServlet.doDispatch(DispatcherServlet.java:1089)
	at org.springframework.web.servlet.DispatcherServlet.doService(DispatcherServlet.java:979)
	at org.springframework.web.servlet.FrameworkServlet.processRequest(FrameworkServlet.java:1014)
	at org.springframework.web.servlet.FrameworkServlet.doPost(FrameworkServlet.java:914)
	at jakarta.servlet.http.HttpServlet.service(HttpServlet.java:590)
	at org.springframework.web.servlet.FrameworkServlet.service(FrameworkServlet.java:885)
	at jakarta.servlet.http.HttpServlet.service(HttpServlet.java:658)
	at org.apache.catalina.core.ApplicationFilterChain.internalDoFilter(ApplicationFilterChain.java:195)
	at org.apache.catalina.core.ApplicationFilterChain.doFilter(ApplicationFilterChain.java:140)
	at org.apache.tomcat.websocket.server.WsFilter.doFilter(WsFilter.java:51)
	at org.apache.catalina.core.ApplicationFilterChain.internalDoFilter(ApplicationFilterChain.java:164)
	at org.apache.catalina.core.ApplicationFilterChain.doFilter(ApplicationFilterChain.java:140)
	at org.springframework.web.filter.RequestContextFilter.doFilterInternal(RequestContextFilter.java:100)
	at org.springframework.web.filter.OncePerRequestFilter.doFilter(OncePerRequestFilter.java:116)
	at org.apache.catalina.core.ApplicationFilterChain.internalDoFilter(ApplicationFilterChain.java:164)
	at org.apache.catalina.core.ApplicationFilterChain.doFilter(ApplicationFilterChain.java:140)
	at org.springframework.web.filter.FormContentFilter.doFilterInternal(FormContentFilter.java:93)
	at org.springframework.web.filter.OncePerRequestFilter.doFilter(OncePerRequestFilter.java:116)
	at org.apache.catalina.core.ApplicationFilterChain.internalDoFilter(ApplicationFilterChain.java:164)
	at org.apache.catalina.core.ApplicationFilterChain.doFilter(ApplicationFilterChain.java:140)
	at org.springframework.web.filter.CharacterEncodingFilter.doFilterInternal(CharacterEncodingFilter.java:201)
	at org.springframework.web.filter.OncePerRequestFilter.doFilter(OncePerRequestFilter.java:116)
	at org.apache.catalina.core.ApplicationFilterChain.internalDoFilter(ApplicationFilterChain.java:164)
	at org.apache.catalina.core.ApplicationFilterChain.doFilter(ApplicationFilterChain.java:140)
	at org.apache.catalina.core.StandardWrapperValve.invoke(StandardWrapperValve.java:167)
	at org.apache.catalina.core.StandardContextValve.invoke(StandardContextValve.java:90)
	at org.apache.catalina.authenticator.AuthenticatorBase.invoke(AuthenticatorBase.java:483)
	at org.apache.catalina.core.StandardHostValve.invoke(StandardHostValve.java:116)
	at org.apache.catalina.valves.ErrorReportValve.invoke(ErrorReportValve.java:93)
	at org.apache.catalina.core.StandardEngineValve.invoke(StandardEngineValve.java:74)
	at org.apache.catalina.connector.CoyoteAdapter.service(CoyoteAdapter.java:344)
	at org.apache.coyote.http11.Http11Processor.service(Http11Processor.java:398)
	at org.apache.coyote.AbstractProcessorLight.process(AbstractProcessorLight.java:63)
	at org.apache.coyote.AbstractProtocol$ConnectionHandler.process(AbstractProtocol.java:903)
	at org.apache.tomcat.util.net.NioEndpoint$SocketProcessor.doRun(NioEndpoint.java:1776)
	at org.apache.tomcat.util.net.SocketProcessorBase.run(SocketProcessorBase.java:52)
	at org.apache.tomcat.util.threads.ThreadPoolExecutor.runWorker(ThreadPoolExecutor.java:975)
	at org.apache.tomcat.util.threads.ThreadPoolExecutor$Worker.run(ThreadPoolExecutor.java:493)
	at org.apache.tomcat.util.threads.TaskThread$WrappingRunnable.run(TaskThread.java:63)
	at java.base/java.lang.Thread.run(Thread.java:840)
[2025-10-22 16:57:28.659] [INFO ] [SpringApplicationShutdownHook] o.s.b.w.e.tomcat.GracefulShutdown - Commencing graceful shutdown. Waiting for active requests to complete
[2025-10-22 16:57:28.668] [INFO ] [tomcat-shutdown] o.s.b.w.e.tomcat.GracefulShutdown - Graceful shutdown complete
[2025-10-22 16:57:28.672] [INFO ] [SpringApplicationShutdownHook] com.zaxxer.hikari.HikariDataSource - HikariPool-1 - Shutdown initiated...
[2025-10-22 16:57:28.766] [INFO ] [SpringApplicationShutdownHook] com.zaxxer.hikari.HikariDataSource - HikariPool-1 - Shutdown completed.
[2025-10-22 16:57:30.480] [INFO ] [background-preinit] o.h.validator.internal.util.Version - HV000001: Hibernate Validator 8.0.3.Final
[2025-10-22 16:57:30.503] [INFO ] [restartedMain] com.sqld_board.sqld.SqldApplication - Starting SqldApplication using Java 17.0.11 with PID 89038 (/Users/minboklee/Downloads/sqld/build/classes/java/main started by minboklee in /Users/minboklee/Downloads/sqld)
[2025-10-22 16:57:30.503] [INFO ] [restartedMain] com.sqld_board.sqld.SqldApplication - No active profile set, falling back to 1 default profile: "default"
[2025-10-22 16:57:30.522] [INFO ] [restartedMain] o.s.b.d.restart.ChangeableUrls - The Class-Path manifest attribute in /Users/minboklee/.gradle/caches/modules-2/files-2.1/com.oracle.database.jdbc/ojdbc11/23.7.0.25.01/665f52abef9122ce003b5cfc1d9d44f7302e2cfe/ojdbc11-23.7.0.25.01.jar referenced one or more files that do not exist: file:/Users/minboklee/.gradle/caches/modules-2/files-2.1/com.oracle.database.jdbc/ojdbc11/23.7.0.25.01/665f52abef9122ce003b5cfc1d9d44f7302e2cfe/oraclepki.jar
[2025-10-22 16:57:30.522] [INFO ] [restartedMain] o.s.b.d.e.DevToolsPropertyDefaultsPostProcessor - Devtools property defaults active! Set 'spring.devtools.add-properties' to 'false' to disable
[2025-10-22 16:57:30.522] [INFO ] [restartedMain] o.s.b.d.e.DevToolsPropertyDefaultsPostProcessor - For additional web related logging consider setting the 'logging.level.web' property to 'DEBUG'
[2025-10-22 16:57:31.167] [INFO ] [restartedMain] o.s.b.w.e.tomcat.TomcatWebServer - Tomcat initialized with port 8881 (http)
[2025-10-22 16:57:31.173] [INFO ] [restartedMain] o.a.coyote.http11.Http11NioProtocol - Initializing ProtocolHandler ["http-nio-8881"]
[2025-10-22 16:57:31.174] [INFO ] [restartedMain] o.a.catalina.core.StandardService - Starting service [Tomcat]
[2025-10-22 16:57:31.174] [INFO ] [restartedMain] o.a.catalina.core.StandardEngine - Starting Servlet engine: [Apache Tomcat/10.1.46]
[2025-10-22 16:57:31.197] [INFO ] [restartedMain] o.a.c.c.C.[Tomcat].[localhost].[/] - Initializing Spring embedded WebApplicationContext
[2025-10-22 16:57:31.197] [INFO ] [restartedMain] o.s.b.w.s.c.ServletWebServerApplicationContext - Root WebApplicationContext: initialization completed in 675 ms
[2025-10-22 16:57:31.569] [INFO ] [restartedMain] com.zaxxer.hikari.HikariDataSource - HikariPool-1 - Starting...
[2025-10-22 16:57:31.876] [INFO ] [restartedMain] com.zaxxer.hikari.pool.HikariPool - HikariPool-1 - Added connection net.sf.log4jdbc.sql.jdbcapi.ConnectionSpy@566fd515
[2025-10-22 16:57:31.877] [INFO ] [restartedMain] com.zaxxer.hikari.HikariDataSource - HikariPool-1 - Start completed.
[2025-10-22 16:57:31.881] [INFO ] [restartedMain] o.s.b.a.h.H2ConsoleAutoConfiguration - H2 console available at '/h2-console'. Database available at 'jdbc:oracle:thin:@175.197.69.42:1521:orcl'
[2025-10-22 16:57:31.908] [INFO ] [restartedMain] o.s.b.d.a.OptionalLiveReloadServer - LiveReload server is running on port 35729
[2025-10-22 16:57:31.917] [INFO ] [restartedMain] o.a.coyote.http11.Http11NioProtocol - Starting ProtocolHandler ["http-nio-8881"]
[2025-10-22 16:57:31.925] [INFO ] [restartedMain] o.s.b.w.e.tomcat.TomcatWebServer - Tomcat started on port 8881 (http) with context path '/'
[2025-10-22 16:57:31.931] [INFO ] [restartedMain] com.sqld_board.sqld.SqldApplication - Started SqldApplication in 1.688 seconds (process running for 2.014)
[2025-10-22 16:57:46.742] [INFO ] [http-nio-8881-exec-1] o.a.c.c.C.[Tomcat].[localhost].[/] - Initializing Spring DispatcherServlet 'dispatcherServlet'
[2025-10-22 16:57:46.742] [INFO ] [http-nio-8881-exec-1] o.s.web.servlet.DispatcherServlet - Initializing Servlet 'dispatcherServlet'
[2025-10-22 16:57:46.745] [INFO ] [http-nio-8881-exec-1] o.s.web.servlet.DispatcherServlet - Completed initialization in 2 ms
[2025-10-22 16:57:46.879] [INFO ] [http-nio-8881-exec-1] jdbc.sqlonly - SELECT USER_ID
         FROM MEMBER_INFO
        WHERE EXISTS(SELECT 1
                       FROM MEMBER_INFO
                      WHERE USER_ID = 'string'
                       )

[2025-10-22 16:57:46.943] [INFO ] [http-nio-8881-exec-1] jdbc.resultsettable - 
|--------|
|user_id |
|--------|
|--------|

[2025-10-22 16:57:46.947] [INFO ] [http-nio-8881-exec-1] c.s.sqld.exception.ExceptionAdvice - MemberNotFoundException
com.sqld_board.sqld.exception.common.MemberNotFoundException: null
	at java.base/java.util.Optional.orElseThrow(Optional.java:403)
	at com.sqld_board.sqld.service.sign.SignService.readMemberByUsersId(SignService.java:74)
	at com.sqld_board.sqld.service.sign.SignService.signIn(SignService.java:33)
	at com.sqld_board.sqld.controller.sign.SignController.readMemberByUsersId(SignController.java:28)
	at java.base/jdk.internal.reflect.NativeMethodAccessorImpl.invoke0(Native Method)
	at java.base/jdk.internal.reflect.NativeMethodAccessorImpl.invoke(NativeMethodAccessorImpl.java:77)
	at java.base/jdk.internal.reflect.DelegatingMethodAccessorImpl.invoke(DelegatingMethodAccessorImpl.java:43)
	at java.base/java.lang.reflect.Method.invoke(Method.java:568)
	at org.springframework.web.method.support.InvocableHandlerMethod.doInvoke(InvocableHandlerMethod.java:258)
	at org.springframework.web.method.support.InvocableHandlerMethod.invokeForRequest(InvocableHandlerMethod.java:191)
	at org.springframework.web.servlet.mvc.method.annotation.ServletInvocableHandlerMethod.invokeAndHandle(ServletInvocableHandlerMethod.java:118)
	at org.springframework.web.servlet.mvc.method.annotation.RequestMappingHandlerAdapter.invokeHandlerMethod(RequestMappingHandlerAdapter.java:991)
	at org.springframework.web.servlet.mvc.method.annotation.RequestMappingHandlerAdapter.handleInternal(RequestMappingHandlerAdapter.java:896)
	at org.springframework.web.servlet.mvc.method.AbstractHandlerMethodAdapter.handle(AbstractHandlerMethodAdapter.java:87)
	at org.springframework.web.servlet.DispatcherServlet.doDispatch(DispatcherServlet.java:1089)
	at org.springframework.web.servlet.DispatcherServlet.doService(DispatcherServlet.java:979)
	at org.springframework.web.servlet.FrameworkServlet.processRequest(FrameworkServlet.java:1014)
	at org.springframework.web.servlet.FrameworkServlet.doPost(FrameworkServlet.java:914)
	at jakarta.servlet.http.HttpServlet.service(HttpServlet.java:590)
	at org.springframework.web.servlet.FrameworkServlet.service(FrameworkServlet.java:885)
	at jakarta.servlet.http.HttpServlet.service(HttpServlet.java:658)
	at org.apache.catalina.core.ApplicationFilterChain.internalDoFilter(ApplicationFilterChain.java:195)
	at org.apache.catalina.core.ApplicationFilterChain.doFilter(ApplicationFilterChain.java:140)
	at org.apache.tomcat.websocket.server.WsFilter.doFilter(WsFilter.java:51)
	at org.apache.catalina.core.ApplicationFilterChain.internalDoFilter(ApplicationFilterChain.java:164)
	at org.apache.catalina.core.ApplicationFilterChain.doFilter(ApplicationFilterChain.java:140)
	at org.springframework.web.filter.RequestContextFilter.doFilterInternal(RequestContextFilter.java:100)
	at org.springframework.web.filter.OncePerRequestFilter.doFilter(OncePerRequestFilter.java:116)
	at org.apache.catalina.core.ApplicationFilterChain.internalDoFilter(ApplicationFilterChain.java:164)
	at org.apache.catalina.core.ApplicationFilterChain.doFilter(ApplicationFilterChain.java:140)
	at org.springframework.web.filter.FormContentFilter.doFilterInternal(FormContentFilter.java:93)
	at org.springframework.web.filter.OncePerRequestFilter.doFilter(OncePerRequestFilter.java:116)
	at org.apache.catalina.core.ApplicationFilterChain.internalDoFilter(ApplicationFilterChain.java:164)
	at org.apache.catalina.core.ApplicationFilterChain.doFilter(ApplicationFilterChain.java:140)
	at org.springframework.web.filter.CharacterEncodingFilter.doFilterInternal(CharacterEncodingFilter.java:201)
	at org.springframework.web.filter.OncePerRequestFilter.doFilter(OncePerRequestFilter.java:116)
	at org.apache.catalina.core.ApplicationFilterChain.internalDoFilter(ApplicationFilterChain.java:164)
	at org.apache.catalina.core.ApplicationFilterChain.doFilter(ApplicationFilterChain.java:140)
	at org.apache.catalina.core.StandardWrapperValve.invoke(StandardWrapperValve.java:167)
	at org.apache.catalina.core.StandardContextValve.invoke(StandardContextValve.java:90)
	at org.apache.catalina.authenticator.AuthenticatorBase.invoke(AuthenticatorBase.java:483)
	at org.apache.catalina.core.StandardHostValve.invoke(StandardHostValve.java:116)
	at org.apache.catalina.valves.ErrorReportValve.invoke(ErrorReportValve.java:93)
	at org.apache.catalina.core.StandardEngineValve.invoke(StandardEngineValve.java:74)
	at org.apache.catalina.connector.CoyoteAdapter.service(CoyoteAdapter.java:344)
	at org.apache.coyote.http11.Http11Processor.service(Http11Processor.java:398)
	at org.apache.coyote.AbstractProcessorLight.process(AbstractProcessorLight.java:63)
	at org.apache.coyote.AbstractProtocol$ConnectionHandler.process(AbstractProtocol.java:903)
	at org.apache.tomcat.util.net.NioEndpoint$SocketProcessor.doRun(NioEndpoint.java:1776)
	at org.apache.tomcat.util.net.SocketProcessorBase.run(SocketProcessorBase.java:52)
	at org.apache.tomcat.util.threads.ThreadPoolExecutor.runWorker(ThreadPoolExecutor.java:975)
	at org.apache.tomcat.util.threads.ThreadPoolExecutor$Worker.run(ThreadPoolExecutor.java:493)
	at org.apache.tomcat.util.threads.TaskThread$WrappingRunnable.run(TaskThread.java:63)
	at java.base/java.lang.Thread.run(Thread.java:840)
[2025-10-22 16:57:46.950] [WARN ] [http-nio-8881-exec-1] o.s.w.s.m.m.a.ExceptionHandlerExceptionResolver - Failure in @ExceptionHandler com.sqld_board.sqld.exception.ExceptionAdvice#MemberNotFoundException(Exception)
org.springframework.context.NoSuchMessageException: No message found under code 'memberNotFoundException.code' for locale 'ko_KR'.
	at org.springframework.context.support.DelegatingMessageSource.getMessage(DelegatingMessageSource.java:80)
	at com.sqld_board.sqld.handler.ResponseHandler.getCode(ResponseHandler.java:26)
	at com.sqld_board.sqld.handler.ResponseHandler.getFailureResponse(ResponseHandler.java:17)
	at com.sqld_board.sqld.exception.ExceptionAdvice.MemberNotFoundException(ExceptionAdvice.java:43)
	at java.base/jdk.internal.reflect.NativeMethodAccessorImpl.invoke0(Native Method)
	at java.base/jdk.internal.reflect.NativeMethodAccessorImpl.invoke(NativeMethodAccessorImpl.java:77)
	at java.base/jdk.internal.reflect.DelegatingMethodAccessorImpl.invoke(DelegatingMethodAccessorImpl.java:43)
	at java.base/java.lang.reflect.Method.invoke(Method.java:568)
	at org.springframework.web.method.support.InvocableHandlerMethod.doInvoke(InvocableHandlerMethod.java:258)
	at org.springframework.web.method.support.InvocableHandlerMethod.invokeForRequest(InvocableHandlerMethod.java:191)
	at org.springframework.web.servlet.mvc.method.annotation.ServletInvocableHandlerMethod.invokeAndHandle(ServletInvocableHandlerMethod.java:118)
	at org.springframework.web.servlet.mvc.method.annotation.ExceptionHandlerExceptionResolver.doResolveHandlerMethodException(ExceptionHandlerExceptionResolver.java:471)
	at org.springframework.web.servlet.handler.AbstractHandlerMethodExceptionResolver.doResolveException(AbstractHandlerMethodExceptionResolver.java:73)
	at org.springframework.web.servlet.handler.AbstractHandlerExceptionResolver.resolveException(AbstractHandlerExceptionResolver.java:182)
	at org.springframework.web.servlet.handler.HandlerExceptionResolverComposite.resolveException(HandlerExceptionResolverComposite.java:80)
	at org.springframework.web.servlet.DispatcherServlet.processHandlerException(DispatcherServlet.java:1360)
	at org.springframework.web.servlet.DispatcherServlet.processDispatchResult(DispatcherServlet.java:1161)
	at org.springframework.web.servlet.DispatcherServlet.doDispatch(DispatcherServlet.java:1106)
	at org.springframework.web.servlet.DispatcherServlet.doService(DispatcherServlet.java:979)
	at org.springframework.web.servlet.FrameworkServlet.processRequest(FrameworkServlet.java:1014)
	at org.springframework.web.servlet.FrameworkServlet.doPost(FrameworkServlet.java:914)
	at jakarta.servlet.http.HttpServlet.service(HttpServlet.java:590)
	at org.springframework.web.servlet.FrameworkServlet.service(FrameworkServlet.java:885)
	at jakarta.servlet.http.HttpServlet.service(HttpServlet.java:658)
	at org.apache.catalina.core.ApplicationFilterChain.internalDoFilter(ApplicationFilterChain.java:195)
	at org.apache.catalina.core.ApplicationFilterChain.doFilter(ApplicationFilterChain.java:140)
	at org.apache.tomcat.websocket.server.WsFilter.doFilter(WsFilter.java:51)
	at org.apache.catalina.core.ApplicationFilterChain.internalDoFilter(ApplicationFilterChain.java:164)
	at org.apache.catalina.core.ApplicationFilterChain.doFilter(ApplicationFilterChain.java:140)
	at org.springframework.web.filter.RequestContextFilter.doFilterInternal(RequestContextFilter.java:100)
	at org.springframework.web.filter.OncePerRequestFilter.doFilter(OncePerRequestFilter.java:116)
	at org.apache.catalina.core.ApplicationFilterChain.internalDoFilter(ApplicationFilterChain.java:164)
	at org.apache.catalina.core.ApplicationFilterChain.doFilter(ApplicationFilterChain.java:140)
	at org.springframework.web.filter.FormContentFilter.doFilterInternal(FormContentFilter.java:93)
	at org.springframework.web.filter.OncePerRequestFilter.doFilter(OncePerRequestFilter.java:116)
	at org.apache.catalina.core.ApplicationFilterChain.internalDoFilter(ApplicationFilterChain.java:164)
	at org.apache.catalina.core.ApplicationFilterChain.doFilter(ApplicationFilterChain.java:140)
	at org.springframework.web.filter.CharacterEncodingFilter.doFilterInternal(CharacterEncodingFilter.java:201)
	at org.springframework.web.filter.OncePerRequestFilter.doFilter(OncePerRequestFilter.java:116)
	at org.apache.catalina.core.ApplicationFilterChain.internalDoFilter(ApplicationFilterChain.java:164)
	at org.apache.catalina.core.ApplicationFilterChain.doFilter(ApplicationFilterChain.java:140)
	at org.apache.catalina.core.StandardWrapperValve.invoke(StandardWrapperValve.java:167)
	at org.apache.catalina.core.StandardContextValve.invoke(StandardContextValve.java:90)
	at org.apache.catalina.authenticator.AuthenticatorBase.invoke(AuthenticatorBase.java:483)
	at org.apache.catalina.core.StandardHostValve.invoke(StandardHostValve.java:116)
	at org.apache.catalina.valves.ErrorReportValve.invoke(ErrorReportValve.java:93)
	at org.apache.catalina.core.StandardEngineValve.invoke(StandardEngineValve.java:74)
	at org.apache.catalina.connector.CoyoteAdapter.service(CoyoteAdapter.java:344)
	at org.apache.coyote.http11.Http11Processor.service(Http11Processor.java:398)
	at org.apache.coyote.AbstractProcessorLight.process(AbstractProcessorLight.java:63)
	at org.apache.coyote.AbstractProtocol$ConnectionHandler.process(AbstractProtocol.java:903)
	at org.apache.tomcat.util.net.NioEndpoint$SocketProcessor.doRun(NioEndpoint.java:1776)
	at org.apache.tomcat.util.net.SocketProcessorBase.run(SocketProcessorBase.java:52)
	at org.apache.tomcat.util.threads.ThreadPoolExecutor.runWorker(ThreadPoolExecutor.java:975)
	at org.apache.tomcat.util.threads.ThreadPoolExecutor$Worker.run(ThreadPoolExecutor.java:493)
	at org.apache.tomcat.util.threads.TaskThread$WrappingRunnable.run(TaskThread.java:63)
	at java.base/java.lang.Thread.run(Thread.java:840)
[2025-10-22 16:57:46.953] [ERROR] [http-nio-8881-exec-1] o.a.c.c.C.[.[.[.[dispatcherServlet] - Servlet.service() for servlet [dispatcherServlet] in context with path [] threw exception [Request processing failed: com.sqld_board.sqld.exception.common.MemberNotFoundException] with root cause
com.sqld_board.sqld.exception.common.MemberNotFoundException: null
	at java.base/java.util.Optional.orElseThrow(Optional.java:403)
	at com.sqld_board.sqld.service.sign.SignService.readMemberByUsersId(SignService.java:74)
	at com.sqld_board.sqld.service.sign.SignService.signIn(SignService.java:33)
	at com.sqld_board.sqld.controller.sign.SignController.readMemberByUsersId(SignController.java:28)
	at java.base/jdk.internal.reflect.NativeMethodAccessorImpl.invoke0(Native Method)
	at java.base/jdk.internal.reflect.NativeMethodAccessorImpl.invoke(NativeMethodAccessorImpl.java:77)
	at java.base/jdk.internal.reflect.DelegatingMethodAccessorImpl.invoke(DelegatingMethodAccessorImpl.java:43)
	at java.base/java.lang.reflect.Method.invoke(Method.java:568)
	at org.springframework.web.method.support.InvocableHandlerMethod.doInvoke(InvocableHandlerMethod.java:258)
	at org.springframework.web.method.support.InvocableHandlerMethod.invokeForRequest(InvocableHandlerMethod.java:191)
	at org.springframework.web.servlet.mvc.method.annotation.ServletInvocableHandlerMethod.invokeAndHandle(ServletInvocableHandlerMethod.java:118)
	at org.springframework.web.servlet.mvc.method.annotation.RequestMappingHandlerAdapter.invokeHandlerMethod(RequestMappingHandlerAdapter.java:991)
	at org.springframework.web.servlet.mvc.method.annotation.RequestMappingHandlerAdapter.handleInternal(RequestMappingHandlerAdapter.java:896)
	at org.springframework.web.servlet.mvc.method.AbstractHandlerMethodAdapter.handle(AbstractHandlerMethodAdapter.java:87)
	at org.springframework.web.servlet.DispatcherServlet.doDispatch(DispatcherServlet.java:1089)
	at org.springframework.web.servlet.DispatcherServlet.doService(DispatcherServlet.java:979)
	at org.springframework.web.servlet.FrameworkServlet.processRequest(FrameworkServlet.java:1014)
	at org.springframework.web.servlet.FrameworkServlet.doPost(FrameworkServlet.java:914)
	at jakarta.servlet.http.HttpServlet.service(HttpServlet.java:590)
	at org.springframework.web.servlet.FrameworkServlet.service(FrameworkServlet.java:885)
	at jakarta.servlet.http.HttpServlet.service(HttpServlet.java:658)
	at org.apache.catalina.core.ApplicationFilterChain.internalDoFilter(ApplicationFilterChain.java:195)
	at org.apache.catalina.core.ApplicationFilterChain.doFilter(ApplicationFilterChain.java:140)
	at org.apache.tomcat.websocket.server.WsFilter.doFilter(WsFilter.java:51)
	at org.apache.catalina.core.ApplicationFilterChain.internalDoFilter(ApplicationFilterChain.java:164)
	at org.apache.catalina.core.ApplicationFilterChain.doFilter(ApplicationFilterChain.java:140)
	at org.springframework.web.filter.RequestContextFilter.doFilterInternal(RequestContextFilter.java:100)
	at org.springframework.web.filter.OncePerRequestFilter.doFilter(OncePerRequestFilter.java:116)
	at org.apache.catalina.core.ApplicationFilterChain.internalDoFilter(ApplicationFilterChain.java:164)
	at org.apache.catalina.core.ApplicationFilterChain.doFilter(ApplicationFilterChain.java:140)
	at org.springframework.web.filter.FormContentFilter.doFilterInternal(FormContentFilter.java:93)
	at org.springframework.web.filter.OncePerRequestFilter.doFilter(OncePerRequestFilter.java:116)
	at org.apache.catalina.core.ApplicationFilterChain.internalDoFilter(ApplicationFilterChain.java:164)
	at org.apache.catalina.core.ApplicationFilterChain.doFilter(ApplicationFilterChain.java:140)
	at org.springframework.web.filter.CharacterEncodingFilter.doFilterInternal(CharacterEncodingFilter.java:201)
	at org.springframework.web.filter.OncePerRequestFilter.doFilter(OncePerRequestFilter.java:116)
	at org.apache.catalina.core.ApplicationFilterChain.internalDoFilter(ApplicationFilterChain.java:164)
	at org.apache.catalina.core.ApplicationFilterChain.doFilter(ApplicationFilterChain.java:140)
	at org.apache.catalina.core.StandardWrapperValve.invoke(StandardWrapperValve.java:167)
	at org.apache.catalina.core.StandardContextValve.invoke(StandardContextValve.java:90)
	at org.apache.catalina.authenticator.AuthenticatorBase.invoke(AuthenticatorBase.java:483)
	at org.apache.catalina.core.StandardHostValve.invoke(StandardHostValve.java:116)
	at org.apache.catalina.valves.ErrorReportValve.invoke(ErrorReportValve.java:93)
	at org.apache.catalina.core.StandardEngineValve.invoke(StandardEngineValve.java:74)
	at org.apache.catalina.connector.CoyoteAdapter.service(CoyoteAdapter.java:344)
	at org.apache.coyote.http11.Http11Processor.service(Http11Processor.java:398)
	at org.apache.coyote.AbstractProcessorLight.process(AbstractProcessorLight.java:63)
	at org.apache.coyote.AbstractProtocol$ConnectionHandler.process(AbstractProtocol.java:903)
	at org.apache.tomcat.util.net.NioEndpoint$SocketProcessor.doRun(NioEndpoint.java:1776)
	at org.apache.tomcat.util.net.SocketProcessorBase.run(SocketProcessorBase.java:52)
	at org.apache.tomcat.util.threads.ThreadPoolExecutor.runWorker(ThreadPoolExecutor.java:975)
	at org.apache.tomcat.util.threads.ThreadPoolExecutor$Worker.run(ThreadPoolExecutor.java:493)
	at org.apache.tomcat.util.threads.TaskThread$WrappingRunnable.run(TaskThread.java:63)
	at java.base/java.lang.Thread.run(Thread.java:840)
[2025-10-22 16:58:53.080] [INFO ] [http-nio-8881-exec-5] o.s.api.AbstractOpenApiResource - Init duration for springdoc-openapi is: 154 ms
[2025-10-22 16:58:59.511] [INFO ] [http-nio-8881-exec-7] jdbc.sqlonly - SELECT USER_ID
         FROM MEMBER_INFO
        WHERE EXISTS(SELECT 1
                       FROM MEMBER_INFO
                      WHERE USER_ID = 'string'
                       )

[2025-10-22 16:58:59.519] [INFO ] [http-nio-8881-exec-7] jdbc.resultsettable - 
|--------|
|user_id |
|--------|
|--------|

[2025-10-22 16:58:59.522] [INFO ] [http-nio-8881-exec-7] c.s.sqld.exception.ExceptionAdvice - MemberNotFoundException
com.sqld_board.sqld.exception.common.MemberNotFoundException: null
	at java.base/java.util.Optional.orElseThrow(Optional.java:403)
	at com.sqld_board.sqld.service.sign.SignService.readMemberByUsersId(SignService.java:74)
	at com.sqld_board.sqld.service.sign.SignService.signIn(SignService.java:33)
	at com.sqld_board.sqld.controller.sign.SignController.readMemberByUsersId(SignController.java:28)
	at java.base/jdk.internal.reflect.NativeMethodAccessorImpl.invoke0(Native Method)
	at java.base/jdk.internal.reflect.NativeMethodAccessorImpl.invoke(NativeMethodAccessorImpl.java:77)
	at java.base/jdk.internal.reflect.DelegatingMethodAccessorImpl.invoke(DelegatingMethodAccessorImpl.java:43)
	at java.base/java.lang.reflect.Method.invoke(Method.java:568)
	at org.springframework.web.method.support.InvocableHandlerMethod.doInvoke(InvocableHandlerMethod.java:258)
	at org.springframework.web.method.support.InvocableHandlerMethod.invokeForRequest(InvocableHandlerMethod.java:191)
	at org.springframework.web.servlet.mvc.method.annotation.ServletInvocableHandlerMethod.invokeAndHandle(ServletInvocableHandlerMethod.java:118)
	at org.springframework.web.servlet.mvc.method.annotation.RequestMappingHandlerAdapter.invokeHandlerMethod(RequestMappingHandlerAdapter.java:991)
	at org.springframework.web.servlet.mvc.method.annotation.RequestMappingHandlerAdapter.handleInternal(RequestMappingHandlerAdapter.java:896)
	at org.springframework.web.servlet.mvc.method.AbstractHandlerMethodAdapter.handle(AbstractHandlerMethodAdapter.java:87)
	at org.springframework.web.servlet.DispatcherServlet.doDispatch(DispatcherServlet.java:1089)
	at org.springframework.web.servlet.DispatcherServlet.doService(DispatcherServlet.java:979)
	at org.springframework.web.servlet.FrameworkServlet.processRequest(FrameworkServlet.java:1014)
	at org.springframework.web.servlet.FrameworkServlet.doPost(FrameworkServlet.java:914)
	at jakarta.servlet.http.HttpServlet.service(HttpServlet.java:590)
	at org.springframework.web.servlet.FrameworkServlet.service(FrameworkServlet.java:885)
	at jakarta.servlet.http.HttpServlet.service(HttpServlet.java:658)
	at org.apache.catalina.core.ApplicationFilterChain.internalDoFilter(ApplicationFilterChain.java:195)
	at org.apache.catalina.core.ApplicationFilterChain.doFilter(ApplicationFilterChain.java:140)
	at org.apache.tomcat.websocket.server.WsFilter.doFilter(WsFilter.java:51)
	at org.apache.catalina.core.ApplicationFilterChain.internalDoFilter(ApplicationFilterChain.java:164)
	at org.apache.catalina.core.ApplicationFilterChain.doFilter(ApplicationFilterChain.java:140)
	at org.springframework.web.filter.RequestContextFilter.doFilterInternal(RequestContextFilter.java:100)
	at org.springframework.web.filter.OncePerRequestFilter.doFilter(OncePerRequestFilter.java:116)
	at org.apache.catalina.core.ApplicationFilterChain.internalDoFilter(ApplicationFilterChain.java:164)
	at org.apache.catalina.core.ApplicationFilterChain.doFilter(ApplicationFilterChain.java:140)
	at org.springframework.web.filter.FormContentFilter.doFilterInternal(FormContentFilter.java:93)
	at org.springframework.web.filter.OncePerRequestFilter.doFilter(OncePerRequestFilter.java:116)
	at org.apache.catalina.core.ApplicationFilterChain.internalDoFilter(ApplicationFilterChain.java:164)
	at org.apache.catalina.core.ApplicationFilterChain.doFilter(ApplicationFilterChain.java:140)
	at org.springframework.web.filter.CharacterEncodingFilter.doFilterInternal(CharacterEncodingFilter.java:201)
	at org.springframework.web.filter.OncePerRequestFilter.doFilter(OncePerRequestFilter.java:116)
	at org.apache.catalina.core.ApplicationFilterChain.internalDoFilter(ApplicationFilterChain.java:164)
	at org.apache.catalina.core.ApplicationFilterChain.doFilter(ApplicationFilterChain.java:140)
	at org.apache.catalina.core.StandardWrapperValve.invoke(StandardWrapperValve.java:167)
	at org.apache.catalina.core.StandardContextValve.invoke(StandardContextValve.java:90)
	at org.apache.catalina.authenticator.AuthenticatorBase.invoke(AuthenticatorBase.java:483)
	at org.apache.catalina.core.StandardHostValve.invoke(StandardHostValve.java:116)
	at org.apache.catalina.valves.ErrorReportValve.invoke(ErrorReportValve.java:93)
	at org.apache.catalina.core.StandardEngineValve.invoke(StandardEngineValve.java:74)
	at org.apache.catalina.connector.CoyoteAdapter.service(CoyoteAdapter.java:344)
	at org.apache.coyote.http11.Http11Processor.service(Http11Processor.java:398)
	at org.apache.coyote.AbstractProcessorLight.process(AbstractProcessorLight.java:63)
	at org.apache.coyote.AbstractProtocol$ConnectionHandler.process(AbstractProtocol.java:903)
	at org.apache.tomcat.util.net.NioEndpoint$SocketProcessor.doRun(NioEndpoint.java:1776)
	at org.apache.tomcat.util.net.SocketProcessorBase.run(SocketProcessorBase.java:52)
	at org.apache.tomcat.util.threads.ThreadPoolExecutor.runWorker(ThreadPoolExecutor.java:975)
	at org.apache.tomcat.util.threads.ThreadPoolExecutor$Worker.run(ThreadPoolExecutor.java:493)
	at org.apache.tomcat.util.threads.TaskThread$WrappingRunnable.run(TaskThread.java:63)
	at java.base/java.lang.Thread.run(Thread.java:840)
[2025-10-22 16:58:59.522] [WARN ] [http-nio-8881-exec-7] o.s.w.s.m.m.a.ExceptionHandlerExceptionResolver - Failure in @ExceptionHandler com.sqld_board.sqld.exception.ExceptionAdvice#MemberNotFoundException(Exception)
org.springframework.context.NoSuchMessageException: No message found under code 'memberNotFoundException.code' for locale 'ko_KR'.
	at org.springframework.context.support.DelegatingMessageSource.getMessage(DelegatingMessageSource.java:80)
	at com.sqld_board.sqld.handler.ResponseHandler.getCode(ResponseHandler.java:26)
	at com.sqld_board.sqld.handler.ResponseHandler.getFailureResponse(ResponseHandler.java:17)
	at com.sqld_board.sqld.exception.ExceptionAdvice.MemberNotFoundException(ExceptionAdvice.java:43)
	at java.base/jdk.internal.reflect.NativeMethodAccessorImpl.invoke0(Native Method)
	at java.base/jdk.internal.reflect.NativeMethodAccessorImpl.invoke(NativeMethodAccessorImpl.java:77)
	at java.base/jdk.internal.reflect.DelegatingMethodAccessorImpl.invoke(DelegatingMethodAccessorImpl.java:43)
	at java.base/java.lang.reflect.Method.invoke(Method.java:568)
	at org.springframework.web.method.support.InvocableHandlerMethod.doInvoke(InvocableHandlerMethod.java:258)
	at org.springframework.web.method.support.InvocableHandlerMethod.invokeForRequest(InvocableHandlerMethod.java:191)
	at org.springframework.web.servlet.mvc.method.annotation.ServletInvocableHandlerMethod.invokeAndHandle(ServletInvocableHandlerMethod.java:118)
	at org.springframework.web.servlet.mvc.method.annotation.ExceptionHandlerExceptionResolver.doResolveHandlerMethodException(ExceptionHandlerExceptionResolver.java:471)
	at org.springframework.web.servlet.handler.AbstractHandlerMethodExceptionResolver.doResolveException(AbstractHandlerMethodExceptionResolver.java:73)
	at org.springframework.web.servlet.handler.AbstractHandlerExceptionResolver.resolveException(AbstractHandlerExceptionResolver.java:182)
	at org.springframework.web.servlet.handler.HandlerExceptionResolverComposite.resolveException(HandlerExceptionResolverComposite.java:80)
	at org.springframework.web.servlet.DispatcherServlet.processHandlerException(DispatcherServlet.java:1360)
	at org.springframework.web.servlet.DispatcherServlet.processDispatchResult(DispatcherServlet.java:1161)
	at org.springframework.web.servlet.DispatcherServlet.doDispatch(DispatcherServlet.java:1106)
	at org.springframework.web.servlet.DispatcherServlet.doService(DispatcherServlet.java:979)
	at org.springframework.web.servlet.FrameworkServlet.processRequest(FrameworkServlet.java:1014)
	at org.springframework.web.servlet.FrameworkServlet.doPost(FrameworkServlet.java:914)
	at jakarta.servlet.http.HttpServlet.service(HttpServlet.java:590)
	at org.springframework.web.servlet.FrameworkServlet.service(FrameworkServlet.java:885)
	at jakarta.servlet.http.HttpServlet.service(HttpServlet.java:658)
	at org.apache.catalina.core.ApplicationFilterChain.internalDoFilter(ApplicationFilterChain.java:195)
	at org.apache.catalina.core.ApplicationFilterChain.doFilter(ApplicationFilterChain.java:140)
	at org.apache.tomcat.websocket.server.WsFilter.doFilter(WsFilter.java:51)
	at org.apache.catalina.core.ApplicationFilterChain.internalDoFilter(ApplicationFilterChain.java:164)
	at org.apache.catalina.core.ApplicationFilterChain.doFilter(ApplicationFilterChain.java:140)
	at org.springframework.web.filter.RequestContextFilter.doFilterInternal(RequestContextFilter.java:100)
	at org.springframework.web.filter.OncePerRequestFilter.doFilter(OncePerRequestFilter.java:116)
	at org.apache.catalina.core.ApplicationFilterChain.internalDoFilter(ApplicationFilterChain.java:164)
	at org.apache.catalina.core.ApplicationFilterChain.doFilter(ApplicationFilterChain.java:140)
	at org.springframework.web.filter.FormContentFilter.doFilterInternal(FormContentFilter.java:93)
	at org.springframework.web.filter.OncePerRequestFilter.doFilter(OncePerRequestFilter.java:116)
	at org.apache.catalina.core.ApplicationFilterChain.internalDoFilter(ApplicationFilterChain.java:164)
	at org.apache.catalina.core.ApplicationFilterChain.doFilter(ApplicationFilterChain.java:140)
	at org.springframework.web.filter.CharacterEncodingFilter.doFilterInternal(CharacterEncodingFilter.java:201)
	at org.springframework.web.filter.OncePerRequestFilter.doFilter(OncePerRequestFilter.java:116)
	at org.apache.catalina.core.ApplicationFilterChain.internalDoFilter(ApplicationFilterChain.java:164)
	at org.apache.catalina.core.ApplicationFilterChain.doFilter(ApplicationFilterChain.java:140)
	at org.apache.catalina.core.StandardWrapperValve.invoke(StandardWrapperValve.java:167)
	at org.apache.catalina.core.StandardContextValve.invoke(StandardContextValve.java:90)
	at org.apache.catalina.authenticator.AuthenticatorBase.invoke(AuthenticatorBase.java:483)
	at org.apache.catalina.core.StandardHostValve.invoke(StandardHostValve.java:116)
	at org.apache.catalina.valves.ErrorReportValve.invoke(ErrorReportValve.java:93)
	at org.apache.catalina.core.StandardEngineValve.invoke(StandardEngineValve.java:74)
	at org.apache.catalina.connector.CoyoteAdapter.service(CoyoteAdapter.java:344)
	at org.apache.coyote.http11.Http11Processor.service(Http11Processor.java:398)
	at org.apache.coyote.AbstractProcessorLight.process(AbstractProcessorLight.java:63)
	at org.apache.coyote.AbstractProtocol$ConnectionHandler.process(AbstractProtocol.java:903)
	at org.apache.tomcat.util.net.NioEndpoint$SocketProcessor.doRun(NioEndpoint.java:1776)
	at org.apache.tomcat.util.net.SocketProcessorBase.run(SocketProcessorBase.java:52)
	at org.apache.tomcat.util.threads.ThreadPoolExecutor.runWorker(ThreadPoolExecutor.java:975)
	at org.apache.tomcat.util.threads.ThreadPoolExecutor$Worker.run(ThreadPoolExecutor.java:493)
	at org.apache.tomcat.util.threads.TaskThread$WrappingRunnable.run(TaskThread.java:63)
	at java.base/java.lang.Thread.run(Thread.java:840)
[2025-10-22 16:58:59.523] [ERROR] [http-nio-8881-exec-7] o.a.c.c.C.[.[.[.[dispatcherServlet] - Servlet.service() for servlet [dispatcherServlet] in context with path [] threw exception [Request processing failed: com.sqld_board.sqld.exception.common.MemberNotFoundException] with root cause
com.sqld_board.sqld.exception.common.MemberNotFoundException: null
	at java.base/java.util.Optional.orElseThrow(Optional.java:403)
	at com.sqld_board.sqld.service.sign.SignService.readMemberByUsersId(SignService.java:74)
	at com.sqld_board.sqld.service.sign.SignService.signIn(SignService.java:33)
	at com.sqld_board.sqld.controller.sign.SignController.readMemberByUsersId(SignController.java:28)
	at java.base/jdk.internal.reflect.NativeMethodAccessorImpl.invoke0(Native Method)
	at java.base/jdk.internal.reflect.NativeMethodAccessorImpl.invoke(NativeMethodAccessorImpl.java:77)
	at java.base/jdk.internal.reflect.DelegatingMethodAccessorImpl.invoke(DelegatingMethodAccessorImpl.java:43)
	at java.base/java.lang.reflect.Method.invoke(Method.java:568)
	at org.springframework.web.method.support.InvocableHandlerMethod.doInvoke(InvocableHandlerMethod.java:258)
	at org.springframework.web.method.support.InvocableHandlerMethod.invokeForRequest(InvocableHandlerMethod.java:191)
	at org.springframework.web.servlet.mvc.method.annotation.ServletInvocableHandlerMethod.invokeAndHandle(ServletInvocableHandlerMethod.java:118)
	at org.springframework.web.servlet.mvc.method.annotation.RequestMappingHandlerAdapter.invokeHandlerMethod(RequestMappingHandlerAdapter.java:991)
	at org.springframework.web.servlet.mvc.method.annotation.RequestMappingHandlerAdapter.handleInternal(RequestMappingHandlerAdapter.java:896)
	at org.springframework.web.servlet.mvc.method.AbstractHandlerMethodAdapter.handle(AbstractHandlerMethodAdapter.java:87)
	at org.springframework.web.servlet.DispatcherServlet.doDispatch(DispatcherServlet.java:1089)
	at org.springframework.web.servlet.DispatcherServlet.doService(DispatcherServlet.java:979)
	at org.springframework.web.servlet.FrameworkServlet.processRequest(FrameworkServlet.java:1014)
	at org.springframework.web.servlet.FrameworkServlet.doPost(FrameworkServlet.java:914)
	at jakarta.servlet.http.HttpServlet.service(HttpServlet.java:590)
	at org.springframework.web.servlet.FrameworkServlet.service(FrameworkServlet.java:885)
	at jakarta.servlet.http.HttpServlet.service(HttpServlet.java:658)
	at org.apache.catalina.core.ApplicationFilterChain.internalDoFilter(ApplicationFilterChain.java:195)
	at org.apache.catalina.core.ApplicationFilterChain.doFilter(ApplicationFilterChain.java:140)
	at org.apache.tomcat.websocket.server.WsFilter.doFilter(WsFilter.java:51)
	at org.apache.catalina.core.ApplicationFilterChain.internalDoFilter(ApplicationFilterChain.java:164)
	at org.apache.catalina.core.ApplicationFilterChain.doFilter(ApplicationFilterChain.java:140)
	at org.springframework.web.filter.RequestContextFilter.doFilterInternal(RequestContextFilter.java:100)
	at org.springframework.web.filter.OncePerRequestFilter.doFilter(OncePerRequestFilter.java:116)
	at org.apache.catalina.core.ApplicationFilterChain.internalDoFilter(ApplicationFilterChain.java:164)
	at org.apache.catalina.core.ApplicationFilterChain.doFilter(ApplicationFilterChain.java:140)
	at org.springframework.web.filter.FormContentFilter.doFilterInternal(FormContentFilter.java:93)
	at org.springframework.web.filter.OncePerRequestFilter.doFilter(OncePerRequestFilter.java:116)
	at org.apache.catalina.core.ApplicationFilterChain.internalDoFilter(ApplicationFilterChain.java:164)
	at org.apache.catalina.core.ApplicationFilterChain.doFilter(ApplicationFilterChain.java:140)
	at org.springframework.web.filter.CharacterEncodingFilter.doFilterInternal(CharacterEncodingFilter.java:201)
	at org.springframework.web.filter.OncePerRequestFilter.doFilter(OncePerRequestFilter.java:116)
	at org.apache.catalina.core.ApplicationFilterChain.internalDoFilter(ApplicationFilterChain.java:164)
	at org.apache.catalina.core.ApplicationFilterChain.doFilter(ApplicationFilterChain.java:140)
	at org.apache.catalina.core.StandardWrapperValve.invoke(StandardWrapperValve.java:167)
	at org.apache.catalina.core.StandardContextValve.invoke(StandardContextValve.java:90)
	at org.apache.catalina.authenticator.AuthenticatorBase.invoke(AuthenticatorBase.java:483)
	at org.apache.catalina.core.StandardHostValve.invoke(StandardHostValve.java:116)
	at org.apache.catalina.valves.ErrorReportValve.invoke(ErrorReportValve.java:93)
	at org.apache.catalina.core.StandardEngineValve.invoke(StandardEngineValve.java:74)
	at org.apache.catalina.connector.CoyoteAdapter.service(CoyoteAdapter.java:344)
	at org.apache.coyote.http11.Http11Processor.service(Http11Processor.java:398)
	at org.apache.coyote.AbstractProcessorLight.process(AbstractProcessorLight.java:63)
	at org.apache.coyote.AbstractProtocol$ConnectionHandler.process(AbstractProtocol.java:903)
	at org.apache.tomcat.util.net.NioEndpoint$SocketProcessor.doRun(NioEndpoint.java:1776)
	at org.apache.tomcat.util.net.SocketProcessorBase.run(SocketProcessorBase.java:52)
	at org.apache.tomcat.util.threads.ThreadPoolExecutor.runWorker(ThreadPoolExecutor.java:975)
	at org.apache.tomcat.util.threads.ThreadPoolExecutor$Worker.run(ThreadPoolExecutor.java:493)
	at org.apache.tomcat.util.threads.TaskThread$WrappingRunnable.run(TaskThread.java:63)
	at java.base/java.lang.Thread.run(Thread.java:840)
[2025-10-22 17:03:33.028] [INFO ] [SpringApplicationShutdownHook] o.s.b.w.e.tomcat.GracefulShutdown - Commencing graceful shutdown. Waiting for active requests to complete
[2025-10-22 17:03:33.037] [INFO ] [tomcat-shutdown] o.s.b.w.e.tomcat.GracefulShutdown - Graceful shutdown complete
[2025-10-22 17:03:33.052] [INFO ] [SpringApplicationShutdownHook] com.zaxxer.hikari.HikariDataSource - HikariPool-1 - Shutdown initiated...
[2025-10-22 17:03:33.144] [INFO ] [SpringApplicationShutdownHook] com.zaxxer.hikari.HikariDataSource - HikariPool-1 - Shutdown completed.
[2025-10-22 17:03:35.240] [INFO ] [background-preinit] o.h.validator.internal.util.Version - HV000001: Hibernate Validator 8.0.3.Final
[2025-10-22 17:03:35.267] [INFO ] [restartedMain] com.sqld_board.sqld.SqldApplication - Starting SqldApplication using Java 17.0.11 with PID 89072 (/Users/minboklee/Downloads/sqld/build/classes/java/main started by minboklee in /Users/minboklee/Downloads/sqld)
[2025-10-22 17:03:35.267] [INFO ] [restartedMain] com.sqld_board.sqld.SqldApplication - No active profile set, falling back to 1 default profile: "default"
[2025-10-22 17:03:35.289] [INFO ] [restartedMain] o.s.b.d.restart.ChangeableUrls - The Class-Path manifest attribute in /Users/minboklee/.gradle/caches/modules-2/files-2.1/com.oracle.database.jdbc/ojdbc11/23.7.0.25.01/665f52abef9122ce003b5cfc1d9d44f7302e2cfe/ojdbc11-23.7.0.25.01.jar referenced one or more files that do not exist: file:/Users/minboklee/.gradle/caches/modules-2/files-2.1/com.oracle.database.jdbc/ojdbc11/23.7.0.25.01/665f52abef9122ce003b5cfc1d9d44f7302e2cfe/oraclepki.jar
[2025-10-22 17:03:35.289] [INFO ] [restartedMain] o.s.b.d.e.DevToolsPropertyDefaultsPostProcessor - Devtools property defaults active! Set 'spring.devtools.add-properties' to 'false' to disable
[2025-10-22 17:03:35.289] [INFO ] [restartedMain] o.s.b.d.e.DevToolsPropertyDefaultsPostProcessor - For additional web related logging consider setting the 'logging.level.web' property to 'DEBUG'
[2025-10-22 17:03:35.943] [INFO ] [restartedMain] o.s.b.w.e.tomcat.TomcatWebServer - Tomcat initialized with port 8881 (http)
[2025-10-22 17:03:35.950] [INFO ] [restartedMain] o.a.coyote.http11.Http11NioProtocol - Initializing ProtocolHandler ["http-nio-8881"]
[2025-10-22 17:03:35.950] [INFO ] [restartedMain] o.a.catalina.core.StandardService - Starting service [Tomcat]
[2025-10-22 17:03:35.951] [INFO ] [restartedMain] o.a.catalina.core.StandardEngine - Starting Servlet engine: [Apache Tomcat/10.1.46]
[2025-10-22 17:03:35.973] [INFO ] [restartedMain] o.a.c.c.C.[Tomcat].[localhost].[/] - Initializing Spring embedded WebApplicationContext
[2025-10-22 17:03:35.973] [INFO ] [restartedMain] o.s.b.w.s.c.ServletWebServerApplicationContext - Root WebApplicationContext: initialization completed in 684 ms
[2025-10-22 17:03:36.307] [INFO ] [restartedMain] com.zaxxer.hikari.HikariDataSource - HikariPool-1 - Starting...
[2025-10-22 17:03:36.611] [INFO ] [restartedMain] com.zaxxer.hikari.pool.HikariPool - HikariPool-1 - Added connection net.sf.log4jdbc.sql.jdbcapi.ConnectionSpy@2f53bba7
[2025-10-22 17:03:36.612] [INFO ] [restartedMain] com.zaxxer.hikari.HikariDataSource - HikariPool-1 - Start completed.
[2025-10-22 17:03:36.616] [INFO ] [restartedMain] o.s.b.a.h.H2ConsoleAutoConfiguration - H2 console available at '/h2-console'. Database available at 'jdbc:oracle:thin:@175.197.69.42:1521:orcl'
[2025-10-22 17:03:36.643] [INFO ] [restartedMain] o.s.b.d.a.OptionalLiveReloadServer - LiveReload server is running on port 35729
[2025-10-22 17:03:36.653] [INFO ] [restartedMain] o.a.coyote.http11.Http11NioProtocol - Starting ProtocolHandler ["http-nio-8881"]
[2025-10-22 17:03:36.663] [INFO ] [restartedMain] o.s.b.w.e.tomcat.TomcatWebServer - Tomcat started on port 8881 (http) with context path '/'
[2025-10-22 17:03:36.669] [INFO ] [restartedMain] com.sqld_board.sqld.SqldApplication - Started SqldApplication in 1.659 seconds (process running for 2.093)
[2025-10-22 17:03:41.973] [INFO ] [http-nio-8881-exec-1] o.a.c.c.C.[Tomcat].[localhost].[/] - Initializing Spring DispatcherServlet 'dispatcherServlet'
[2025-10-22 17:03:41.974] [INFO ] [http-nio-8881-exec-1] o.s.web.servlet.DispatcherServlet - Initializing Servlet 'dispatcherServlet'
[2025-10-22 17:03:41.975] [INFO ] [http-nio-8881-exec-1] o.s.web.servlet.DispatcherServlet - Completed initialization in 1 ms
[2025-10-22 17:03:42.097] [INFO ] [http-nio-8881-exec-1] jdbc.sqlonly - SELECT USER_ID
         FROM MEMBER_INFO
        WHERE EXISTS(SELECT 1
                       FROM MEMBER_INFO
                      WHERE USER_ID = 'string'
                       )

[2025-10-22 17:03:42.153] [INFO ] [http-nio-8881-exec-1] jdbc.resultsettable - 
|--------|
|user_id |
|--------|
|--------|

[2025-10-22 17:03:42.156] [INFO ] [http-nio-8881-exec-1] c.s.sqld.exception.ExceptionAdvice - MemberNotFoundException
com.sqld_board.sqld.exception.common.MemberNotFoundException: null
	at java.base/java.util.Optional.orElseThrow(Optional.java:403)
	at com.sqld_board.sqld.service.sign.SignService.readMemberByUsersId(SignService.java:74)
	at com.sqld_board.sqld.service.sign.SignService.signIn(SignService.java:33)
	at com.sqld_board.sqld.controller.sign.SignController.readMemberByUsersId(SignController.java:28)
	at java.base/jdk.internal.reflect.NativeMethodAccessorImpl.invoke0(Native Method)
	at java.base/jdk.internal.reflect.NativeMethodAccessorImpl.invoke(NativeMethodAccessorImpl.java:77)
	at java.base/jdk.internal.reflect.DelegatingMethodAccessorImpl.invoke(DelegatingMethodAccessorImpl.java:43)
	at java.base/java.lang.reflect.Method.invoke(Method.java:568)
	at org.springframework.web.method.support.InvocableHandlerMethod.doInvoke(InvocableHandlerMethod.java:258)
	at org.springframework.web.method.support.InvocableHandlerMethod.invokeForRequest(InvocableHandlerMethod.java:191)
	at org.springframework.web.servlet.mvc.method.annotation.ServletInvocableHandlerMethod.invokeAndHandle(ServletInvocableHandlerMethod.java:118)
	at org.springframework.web.servlet.mvc.method.annotation.RequestMappingHandlerAdapter.invokeHandlerMethod(RequestMappingHandlerAdapter.java:991)
	at org.springframework.web.servlet.mvc.method.annotation.RequestMappingHandlerAdapter.handleInternal(RequestMappingHandlerAdapter.java:896)
	at org.springframework.web.servlet.mvc.method.AbstractHandlerMethodAdapter.handle(AbstractHandlerMethodAdapter.java:87)
	at org.springframework.web.servlet.DispatcherServlet.doDispatch(DispatcherServlet.java:1089)
	at org.springframework.web.servlet.DispatcherServlet.doService(DispatcherServlet.java:979)
	at org.springframework.web.servlet.FrameworkServlet.processRequest(FrameworkServlet.java:1014)
	at org.springframework.web.servlet.FrameworkServlet.doPost(FrameworkServlet.java:914)
	at jakarta.servlet.http.HttpServlet.service(HttpServlet.java:590)
	at org.springframework.web.servlet.FrameworkServlet.service(FrameworkServlet.java:885)
	at jakarta.servlet.http.HttpServlet.service(HttpServlet.java:658)
	at org.apache.catalina.core.ApplicationFilterChain.internalDoFilter(ApplicationFilterChain.java:195)
	at org.apache.catalina.core.ApplicationFilterChain.doFilter(ApplicationFilterChain.java:140)
	at org.apache.tomcat.websocket.server.WsFilter.doFilter(WsFilter.java:51)
	at org.apache.catalina.core.ApplicationFilterChain.internalDoFilter(ApplicationFilterChain.java:164)
	at org.apache.catalina.core.ApplicationFilterChain.doFilter(ApplicationFilterChain.java:140)
	at org.springframework.web.filter.RequestContextFilter.doFilterInternal(RequestContextFilter.java:100)
	at org.springframework.web.filter.OncePerRequestFilter.doFilter(OncePerRequestFilter.java:116)
	at org.apache.catalina.core.ApplicationFilterChain.internalDoFilter(ApplicationFilterChain.java:164)
	at org.apache.catalina.core.ApplicationFilterChain.doFilter(ApplicationFilterChain.java:140)
	at org.springframework.web.filter.FormContentFilter.doFilterInternal(FormContentFilter.java:93)
	at org.springframework.web.filter.OncePerRequestFilter.doFilter(OncePerRequestFilter.java:116)
	at org.apache.catalina.core.ApplicationFilterChain.internalDoFilter(ApplicationFilterChain.java:164)
	at org.apache.catalina.core.ApplicationFilterChain.doFilter(ApplicationFilterChain.java:140)
	at org.springframework.web.filter.CharacterEncodingFilter.doFilterInternal(CharacterEncodingFilter.java:201)
	at org.springframework.web.filter.OncePerRequestFilter.doFilter(OncePerRequestFilter.java:116)
	at org.apache.catalina.core.ApplicationFilterChain.internalDoFilter(ApplicationFilterChain.java:164)
	at org.apache.catalina.core.ApplicationFilterChain.doFilter(ApplicationFilterChain.java:140)
	at org.apache.catalina.core.StandardWrapperValve.invoke(StandardWrapperValve.java:167)
	at org.apache.catalina.core.StandardContextValve.invoke(StandardContextValve.java:90)
	at org.apache.catalina.authenticator.AuthenticatorBase.invoke(AuthenticatorBase.java:483)
	at org.apache.catalina.core.StandardHostValve.invoke(StandardHostValve.java:116)
	at org.apache.catalina.valves.ErrorReportValve.invoke(ErrorReportValve.java:93)
	at org.apache.catalina.core.StandardEngineValve.invoke(StandardEngineValve.java:74)
	at org.apache.catalina.connector.CoyoteAdapter.service(CoyoteAdapter.java:344)
	at org.apache.coyote.http11.Http11Processor.service(Http11Processor.java:398)
	at org.apache.coyote.AbstractProcessorLight.process(AbstractProcessorLight.java:63)
	at org.apache.coyote.AbstractProtocol$ConnectionHandler.process(AbstractProtocol.java:903)
	at org.apache.tomcat.util.net.NioEndpoint$SocketProcessor.doRun(NioEndpoint.java:1776)
	at org.apache.tomcat.util.net.SocketProcessorBase.run(SocketProcessorBase.java:52)
	at org.apache.tomcat.util.threads.ThreadPoolExecutor.runWorker(ThreadPoolExecutor.java:975)
	at org.apache.tomcat.util.threads.ThreadPoolExecutor$Worker.run(ThreadPoolExecutor.java:493)
	at org.apache.tomcat.util.threads.TaskThread$WrappingRunnable.run(TaskThread.java:63)
	at java.base/java.lang.Thread.run(Thread.java:840)
[2025-10-22 17:03:42.173] [WARN ] [http-nio-8881-exec-1] o.s.w.s.m.m.a.ExceptionHandlerExceptionResolver - Resolved [com.sqld_board.sqld.exception.common.MemberNotFoundException]
[2025-10-22 17:12:02.090] [INFO ] [SpringApplicationShutdownHook] o.s.b.w.e.tomcat.GracefulShutdown - Commencing graceful shutdown. Waiting for active requests to complete
[2025-10-22 17:12:02.151] [INFO ] [tomcat-shutdown] o.s.b.w.e.tomcat.GracefulShutdown - Graceful shutdown complete
[2025-10-22 17:12:02.189] [INFO ] [SpringApplicationShutdownHook] com.zaxxer.hikari.HikariDataSource - HikariPool-1 - Shutdown initiated...
[2025-10-22 17:12:02.287] [INFO ] [SpringApplicationShutdownHook] com.zaxxer.hikari.HikariDataSource - HikariPool-1 - Shutdown completed.
[2025-10-22 17:12:04.540] [INFO ] [background-preinit] o.h.validator.internal.util.Version - HV000001: Hibernate Validator 8.0.3.Final
[2025-10-22 17:12:04.568] [INFO ] [restartedMain] com.sqld_board.sqld.SqldApplication - Starting SqldApplication using Java 17.0.11 with PID 89112 (/Users/minboklee/Downloads/sqld/build/classes/java/main started by minboklee in /Users/minboklee/Downloads/sqld)
[2025-10-22 17:12:04.568] [INFO ] [restartedMain] com.sqld_board.sqld.SqldApplication - No active profile set, falling back to 1 default profile: "default"
[2025-10-22 17:12:04.591] [INFO ] [restartedMain] o.s.b.d.restart.ChangeableUrls - The Class-Path manifest attribute in /Users/minboklee/.gradle/caches/modules-2/files-2.1/com.oracle.database.jdbc/ojdbc11/23.7.0.25.01/665f52abef9122ce003b5cfc1d9d44f7302e2cfe/ojdbc11-23.7.0.25.01.jar referenced one or more files that do not exist: file:/Users/minboklee/.gradle/caches/modules-2/files-2.1/com.oracle.database.jdbc/ojdbc11/23.7.0.25.01/665f52abef9122ce003b5cfc1d9d44f7302e2cfe/oraclepki.jar
[2025-10-22 17:12:04.591] [INFO ] [restartedMain] o.s.b.d.e.DevToolsPropertyDefaultsPostProcessor - Devtools property defaults active! Set 'spring.devtools.add-properties' to 'false' to disable
[2025-10-22 17:12:04.591] [INFO ] [restartedMain] o.s.b.d.e.DevToolsPropertyDefaultsPostProcessor - For additional web related logging consider setting the 'logging.level.web' property to 'DEBUG'
[2025-10-22 17:12:05.259] [INFO ] [restartedMain] o.s.b.w.e.tomcat.TomcatWebServer - Tomcat initialized with port 8881 (http)
[2025-10-22 17:12:05.266] [INFO ] [restartedMain] o.a.coyote.http11.Http11NioProtocol - Initializing ProtocolHandler ["http-nio-8881"]
[2025-10-22 17:12:05.266] [INFO ] [restartedMain] o.a.catalina.core.StandardService - Starting service [Tomcat]
[2025-10-22 17:12:05.267] [INFO ] [restartedMain] o.a.catalina.core.StandardEngine - Starting Servlet engine: [Apache Tomcat/10.1.46]
[2025-10-22 17:12:05.290] [INFO ] [restartedMain] o.a.c.c.C.[Tomcat].[localhost].[/] - Initializing Spring embedded WebApplicationContext
[2025-10-22 17:12:05.291] [INFO ] [restartedMain] o.s.b.w.s.c.ServletWebServerApplicationContext - Root WebApplicationContext: initialization completed in 699 ms
[2025-10-22 17:12:05.632] [INFO ] [restartedMain] com.zaxxer.hikari.HikariDataSource - HikariPool-1 - Starting...
[2025-10-22 17:12:05.943] [INFO ] [restartedMain] com.zaxxer.hikari.pool.HikariPool - HikariPool-1 - Added connection net.sf.log4jdbc.sql.jdbcapi.ConnectionSpy@1dba1d7a
[2025-10-22 17:12:05.944] [INFO ] [restartedMain] com.zaxxer.hikari.HikariDataSource - HikariPool-1 - Start completed.
[2025-10-22 17:12:05.948] [INFO ] [restartedMain] o.s.b.a.h.H2ConsoleAutoConfiguration - H2 console available at '/h2-console'. Database available at 'jdbc:oracle:thin:@175.197.69.42:1521:orcl'
[2025-10-22 17:12:05.982] [INFO ] [restartedMain] o.s.b.d.a.OptionalLiveReloadServer - LiveReload server is running on port 35729
[2025-10-22 17:12:05.994] [INFO ] [restartedMain] o.a.coyote.http11.Http11NioProtocol - Starting ProtocolHandler ["http-nio-8881"]
[2025-10-22 17:12:06.004] [INFO ] [restartedMain] o.s.b.w.e.tomcat.TomcatWebServer - Tomcat started on port 8881 (http) with context path '/'
[2025-10-22 17:12:06.011] [INFO ] [restartedMain] com.sqld_board.sqld.SqldApplication - Started SqldApplication in 1.718 seconds (process running for 2.089)
[2025-10-22 17:12:11.820] [INFO ] [http-nio-8881-exec-1] o.a.c.c.C.[Tomcat].[localhost].[/] - Initializing Spring DispatcherServlet 'dispatcherServlet'
[2025-10-22 17:12:11.820] [INFO ] [http-nio-8881-exec-1] o.s.web.servlet.DispatcherServlet - Initializing Servlet 'dispatcherServlet'
[2025-10-22 17:12:11.822] [INFO ] [http-nio-8881-exec-1] o.s.web.servlet.DispatcherServlet - Completed initialization in 2 ms
[2025-10-22 17:12:11.936] [INFO ] [http-nio-8881-exec-1] jdbc.sqlonly - SELECT USER_ID
         FROM MEMBER_INFO
        WHERE EXISTS(SELECT 1
                       FROM MEMBER_INFO
                      WHERE USER_ID = 'string'
                       )

[2025-10-22 17:12:11.996] [INFO ] [http-nio-8881-exec-1] jdbc.resultsettable - 
|--------|
|user_id |
|--------|
|--------|

[2025-10-22 17:12:12.000] [INFO ] [http-nio-8881-exec-1] c.s.sqld.exception.ExceptionAdvice - MemberNotFoundException
com.sqld_board.sqld.exception.common.MemberNotFoundException: null
	at java.base/java.util.Optional.orElseThrow(Optional.java:403)
	at com.sqld_board.sqld.service.sign.SignService.readMemberByUsersId(SignService.java:74)
	at com.sqld_board.sqld.service.sign.SignService.signIn(SignService.java:33)
	at com.sqld_board.sqld.controller.sign.SignController.readMemberByUsersId(SignController.java:28)
	at java.base/jdk.internal.reflect.NativeMethodAccessorImpl.invoke0(Native Method)
	at java.base/jdk.internal.reflect.NativeMethodAccessorImpl.invoke(NativeMethodAccessorImpl.java:77)
	at java.base/jdk.internal.reflect.DelegatingMethodAccessorImpl.invoke(DelegatingMethodAccessorImpl.java:43)
	at java.base/java.lang.reflect.Method.invoke(Method.java:568)
	at org.springframework.web.method.support.InvocableHandlerMethod.doInvoke(InvocableHandlerMethod.java:258)
	at org.springframework.web.method.support.InvocableHandlerMethod.invokeForRequest(InvocableHandlerMethod.java:191)
	at org.springframework.web.servlet.mvc.method.annotation.ServletInvocableHandlerMethod.invokeAndHandle(ServletInvocableHandlerMethod.java:118)
	at org.springframework.web.servlet.mvc.method.annotation.RequestMappingHandlerAdapter.invokeHandlerMethod(RequestMappingHandlerAdapter.java:991)
	at org.springframework.web.servlet.mvc.method.annotation.RequestMappingHandlerAdapter.handleInternal(RequestMappingHandlerAdapter.java:896)
	at org.springframework.web.servlet.mvc.method.AbstractHandlerMethodAdapter.handle(AbstractHandlerMethodAdapter.java:87)
	at org.springframework.web.servlet.DispatcherServlet.doDispatch(DispatcherServlet.java:1089)
	at org.springframework.web.servlet.DispatcherServlet.doService(DispatcherServlet.java:979)
	at org.springframework.web.servlet.FrameworkServlet.processRequest(FrameworkServlet.java:1014)
	at org.springframework.web.servlet.FrameworkServlet.doPost(FrameworkServlet.java:914)
	at jakarta.servlet.http.HttpServlet.service(HttpServlet.java:590)
	at org.springframework.web.servlet.FrameworkServlet.service(FrameworkServlet.java:885)
	at jakarta.servlet.http.HttpServlet.service(HttpServlet.java:658)
	at org.apache.catalina.core.ApplicationFilterChain.internalDoFilter(ApplicationFilterChain.java:195)
	at org.apache.catalina.core.ApplicationFilterChain.doFilter(ApplicationFilterChain.java:140)
	at org.apache.tomcat.websocket.server.WsFilter.doFilter(WsFilter.java:51)
	at org.apache.catalina.core.ApplicationFilterChain.internalDoFilter(ApplicationFilterChain.java:164)
	at org.apache.catalina.core.ApplicationFilterChain.doFilter(ApplicationFilterChain.java:140)
	at org.springframework.web.filter.RequestContextFilter.doFilterInternal(RequestContextFilter.java:100)
	at org.springframework.web.filter.OncePerRequestFilter.doFilter(OncePerRequestFilter.java:116)
	at org.apache.catalina.core.ApplicationFilterChain.internalDoFilter(ApplicationFilterChain.java:164)
	at org.apache.catalina.core.ApplicationFilterChain.doFilter(ApplicationFilterChain.java:140)
	at org.springframework.web.filter.FormContentFilter.doFilterInternal(FormContentFilter.java:93)
	at org.springframework.web.filter.OncePerRequestFilter.doFilter(OncePerRequestFilter.java:116)
	at org.apache.catalina.core.ApplicationFilterChain.internalDoFilter(ApplicationFilterChain.java:164)
	at org.apache.catalina.core.ApplicationFilterChain.doFilter(ApplicationFilterChain.java:140)
	at org.springframework.web.filter.CharacterEncodingFilter.doFilterInternal(CharacterEncodingFilter.java:201)
	at org.springframework.web.filter.OncePerRequestFilter.doFilter(OncePerRequestFilter.java:116)
	at org.apache.catalina.core.ApplicationFilterChain.internalDoFilter(ApplicationFilterChain.java:164)
	at org.apache.catalina.core.ApplicationFilterChain.doFilter(ApplicationFilterChain.java:140)
	at org.apache.catalina.core.StandardWrapperValve.invoke(StandardWrapperValve.java:167)
	at org.apache.catalina.core.StandardContextValve.invoke(StandardContextValve.java:90)
	at org.apache.catalina.authenticator.AuthenticatorBase.invoke(AuthenticatorBase.java:483)
	at org.apache.catalina.core.StandardHostValve.invoke(StandardHostValve.java:116)
	at org.apache.catalina.valves.ErrorReportValve.invoke(ErrorReportValve.java:93)
	at org.apache.catalina.core.StandardEngineValve.invoke(StandardEngineValve.java:74)
	at org.apache.catalina.connector.CoyoteAdapter.service(CoyoteAdapter.java:344)
	at org.apache.coyote.http11.Http11Processor.service(Http11Processor.java:398)
	at org.apache.coyote.AbstractProcessorLight.process(AbstractProcessorLight.java:63)
	at org.apache.coyote.AbstractProtocol$ConnectionHandler.process(AbstractProtocol.java:903)
	at org.apache.tomcat.util.net.NioEndpoint$SocketProcessor.doRun(NioEndpoint.java:1776)
	at org.apache.tomcat.util.net.SocketProcessorBase.run(SocketProcessorBase.java:52)
	at org.apache.tomcat.util.threads.ThreadPoolExecutor.runWorker(ThreadPoolExecutor.java:975)
	at org.apache.tomcat.util.threads.ThreadPoolExecutor$Worker.run(ThreadPoolExecutor.java:493)
	at org.apache.tomcat.util.threads.TaskThread$WrappingRunnable.run(TaskThread.java:63)
	at java.base/java.lang.Thread.run(Thread.java:840)
[2025-10-22 17:12:12.018] [WARN ] [http-nio-8881-exec-1] o.s.w.s.m.m.a.ExceptionHandlerExceptionResolver - Resolved [com.sqld_board.sqld.exception.common.MemberNotFoundException]
[2025-10-22 17:13:21.565] [INFO ] [SpringApplicationShutdownHook] o.s.b.w.e.tomcat.GracefulShutdown - Commencing graceful shutdown. Waiting for active requests to complete
[2025-10-22 17:13:21.577] [INFO ] [tomcat-shutdown] o.s.b.w.e.tomcat.GracefulShutdown - Graceful shutdown complete
[2025-10-22 17:13:21.585] [INFO ] [SpringApplicationShutdownHook] com.zaxxer.hikari.HikariDataSource - HikariPool-1 - Shutdown initiated...
[2025-10-22 17:13:21.674] [INFO ] [SpringApplicationShutdownHook] com.zaxxer.hikari.HikariDataSource - HikariPool-1 - Shutdown completed.
[2025-10-22 17:13:24.230] [INFO ] [background-preinit] o.h.validator.internal.util.Version - HV000001: Hibernate Validator 8.0.3.Final
[2025-10-22 17:13:24.267] [INFO ] [restartedMain] com.sqld_board.sqld.SqldApplication - Starting SqldApplication using Java 17.0.11 with PID 89151 (/Users/minboklee/Downloads/sqld/build/classes/java/main started by minboklee in /Users/minboklee/Downloads/sqld)
[2025-10-22 17:13:24.269] [INFO ] [restartedMain] com.sqld_board.sqld.SqldApplication - No active profile set, falling back to 1 default profile: "default"
[2025-10-22 17:13:24.305] [INFO ] [restartedMain] o.s.b.d.restart.ChangeableUrls - The Class-Path manifest attribute in /Users/minboklee/.gradle/caches/modules-2/files-2.1/com.oracle.database.jdbc/ojdbc11/23.7.0.25.01/665f52abef9122ce003b5cfc1d9d44f7302e2cfe/ojdbc11-23.7.0.25.01.jar referenced one or more files that do not exist: file:/Users/minboklee/.gradle/caches/modules-2/files-2.1/com.oracle.database.jdbc/ojdbc11/23.7.0.25.01/665f52abef9122ce003b5cfc1d9d44f7302e2cfe/oraclepki.jar
[2025-10-22 17:13:24.305] [INFO ] [restartedMain] o.s.b.d.e.DevToolsPropertyDefaultsPostProcessor - Devtools property defaults active! Set 'spring.devtools.add-properties' to 'false' to disable
[2025-10-22 17:13:24.305] [INFO ] [restartedMain] o.s.b.d.e.DevToolsPropertyDefaultsPostProcessor - For additional web related logging consider setting the 'logging.level.web' property to 'DEBUG'
[2025-10-22 17:13:25.025] [INFO ] [restartedMain] o.s.b.w.e.tomcat.TomcatWebServer - Tomcat initialized with port 8881 (http)
[2025-10-22 17:13:25.031] [INFO ] [restartedMain] o.a.coyote.http11.Http11NioProtocol - Initializing ProtocolHandler ["http-nio-8881"]
[2025-10-22 17:13:25.032] [INFO ] [restartedMain] o.a.catalina.core.StandardService - Starting service [Tomcat]
[2025-10-22 17:13:25.032] [INFO ] [restartedMain] o.a.catalina.core.StandardEngine - Starting Servlet engine: [Apache Tomcat/10.1.46]
[2025-10-22 17:13:25.051] [INFO ] [restartedMain] o.a.c.c.C.[Tomcat].[localhost].[/] - Initializing Spring embedded WebApplicationContext
[2025-10-22 17:13:25.051] [INFO ] [restartedMain] o.s.b.w.s.c.ServletWebServerApplicationContext - Root WebApplicationContext: initialization completed in 746 ms
[2025-10-22 17:13:25.370] [INFO ] [restartedMain] com.zaxxer.hikari.HikariDataSource - HikariPool-1 - Starting...
[2025-10-22 17:13:25.649] [INFO ] [restartedMain] com.zaxxer.hikari.pool.HikariPool - HikariPool-1 - Added connection net.sf.log4jdbc.sql.jdbcapi.ConnectionSpy@7c1dd1d0
[2025-10-22 17:13:25.650] [INFO ] [restartedMain] com.zaxxer.hikari.HikariDataSource - HikariPool-1 - Start completed.
[2025-10-22 17:13:25.655] [INFO ] [restartedMain] o.s.b.a.h.H2ConsoleAutoConfiguration - H2 console available at '/h2-console'. Database available at 'jdbc:oracle:thin:@175.197.69.42:1521:orcl'
[2025-10-22 17:13:25.686] [INFO ] [restartedMain] o.s.b.d.a.OptionalLiveReloadServer - LiveReload server is running on port 35729
[2025-10-22 17:13:25.698] [INFO ] [restartedMain] o.a.coyote.http11.Http11NioProtocol - Starting ProtocolHandler ["http-nio-8881"]
[2025-10-22 17:13:25.707] [INFO ] [restartedMain] o.s.b.w.e.tomcat.TomcatWebServer - Tomcat started on port 8881 (http) with context path '/'
[2025-10-22 17:13:25.714] [INFO ] [restartedMain] com.sqld_board.sqld.SqldApplication - Started SqldApplication in 2.014 seconds (process running for 2.399)
[2025-10-22 17:13:32.672] [INFO ] [http-nio-8881-exec-1] o.a.c.c.C.[Tomcat].[localhost].[/] - Initializing Spring DispatcherServlet 'dispatcherServlet'
[2025-10-22 17:13:32.675] [INFO ] [http-nio-8881-exec-1] o.s.web.servlet.DispatcherServlet - Initializing Servlet 'dispatcherServlet'
[2025-10-22 17:13:32.679] [INFO ] [http-nio-8881-exec-1] o.s.web.servlet.DispatcherServlet - Completed initialization in 4 ms
[2025-10-22 17:13:33.135] [WARN ] [http-nio-8881-exec-4] o.s.c.s.ResourceBundleMessageSource - ResourceBundle [i18n/validation] not found for MessageSource: Can't find bundle for base name i18n/validation, locale ko_KR
[2025-10-22 17:13:33.150] [WARN ] [http-nio-8881-exec-4] o.s.c.s.ResourceBundleMessageSource - ResourceBundle [i18n/validation] not found for MessageSource: Can't find bundle for base name i18n/validation, locale ko_KR
[2025-10-22 17:13:33.159] [WARN ] [http-nio-8881-exec-4] o.s.c.s.ResourceBundleMessageSource - ResourceBundle [i18n/validation] not found for MessageSource: Can't find bundle for base name i18n/validation, locale ko_KR
[2025-10-22 17:13:33.163] [WARN ] [http-nio-8881-exec-4] o.s.c.s.ResourceBundleMessageSource - ResourceBundle [i18n/validation] not found for MessageSource: Can't find bundle for base name i18n/validation, locale ko_KR
[2025-10-22 17:13:33.167] [INFO ] [http-nio-8881-exec-4] o.s.api.AbstractOpenApiResource - Init duration for springdoc-openapi is: 175 ms
[2025-10-22 17:13:35.920] [INFO ] [http-nio-8881-exec-5] c.s.sqld.exception.ExceptionAdvice - error
org.mybatis.spring.MyBatisSystemException: 
### Error querying database.  Cause: org.apache.ibatis.binding.BindingException: Parameter 'userID' not found. Available parameters are [userId, param1]
### Cause: org.apache.ibatis.binding.BindingException: Parameter 'userID' not found. Available parameters are [userId, param1]
	at org.mybatis.spring.MyBatisExceptionTranslator.translateExceptionIfPossible(MyBatisExceptionTranslator.java:101)
	at org.mybatis.spring.SqlSessionTemplate$SqlSessionInterceptor.invoke(SqlSessionTemplate.java:347)
	at jdk.proxy2/jdk.proxy2.$Proxy86.selectOne(Unknown Source)
	at org.mybatis.spring.SqlSessionTemplate.selectOne(SqlSessionTemplate.java:154)
	at org.apache.ibatis.binding.MapperMethod.execute(MapperMethod.java:87)
	at org.apache.ibatis.binding.MapperProxy$PlainMethodInvoker.invoke(MapperProxy.java:141)
	at org.apache.ibatis.binding.MapperProxy.invoke(MapperProxy.java:86)
	at jdk.proxy3/jdk.proxy3.$Proxy89.readMemberByUsersId(Unknown Source)
	at java.base/jdk.internal.reflect.NativeMethodAccessorImpl.invoke0(Native Method)
	at java.base/jdk.internal.reflect.NativeMethodAccessorImpl.invoke(NativeMethodAccessorImpl.java:77)
	at java.base/jdk.internal.reflect.DelegatingMethodAccessorImpl.invoke(DelegatingMethodAccessorImpl.java:43)
	at java.base/java.lang.reflect.Method.invoke(Method.java:568)
	at org.springframework.aop.support.AopUtils.invokeJoinpointUsingReflection(AopUtils.java:360)
	at org.springframework.aop.framework.ReflectiveMethodInvocation.invokeJoinpoint(ReflectiveMethodInvocation.java:196)
	at org.springframework.aop.framework.ReflectiveMethodInvocation.proceed(ReflectiveMethodInvocation.java:163)
	at org.springframework.dao.support.PersistenceExceptionTranslationInterceptor.invoke(PersistenceExceptionTranslationInterceptor.java:138)
	at org.springframework.aop.framework.ReflectiveMethodInvocation.proceed(ReflectiveMethodInvocation.java:184)
	at org.springframework.aop.framework.JdkDynamicAopProxy.invoke(JdkDynamicAopProxy.java:223)
	at jdk.proxy3/jdk.proxy3.$Proxy90.readMemberByUsersId(Unknown Source)
	at com.sqld_board.sqld.service.sign.SignService.readMemberByUsersId(SignService.java:74)
	at com.sqld_board.sqld.service.sign.SignService.signIn(SignService.java:33)
	at com.sqld_board.sqld.controller.sign.SignController.readMemberByUsersId(SignController.java:28)
	at java.base/jdk.internal.reflect.NativeMethodAccessorImpl.invoke0(Native Method)
	at java.base/jdk.internal.reflect.NativeMethodAccessorImpl.invoke(NativeMethodAccessorImpl.java:77)
	at java.base/jdk.internal.reflect.DelegatingMethodAccessorImpl.invoke(DelegatingMethodAccessorImpl.java:43)
	at java.base/java.lang.reflect.Method.invoke(Method.java:568)
	at org.springframework.web.method.support.InvocableHandlerMethod.doInvoke(InvocableHandlerMethod.java:258)
	at org.springframework.web.method.support.InvocableHandlerMethod.invokeForRequest(InvocableHandlerMethod.java:191)
	at org.springframework.web.servlet.mvc.method.annotation.ServletInvocableHandlerMethod.invokeAndHandle(ServletInvocableHandlerMethod.java:118)
	at org.springframework.web.servlet.mvc.method.annotation.RequestMappingHandlerAdapter.invokeHandlerMethod(RequestMappingHandlerAdapter.java:991)
	at org.springframework.web.servlet.mvc.method.annotation.RequestMappingHandlerAdapter.handleInternal(RequestMappingHandlerAdapter.java:896)
	at org.springframework.web.servlet.mvc.method.AbstractHandlerMethodAdapter.handle(AbstractHandlerMethodAdapter.java:87)
	at org.springframework.web.servlet.DispatcherServlet.doDispatch(DispatcherServlet.java:1089)
	at org.springframework.web.servlet.DispatcherServlet.doService(DispatcherServlet.java:979)
	at org.springframework.web.servlet.FrameworkServlet.processRequest(FrameworkServlet.java:1014)
	at org.springframework.web.servlet.FrameworkServlet.doPost(FrameworkServlet.java:914)
	at jakarta.servlet.http.HttpServlet.service(HttpServlet.java:590)
	at org.springframework.web.servlet.FrameworkServlet.service(FrameworkServlet.java:885)
	at jakarta.servlet.http.HttpServlet.service(HttpServlet.java:658)
	at org.apache.catalina.core.ApplicationFilterChain.internalDoFilter(ApplicationFilterChain.java:195)
	at org.apache.catalina.core.ApplicationFilterChain.doFilter(ApplicationFilterChain.java:140)
	at org.apache.tomcat.websocket.server.WsFilter.doFilter(WsFilter.java:51)
	at org.apache.catalina.core.ApplicationFilterChain.internalDoFilter(ApplicationFilterChain.java:164)
	at org.apache.catalina.core.ApplicationFilterChain.doFilter(ApplicationFilterChain.java:140)
	at org.springframework.web.filter.RequestContextFilter.doFilterInternal(RequestContextFilter.java:100)
	at org.springframework.web.filter.OncePerRequestFilter.doFilter(OncePerRequestFilter.java:116)
	at org.apache.catalina.core.ApplicationFilterChain.internalDoFilter(ApplicationFilterChain.java:164)
	at org.apache.catalina.core.ApplicationFilterChain.doFilter(ApplicationFilterChain.java:140)
	at org.springframework.web.filter.FormContentFilter.doFilterInternal(FormContentFilter.java:93)
	at org.springframework.web.filter.OncePerRequestFilter.doFilter(OncePerRequestFilter.java:116)
	at org.apache.catalina.core.ApplicationFilterChain.internalDoFilter(ApplicationFilterChain.java:164)
	at org.apache.catalina.core.ApplicationFilterChain.doFilter(ApplicationFilterChain.java:140)
	at org.springframework.web.filter.CharacterEncodingFilter.doFilterInternal(CharacterEncodingFilter.java:201)
	at org.springframework.web.filter.OncePerRequestFilter.doFilter(OncePerRequestFilter.java:116)
	at org.apache.catalina.core.ApplicationFilterChain.internalDoFilter(ApplicationFilterChain.java:164)
	at org.apache.catalina.core.ApplicationFilterChain.doFilter(ApplicationFilterChain.java:140)
	at org.apache.catalina.core.StandardWrapperValve.invoke(StandardWrapperValve.java:167)
	at org.apache.catalina.core.StandardContextValve.invoke(StandardContextValve.java:90)
	at org.apache.catalina.authenticator.AuthenticatorBase.invoke(AuthenticatorBase.java:483)
	at org.apache.catalina.core.StandardHostValve.invoke(StandardHostValve.java:116)
	at org.apache.catalina.valves.ErrorReportValve.invoke(ErrorReportValve.java:93)
	at org.apache.catalina.core.StandardEngineValve.invoke(StandardEngineValve.java:74)
	at org.apache.catalina.connector.CoyoteAdapter.service(CoyoteAdapter.java:344)
	at org.apache.coyote.http11.Http11Processor.service(Http11Processor.java:398)
	at org.apache.coyote.AbstractProcessorLight.process(AbstractProcessorLight.java:63)
	at org.apache.coyote.AbstractProtocol$ConnectionHandler.process(AbstractProtocol.java:903)
	at org.apache.tomcat.util.net.NioEndpoint$SocketProcessor.doRun(NioEndpoint.java:1776)
	at org.apache.tomcat.util.net.SocketProcessorBase.run(SocketProcessorBase.java:52)
	at org.apache.tomcat.util.threads.ThreadPoolExecutor.runWorker(ThreadPoolExecutor.java:975)
	at org.apache.tomcat.util.threads.ThreadPoolExecutor$Worker.run(ThreadPoolExecutor.java:493)
	at org.apache.tomcat.util.threads.TaskThread$WrappingRunnable.run(TaskThread.java:63)
	at java.base/java.lang.Thread.run(Thread.java:840)
Caused by: org.apache.ibatis.binding.BindingException: Parameter 'userID' not found. Available parameters are [userId, param1]
	at org.apache.ibatis.binding.MapperMethod$ParamMap.get(MapperMethod.java:210)
	at org.apache.ibatis.reflection.wrapper.MapWrapper.get(MapWrapper.java:46)
	at org.apache.ibatis.reflection.MetaObject.getValue(MetaObject.java:115)
	at org.apache.ibatis.executor.BaseExecutor.createCacheKey(BaseExecutor.java:225)
	at org.apache.ibatis.executor.CachingExecutor.createCacheKey(CachingExecutor.java:149)
	at org.apache.ibatis.executor.CachingExecutor.query(CachingExecutor.java:89)
	at org.apache.ibatis.session.defaults.DefaultSqlSession.selectList(DefaultSqlSession.java:154)
	at org.apache.ibatis.session.defaults.DefaultSqlSession.selectList(DefaultSqlSession.java:147)
	at org.apache.ibatis.session.defaults.DefaultSqlSession.selectList(DefaultSqlSession.java:142)
	at org.apache.ibatis.session.defaults.DefaultSqlSession.selectOne(DefaultSqlSession.java:75)
	at java.base/jdk.internal.reflect.NativeMethodAccessorImpl.invoke0(Native Method)
	at java.base/jdk.internal.reflect.NativeMethodAccessorImpl.invoke(NativeMethodAccessorImpl.java:77)
	at java.base/jdk.internal.reflect.DelegatingMethodAccessorImpl.invoke(DelegatingMethodAccessorImpl.java:43)
	at java.base/java.lang.reflect.Method.invoke(Method.java:568)
	at org.mybatis.spring.SqlSessionTemplate$SqlSessionInterceptor.invoke(SqlSessionTemplate.java:333)
	... 70 common frames omitted
[2025-10-22 17:13:35.921] [WARN ] [http-nio-8881-exec-5] o.s.c.s.ResourceBundleMessageSource - ResourceBundle [i18n/validation] not found for MessageSource: Can't find bundle for base name i18n/validation, locale ko_KR
[2025-10-22 17:13:35.922] [WARN ] [http-nio-8881-exec-5] o.s.w.s.m.m.a.ExceptionHandlerExceptionResolver - Failure in @ExceptionHandler com.sqld_board.sqld.exception.ExceptionAdvice#exception(Exception)
org.springframework.context.NoSuchMessageException: No message found under code 'exception.msg' for locale 'ko_KR'.
	at org.springframework.context.support.AbstractMessageSource.getMessage(AbstractMessageSource.java:166)
	at com.sqld_board.sqld.handler.ResponseHandler.getMessage(ResponseHandler.java:34)
	at com.sqld_board.sqld.handler.ResponseHandler.getFailureResponse(ResponseHandler.java:21)
	at com.sqld_board.sqld.exception.ExceptionAdvice.exception(ExceptionAdvice.java:29)
	at java.base/jdk.internal.reflect.NativeMethodAccessorImpl.invoke0(Native Method)
	at java.base/jdk.internal.reflect.NativeMethodAccessorImpl.invoke(NativeMethodAccessorImpl.java:77)
	at java.base/jdk.internal.reflect.DelegatingMethodAccessorImpl.invoke(DelegatingMethodAccessorImpl.java:43)
	at java.base/java.lang.reflect.Method.invoke(Method.java:568)
	at org.springframework.web.method.support.InvocableHandlerMethod.doInvoke(InvocableHandlerMethod.java:258)
	at org.springframework.web.method.support.InvocableHandlerMethod.invokeForRequest(InvocableHandlerMethod.java:191)
	at org.springframework.web.servlet.mvc.method.annotation.ServletInvocableHandlerMethod.invokeAndHandle(ServletInvocableHandlerMethod.java:118)
	at org.springframework.web.servlet.mvc.method.annotation.ExceptionHandlerExceptionResolver.doResolveHandlerMethodException(ExceptionHandlerExceptionResolver.java:471)
	at org.springframework.web.servlet.handler.AbstractHandlerMethodExceptionResolver.doResolveException(AbstractHandlerMethodExceptionResolver.java:73)
	at org.springframework.web.servlet.handler.AbstractHandlerExceptionResolver.resolveException(AbstractHandlerExceptionResolver.java:182)
	at org.springframework.web.servlet.handler.HandlerExceptionResolverComposite.resolveException(HandlerExceptionResolverComposite.java:80)
	at org.springframework.web.servlet.DispatcherServlet.processHandlerException(DispatcherServlet.java:1360)
	at org.springframework.web.servlet.DispatcherServlet.processDispatchResult(DispatcherServlet.java:1161)
	at org.springframework.web.servlet.DispatcherServlet.doDispatch(DispatcherServlet.java:1106)
	at org.springframework.web.servlet.DispatcherServlet.doService(DispatcherServlet.java:979)
	at org.springframework.web.servlet.FrameworkServlet.processRequest(FrameworkServlet.java:1014)
	at org.springframework.web.servlet.FrameworkServlet.doPost(FrameworkServlet.java:914)
	at jakarta.servlet.http.HttpServlet.service(HttpServlet.java:590)
	at org.springframework.web.servlet.FrameworkServlet.service(FrameworkServlet.java:885)
	at jakarta.servlet.http.HttpServlet.service(HttpServlet.java:658)
	at org.apache.catalina.core.ApplicationFilterChain.internalDoFilter(ApplicationFilterChain.java:195)
	at org.apache.catalina.core.ApplicationFilterChain.doFilter(ApplicationFilterChain.java:140)
	at org.apache.tomcat.websocket.server.WsFilter.doFilter(WsFilter.java:51)
	at org.apache.catalina.core.ApplicationFilterChain.internalDoFilter(ApplicationFilterChain.java:164)
	at org.apache.catalina.core.ApplicationFilterChain.doFilter(ApplicationFilterChain.java:140)
	at org.springframework.web.filter.RequestContextFilter.doFilterInternal(RequestContextFilter.java:100)
	at org.springframework.web.filter.OncePerRequestFilter.doFilter(OncePerRequestFilter.java:116)
	at org.apache.catalina.core.ApplicationFilterChain.internalDoFilter(ApplicationFilterChain.java:164)
	at org.apache.catalina.core.ApplicationFilterChain.doFilter(ApplicationFilterChain.java:140)
	at org.springframework.web.filter.FormContentFilter.doFilterInternal(FormContentFilter.java:93)
	at org.springframework.web.filter.OncePerRequestFilter.doFilter(OncePerRequestFilter.java:116)
	at org.apache.catalina.core.ApplicationFilterChain.internalDoFilter(ApplicationFilterChain.java:164)
	at org.apache.catalina.core.ApplicationFilterChain.doFilter(ApplicationFilterChain.java:140)
	at org.springframework.web.filter.CharacterEncodingFilter.doFilterInternal(CharacterEncodingFilter.java:201)
	at org.springframework.web.filter.OncePerRequestFilter.doFilter(OncePerRequestFilter.java:116)
	at org.apache.catalina.core.ApplicationFilterChain.internalDoFilter(ApplicationFilterChain.java:164)
	at org.apache.catalina.core.ApplicationFilterChain.doFilter(ApplicationFilterChain.java:140)
	at org.apache.catalina.core.StandardWrapperValve.invoke(StandardWrapperValve.java:167)
	at org.apache.catalina.core.StandardContextValve.invoke(StandardContextValve.java:90)
	at org.apache.catalina.authenticator.AuthenticatorBase.invoke(AuthenticatorBase.java:483)
	at org.apache.catalina.core.StandardHostValve.invoke(StandardHostValve.java:116)
	at org.apache.catalina.valves.ErrorReportValve.invoke(ErrorReportValve.java:93)
	at org.apache.catalina.core.StandardEngineValve.invoke(StandardEngineValve.java:74)
	at org.apache.catalina.connector.CoyoteAdapter.service(CoyoteAdapter.java:344)
	at org.apache.coyote.http11.Http11Processor.service(Http11Processor.java:398)
	at org.apache.coyote.AbstractProcessorLight.process(AbstractProcessorLight.java:63)
	at org.apache.coyote.AbstractProtocol$ConnectionHandler.process(AbstractProtocol.java:903)
	at org.apache.tomcat.util.net.NioEndpoint$SocketProcessor.doRun(NioEndpoint.java:1776)
	at org.apache.tomcat.util.net.SocketProcessorBase.run(SocketProcessorBase.java:52)
	at org.apache.tomcat.util.threads.ThreadPoolExecutor.runWorker(ThreadPoolExecutor.java:975)
	at org.apache.tomcat.util.threads.ThreadPoolExecutor$Worker.run(ThreadPoolExecutor.java:493)
	at org.apache.tomcat.util.threads.TaskThread$WrappingRunnable.run(TaskThread.java:63)
	at java.base/java.lang.Thread.run(Thread.java:840)
[2025-10-22 17:13:35.922] [ERROR] [http-nio-8881-exec-5] o.a.c.c.C.[.[.[.[dispatcherServlet] - Servlet.service() for servlet [dispatcherServlet] in context with path [] threw exception [Request processing failed: org.mybatis.spring.MyBatisSystemException: 
### Error querying database.  Cause: org.apache.ibatis.binding.BindingException: Parameter 'userID' not found. Available parameters are [userId, param1]
### Cause: org.apache.ibatis.binding.BindingException: Parameter 'userID' not found. Available parameters are [userId, param1]] with root cause
org.apache.ibatis.binding.BindingException: Parameter 'userID' not found. Available parameters are [userId, param1]
	at org.apache.ibatis.binding.MapperMethod$ParamMap.get(MapperMethod.java:210)
	at org.apache.ibatis.reflection.wrapper.MapWrapper.get(MapWrapper.java:46)
	at org.apache.ibatis.reflection.MetaObject.getValue(MetaObject.java:115)
	at org.apache.ibatis.executor.BaseExecutor.createCacheKey(BaseExecutor.java:225)
	at org.apache.ibatis.executor.CachingExecutor.createCacheKey(CachingExecutor.java:149)
	at org.apache.ibatis.executor.CachingExecutor.query(CachingExecutor.java:89)
	at org.apache.ibatis.session.defaults.DefaultSqlSession.selectList(DefaultSqlSession.java:154)
	at org.apache.ibatis.session.defaults.DefaultSqlSession.selectList(DefaultSqlSession.java:147)
	at org.apache.ibatis.session.defaults.DefaultSqlSession.selectList(DefaultSqlSession.java:142)
	at org.apache.ibatis.session.defaults.DefaultSqlSession.selectOne(DefaultSqlSession.java:75)
	at java.base/jdk.internal.reflect.NativeMethodAccessorImpl.invoke0(Native Method)
	at java.base/jdk.internal.reflect.NativeMethodAccessorImpl.invoke(NativeMethodAccessorImpl.java:77)
	at java.base/jdk.internal.reflect.DelegatingMethodAccessorImpl.invoke(DelegatingMethodAccessorImpl.java:43)
	at java.base/java.lang.reflect.Method.invoke(Method.java:568)
	at org.mybatis.spring.SqlSessionTemplate$SqlSessionInterceptor.invoke(SqlSessionTemplate.java:333)
	at jdk.proxy2/jdk.proxy2.$Proxy86.selectOne(Unknown Source)
	at org.mybatis.spring.SqlSessionTemplate.selectOne(SqlSessionTemplate.java:154)
	at org.apache.ibatis.binding.MapperMethod.execute(MapperMethod.java:87)
	at org.apache.ibatis.binding.MapperProxy$PlainMethodInvoker.invoke(MapperProxy.java:141)
	at org.apache.ibatis.binding.MapperProxy.invoke(MapperProxy.java:86)
	at jdk.proxy3/jdk.proxy3.$Proxy89.readMemberByUsersId(Unknown Source)
	at java.base/jdk.internal.reflect.NativeMethodAccessorImpl.invoke0(Native Method)
	at java.base/jdk.internal.reflect.NativeMethodAccessorImpl.invoke(NativeMethodAccessorImpl.java:77)
	at java.base/jdk.internal.reflect.DelegatingMethodAccessorImpl.invoke(DelegatingMethodAccessorImpl.java:43)
	at java.base/java.lang.reflect.Method.invoke(Method.java:568)
	at org.springframework.aop.support.AopUtils.invokeJoinpointUsingReflection(AopUtils.java:360)
	at org.springframework.aop.framework.ReflectiveMethodInvocation.invokeJoinpoint(ReflectiveMethodInvocation.java:196)
	at org.springframework.aop.framework.ReflectiveMethodInvocation.proceed(ReflectiveMethodInvocation.java:163)
	at org.springframework.dao.support.PersistenceExceptionTranslationInterceptor.invoke(PersistenceExceptionTranslationInterceptor.java:138)
	at org.springframework.aop.framework.ReflectiveMethodInvocation.proceed(ReflectiveMethodInvocation.java:184)
	at org.springframework.aop.framework.JdkDynamicAopProxy.invoke(JdkDynamicAopProxy.java:223)
	at jdk.proxy3/jdk.proxy3.$Proxy90.readMemberByUsersId(Unknown Source)
	at com.sqld_board.sqld.service.sign.SignService.readMemberByUsersId(SignService.java:74)
	at com.sqld_board.sqld.service.sign.SignService.signIn(SignService.java:33)
	at com.sqld_board.sqld.controller.sign.SignController.readMemberByUsersId(SignController.java:28)
	at java.base/jdk.internal.reflect.NativeMethodAccessorImpl.invoke0(Native Method)
	at java.base/jdk.internal.reflect.NativeMethodAccessorImpl.invoke(NativeMethodAccessorImpl.java:77)
	at java.base/jdk.internal.reflect.DelegatingMethodAccessorImpl.invoke(DelegatingMethodAccessorImpl.java:43)
	at java.base/java.lang.reflect.Method.invoke(Method.java:568)
	at org.springframework.web.method.support.InvocableHandlerMethod.doInvoke(InvocableHandlerMethod.java:258)
	at org.springframework.web.method.support.InvocableHandlerMethod.invokeForRequest(InvocableHandlerMethod.java:191)
	at org.springframework.web.servlet.mvc.method.annotation.ServletInvocableHandlerMethod.invokeAndHandle(ServletInvocableHandlerMethod.java:118)
	at org.springframework.web.servlet.mvc.method.annotation.RequestMappingHandlerAdapter.invokeHandlerMethod(RequestMappingHandlerAdapter.java:991)
	at org.springframework.web.servlet.mvc.method.annotation.RequestMappingHandlerAdapter.handleInternal(RequestMappingHandlerAdapter.java:896)
	at org.springframework.web.servlet.mvc.method.AbstractHandlerMethodAdapter.handle(AbstractHandlerMethodAdapter.java:87)
	at org.springframework.web.servlet.DispatcherServlet.doDispatch(DispatcherServlet.java:1089)
	at org.springframework.web.servlet.DispatcherServlet.doService(DispatcherServlet.java:979)
	at org.springframework.web.servlet.FrameworkServlet.processRequest(FrameworkServlet.java:1014)
	at org.springframework.web.servlet.FrameworkServlet.doPost(FrameworkServlet.java:914)
	at jakarta.servlet.http.HttpServlet.service(HttpServlet.java:590)
	at org.springframework.web.servlet.FrameworkServlet.service(FrameworkServlet.java:885)
	at jakarta.servlet.http.HttpServlet.service(HttpServlet.java:658)
	at org.apache.catalina.core.ApplicationFilterChain.internalDoFilter(ApplicationFilterChain.java:195)
	at org.apache.catalina.core.ApplicationFilterChain.doFilter(ApplicationFilterChain.java:140)
	at org.apache.tomcat.websocket.server.WsFilter.doFilter(WsFilter.java:51)
	at org.apache.catalina.core.ApplicationFilterChain.internalDoFilter(ApplicationFilterChain.java:164)
	at org.apache.catalina.core.ApplicationFilterChain.doFilter(ApplicationFilterChain.java:140)
	at org.springframework.web.filter.RequestContextFilter.doFilterInternal(RequestContextFilter.java:100)
	at org.springframework.web.filter.OncePerRequestFilter.doFilter(OncePerRequestFilter.java:116)
	at org.apache.catalina.core.ApplicationFilterChain.internalDoFilter(ApplicationFilterChain.java:164)
	at org.apache.catalina.core.ApplicationFilterChain.doFilter(ApplicationFilterChain.java:140)
	at org.springframework.web.filter.FormContentFilter.doFilterInternal(FormContentFilter.java:93)
	at org.springframework.web.filter.OncePerRequestFilter.doFilter(OncePerRequestFilter.java:116)
	at org.apache.catalina.core.ApplicationFilterChain.internalDoFilter(ApplicationFilterChain.java:164)
	at org.apache.catalina.core.ApplicationFilterChain.doFilter(ApplicationFilterChain.java:140)
	at org.springframework.web.filter.CharacterEncodingFilter.doFilterInternal(CharacterEncodingFilter.java:201)
	at org.springframework.web.filter.OncePerRequestFilter.doFilter(OncePerRequestFilter.java:116)
	at org.apache.catalina.core.ApplicationFilterChain.internalDoFilter(ApplicationFilterChain.java:164)
	at org.apache.catalina.core.ApplicationFilterChain.doFilter(ApplicationFilterChain.java:140)
	at org.apache.catalina.core.StandardWrapperValve.invoke(StandardWrapperValve.java:167)
	at org.apache.catalina.core.StandardContextValve.invoke(StandardContextValve.java:90)
	at org.apache.catalina.authenticator.AuthenticatorBase.invoke(AuthenticatorBase.java:483)
	at org.apache.catalina.core.StandardHostValve.invoke(StandardHostValve.java:116)
	at org.apache.catalina.valves.ErrorReportValve.invoke(ErrorReportValve.java:93)
	at org.apache.catalina.core.StandardEngineValve.invoke(StandardEngineValve.java:74)
	at org.apache.catalina.connector.CoyoteAdapter.service(CoyoteAdapter.java:344)
	at org.apache.coyote.http11.Http11Processor.service(Http11Processor.java:398)
	at org.apache.coyote.AbstractProcessorLight.process(AbstractProcessorLight.java:63)
	at org.apache.coyote.AbstractProtocol$ConnectionHandler.process(AbstractProtocol.java:903)
	at org.apache.tomcat.util.net.NioEndpoint$SocketProcessor.doRun(NioEndpoint.java:1776)
	at org.apache.tomcat.util.net.SocketProcessorBase.run(SocketProcessorBase.java:52)
	at org.apache.tomcat.util.threads.ThreadPoolExecutor.runWorker(ThreadPoolExecutor.java:975)
	at org.apache.tomcat.util.threads.ThreadPoolExecutor$Worker.run(ThreadPoolExecutor.java:493)
	at org.apache.tomcat.util.threads.TaskThread$WrappingRunnable.run(TaskThread.java:63)
	at java.base/java.lang.Thread.run(Thread.java:840)
[2025-10-22 17:14:30.114] [INFO ] [SpringApplicationShutdownHook] o.s.b.w.e.tomcat.GracefulShutdown - Commencing graceful shutdown. Waiting for active requests to complete
[2025-10-22 17:14:30.126] [INFO ] [tomcat-shutdown] o.s.b.w.e.tomcat.GracefulShutdown - Graceful shutdown complete
[2025-10-22 17:14:30.133] [INFO ] [SpringApplicationShutdownHook] com.zaxxer.hikari.HikariDataSource - HikariPool-1 - Shutdown initiated...
[2025-10-22 17:14:30.247] [INFO ] [SpringApplicationShutdownHook] com.zaxxer.hikari.HikariDataSource - HikariPool-1 - Shutdown completed.
[2025-10-22 17:14:32.565] [INFO ] [background-preinit] o.h.validator.internal.util.Version - HV000001: Hibernate Validator 8.0.3.Final
[2025-10-22 17:14:32.627] [INFO ] [restartedMain] com.sqld_board.sqld.SqldApplication - Starting SqldApplication using Java 17.0.11 with PID 89175 (/Users/minboklee/Downloads/sqld/build/classes/java/main started by minboklee in /Users/minboklee/Downloads/sqld)
[2025-10-22 17:14:32.628] [INFO ] [restartedMain] com.sqld_board.sqld.SqldApplication - No active profile set, falling back to 1 default profile: "default"
[2025-10-22 17:14:32.664] [INFO ] [restartedMain] o.s.b.d.restart.ChangeableUrls - The Class-Path manifest attribute in /Users/minboklee/.gradle/caches/modules-2/files-2.1/com.oracle.database.jdbc/ojdbc11/23.7.0.25.01/665f52abef9122ce003b5cfc1d9d44f7302e2cfe/ojdbc11-23.7.0.25.01.jar referenced one or more files that do not exist: file:/Users/minboklee/.gradle/caches/modules-2/files-2.1/com.oracle.database.jdbc/ojdbc11/23.7.0.25.01/665f52abef9122ce003b5cfc1d9d44f7302e2cfe/oraclepki.jar
[2025-10-22 17:14:32.665] [INFO ] [restartedMain] o.s.b.d.e.DevToolsPropertyDefaultsPostProcessor - Devtools property defaults active! Set 'spring.devtools.add-properties' to 'false' to disable
[2025-10-22 17:14:32.665] [INFO ] [restartedMain] o.s.b.d.e.DevToolsPropertyDefaultsPostProcessor - For additional web related logging consider setting the 'logging.level.web' property to 'DEBUG'
[2025-10-22 17:14:33.624] [INFO ] [restartedMain] o.s.b.w.e.tomcat.TomcatWebServer - Tomcat initialized with port 8881 (http)
[2025-10-22 17:14:33.632] [INFO ] [restartedMain] o.a.coyote.http11.Http11NioProtocol - Initializing ProtocolHandler ["http-nio-8881"]
[2025-10-22 17:14:33.632] [INFO ] [restartedMain] o.a.catalina.core.StandardService - Starting service [Tomcat]
[2025-10-22 17:14:33.632] [INFO ] [restartedMain] o.a.catalina.core.StandardEngine - Starting Servlet engine: [Apache Tomcat/10.1.46]
[2025-10-22 17:14:33.655] [INFO ] [restartedMain] o.a.c.c.C.[Tomcat].[localhost].[/] - Initializing Spring embedded WebApplicationContext
[2025-10-22 17:14:33.656] [INFO ] [restartedMain] o.s.b.w.s.c.ServletWebServerApplicationContext - Root WebApplicationContext: initialization completed in 991 ms
[2025-10-22 17:14:34.018] [INFO ] [restartedMain] com.zaxxer.hikari.HikariDataSource - HikariPool-1 - Starting...
[2025-10-22 17:14:34.707] [INFO ] [restartedMain] com.zaxxer.hikari.pool.HikariPool - HikariPool-1 - Added connection net.sf.log4jdbc.sql.jdbcapi.ConnectionSpy@1df3b6c2
[2025-10-22 17:14:34.710] [INFO ] [restartedMain] com.zaxxer.hikari.HikariDataSource - HikariPool-1 - Start completed.
[2025-10-22 17:14:34.720] [INFO ] [restartedMain] o.s.b.a.h.H2ConsoleAutoConfiguration - H2 console available at '/h2-console'. Database available at 'jdbc:oracle:thin:@175.197.69.42:1521:orcl'
[2025-10-22 17:14:34.768] [INFO ] [restartedMain] o.s.b.d.a.OptionalLiveReloadServer - LiveReload server is running on port 35729
[2025-10-22 17:14:34.782] [INFO ] [restartedMain] o.a.coyote.http11.Http11NioProtocol - Starting ProtocolHandler ["http-nio-8881"]
[2025-10-22 17:14:34.793] [INFO ] [restartedMain] o.s.b.w.e.tomcat.TomcatWebServer - Tomcat started on port 8881 (http) with context path '/'
[2025-10-22 17:14:34.800] [INFO ] [restartedMain] com.sqld_board.sqld.SqldApplication - Started SqldApplication in 2.698 seconds (process running for 3.286)
[2025-10-22 17:14:39.206] [INFO ] [SpringApplicationShutdownHook] o.s.b.w.e.tomcat.GracefulShutdown - Commencing graceful shutdown. Waiting for active requests to complete
[2025-10-22 17:14:39.213] [INFO ] [tomcat-shutdown] o.s.b.w.e.tomcat.GracefulShutdown - Graceful shutdown complete
[2025-10-22 17:14:39.219] [INFO ] [SpringApplicationShutdownHook] com.zaxxer.hikari.HikariDataSource - HikariPool-1 - Shutdown initiated...
[2025-10-22 17:14:39.546] [INFO ] [SpringApplicationShutdownHook] com.zaxxer.hikari.HikariDataSource - HikariPool-1 - Shutdown completed.
[2025-10-22 17:14:41.114] [INFO ] [background-preinit] o.h.validator.internal.util.Version - HV000001: Hibernate Validator 8.0.3.Final
[2025-10-22 17:14:41.136] [INFO ] [restartedMain] com.sqld_board.sqld.SqldApplication - Starting SqldApplication using Java 17.0.11 with PID 89203 (/Users/minboklee/Downloads/sqld/build/classes/java/main started by minboklee in /Users/minboklee/Downloads/sqld)
[2025-10-22 17:14:41.136] [INFO ] [restartedMain] com.sqld_board.sqld.SqldApplication - No active profile set, falling back to 1 default profile: "default"
[2025-10-22 17:14:41.152] [INFO ] [restartedMain] o.s.b.d.restart.ChangeableUrls - The Class-Path manifest attribute in /Users/minboklee/.gradle/caches/modules-2/files-2.1/com.oracle.database.jdbc/ojdbc11/23.7.0.25.01/665f52abef9122ce003b5cfc1d9d44f7302e2cfe/ojdbc11-23.7.0.25.01.jar referenced one or more files that do not exist: file:/Users/minboklee/.gradle/caches/modules-2/files-2.1/com.oracle.database.jdbc/ojdbc11/23.7.0.25.01/665f52abef9122ce003b5cfc1d9d44f7302e2cfe/oraclepki.jar
[2025-10-22 17:14:41.152] [INFO ] [restartedMain] o.s.b.d.e.DevToolsPropertyDefaultsPostProcessor - Devtools property defaults active! Set 'spring.devtools.add-properties' to 'false' to disable
[2025-10-22 17:14:41.152] [INFO ] [restartedMain] o.s.b.d.e.DevToolsPropertyDefaultsPostProcessor - For additional web related logging consider setting the 'logging.level.web' property to 'DEBUG'
[2025-10-22 17:14:41.686] [INFO ] [restartedMain] o.s.b.w.e.tomcat.TomcatWebServer - Tomcat initialized with port 8881 (http)
[2025-10-22 17:14:41.692] [INFO ] [restartedMain] o.a.coyote.http11.Http11NioProtocol - Initializing ProtocolHandler ["http-nio-8881"]
[2025-10-22 17:14:41.692] [INFO ] [restartedMain] o.a.catalina.core.StandardService - Starting service [Tomcat]
[2025-10-22 17:14:41.692] [INFO ] [restartedMain] o.a.catalina.core.StandardEngine - Starting Servlet engine: [Apache Tomcat/10.1.46]
[2025-10-22 17:14:41.711] [INFO ] [restartedMain] o.a.c.c.C.[Tomcat].[localhost].[/] - Initializing Spring embedded WebApplicationContext
[2025-10-22 17:14:41.711] [INFO ] [restartedMain] o.s.b.w.s.c.ServletWebServerApplicationContext - Root WebApplicationContext: initialization completed in 559 ms
[2025-10-22 17:14:42.033] [INFO ] [restartedMain] com.zaxxer.hikari.HikariDataSource - HikariPool-1 - Starting...
[2025-10-22 17:14:42.565] [INFO ] [restartedMain] com.zaxxer.hikari.pool.HikariPool - HikariPool-1 - Added connection net.sf.log4jdbc.sql.jdbcapi.ConnectionSpy@4c59b4fd
[2025-10-22 17:14:42.566] [INFO ] [restartedMain] com.zaxxer.hikari.HikariDataSource - HikariPool-1 - Start completed.
[2025-10-22 17:14:42.571] [INFO ] [restartedMain] o.s.b.a.h.H2ConsoleAutoConfiguration - H2 console available at '/h2-console'. Database available at 'jdbc:oracle:thin:@175.197.69.42:1521:orcl'
[2025-10-22 17:14:42.600] [INFO ] [restartedMain] o.s.b.d.a.OptionalLiveReloadServer - LiveReload server is running on port 35729
[2025-10-22 17:14:42.611] [INFO ] [restartedMain] o.a.coyote.http11.Http11NioProtocol - Starting ProtocolHandler ["http-nio-8881"]
[2025-10-22 17:14:42.620] [INFO ] [restartedMain] o.s.b.w.e.tomcat.TomcatWebServer - Tomcat started on port 8881 (http) with context path '/'
[2025-10-22 17:14:42.628] [INFO ] [restartedMain] com.sqld_board.sqld.SqldApplication - Started SqldApplication in 1.709 seconds (process running for 2.047)
[2025-10-22 17:15:02.610] [INFO ] [http-nio-8881-exec-1] o.a.c.c.C.[Tomcat].[localhost].[/] - Initializing Spring DispatcherServlet 'dispatcherServlet'
[2025-10-22 17:15:02.611] [INFO ] [http-nio-8881-exec-1] o.s.web.servlet.DispatcherServlet - Initializing Servlet 'dispatcherServlet'
[2025-10-22 17:15:02.616] [INFO ] [http-nio-8881-exec-1] o.s.web.servlet.DispatcherServlet - Completed initialization in 5 ms
[2025-10-22 17:15:02.729] [INFO ] [http-nio-8881-exec-1] jdbc.sqlonly - SELECT 1
          FROM MEMBER_INFO
         WHERE USER_ID = 'string'
          AND RowNum = 1

[2025-10-22 17:15:02.866] [INFO ] [http-nio-8881-exec-1] jdbc.resultsettable - 
|--|
|1 |
|--|
|--|

[2025-10-22 17:15:02.870] [INFO ] [http-nio-8881-exec-1] c.s.sqld.exception.ExceptionAdvice - MemberNotFoundException
com.sqld_board.sqld.exception.common.MemberNotFoundException: null
	at java.base/java.util.Optional.orElseThrow(Optional.java:403)
	at com.sqld_board.sqld.service.sign.SignService.readMemberByUsersId(SignService.java:74)
	at com.sqld_board.sqld.service.sign.SignService.signIn(SignService.java:33)
	at com.sqld_board.sqld.controller.sign.SignController.readMemberByUsersId(SignController.java:28)
	at java.base/jdk.internal.reflect.NativeMethodAccessorImpl.invoke0(Native Method)
	at java.base/jdk.internal.reflect.NativeMethodAccessorImpl.invoke(NativeMethodAccessorImpl.java:77)
	at java.base/jdk.internal.reflect.DelegatingMethodAccessorImpl.invoke(DelegatingMethodAccessorImpl.java:43)
	at java.base/java.lang.reflect.Method.invoke(Method.java:568)
	at org.springframework.web.method.support.InvocableHandlerMethod.doInvoke(InvocableHandlerMethod.java:258)
	at org.springframework.web.method.support.InvocableHandlerMethod.invokeForRequest(InvocableHandlerMethod.java:191)
	at org.springframework.web.servlet.mvc.method.annotation.ServletInvocableHandlerMethod.invokeAndHandle(ServletInvocableHandlerMethod.java:118)
	at org.springframework.web.servlet.mvc.method.annotation.RequestMappingHandlerAdapter.invokeHandlerMethod(RequestMappingHandlerAdapter.java:991)
	at org.springframework.web.servlet.mvc.method.annotation.RequestMappingHandlerAdapter.handleInternal(RequestMappingHandlerAdapter.java:896)
	at org.springframework.web.servlet.mvc.method.AbstractHandlerMethodAdapter.handle(AbstractHandlerMethodAdapter.java:87)
	at org.springframework.web.servlet.DispatcherServlet.doDispatch(DispatcherServlet.java:1089)
	at org.springframework.web.servlet.DispatcherServlet.doService(DispatcherServlet.java:979)
	at org.springframework.web.servlet.FrameworkServlet.processRequest(FrameworkServlet.java:1014)
	at org.springframework.web.servlet.FrameworkServlet.doPost(FrameworkServlet.java:914)
	at jakarta.servlet.http.HttpServlet.service(HttpServlet.java:590)
	at org.springframework.web.servlet.FrameworkServlet.service(FrameworkServlet.java:885)
	at jakarta.servlet.http.HttpServlet.service(HttpServlet.java:658)
	at org.apache.catalina.core.ApplicationFilterChain.internalDoFilter(ApplicationFilterChain.java:195)
	at org.apache.catalina.core.ApplicationFilterChain.doFilter(ApplicationFilterChain.java:140)
	at org.apache.tomcat.websocket.server.WsFilter.doFilter(WsFilter.java:51)
	at org.apache.catalina.core.ApplicationFilterChain.internalDoFilter(ApplicationFilterChain.java:164)
	at org.apache.catalina.core.ApplicationFilterChain.doFilter(ApplicationFilterChain.java:140)
	at org.springframework.web.filter.RequestContextFilter.doFilterInternal(RequestContextFilter.java:100)
	at org.springframework.web.filter.OncePerRequestFilter.doFilter(OncePerRequestFilter.java:116)
	at org.apache.catalina.core.ApplicationFilterChain.internalDoFilter(ApplicationFilterChain.java:164)
	at org.apache.catalina.core.ApplicationFilterChain.doFilter(ApplicationFilterChain.java:140)
	at org.springframework.web.filter.FormContentFilter.doFilterInternal(FormContentFilter.java:93)
	at org.springframework.web.filter.OncePerRequestFilter.doFilter(OncePerRequestFilter.java:116)
	at org.apache.catalina.core.ApplicationFilterChain.internalDoFilter(ApplicationFilterChain.java:164)
	at org.apache.catalina.core.ApplicationFilterChain.doFilter(ApplicationFilterChain.java:140)
	at org.springframework.web.filter.CharacterEncodingFilter.doFilterInternal(CharacterEncodingFilter.java:201)
	at org.springframework.web.filter.OncePerRequestFilter.doFilter(OncePerRequestFilter.java:116)
	at org.apache.catalina.core.ApplicationFilterChain.internalDoFilter(ApplicationFilterChain.java:164)
	at org.apache.catalina.core.ApplicationFilterChain.doFilter(ApplicationFilterChain.java:140)
	at org.apache.catalina.core.StandardWrapperValve.invoke(StandardWrapperValve.java:167)
	at org.apache.catalina.core.StandardContextValve.invoke(StandardContextValve.java:90)
	at org.apache.catalina.authenticator.AuthenticatorBase.invoke(AuthenticatorBase.java:483)
	at org.apache.catalina.core.StandardHostValve.invoke(StandardHostValve.java:116)
	at org.apache.catalina.valves.ErrorReportValve.invoke(ErrorReportValve.java:93)
	at org.apache.catalina.core.StandardEngineValve.invoke(StandardEngineValve.java:74)
	at org.apache.catalina.connector.CoyoteAdapter.service(CoyoteAdapter.java:344)
	at org.apache.coyote.http11.Http11Processor.service(Http11Processor.java:398)
	at org.apache.coyote.AbstractProcessorLight.process(AbstractProcessorLight.java:63)
	at org.apache.coyote.AbstractProtocol$ConnectionHandler.process(AbstractProtocol.java:903)
	at org.apache.tomcat.util.net.NioEndpoint$SocketProcessor.doRun(NioEndpoint.java:1776)
	at org.apache.tomcat.util.net.SocketProcessorBase.run(SocketProcessorBase.java:52)
	at org.apache.tomcat.util.threads.ThreadPoolExecutor.runWorker(ThreadPoolExecutor.java:975)
	at org.apache.tomcat.util.threads.ThreadPoolExecutor$Worker.run(ThreadPoolExecutor.java:493)
	at org.apache.tomcat.util.threads.TaskThread$WrappingRunnable.run(TaskThread.java:63)
	at java.base/java.lang.Thread.run(Thread.java:840)
[2025-10-22 17:15:02.890] [WARN ] [http-nio-8881-exec-1] o.s.w.s.m.m.a.ExceptionHandlerExceptionResolver - Resolved [com.sqld_board.sqld.exception.common.MemberNotFoundException]
[2025-10-22 17:16:28.711] [INFO ] [SpringApplicationShutdownHook] o.s.b.w.e.tomcat.GracefulShutdown - Commencing graceful shutdown. Waiting for active requests to complete
[2025-10-22 17:16:28.720] [INFO ] [tomcat-shutdown] o.s.b.w.e.tomcat.GracefulShutdown - Graceful shutdown complete
[2025-10-22 17:16:28.731] [INFO ] [SpringApplicationShutdownHook] com.zaxxer.hikari.HikariDataSource - HikariPool-1 - Shutdown initiated...
[2025-10-22 17:16:28.853] [INFO ] [SpringApplicationShutdownHook] com.zaxxer.hikari.HikariDataSource - HikariPool-1 - Shutdown completed.
[2025-10-22 17:16:30.825] [INFO ] [background-preinit] o.h.validator.internal.util.Version - HV000001: Hibernate Validator 8.0.3.Final
[2025-10-22 17:16:30.847] [INFO ] [restartedMain] com.sqld_board.sqld.SqldApplication - Starting SqldApplication using Java 17.0.11 with PID 89375 (/Users/minboklee/Downloads/sqld/build/classes/java/main started by minboklee in /Users/minboklee/Downloads/sqld)
[2025-10-22 17:16:30.848] [INFO ] [restartedMain] com.sqld_board.sqld.SqldApplication - No active profile set, falling back to 1 default profile: "default"
[2025-10-22 17:16:30.864] [INFO ] [restartedMain] o.s.b.d.restart.ChangeableUrls - The Class-Path manifest attribute in /Users/minboklee/.gradle/caches/modules-2/files-2.1/com.oracle.database.jdbc/ojdbc11/23.7.0.25.01/665f52abef9122ce003b5cfc1d9d44f7302e2cfe/ojdbc11-23.7.0.25.01.jar referenced one or more files that do not exist: file:/Users/minboklee/.gradle/caches/modules-2/files-2.1/com.oracle.database.jdbc/ojdbc11/23.7.0.25.01/665f52abef9122ce003b5cfc1d9d44f7302e2cfe/oraclepki.jar
[2025-10-22 17:16:30.864] [INFO ] [restartedMain] o.s.b.d.e.DevToolsPropertyDefaultsPostProcessor - Devtools property defaults active! Set 'spring.devtools.add-properties' to 'false' to disable
[2025-10-22 17:16:30.865] [INFO ] [restartedMain] o.s.b.d.e.DevToolsPropertyDefaultsPostProcessor - For additional web related logging consider setting the 'logging.level.web' property to 'DEBUG'
[2025-10-22 17:16:31.459] [INFO ] [restartedMain] o.s.b.w.e.tomcat.TomcatWebServer - Tomcat initialized with port 8881 (http)
[2025-10-22 17:16:31.465] [INFO ] [restartedMain] o.a.coyote.http11.Http11NioProtocol - Initializing ProtocolHandler ["http-nio-8881"]
[2025-10-22 17:16:31.466] [INFO ] [restartedMain] o.a.catalina.core.StandardService - Starting service [Tomcat]
[2025-10-22 17:16:31.466] [INFO ] [restartedMain] o.a.catalina.core.StandardEngine - Starting Servlet engine: [Apache Tomcat/10.1.46]
[2025-10-22 17:16:31.488] [INFO ] [restartedMain] o.a.c.c.C.[Tomcat].[localhost].[/] - Initializing Spring embedded WebApplicationContext
[2025-10-22 17:16:31.489] [INFO ] [restartedMain] o.s.b.w.s.c.ServletWebServerApplicationContext - Root WebApplicationContext: initialization completed in 624 ms
[2025-10-22 17:16:31.828] [INFO ] [restartedMain] com.zaxxer.hikari.HikariDataSource - HikariPool-1 - Starting...
[2025-10-22 17:16:32.158] [INFO ] [restartedMain] com.zaxxer.hikari.pool.HikariPool - HikariPool-1 - Added connection net.sf.log4jdbc.sql.jdbcapi.ConnectionSpy@3ed49aee
[2025-10-22 17:16:32.158] [INFO ] [restartedMain] com.zaxxer.hikari.HikariDataSource - HikariPool-1 - Start completed.
[2025-10-22 17:16:32.163] [INFO ] [restartedMain] o.s.b.a.h.H2ConsoleAutoConfiguration - H2 console available at '/h2-console'. Database available at 'jdbc:oracle:thin:@175.197.69.42:1521:orcl'
[2025-10-22 17:16:32.189] [INFO ] [restartedMain] o.s.b.d.a.OptionalLiveReloadServer - LiveReload server is running on port 35729
[2025-10-22 17:16:32.199] [INFO ] [restartedMain] o.a.coyote.http11.Http11NioProtocol - Starting ProtocolHandler ["http-nio-8881"]
[2025-10-22 17:16:32.209] [INFO ] [restartedMain] o.s.b.w.e.tomcat.TomcatWebServer - Tomcat started on port 8881 (http) with context path '/'
[2025-10-22 17:16:32.215] [INFO ] [restartedMain] com.sqld_board.sqld.SqldApplication - Started SqldApplication in 1.621 seconds (process running for 2.008)
[2025-10-22 17:16:38.842] [INFO ] [http-nio-8881-exec-1] o.a.c.c.C.[Tomcat].[localhost].[/] - Initializing Spring DispatcherServlet 'dispatcherServlet'
[2025-10-22 17:16:38.844] [INFO ] [http-nio-8881-exec-1] o.s.web.servlet.DispatcherServlet - Initializing Servlet 'dispatcherServlet'
[2025-10-22 17:16:38.856] [INFO ] [http-nio-8881-exec-1] o.s.web.servlet.DispatcherServlet - Completed initialization in 12 ms
[2025-10-22 17:16:39.077] [INFO ] [http-nio-8881-exec-1] jdbc.sqlonly - SELECT 1
          FROM MEMBER_INFO
         WHERE USER_ID = 'string'
          AND RowNum = 1

[2025-10-22 17:16:39.130] [INFO ] [http-nio-8881-exec-1] jdbc.resultsettable - 
|--|
|1 |
|--|
|--|

[2025-10-22 17:16:39.134] [INFO ] [http-nio-8881-exec-1] c.s.sqld.exception.ExceptionAdvice - MemberNotFoundException
com.sqld_board.sqld.exception.common.MemberNotFoundException: null
	at java.base/java.util.Optional.orElseThrow(Optional.java:403)
	at com.sqld_board.sqld.service.sign.SignService.readMemberByUsersId(SignService.java:74)
	at com.sqld_board.sqld.service.sign.SignService.signIn(SignService.java:33)
	at com.sqld_board.sqld.controller.sign.SignController.readMemberByUsersId(SignController.java:28)
	at java.base/jdk.internal.reflect.NativeMethodAccessorImpl.invoke0(Native Method)
	at java.base/jdk.internal.reflect.NativeMethodAccessorImpl.invoke(NativeMethodAccessorImpl.java:77)
	at java.base/jdk.internal.reflect.DelegatingMethodAccessorImpl.invoke(DelegatingMethodAccessorImpl.java:43)
	at java.base/java.lang.reflect.Method.invoke(Method.java:568)
	at org.springframework.web.method.support.InvocableHandlerMethod.doInvoke(InvocableHandlerMethod.java:258)
	at org.springframework.web.method.support.InvocableHandlerMethod.invokeForRequest(InvocableHandlerMethod.java:191)
	at org.springframework.web.servlet.mvc.method.annotation.ServletInvocableHandlerMethod.invokeAndHandle(ServletInvocableHandlerMethod.java:118)
	at org.springframework.web.servlet.mvc.method.annotation.RequestMappingHandlerAdapter.invokeHandlerMethod(RequestMappingHandlerAdapter.java:991)
	at org.springframework.web.servlet.mvc.method.annotation.RequestMappingHandlerAdapter.handleInternal(RequestMappingHandlerAdapter.java:896)
	at org.springframework.web.servlet.mvc.method.AbstractHandlerMethodAdapter.handle(AbstractHandlerMethodAdapter.java:87)
	at org.springframework.web.servlet.DispatcherServlet.doDispatch(DispatcherServlet.java:1089)
	at org.springframework.web.servlet.DispatcherServlet.doService(DispatcherServlet.java:979)
	at org.springframework.web.servlet.FrameworkServlet.processRequest(FrameworkServlet.java:1014)
	at org.springframework.web.servlet.FrameworkServlet.doPost(FrameworkServlet.java:914)
	at jakarta.servlet.http.HttpServlet.service(HttpServlet.java:590)
	at org.springframework.web.servlet.FrameworkServlet.service(FrameworkServlet.java:885)
	at jakarta.servlet.http.HttpServlet.service(HttpServlet.java:658)
	at org.apache.catalina.core.ApplicationFilterChain.internalDoFilter(ApplicationFilterChain.java:195)
	at org.apache.catalina.core.ApplicationFilterChain.doFilter(ApplicationFilterChain.java:140)
	at org.apache.tomcat.websocket.server.WsFilter.doFilter(WsFilter.java:51)
	at org.apache.catalina.core.ApplicationFilterChain.internalDoFilter(ApplicationFilterChain.java:164)
	at org.apache.catalina.core.ApplicationFilterChain.doFilter(ApplicationFilterChain.java:140)
	at org.springframework.web.filter.RequestContextFilter.doFilterInternal(RequestContextFilter.java:100)
	at org.springframework.web.filter.OncePerRequestFilter.doFilter(OncePerRequestFilter.java:116)
	at org.apache.catalina.core.ApplicationFilterChain.internalDoFilter(ApplicationFilterChain.java:164)
	at org.apache.catalina.core.ApplicationFilterChain.doFilter(ApplicationFilterChain.java:140)
	at org.springframework.web.filter.FormContentFilter.doFilterInternal(FormContentFilter.java:93)
	at org.springframework.web.filter.OncePerRequestFilter.doFilter(OncePerRequestFilter.java:116)
	at org.apache.catalina.core.ApplicationFilterChain.internalDoFilter(ApplicationFilterChain.java:164)
	at org.apache.catalina.core.ApplicationFilterChain.doFilter(ApplicationFilterChain.java:140)
	at org.springframework.web.filter.CharacterEncodingFilter.doFilterInternal(CharacterEncodingFilter.java:201)
	at org.springframework.web.filter.OncePerRequestFilter.doFilter(OncePerRequestFilter.java:116)
	at org.apache.catalina.core.ApplicationFilterChain.internalDoFilter(ApplicationFilterChain.java:164)
	at org.apache.catalina.core.ApplicationFilterChain.doFilter(ApplicationFilterChain.java:140)
	at org.apache.catalina.core.StandardWrapperValve.invoke(StandardWrapperValve.java:167)
	at org.apache.catalina.core.StandardContextValve.invoke(StandardContextValve.java:90)
	at org.apache.catalina.authenticator.AuthenticatorBase.invoke(AuthenticatorBase.java:483)
	at org.apache.catalina.core.StandardHostValve.invoke(StandardHostValve.java:116)
	at org.apache.catalina.valves.ErrorReportValve.invoke(ErrorReportValve.java:93)
	at org.apache.catalina.core.StandardEngineValve.invoke(StandardEngineValve.java:74)
	at org.apache.catalina.connector.CoyoteAdapter.service(CoyoteAdapter.java:344)
	at org.apache.coyote.http11.Http11Processor.service(Http11Processor.java:398)
	at org.apache.coyote.AbstractProcessorLight.process(AbstractProcessorLight.java:63)
	at org.apache.coyote.AbstractProtocol$ConnectionHandler.process(AbstractProtocol.java:903)
	at org.apache.tomcat.util.net.NioEndpoint$SocketProcessor.doRun(NioEndpoint.java:1776)
	at org.apache.tomcat.util.net.SocketProcessorBase.run(SocketProcessorBase.java:52)
	at org.apache.tomcat.util.threads.ThreadPoolExecutor.runWorker(ThreadPoolExecutor.java:975)
	at org.apache.tomcat.util.threads.ThreadPoolExecutor$Worker.run(ThreadPoolExecutor.java:493)
	at org.apache.tomcat.util.threads.TaskThread$WrappingRunnable.run(TaskThread.java:63)
	at java.base/java.lang.Thread.run(Thread.java:840)
[2025-10-22 17:16:39.154] [WARN ] [http-nio-8881-exec-1] o.s.w.s.m.m.a.ExceptionHandlerExceptionResolver - Resolved [com.sqld_board.sqld.exception.common.MemberNotFoundException]
[2025-10-22 17:23:30.159] [INFO ] [File Watcher] o.s.b.d.a.LocalDevToolsAutoConfiguration$RestartingClassPathChangeChangedEventListener - Restarting due to 8 class path changes (1 addition, 0 deletions, 7 modifications)
[2025-10-22 17:23:30.173] [INFO ] [Thread-7] o.s.b.w.e.tomcat.GracefulShutdown - Commencing graceful shutdown. Waiting for active requests to complete
[2025-10-22 17:23:30.175] [INFO ] [tomcat-shutdown] o.a.coyote.http11.Http11NioProtocol - Pausing ProtocolHandler ["http-nio-8881"]
[2025-10-22 17:23:30.187] [INFO ] [tomcat-shutdown] o.s.b.w.e.tomcat.GracefulShutdown - Graceful shutdown complete
[2025-10-22 17:23:30.187] [INFO ] [Thread-7] o.a.coyote.http11.Http11NioProtocol - Stopping ProtocolHandler ["http-nio-8881"]
[2025-10-22 17:23:30.194] [INFO ] [Thread-7] com.zaxxer.hikari.HikariDataSource - HikariPool-1 - Shutdown initiated...
[2025-10-22 17:23:30.290] [INFO ] [Thread-7] com.zaxxer.hikari.HikariDataSource - HikariPool-1 - Shutdown completed.
[2025-10-22 17:23:30.363] [INFO ] [restartedMain] com.sqld_board.sqld.SqldApplication - Starting SqldApplication using Java 17.0.11 with PID 89375 (/Users/minboklee/Downloads/sqld/build/classes/java/main started by minboklee in /Users/minboklee/Downloads/sqld)
[2025-10-22 17:23:30.363] [INFO ] [restartedMain] com.sqld_board.sqld.SqldApplication - No active profile set, falling back to 1 default profile: "default"
[2025-10-22 17:23:30.567] [INFO ] [restartedMain] o.s.b.w.e.tomcat.TomcatWebServer - Tomcat initialized with port 8881 (http)
[2025-10-22 17:23:30.568] [INFO ] [restartedMain] o.a.coyote.http11.Http11NioProtocol - Initializing ProtocolHandler ["http-nio-8881"]
[2025-10-22 17:23:30.568] [INFO ] [restartedMain] o.a.catalina.core.StandardService - Starting service [Tomcat]
[2025-10-22 17:23:30.568] [INFO ] [restartedMain] o.a.catalina.core.StandardEngine - Starting Servlet engine: [Apache Tomcat/10.1.46]
[2025-10-22 17:23:30.572] [INFO ] [restartedMain] o.a.c.c.C.[Tomcat].[localhost].[/] - Initializing Spring embedded WebApplicationContext
[2025-10-22 17:23:30.572] [INFO ] [restartedMain] o.s.b.w.s.c.ServletWebServerApplicationContext - Root WebApplicationContext: initialization completed in 207 ms
[2025-10-22 17:23:30.661] [INFO ] [restartedMain] com.zaxxer.hikari.HikariDataSource - HikariPool-2 - Starting...
[2025-10-22 17:23:30.794] [INFO ] [restartedMain] com.zaxxer.hikari.pool.HikariPool - HikariPool-2 - Added connection net.sf.log4jdbc.sql.jdbcapi.ConnectionSpy@715788fe
[2025-10-22 17:23:30.794] [INFO ] [restartedMain] com.zaxxer.hikari.HikariDataSource - HikariPool-2 - Start completed.
[2025-10-22 17:23:30.794] [INFO ] [restartedMain] o.s.b.a.h.H2ConsoleAutoConfiguration - H2 console available at '/h2-console'. Database available at 'jdbc:oracle:thin:@175.197.69.42:1521:orcl'
[2025-10-22 17:23:30.806] [INFO ] [restartedMain] o.s.b.d.a.OptionalLiveReloadServer - LiveReload server is running on port 35729
[2025-10-22 17:23:30.816] [INFO ] [restartedMain] o.a.coyote.http11.Http11NioProtocol - Starting ProtocolHandler ["http-nio-8881"]
[2025-10-22 17:23:30.817] [INFO ] [restartedMain] o.s.b.w.e.tomcat.TomcatWebServer - Tomcat started on port 8881 (http) with context path '/'
[2025-10-22 17:23:30.820] [INFO ] [restartedMain] com.sqld_board.sqld.SqldApplication - Started SqldApplication in 0.475 seconds (process running for 420.625)
[2025-10-22 17:23:30.821] [INFO ] [restartedMain] o.s.b.d.a.ConditionEvaluationDeltaLoggingListener - Condition evaluation unchanged
[2025-10-22 17:27:09.797] [INFO ] [File Watcher] o.s.b.d.a.LocalDevToolsAutoConfiguration$RestartingClassPathChangeChangedEventListener - Restarting due to 8 class path changes (0 additions, 1 deletion, 7 modifications)
[2025-10-22 17:27:09.803] [INFO ] [Thread-9] o.s.b.w.e.tomcat.GracefulShutdown - Commencing graceful shutdown. Waiting for active requests to complete
[2025-10-22 17:27:09.805] [INFO ] [tomcat-shutdown] o.a.coyote.http11.Http11NioProtocol - Pausing ProtocolHandler ["http-nio-8881"]
[2025-10-22 17:27:09.810] [INFO ] [tomcat-shutdown] o.s.b.w.e.tomcat.GracefulShutdown - Graceful shutdown complete
[2025-10-22 17:27:09.811] [INFO ] [Thread-9] o.a.coyote.http11.Http11NioProtocol - Stopping ProtocolHandler ["http-nio-8881"]
[2025-10-22 17:27:09.815] [INFO ] [Thread-9] com.zaxxer.hikari.HikariDataSource - HikariPool-2 - Shutdown initiated...
[2025-10-22 17:27:09.908] [INFO ] [Thread-9] com.zaxxer.hikari.HikariDataSource - HikariPool-2 - Shutdown completed.
[2025-10-22 17:27:10.004] [INFO ] [restartedMain] com.sqld_board.sqld.SqldApplication - Starting SqldApplication using Java 17.0.11 with PID 89375 (/Users/minboklee/Downloads/sqld/build/classes/java/main started by minboklee in /Users/minboklee/Downloads/sqld)
[2025-10-22 17:27:10.005] [INFO ] [restartedMain] com.sqld_board.sqld.SqldApplication - No active profile set, falling back to 1 default profile: "default"
[2025-10-22 17:27:10.255] [INFO ] [restartedMain] o.s.b.w.e.tomcat.TomcatWebServer - Tomcat initialized with port 8881 (http)
[2025-10-22 17:27:10.255] [INFO ] [restartedMain] o.a.coyote.http11.Http11NioProtocol - Initializing ProtocolHandler ["http-nio-8881"]
[2025-10-22 17:27:10.255] [INFO ] [restartedMain] o.a.catalina.core.StandardService - Starting service [Tomcat]
[2025-10-22 17:27:10.255] [INFO ] [restartedMain] o.a.catalina.core.StandardEngine - Starting Servlet engine: [Apache Tomcat/10.1.46]
[2025-10-22 17:27:10.260] [INFO ] [restartedMain] o.a.c.c.C.[Tomcat].[localhost].[/] - Initializing Spring embedded WebApplicationContext
[2025-10-22 17:27:10.260] [INFO ] [restartedMain] o.s.b.w.s.c.ServletWebServerApplicationContext - Root WebApplicationContext: initialization completed in 254 ms
[2025-10-22 17:27:10.342] [INFO ] [restartedMain] com.zaxxer.hikari.HikariDataSource - HikariPool-3 - Starting...
[2025-10-22 17:27:10.480] [INFO ] [restartedMain] com.zaxxer.hikari.pool.HikariPool - HikariPool-3 - Added connection net.sf.log4jdbc.sql.jdbcapi.ConnectionSpy@3efed4ad
[2025-10-22 17:27:10.481] [INFO ] [restartedMain] com.zaxxer.hikari.HikariDataSource - HikariPool-3 - Start completed.
[2025-10-22 17:27:10.481] [INFO ] [restartedMain] o.s.b.a.h.H2ConsoleAutoConfiguration - H2 console available at '/h2-console'. Database available at 'jdbc:oracle:thin:@175.197.69.42:1521:orcl'
[2025-10-22 17:27:10.489] [INFO ] [restartedMain] o.s.b.d.a.OptionalLiveReloadServer - LiveReload server is running on port 35729
[2025-10-22 17:27:10.495] [INFO ] [restartedMain] o.a.coyote.http11.Http11NioProtocol - Starting ProtocolHandler ["http-nio-8881"]
[2025-10-22 17:27:10.496] [INFO ] [restartedMain] o.s.b.w.e.tomcat.TomcatWebServer - Tomcat started on port 8881 (http) with context path '/'
[2025-10-22 17:27:10.499] [INFO ] [restartedMain] com.sqld_board.sqld.SqldApplication - Started SqldApplication in 0.514 seconds (process running for 640.31)
[2025-10-22 17:27:10.500] [INFO ] [restartedMain] o.s.b.d.a.ConditionEvaluationDeltaLoggingListener - Condition evaluation unchanged
[2025-10-22 17:28:19.098] [INFO ] [SpringApplicationShutdownHook] o.s.b.w.e.tomcat.GracefulShutdown - Commencing graceful shutdown. Waiting for active requests to complete
[2025-10-22 17:28:19.106] [INFO ] [tomcat-shutdown] o.s.b.w.e.tomcat.GracefulShutdown - Graceful shutdown complete
[2025-10-22 17:28:19.111] [INFO ] [SpringApplicationShutdownHook] com.zaxxer.hikari.HikariDataSource - HikariPool-3 - Shutdown initiated...
[2025-10-22 17:28:19.199] [INFO ] [SpringApplicationShutdownHook] com.zaxxer.hikari.HikariDataSource - HikariPool-3 - Shutdown completed.
[2025-10-22 17:28:21.137] [INFO ] [background-preinit] o.h.validator.internal.util.Version - HV000001: Hibernate Validator 8.0.3.Final
[2025-10-22 17:28:21.158] [INFO ] [restartedMain] com.sqld_board.sqld.SqldApplication - Starting SqldApplication using Java 17.0.11 with PID 89604 (/Users/minboklee/Downloads/sqld/build/classes/java/main started by minboklee in /Users/minboklee/Downloads/sqld)
[2025-10-22 17:28:21.158] [INFO ] [restartedMain] com.sqld_board.sqld.SqldApplication - No active profile set, falling back to 1 default profile: "default"
[2025-10-22 17:28:21.176] [INFO ] [restartedMain] o.s.b.d.restart.ChangeableUrls - The Class-Path manifest attribute in /Users/minboklee/.gradle/caches/modules-2/files-2.1/com.oracle.database.jdbc/ojdbc11/23.7.0.25.01/665f52abef9122ce003b5cfc1d9d44f7302e2cfe/ojdbc11-23.7.0.25.01.jar referenced one or more files that do not exist: file:/Users/minboklee/.gradle/caches/modules-2/files-2.1/com.oracle.database.jdbc/ojdbc11/23.7.0.25.01/665f52abef9122ce003b5cfc1d9d44f7302e2cfe/oraclepki.jar
[2025-10-22 17:28:21.176] [INFO ] [restartedMain] o.s.b.d.e.DevToolsPropertyDefaultsPostProcessor - Devtools property defaults active! Set 'spring.devtools.add-properties' to 'false' to disable
[2025-10-22 17:28:21.176] [INFO ] [restartedMain] o.s.b.d.e.DevToolsPropertyDefaultsPostProcessor - For additional web related logging consider setting the 'logging.level.web' property to 'DEBUG'
[2025-10-22 17:28:21.742] [INFO ] [restartedMain] o.s.b.w.e.tomcat.TomcatWebServer - Tomcat initialized with port 8881 (http)
[2025-10-22 17:28:21.748] [INFO ] [restartedMain] o.a.coyote.http11.Http11NioProtocol - Initializing ProtocolHandler ["http-nio-8881"]
[2025-10-22 17:28:21.749] [INFO ] [restartedMain] o.a.catalina.core.StandardService - Starting service [Tomcat]
[2025-10-22 17:28:21.749] [INFO ] [restartedMain] o.a.catalina.core.StandardEngine - Starting Servlet engine: [Apache Tomcat/10.1.46]
[2025-10-22 17:28:21.769] [INFO ] [restartedMain] o.a.c.c.C.[Tomcat].[localhost].[/] - Initializing Spring embedded WebApplicationContext
[2025-10-22 17:28:21.769] [INFO ] [restartedMain] o.s.b.w.s.c.ServletWebServerApplicationContext - Root WebApplicationContext: initialization completed in 593 ms
[2025-10-22 17:28:22.109] [INFO ] [restartedMain] com.zaxxer.hikari.HikariDataSource - HikariPool-1 - Starting...
[2025-10-22 17:28:22.384] [INFO ] [restartedMain] com.zaxxer.hikari.pool.HikariPool - HikariPool-1 - Added connection net.sf.log4jdbc.sql.jdbcapi.ConnectionSpy@5e44f968
[2025-10-22 17:28:22.385] [INFO ] [restartedMain] com.zaxxer.hikari.HikariDataSource - HikariPool-1 - Start completed.
[2025-10-22 17:28:22.388] [INFO ] [restartedMain] o.s.b.a.h.H2ConsoleAutoConfiguration - H2 console available at '/h2-console'. Database available at 'jdbc:oracle:thin:@175.197.69.42:1521:orcl'
[2025-10-22 17:28:22.414] [INFO ] [restartedMain] o.s.b.d.a.OptionalLiveReloadServer - LiveReload server is running on port 35729
[2025-10-22 17:28:22.424] [INFO ] [restartedMain] o.a.coyote.http11.Http11NioProtocol - Starting ProtocolHandler ["http-nio-8881"]
[2025-10-22 17:28:22.432] [INFO ] [restartedMain] o.s.b.w.e.tomcat.TomcatWebServer - Tomcat started on port 8881 (http) with context path '/'
[2025-10-22 17:28:22.439] [INFO ] [restartedMain] com.sqld_board.sqld.SqldApplication - Started SqldApplication in 1.517 seconds (process running for 1.94)
[2025-10-22 17:28:26.016] [INFO ] [http-nio-8881-exec-1] o.a.c.c.C.[Tomcat].[localhost].[/] - Initializing Spring DispatcherServlet 'dispatcherServlet'
[2025-10-22 17:28:26.016] [INFO ] [http-nio-8881-exec-1] o.s.web.servlet.DispatcherServlet - Initializing Servlet 'dispatcherServlet'
[2025-10-22 17:28:26.017] [INFO ] [http-nio-8881-exec-1] o.s.web.servlet.DispatcherServlet - Completed initialization in 1 ms
[2025-10-22 17:28:26.113] [INFO ] [http-nio-8881-exec-1] jdbc.sqlonly - SELECT 1
          FROM MEMBER_INFO
         WHERE USER_ID = 'string'
          AND RowNum = 1

[2025-10-22 17:28:26.146] [INFO ] [http-nio-8881-exec-1] jdbc.resultsettable - 
|--|
|1 |
|--|
|--|

[2025-10-22 17:28:26.150] [INFO ] [http-nio-8881-exec-1] c.s.sqld.exception.ExceptionAdvice - MemberNotFoundException
com.sqld_board.sqld.exception.common.MemberNotFoundException: null
	at java.base/java.util.Optional.orElseThrow(Optional.java:403)
	at com.sqld_board.sqld.service.sign.SignService.readMemberByUsersId(SignService.java:74)
	at com.sqld_board.sqld.service.sign.SignService.signIn(SignService.java:33)
	at com.sqld_board.sqld.controller.sign.SignController.readMemberByUsersId(SignController.java:28)
	at java.base/jdk.internal.reflect.NativeMethodAccessorImpl.invoke0(Native Method)
	at java.base/jdk.internal.reflect.NativeMethodAccessorImpl.invoke(NativeMethodAccessorImpl.java:77)
	at java.base/jdk.internal.reflect.DelegatingMethodAccessorImpl.invoke(DelegatingMethodAccessorImpl.java:43)
	at java.base/java.lang.reflect.Method.invoke(Method.java:568)
	at org.springframework.web.method.support.InvocableHandlerMethod.doInvoke(InvocableHandlerMethod.java:258)
	at org.springframework.web.method.support.InvocableHandlerMethod.invokeForRequest(InvocableHandlerMethod.java:191)
	at org.springframework.web.servlet.mvc.method.annotation.ServletInvocableHandlerMethod.invokeAndHandle(ServletInvocableHandlerMethod.java:118)
	at org.springframework.web.servlet.mvc.method.annotation.RequestMappingHandlerAdapter.invokeHandlerMethod(RequestMappingHandlerAdapter.java:991)
	at org.springframework.web.servlet.mvc.method.annotation.RequestMappingHandlerAdapter.handleInternal(RequestMappingHandlerAdapter.java:896)
	at org.springframework.web.servlet.mvc.method.AbstractHandlerMethodAdapter.handle(AbstractHandlerMethodAdapter.java:87)
	at org.springframework.web.servlet.DispatcherServlet.doDispatch(DispatcherServlet.java:1089)
	at org.springframework.web.servlet.DispatcherServlet.doService(DispatcherServlet.java:979)
	at org.springframework.web.servlet.FrameworkServlet.processRequest(FrameworkServlet.java:1014)
	at org.springframework.web.servlet.FrameworkServlet.doPost(FrameworkServlet.java:914)
	at jakarta.servlet.http.HttpServlet.service(HttpServlet.java:590)
	at org.springframework.web.servlet.FrameworkServlet.service(FrameworkServlet.java:885)
	at jakarta.servlet.http.HttpServlet.service(HttpServlet.java:658)
	at org.apache.catalina.core.ApplicationFilterChain.internalDoFilter(ApplicationFilterChain.java:195)
	at org.apache.catalina.core.ApplicationFilterChain.doFilter(ApplicationFilterChain.java:140)
	at org.apache.tomcat.websocket.server.WsFilter.doFilter(WsFilter.java:51)
	at org.apache.catalina.core.ApplicationFilterChain.internalDoFilter(ApplicationFilterChain.java:164)
	at org.apache.catalina.core.ApplicationFilterChain.doFilter(ApplicationFilterChain.java:140)
	at org.springframework.web.filter.RequestContextFilter.doFilterInternal(RequestContextFilter.java:100)
	at org.springframework.web.filter.OncePerRequestFilter.doFilter(OncePerRequestFilter.java:116)
	at org.apache.catalina.core.ApplicationFilterChain.internalDoFilter(ApplicationFilterChain.java:164)
	at org.apache.catalina.core.ApplicationFilterChain.doFilter(ApplicationFilterChain.java:140)
	at org.springframework.web.filter.FormContentFilter.doFilterInternal(FormContentFilter.java:93)
	at org.springframework.web.filter.OncePerRequestFilter.doFilter(OncePerRequestFilter.java:116)
	at org.apache.catalina.core.ApplicationFilterChain.internalDoFilter(ApplicationFilterChain.java:164)
	at org.apache.catalina.core.ApplicationFilterChain.doFilter(ApplicationFilterChain.java:140)
	at org.springframework.web.filter.CharacterEncodingFilter.doFilterInternal(CharacterEncodingFilter.java:201)
	at org.springframework.web.filter.OncePerRequestFilter.doFilter(OncePerRequestFilter.java:116)
	at org.apache.catalina.core.ApplicationFilterChain.internalDoFilter(ApplicationFilterChain.java:164)
	at org.apache.catalina.core.ApplicationFilterChain.doFilter(ApplicationFilterChain.java:140)
	at org.apache.catalina.core.StandardWrapperValve.invoke(StandardWrapperValve.java:167)
	at org.apache.catalina.core.StandardContextValve.invoke(StandardContextValve.java:90)
	at org.apache.catalina.authenticator.AuthenticatorBase.invoke(AuthenticatorBase.java:483)
	at org.apache.catalina.core.StandardHostValve.invoke(StandardHostValve.java:116)
	at org.apache.catalina.valves.ErrorReportValve.invoke(ErrorReportValve.java:93)
	at org.apache.catalina.core.StandardEngineValve.invoke(StandardEngineValve.java:74)
	at org.apache.catalina.connector.CoyoteAdapter.service(CoyoteAdapter.java:344)
	at org.apache.coyote.http11.Http11Processor.service(Http11Processor.java:398)
	at org.apache.coyote.AbstractProcessorLight.process(AbstractProcessorLight.java:63)
	at org.apache.coyote.AbstractProtocol$ConnectionHandler.process(AbstractProtocol.java:903)
	at org.apache.tomcat.util.net.NioEndpoint$SocketProcessor.doRun(NioEndpoint.java:1776)
	at org.apache.tomcat.util.net.SocketProcessorBase.run(SocketProcessorBase.java:52)
	at org.apache.tomcat.util.threads.ThreadPoolExecutor.runWorker(ThreadPoolExecutor.java:975)
	at org.apache.tomcat.util.threads.ThreadPoolExecutor$Worker.run(ThreadPoolExecutor.java:493)
	at org.apache.tomcat.util.threads.TaskThread$WrappingRunnable.run(TaskThread.java:63)
	at java.base/java.lang.Thread.run(Thread.java:840)
[2025-10-22 17:28:26.168] [WARN ] [http-nio-8881-exec-1] o.s.w.s.m.m.a.ExceptionHandlerExceptionResolver - Resolved [com.sqld_board.sqld.exception.common.MemberNotFoundException]
[2025-10-22 17:34:31.538] [INFO ] [SpringApplicationShutdownHook] o.s.b.w.e.tomcat.GracefulShutdown - Commencing graceful shutdown. Waiting for active requests to complete
[2025-10-22 17:34:31.586] [INFO ] [tomcat-shutdown] o.s.b.w.e.tomcat.GracefulShutdown - Graceful shutdown complete
[2025-10-22 17:34:31.635] [INFO ] [SpringApplicationShutdownHook] com.zaxxer.hikari.HikariDataSource - HikariPool-1 - Shutdown initiated...
[2025-10-22 17:34:31.727] [INFO ] [SpringApplicationShutdownHook] com.zaxxer.hikari.HikariDataSource - HikariPool-1 - Shutdown completed.
[2025-10-22 17:34:34.067] [INFO ] [background-preinit] o.h.validator.internal.util.Version - HV000001: Hibernate Validator 8.0.3.Final
[2025-10-22 17:34:34.135] [INFO ] [restartedMain] com.sqld_board.sqld.SqldApplication - Starting SqldApplication using Java 17.0.11 with PID 89778 (/Users/minboklee/Downloads/sqld/build/classes/java/main started by minboklee in /Users/minboklee/Downloads/sqld)
[2025-10-22 17:34:34.137] [INFO ] [restartedMain] com.sqld_board.sqld.SqldApplication - No active profile set, falling back to 1 default profile: "default"
[2025-10-22 17:34:34.194] [INFO ] [restartedMain] o.s.b.d.restart.ChangeableUrls - The Class-Path manifest attribute in /Users/minboklee/.gradle/caches/modules-2/files-2.1/com.oracle.database.jdbc/ojdbc11/23.7.0.25.01/665f52abef9122ce003b5cfc1d9d44f7302e2cfe/ojdbc11-23.7.0.25.01.jar referenced one or more files that do not exist: file:/Users/minboklee/.gradle/caches/modules-2/files-2.1/com.oracle.database.jdbc/ojdbc11/23.7.0.25.01/665f52abef9122ce003b5cfc1d9d44f7302e2cfe/oraclepki.jar
[2025-10-22 17:34:34.194] [INFO ] [restartedMain] o.s.b.d.e.DevToolsPropertyDefaultsPostProcessor - Devtools property defaults active! Set 'spring.devtools.add-properties' to 'false' to disable
[2025-10-22 17:34:34.195] [INFO ] [restartedMain] o.s.b.d.e.DevToolsPropertyDefaultsPostProcessor - For additional web related logging consider setting the 'logging.level.web' property to 'DEBUG'
[2025-10-22 17:34:35.037] [INFO ] [restartedMain] o.s.b.w.e.tomcat.TomcatWebServer - Tomcat initialized with port 8881 (http)
[2025-10-22 17:34:35.044] [INFO ] [restartedMain] o.a.coyote.http11.Http11NioProtocol - Initializing ProtocolHandler ["http-nio-8881"]
[2025-10-22 17:34:35.044] [INFO ] [restartedMain] o.a.catalina.core.StandardService - Starting service [Tomcat]
[2025-10-22 17:34:35.044] [INFO ] [restartedMain] o.a.catalina.core.StandardEngine - Starting Servlet engine: [Apache Tomcat/10.1.46]
[2025-10-22 17:34:35.066] [INFO ] [restartedMain] o.a.c.c.C.[Tomcat].[localhost].[/] - Initializing Spring embedded WebApplicationContext
[2025-10-22 17:34:35.066] [INFO ] [restartedMain] o.s.b.w.s.c.ServletWebServerApplicationContext - Root WebApplicationContext: initialization completed in 871 ms
[2025-10-22 17:34:35.401] [INFO ] [restartedMain] com.zaxxer.hikari.HikariDataSource - HikariPool-1 - Starting...
[2025-10-22 17:34:35.667] [INFO ] [restartedMain] com.zaxxer.hikari.pool.HikariPool - HikariPool-1 - Added connection net.sf.log4jdbc.sql.jdbcapi.ConnectionSpy@27707fb5
[2025-10-22 17:34:35.668] [INFO ] [restartedMain] com.zaxxer.hikari.HikariDataSource - HikariPool-1 - Start completed.
[2025-10-22 17:34:35.672] [INFO ] [restartedMain] o.s.b.a.h.H2ConsoleAutoConfiguration - H2 console available at '/h2-console'. Database available at 'jdbc:oracle:thin:@175.197.69.42:1521:orcl'
[2025-10-22 17:34:35.699] [INFO ] [restartedMain] o.s.b.d.a.OptionalLiveReloadServer - LiveReload server is running on port 35729
[2025-10-22 17:34:35.709] [INFO ] [restartedMain] o.a.coyote.http11.Http11NioProtocol - Starting ProtocolHandler ["http-nio-8881"]
[2025-10-22 17:34:35.717] [INFO ] [restartedMain] o.s.b.w.e.tomcat.TomcatWebServer - Tomcat started on port 8881 (http) with context path '/'
[2025-10-22 17:34:35.724] [INFO ] [restartedMain] com.sqld_board.sqld.SqldApplication - Started SqldApplication in 2.091 seconds (process running for 2.591)
[2025-10-22 17:34:44.235] [INFO ] [http-nio-8881-exec-1] o.a.c.c.C.[Tomcat].[localhost].[/] - Initializing Spring DispatcherServlet 'dispatcherServlet'
[2025-10-22 17:34:44.236] [INFO ] [http-nio-8881-exec-1] o.s.web.servlet.DispatcherServlet - Initializing Servlet 'dispatcherServlet'
[2025-10-22 17:34:44.238] [INFO ] [http-nio-8881-exec-1] o.s.web.servlet.DispatcherServlet - Completed initialization in 2 ms
[2025-10-22 17:34:44.374] [INFO ] [http-nio-8881-exec-1] jdbc.sqlonly - SELECT 1
          FROM MEMBER_INFO
         WHERE USER_ID = 'string'
          AND RowNum = 1

[2025-10-22 17:34:44.412] [INFO ] [http-nio-8881-exec-1] jdbc.resultsettable - 
|--|
|1 |
|--|
|--|

[2025-10-22 17:34:44.416] [INFO ] [http-nio-8881-exec-1] c.s.sqld.exception.ExceptionAdvice - MemberNotFoundException
com.sqld_board.sqld.exception.common.MemberNotFoundException: null
	at java.base/java.util.Optional.orElseThrow(Optional.java:403)
	at com.sqld_board.sqld.service.sign.SignService.readMemberByUsersId(SignService.java:74)
	at com.sqld_board.sqld.service.sign.SignService.signIn(SignService.java:33)
	at com.sqld_board.sqld.controller.sign.SignController.readMemberByUsersId(SignController.java:28)
	at java.base/jdk.internal.reflect.NativeMethodAccessorImpl.invoke0(Native Method)
	at java.base/jdk.internal.reflect.NativeMethodAccessorImpl.invoke(NativeMethodAccessorImpl.java:77)
	at java.base/jdk.internal.reflect.DelegatingMethodAccessorImpl.invoke(DelegatingMethodAccessorImpl.java:43)
	at java.base/java.lang.reflect.Method.invoke(Method.java:568)
	at org.springframework.web.method.support.InvocableHandlerMethod.doInvoke(InvocableHandlerMethod.java:258)
	at org.springframework.web.method.support.InvocableHandlerMethod.invokeForRequest(InvocableHandlerMethod.java:191)
	at org.springframework.web.servlet.mvc.method.annotation.ServletInvocableHandlerMethod.invokeAndHandle(ServletInvocableHandlerMethod.java:118)
	at org.springframework.web.servlet.mvc.method.annotation.RequestMappingHandlerAdapter.invokeHandlerMethod(RequestMappingHandlerAdapter.java:991)
	at org.springframework.web.servlet.mvc.method.annotation.RequestMappingHandlerAdapter.handleInternal(RequestMappingHandlerAdapter.java:896)
	at org.springframework.web.servlet.mvc.method.AbstractHandlerMethodAdapter.handle(AbstractHandlerMethodAdapter.java:87)
	at org.springframework.web.servlet.DispatcherServlet.doDispatch(DispatcherServlet.java:1089)
	at org.springframework.web.servlet.DispatcherServlet.doService(DispatcherServlet.java:979)
	at org.springframework.web.servlet.FrameworkServlet.processRequest(FrameworkServlet.java:1014)
	at org.springframework.web.servlet.FrameworkServlet.doPost(FrameworkServlet.java:914)
	at jakarta.servlet.http.HttpServlet.service(HttpServlet.java:590)
	at org.springframework.web.servlet.FrameworkServlet.service(FrameworkServlet.java:885)
	at jakarta.servlet.http.HttpServlet.service(HttpServlet.java:658)
	at org.apache.catalina.core.ApplicationFilterChain.internalDoFilter(ApplicationFilterChain.java:195)
	at org.apache.catalina.core.ApplicationFilterChain.doFilter(ApplicationFilterChain.java:140)
	at org.apache.tomcat.websocket.server.WsFilter.doFilter(WsFilter.java:51)
	at org.apache.catalina.core.ApplicationFilterChain.internalDoFilter(ApplicationFilterChain.java:164)
	at org.apache.catalina.core.ApplicationFilterChain.doFilter(ApplicationFilterChain.java:140)
	at org.springframework.web.filter.RequestContextFilter.doFilterInternal(RequestContextFilter.java:100)
	at org.springframework.web.filter.OncePerRequestFilter.doFilter(OncePerRequestFilter.java:116)
	at org.apache.catalina.core.ApplicationFilterChain.internalDoFilter(ApplicationFilterChain.java:164)
	at org.apache.catalina.core.ApplicationFilterChain.doFilter(ApplicationFilterChain.java:140)
	at org.springframework.web.filter.FormContentFilter.doFilterInternal(FormContentFilter.java:93)
	at org.springframework.web.filter.OncePerRequestFilter.doFilter(OncePerRequestFilter.java:116)
	at org.apache.catalina.core.ApplicationFilterChain.internalDoFilter(ApplicationFilterChain.java:164)
	at org.apache.catalina.core.ApplicationFilterChain.doFilter(ApplicationFilterChain.java:140)
	at org.springframework.web.filter.CharacterEncodingFilter.doFilterInternal(CharacterEncodingFilter.java:201)
	at org.springframework.web.filter.OncePerRequestFilter.doFilter(OncePerRequestFilter.java:116)
	at org.apache.catalina.core.ApplicationFilterChain.internalDoFilter(ApplicationFilterChain.java:164)
	at org.apache.catalina.core.ApplicationFilterChain.doFilter(ApplicationFilterChain.java:140)
	at org.apache.catalina.core.StandardWrapperValve.invoke(StandardWrapperValve.java:167)
	at org.apache.catalina.core.StandardContextValve.invoke(StandardContextValve.java:90)
	at org.apache.catalina.authenticator.AuthenticatorBase.invoke(AuthenticatorBase.java:483)
	at org.apache.catalina.core.StandardHostValve.invoke(StandardHostValve.java:116)
	at org.apache.catalina.valves.ErrorReportValve.invoke(ErrorReportValve.java:93)
	at org.apache.catalina.core.StandardEngineValve.invoke(StandardEngineValve.java:74)
	at org.apache.catalina.connector.CoyoteAdapter.service(CoyoteAdapter.java:344)
	at org.apache.coyote.http11.Http11Processor.service(Http11Processor.java:398)
	at org.apache.coyote.AbstractProcessorLight.process(AbstractProcessorLight.java:63)
	at org.apache.coyote.AbstractProtocol$ConnectionHandler.process(AbstractProtocol.java:903)
	at org.apache.tomcat.util.net.NioEndpoint$SocketProcessor.doRun(NioEndpoint.java:1776)
	at org.apache.tomcat.util.net.SocketProcessorBase.run(SocketProcessorBase.java:52)
	at org.apache.tomcat.util.threads.ThreadPoolExecutor.runWorker(ThreadPoolExecutor.java:975)
	at org.apache.tomcat.util.threads.ThreadPoolExecutor$Worker.run(ThreadPoolExecutor.java:493)
	at org.apache.tomcat.util.threads.TaskThread$WrappingRunnable.run(TaskThread.java:63)
	at java.base/java.lang.Thread.run(Thread.java:840)
[2025-10-22 17:34:44.434] [WARN ] [http-nio-8881-exec-1] o.s.w.s.m.m.a.ExceptionHandlerExceptionResolver - Resolved [com.sqld_board.sqld.exception.common.MemberNotFoundException]
[2025-10-22 17:37:10.245] [INFO ] [SpringApplicationShutdownHook] o.s.b.w.e.tomcat.GracefulShutdown - Commencing graceful shutdown. Waiting for active requests to complete
[2025-10-22 17:37:10.255] [INFO ] [tomcat-shutdown] o.s.b.w.e.tomcat.GracefulShutdown - Graceful shutdown complete
[2025-10-22 17:37:10.265] [INFO ] [SpringApplicationShutdownHook] com.zaxxer.hikari.HikariDataSource - HikariPool-1 - Shutdown initiated...
[2025-10-22 17:37:10.357] [INFO ] [SpringApplicationShutdownHook] com.zaxxer.hikari.HikariDataSource - HikariPool-1 - Shutdown completed.
[2025-10-22 17:38:30.023] [INFO ] [background-preinit] o.h.validator.internal.util.Version - HV000001: Hibernate Validator 8.0.3.Final
[2025-10-22 17:38:30.045] [INFO ] [restartedMain] com.sqld_board.sqld.SqldApplication - Starting SqldApplication using Java 17.0.11 with PID 89832 (/Users/minboklee/Downloads/sqld/build/classes/java/main started by minboklee in /Users/minboklee/Downloads/sqld)
[2025-10-22 17:38:30.045] [INFO ] [restartedMain] com.sqld_board.sqld.SqldApplication - No active profile set, falling back to 1 default profile: "default"
[2025-10-22 17:38:30.062] [INFO ] [restartedMain] o.s.b.d.restart.ChangeableUrls - The Class-Path manifest attribute in /Users/minboklee/.gradle/caches/modules-2/files-2.1/com.oracle.database.jdbc/ojdbc11/23.7.0.25.01/665f52abef9122ce003b5cfc1d9d44f7302e2cfe/ojdbc11-23.7.0.25.01.jar referenced one or more files that do not exist: file:/Users/minboklee/.gradle/caches/modules-2/files-2.1/com.oracle.database.jdbc/ojdbc11/23.7.0.25.01/665f52abef9122ce003b5cfc1d9d44f7302e2cfe/oraclepki.jar
[2025-10-22 17:38:30.063] [INFO ] [restartedMain] o.s.b.d.e.DevToolsPropertyDefaultsPostProcessor - Devtools property defaults active! Set 'spring.devtools.add-properties' to 'false' to disable
[2025-10-22 17:38:30.063] [INFO ] [restartedMain] o.s.b.d.e.DevToolsPropertyDefaultsPostProcessor - For additional web related logging consider setting the 'logging.level.web' property to 'DEBUG'
[2025-10-22 17:38:30.639] [INFO ] [restartedMain] o.s.b.w.e.tomcat.TomcatWebServer - Tomcat initialized with port 8881 (http)
[2025-10-22 17:38:30.646] [INFO ] [restartedMain] o.a.coyote.http11.Http11NioProtocol - Initializing ProtocolHandler ["http-nio-8881"]
[2025-10-22 17:38:30.647] [INFO ] [restartedMain] o.a.catalina.core.StandardService - Starting service [Tomcat]
[2025-10-22 17:38:30.647] [INFO ] [restartedMain] o.a.catalina.core.StandardEngine - Starting Servlet engine: [Apache Tomcat/10.1.46]
[2025-10-22 17:38:30.670] [INFO ] [restartedMain] o.a.c.c.C.[Tomcat].[localhost].[/] - Initializing Spring embedded WebApplicationContext
[2025-10-22 17:38:30.671] [INFO ] [restartedMain] o.s.b.w.s.c.ServletWebServerApplicationContext - Root WebApplicationContext: initialization completed in 608 ms
[2025-10-22 17:38:31.000] [INFO ] [restartedMain] com.zaxxer.hikari.HikariDataSource - HikariPool-1 - Starting...
[2025-10-22 17:38:31.277] [INFO ] [restartedMain] com.zaxxer.hikari.pool.HikariPool - HikariPool-1 - Added connection net.sf.log4jdbc.sql.jdbcapi.ConnectionSpy@6edee2b6
[2025-10-22 17:38:31.278] [INFO ] [restartedMain] com.zaxxer.hikari.HikariDataSource - HikariPool-1 - Start completed.
[2025-10-22 17:38:31.282] [INFO ] [restartedMain] o.s.b.a.h.H2ConsoleAutoConfiguration - H2 console available at '/h2-console'. Database available at 'jdbc:oracle:thin:@175.197.69.42:1521:orcl'
[2025-10-22 17:38:31.309] [INFO ] [restartedMain] o.s.b.d.a.OptionalLiveReloadServer - LiveReload server is running on port 35729
[2025-10-22 17:38:31.319] [INFO ] [restartedMain] o.a.coyote.http11.Http11NioProtocol - Starting ProtocolHandler ["http-nio-8881"]
[2025-10-22 17:38:31.327] [INFO ] [restartedMain] o.s.b.w.e.tomcat.TomcatWebServer - Tomcat started on port 8881 (http) with context path '/'
[2025-10-22 17:38:31.333] [INFO ] [restartedMain] com.sqld_board.sqld.SqldApplication - Started SqldApplication in 1.524 seconds (process running for 1.954)
[2025-10-22 17:38:38.506] [INFO ] [http-nio-8881-exec-1] o.a.c.c.C.[Tomcat].[localhost].[/] - Initializing Spring DispatcherServlet 'dispatcherServlet'
[2025-10-22 17:38:38.507] [INFO ] [http-nio-8881-exec-1] o.s.web.servlet.DispatcherServlet - Initializing Servlet 'dispatcherServlet'
[2025-10-22 17:38:38.508] [INFO ] [http-nio-8881-exec-1] o.s.web.servlet.DispatcherServlet - Completed initialization in 1 ms
[2025-10-22 17:38:38.639] [INFO ] [http-nio-8881-exec-1] jdbc.sqlonly - SELECT 1
          FROM MEMBER_INFO
         WHERE USER_ID = 'string'
          AND RowNum = 1

[2025-10-22 17:38:38.678] [INFO ] [http-nio-8881-exec-1] jdbc.resultsettable - 
|--|
|1 |
|--|
|--|

[2025-10-22 17:38:38.681] [INFO ] [http-nio-8881-exec-1] c.s.sqld.exception.ExceptionAdvice - MemberNotFoundException
com.sqld_board.sqld.exception.common.MemberNotFoundException: null
	at java.base/java.util.Optional.orElseThrow(Optional.java:403)
	at com.sqld_board.sqld.service.sign.SignService.readMemberByUsersId(SignService.java:74)
	at com.sqld_board.sqld.service.sign.SignService.signIn(SignService.java:33)
	at com.sqld_board.sqld.controller.sign.SignController.readMemberByUsersId(SignController.java:28)
	at java.base/jdk.internal.reflect.NativeMethodAccessorImpl.invoke0(Native Method)
	at java.base/jdk.internal.reflect.NativeMethodAccessorImpl.invoke(NativeMethodAccessorImpl.java:77)
	at java.base/jdk.internal.reflect.DelegatingMethodAccessorImpl.invoke(DelegatingMethodAccessorImpl.java:43)
	at java.base/java.lang.reflect.Method.invoke(Method.java:568)
	at org.springframework.web.method.support.InvocableHandlerMethod.doInvoke(InvocableHandlerMethod.java:258)
	at org.springframework.web.method.support.InvocableHandlerMethod.invokeForRequest(InvocableHandlerMethod.java:191)
	at org.springframework.web.servlet.mvc.method.annotation.ServletInvocableHandlerMethod.invokeAndHandle(ServletInvocableHandlerMethod.java:118)
	at org.springframework.web.servlet.mvc.method.annotation.RequestMappingHandlerAdapter.invokeHandlerMethod(RequestMappingHandlerAdapter.java:991)
	at org.springframework.web.servlet.mvc.method.annotation.RequestMappingHandlerAdapter.handleInternal(RequestMappingHandlerAdapter.java:896)
	at org.springframework.web.servlet.mvc.method.AbstractHandlerMethodAdapter.handle(AbstractHandlerMethodAdapter.java:87)
	at org.springframework.web.servlet.DispatcherServlet.doDispatch(DispatcherServlet.java:1089)
	at org.springframework.web.servlet.DispatcherServlet.doService(DispatcherServlet.java:979)
	at org.springframework.web.servlet.FrameworkServlet.processRequest(FrameworkServlet.java:1014)
	at org.springframework.web.servlet.FrameworkServlet.doPost(FrameworkServlet.java:914)
	at jakarta.servlet.http.HttpServlet.service(HttpServlet.java:590)
	at org.springframework.web.servlet.FrameworkServlet.service(FrameworkServlet.java:885)
	at jakarta.servlet.http.HttpServlet.service(HttpServlet.java:658)
	at org.apache.catalina.core.ApplicationFilterChain.internalDoFilter(ApplicationFilterChain.java:195)
	at org.apache.catalina.core.ApplicationFilterChain.doFilter(ApplicationFilterChain.java:140)
	at org.apache.tomcat.websocket.server.WsFilter.doFilter(WsFilter.java:51)
	at org.apache.catalina.core.ApplicationFilterChain.internalDoFilter(ApplicationFilterChain.java:164)
	at org.apache.catalina.core.ApplicationFilterChain.doFilter(ApplicationFilterChain.java:140)
	at org.springframework.web.filter.RequestContextFilter.doFilterInternal(RequestContextFilter.java:100)
	at org.springframework.web.filter.OncePerRequestFilter.doFilter(OncePerRequestFilter.java:116)
	at org.apache.catalina.core.ApplicationFilterChain.internalDoFilter(ApplicationFilterChain.java:164)
	at org.apache.catalina.core.ApplicationFilterChain.doFilter(ApplicationFilterChain.java:140)
	at org.springframework.web.filter.FormContentFilter.doFilterInternal(FormContentFilter.java:93)
	at org.springframework.web.filter.OncePerRequestFilter.doFilter(OncePerRequestFilter.java:116)
	at org.apache.catalina.core.ApplicationFilterChain.internalDoFilter(ApplicationFilterChain.java:164)
	at org.apache.catalina.core.ApplicationFilterChain.doFilter(ApplicationFilterChain.java:140)
	at org.springframework.web.filter.CharacterEncodingFilter.doFilterInternal(CharacterEncodingFilter.java:201)
	at org.springframework.web.filter.OncePerRequestFilter.doFilter(OncePerRequestFilter.java:116)
	at org.apache.catalina.core.ApplicationFilterChain.internalDoFilter(ApplicationFilterChain.java:164)
	at org.apache.catalina.core.ApplicationFilterChain.doFilter(ApplicationFilterChain.java:140)
	at org.apache.catalina.core.StandardWrapperValve.invoke(StandardWrapperValve.java:167)
	at org.apache.catalina.core.StandardContextValve.invoke(StandardContextValve.java:90)
	at org.apache.catalina.authenticator.AuthenticatorBase.invoke(AuthenticatorBase.java:483)
	at org.apache.catalina.core.StandardHostValve.invoke(StandardHostValve.java:116)
	at org.apache.catalina.valves.ErrorReportValve.invoke(ErrorReportValve.java:93)
	at org.apache.catalina.core.StandardEngineValve.invoke(StandardEngineValve.java:74)
	at org.apache.catalina.connector.CoyoteAdapter.service(CoyoteAdapter.java:344)
	at org.apache.coyote.http11.Http11Processor.service(Http11Processor.java:398)
	at org.apache.coyote.AbstractProcessorLight.process(AbstractProcessorLight.java:63)
	at org.apache.coyote.AbstractProtocol$ConnectionHandler.process(AbstractProtocol.java:903)
	at org.apache.tomcat.util.net.NioEndpoint$SocketProcessor.doRun(NioEndpoint.java:1776)
	at org.apache.tomcat.util.net.SocketProcessorBase.run(SocketProcessorBase.java:52)
	at org.apache.tomcat.util.threads.ThreadPoolExecutor.runWorker(ThreadPoolExecutor.java:975)
	at org.apache.tomcat.util.threads.ThreadPoolExecutor$Worker.run(ThreadPoolExecutor.java:493)
	at org.apache.tomcat.util.threads.TaskThread$WrappingRunnable.run(TaskThread.java:63)
	at java.base/java.lang.Thread.run(Thread.java:840)
[2025-10-22 17:38:38.699] [WARN ] [http-nio-8881-exec-1] o.s.w.s.m.m.a.ExceptionHandlerExceptionResolver - Resolved [com.sqld_board.sqld.exception.common.MemberNotFoundException]
[2025-10-22 17:40:49.870] [INFO ] [SpringApplicationShutdownHook] o.s.b.w.e.tomcat.GracefulShutdown - Commencing graceful shutdown. Waiting for active requests to complete
[2025-10-22 17:40:49.879] [INFO ] [tomcat-shutdown] o.s.b.w.e.tomcat.GracefulShutdown - Graceful shutdown complete
[2025-10-22 17:40:49.885] [INFO ] [SpringApplicationShutdownHook] com.zaxxer.hikari.HikariDataSource - HikariPool-1 - Shutdown initiated...
[2025-10-22 17:40:50.270] [INFO ] [SpringApplicationShutdownHook] com.zaxxer.hikari.HikariDataSource - HikariPool-1 - Shutdown completed.
[2025-10-22 17:40:53.507] [INFO ] [background-preinit] o.h.validator.internal.util.Version - HV000001: Hibernate Validator 8.0.3.Final
[2025-10-22 17:40:53.529] [INFO ] [restartedMain] com.sqld_board.sqld.SqldApplication - Starting SqldApplication using Java 17.0.11 with PID 89862 (/Users/minboklee/Downloads/sqld/build/classes/java/main started by minboklee in /Users/minboklee/Downloads/sqld)
[2025-10-22 17:40:53.530] [INFO ] [restartedMain] com.sqld_board.sqld.SqldApplication - No active profile set, falling back to 1 default profile: "default"
[2025-10-22 17:40:53.547] [INFO ] [restartedMain] o.s.b.d.restart.ChangeableUrls - The Class-Path manifest attribute in /Users/minboklee/.gradle/caches/modules-2/files-2.1/com.oracle.database.jdbc/ojdbc11/23.7.0.25.01/665f52abef9122ce003b5cfc1d9d44f7302e2cfe/ojdbc11-23.7.0.25.01.jar referenced one or more files that do not exist: file:/Users/minboklee/.gradle/caches/modules-2/files-2.1/com.oracle.database.jdbc/ojdbc11/23.7.0.25.01/665f52abef9122ce003b5cfc1d9d44f7302e2cfe/oraclepki.jar
[2025-10-22 17:40:53.547] [INFO ] [restartedMain] o.s.b.d.e.DevToolsPropertyDefaultsPostProcessor - Devtools property defaults active! Set 'spring.devtools.add-properties' to 'false' to disable
[2025-10-22 17:40:53.547] [INFO ] [restartedMain] o.s.b.d.e.DevToolsPropertyDefaultsPostProcessor - For additional web related logging consider setting the 'logging.level.web' property to 'DEBUG'
[2025-10-22 17:40:54.138] [INFO ] [restartedMain] o.s.b.w.e.tomcat.TomcatWebServer - Tomcat initialized with port 8881 (http)
[2025-10-22 17:40:54.145] [INFO ] [restartedMain] o.a.coyote.http11.Http11NioProtocol - Initializing ProtocolHandler ["http-nio-8881"]
[2025-10-22 17:40:54.145] [INFO ] [restartedMain] o.a.catalina.core.StandardService - Starting service [Tomcat]
[2025-10-22 17:40:54.145] [INFO ] [restartedMain] o.a.catalina.core.StandardEngine - Starting Servlet engine: [Apache Tomcat/10.1.46]
[2025-10-22 17:40:54.168] [INFO ] [restartedMain] o.a.c.c.C.[Tomcat].[localhost].[/] - Initializing Spring embedded WebApplicationContext
[2025-10-22 17:40:54.168] [INFO ] [restartedMain] o.s.b.w.s.c.ServletWebServerApplicationContext - Root WebApplicationContext: initialization completed in 620 ms
[2025-10-22 17:40:54.504] [INFO ] [restartedMain] com.zaxxer.hikari.HikariDataSource - HikariPool-1 - Starting...
[2025-10-22 17:40:54.854] [INFO ] [restartedMain] com.zaxxer.hikari.pool.HikariPool - HikariPool-1 - Added connection net.sf.log4jdbc.sql.jdbcapi.ConnectionSpy@53413bc0
[2025-10-22 17:40:54.856] [INFO ] [restartedMain] com.zaxxer.hikari.HikariDataSource - HikariPool-1 - Start completed.
[2025-10-22 17:40:54.861] [INFO ] [restartedMain] o.s.b.a.h.H2ConsoleAutoConfiguration - H2 console available at '/h2-console'. Database available at 'jdbc:oracle:thin:@175.197.69.42:1521:orcl'
[2025-10-22 17:40:54.893] [INFO ] [restartedMain] o.s.b.d.a.OptionalLiveReloadServer - LiveReload server is running on port 35729
[2025-10-22 17:40:54.904] [INFO ] [restartedMain] o.a.coyote.http11.Http11NioProtocol - Starting ProtocolHandler ["http-nio-8881"]
[2025-10-22 17:40:54.912] [INFO ] [restartedMain] o.s.b.w.e.tomcat.TomcatWebServer - Tomcat started on port 8881 (http) with context path '/'
[2025-10-22 17:40:54.918] [INFO ] [restartedMain] com.sqld_board.sqld.SqldApplication - Started SqldApplication in 1.677 seconds (process running for 2.246)
[2025-10-22 17:41:01.060] [INFO ] [http-nio-8881-exec-1] o.a.c.c.C.[Tomcat].[localhost].[/] - Initializing Spring DispatcherServlet 'dispatcherServlet'
[2025-10-22 17:41:01.061] [INFO ] [http-nio-8881-exec-1] o.s.web.servlet.DispatcherServlet - Initializing Servlet 'dispatcherServlet'
[2025-10-22 17:41:01.063] [INFO ] [http-nio-8881-exec-1] o.s.web.servlet.DispatcherServlet - Completed initialization in 2 ms
[2025-10-22 17:41:01.221] [INFO ] [http-nio-8881-exec-1] jdbc.sqlonly - SELECT 1
          FROM MEMBER_INFO
         WHERE USER_ID = 'string'
          AND RowNum = 1

[2025-10-22 17:41:01.268] [INFO ] [http-nio-8881-exec-1] jdbc.resultsettable - 
|--|
|1 |
|--|
|--|

[2025-10-22 17:41:01.294] [WARN ] [http-nio-8881-exec-1] o.s.w.s.m.m.a.ExceptionHandlerExceptionResolver - Resolved [com.sqld_board.sqld.exception.common.MemberNotFoundException]
[2025-10-22 17:44:08.382] [INFO ] [SpringApplicationShutdownHook] o.s.b.w.e.tomcat.GracefulShutdown - Commencing graceful shutdown. Waiting for active requests to complete
[2025-10-22 17:44:08.391] [INFO ] [tomcat-shutdown] o.s.b.w.e.tomcat.GracefulShutdown - Graceful shutdown complete
[2025-10-22 17:44:08.403] [INFO ] [SpringApplicationShutdownHook] com.zaxxer.hikari.HikariDataSource - HikariPool-1 - Shutdown initiated...
[2025-10-22 17:44:08.499] [INFO ] [SpringApplicationShutdownHook] com.zaxxer.hikari.HikariDataSource - HikariPool-1 - Shutdown completed.
[2025-10-22 17:44:10.837] [INFO ] [background-preinit] o.h.validator.internal.util.Version - HV000001: Hibernate Validator 8.0.3.Final
[2025-10-22 17:44:10.858] [INFO ] [restartedMain] com.sqld_board.sqld.SqldApplication - Starting SqldApplication using Java 17.0.11 with PID 89903 (/Users/minboklee/Downloads/sqld/build/classes/java/main started by minboklee in /Users/minboklee/Downloads/sqld)
[2025-10-22 17:44:10.859] [INFO ] [restartedMain] com.sqld_board.sqld.SqldApplication - No active profile set, falling back to 1 default profile: "default"
[2025-10-22 17:44:10.876] [INFO ] [restartedMain] o.s.b.d.restart.ChangeableUrls - The Class-Path manifest attribute in /Users/minboklee/.gradle/caches/modules-2/files-2.1/com.oracle.database.jdbc/ojdbc11/23.7.0.25.01/665f52abef9122ce003b5cfc1d9d44f7302e2cfe/ojdbc11-23.7.0.25.01.jar referenced one or more files that do not exist: file:/Users/minboklee/.gradle/caches/modules-2/files-2.1/com.oracle.database.jdbc/ojdbc11/23.7.0.25.01/665f52abef9122ce003b5cfc1d9d44f7302e2cfe/oraclepki.jar
[2025-10-22 17:44:10.876] [INFO ] [restartedMain] o.s.b.d.e.DevToolsPropertyDefaultsPostProcessor - Devtools property defaults active! Set 'spring.devtools.add-properties' to 'false' to disable
[2025-10-22 17:44:10.876] [INFO ] [restartedMain] o.s.b.d.e.DevToolsPropertyDefaultsPostProcessor - For additional web related logging consider setting the 'logging.level.web' property to 'DEBUG'
[2025-10-22 17:44:11.455] [INFO ] [restartedMain] o.s.b.w.e.tomcat.TomcatWebServer - Tomcat initialized with port 8881 (http)
[2025-10-22 17:44:11.463] [INFO ] [restartedMain] o.a.coyote.http11.Http11NioProtocol - Initializing ProtocolHandler ["http-nio-8881"]
[2025-10-22 17:44:11.464] [INFO ] [restartedMain] o.a.catalina.core.StandardService - Starting service [Tomcat]
[2025-10-22 17:44:11.465] [INFO ] [restartedMain] o.a.catalina.core.StandardEngine - Starting Servlet engine: [Apache Tomcat/10.1.46]
[2025-10-22 17:44:11.492] [INFO ] [restartedMain] o.a.c.c.C.[Tomcat].[localhost].[/] - Initializing Spring embedded WebApplicationContext
[2025-10-22 17:44:11.492] [INFO ] [restartedMain] o.s.b.w.s.c.ServletWebServerApplicationContext - Root WebApplicationContext: initialization completed in 616 ms
[2025-10-22 17:44:11.908] [INFO ] [restartedMain] com.zaxxer.hikari.HikariDataSource - HikariPool-1 - Starting...
[2025-10-22 17:44:12.214] [INFO ] [restartedMain] com.zaxxer.hikari.pool.HikariPool - HikariPool-1 - Added connection net.sf.log4jdbc.sql.jdbcapi.ConnectionSpy@201b5583
[2025-10-22 17:44:12.215] [INFO ] [restartedMain] com.zaxxer.hikari.HikariDataSource - HikariPool-1 - Start completed.
[2025-10-22 17:44:12.219] [INFO ] [restartedMain] o.s.b.a.h.H2ConsoleAutoConfiguration - H2 console available at '/h2-console'. Database available at 'jdbc:oracle:thin:@175.197.69.42:1521:orcl'
[2025-10-22 17:44:12.252] [INFO ] [restartedMain] o.s.b.d.a.OptionalLiveReloadServer - LiveReload server is running on port 35729
[2025-10-22 17:44:12.264] [INFO ] [restartedMain] o.a.coyote.http11.Http11NioProtocol - Starting ProtocolHandler ["http-nio-8881"]
[2025-10-22 17:44:12.273] [INFO ] [restartedMain] o.s.b.w.e.tomcat.TomcatWebServer - Tomcat started on port 8881 (http) with context path '/'
[2025-10-22 17:44:12.281] [INFO ] [restartedMain] com.sqld_board.sqld.SqldApplication - Started SqldApplication in 1.66 seconds (process running for 2.087)
[2025-10-22 17:44:16.271] [INFO ] [http-nio-8881-exec-1] o.a.c.c.C.[Tomcat].[localhost].[/] - Initializing Spring DispatcherServlet 'dispatcherServlet'
[2025-10-22 17:44:16.271] [INFO ] [http-nio-8881-exec-1] o.s.web.servlet.DispatcherServlet - Initializing Servlet 'dispatcherServlet'
[2025-10-22 17:44:16.273] [INFO ] [http-nio-8881-exec-1] o.s.web.servlet.DispatcherServlet - Completed initialization in 2 ms
[2025-10-22 17:44:16.407] [INFO ] [http-nio-8881-exec-1] jdbc.sqlonly - SELECT 1
          FROM MEMBER_INFO
         WHERE USER_ID = 'string'
          AND RowNum = 1

[2025-10-22 17:44:16.449] [INFO ] [http-nio-8881-exec-1] jdbc.resultsettable - 
|--|
|1 |
|--|
|--|

[2025-10-22 17:44:16.489] [WARN ] [http-nio-8881-exec-1] o.s.w.s.m.m.a.ExceptionHandlerExceptionResolver - Resolved [com.sqld_board.sqld.exception.common.MemberNotFoundException]
[2025-10-22 17:45:11.951] [INFO ] [SpringApplicationShutdownHook] o.s.b.w.e.tomcat.GracefulShutdown - Commencing graceful shutdown. Waiting for active requests to complete
[2025-10-22 17:45:11.962] [INFO ] [tomcat-shutdown] o.s.b.w.e.tomcat.GracefulShutdown - Graceful shutdown complete
[2025-10-22 17:45:11.971] [INFO ] [SpringApplicationShutdownHook] com.zaxxer.hikari.HikariDataSource - HikariPool-1 - Shutdown initiated...
[2025-10-22 17:45:12.062] [INFO ] [SpringApplicationShutdownHook] com.zaxxer.hikari.HikariDataSource - HikariPool-1 - Shutdown completed.
[2025-10-22 17:45:13.961] [INFO ] [background-preinit] o.h.validator.internal.util.Version - HV000001: Hibernate Validator 8.0.3.Final
[2025-10-22 17:45:13.985] [INFO ] [restartedMain] com.sqld_board.sqld.SqldApplication - Starting SqldApplication using Java 17.0.11 with PID 89936 (/Users/minboklee/Downloads/sqld/build/classes/java/main started by minboklee in /Users/minboklee/Downloads/sqld)
[2025-10-22 17:45:13.985] [INFO ] [restartedMain] com.sqld_board.sqld.SqldApplication - No active profile set, falling back to 1 default profile: "default"
[2025-10-22 17:45:14.003] [INFO ] [restartedMain] o.s.b.d.restart.ChangeableUrls - The Class-Path manifest attribute in /Users/minboklee/.gradle/caches/modules-2/files-2.1/com.oracle.database.jdbc/ojdbc11/23.7.0.25.01/665f52abef9122ce003b5cfc1d9d44f7302e2cfe/ojdbc11-23.7.0.25.01.jar referenced one or more files that do not exist: file:/Users/minboklee/.gradle/caches/modules-2/files-2.1/com.oracle.database.jdbc/ojdbc11/23.7.0.25.01/665f52abef9122ce003b5cfc1d9d44f7302e2cfe/oraclepki.jar
[2025-10-22 17:45:14.003] [INFO ] [restartedMain] o.s.b.d.e.DevToolsPropertyDefaultsPostProcessor - Devtools property defaults active! Set 'spring.devtools.add-properties' to 'false' to disable
[2025-10-22 17:45:14.003] [INFO ] [restartedMain] o.s.b.d.e.DevToolsPropertyDefaultsPostProcessor - For additional web related logging consider setting the 'logging.level.web' property to 'DEBUG'
[2025-10-22 17:45:14.560] [INFO ] [restartedMain] o.s.b.w.e.tomcat.TomcatWebServer - Tomcat initialized with port 8881 (http)
[2025-10-22 17:45:14.567] [INFO ] [restartedMain] o.a.coyote.http11.Http11NioProtocol - Initializing ProtocolHandler ["http-nio-8881"]
[2025-10-22 17:45:14.567] [INFO ] [restartedMain] o.a.catalina.core.StandardService - Starting service [Tomcat]
[2025-10-22 17:45:14.568] [INFO ] [restartedMain] o.a.catalina.core.StandardEngine - Starting Servlet engine: [Apache Tomcat/10.1.46]
[2025-10-22 17:45:14.587] [INFO ] [restartedMain] o.a.c.c.C.[Tomcat].[localhost].[/] - Initializing Spring embedded WebApplicationContext
[2025-10-22 17:45:14.587] [INFO ] [restartedMain] o.s.b.w.s.c.ServletWebServerApplicationContext - Root WebApplicationContext: initialization completed in 584 ms
[2025-10-22 17:45:14.919] [INFO ] [restartedMain] com.zaxxer.hikari.HikariDataSource - HikariPool-1 - Starting...
[2025-10-22 17:45:15.222] [INFO ] [restartedMain] com.zaxxer.hikari.pool.HikariPool - HikariPool-1 - Added connection net.sf.log4jdbc.sql.jdbcapi.ConnectionSpy@46913163
[2025-10-22 17:45:15.222] [INFO ] [restartedMain] com.zaxxer.hikari.HikariDataSource - HikariPool-1 - Start completed.
[2025-10-22 17:45:15.226] [INFO ] [restartedMain] o.s.b.a.h.H2ConsoleAutoConfiguration - H2 console available at '/h2-console'. Database available at 'jdbc:oracle:thin:@175.197.69.42:1521:orcl'
[2025-10-22 17:45:15.253] [INFO ] [restartedMain] o.s.b.d.a.OptionalLiveReloadServer - LiveReload server is running on port 35729
[2025-10-22 17:45:15.262] [INFO ] [restartedMain] o.a.coyote.http11.Http11NioProtocol - Starting ProtocolHandler ["http-nio-8881"]
[2025-10-22 17:45:15.270] [INFO ] [restartedMain] o.s.b.w.e.tomcat.TomcatWebServer - Tomcat started on port 8881 (http) with context path '/'
[2025-10-22 17:45:15.276] [INFO ] [restartedMain] com.sqld_board.sqld.SqldApplication - Started SqldApplication in 1.526 seconds (process running for 1.83)
[2025-10-22 17:45:20.699] [INFO ] [http-nio-8881-exec-1] o.a.c.c.C.[Tomcat].[localhost].[/] - Initializing Spring DispatcherServlet 'dispatcherServlet'
[2025-10-22 17:45:20.700] [INFO ] [http-nio-8881-exec-1] o.s.web.servlet.DispatcherServlet - Initializing Servlet 'dispatcherServlet'
[2025-10-22 17:45:20.703] [INFO ] [http-nio-8881-exec-1] o.s.web.servlet.DispatcherServlet - Completed initialization in 3 ms
[2025-10-22 17:45:20.846] [INFO ] [http-nio-8881-exec-1] jdbc.sqlonly - SELECT 1
          FROM MEMBER_INFO
         WHERE USER_ID = 'string'
          AND RowNum = 1

[2025-10-22 17:45:20.898] [INFO ] [http-nio-8881-exec-1] jdbc.resultsettable - 
|--|
|1 |
|--|
|--|

[2025-10-22 17:45:20.922] [WARN ] [http-nio-8881-exec-1] o.s.w.s.m.m.a.ExceptionHandlerExceptionResolver - Resolved [com.sqld_board.sqld.exception.common.MemberNotFoundException]
[2025-10-22 17:45:23.208] [WARN ] [http-nio-8881-exec-5] o.s.c.s.ResourceBundleMessageSource - ResourceBundle [i18n/validation] not found for MessageSource: Can't find bundle for base name i18n/validation, locale ko_KR
[2025-10-22 17:45:23.228] [WARN ] [http-nio-8881-exec-5] o.s.c.s.ResourceBundleMessageSource - ResourceBundle [i18n/validation] not found for MessageSource: Can't find bundle for base name i18n/validation, locale ko_KR
[2025-10-22 17:45:23.239] [WARN ] [http-nio-8881-exec-5] o.s.c.s.ResourceBundleMessageSource - ResourceBundle [i18n/validation] not found for MessageSource: Can't find bundle for base name i18n/validation, locale ko_KR
[2025-10-22 17:45:23.243] [WARN ] [http-nio-8881-exec-5] o.s.c.s.ResourceBundleMessageSource - ResourceBundle [i18n/validation] not found for MessageSource: Can't find bundle for base name i18n/validation, locale ko_KR
[2025-10-22 17:45:23.249] [INFO ] [http-nio-8881-exec-5] o.s.api.AbstractOpenApiResource - Init duration for springdoc-openapi is: 145 ms
[2025-10-22 17:45:25.435] [INFO ] [http-nio-8881-exec-7] jdbc.sqlonly - SELECT 1
          FROM MEMBER_INFO
         WHERE USER_ID = 'string'
          AND RowNum = 1

[2025-10-22 17:45:25.446] [INFO ] [http-nio-8881-exec-7] jdbc.resultsettable - 
|--|
|1 |
|--|
|--|

[2025-10-22 17:45:25.448] [WARN ] [http-nio-8881-exec-7] o.s.w.s.m.m.a.ExceptionHandlerExceptionResolver - Resolved [com.sqld_board.sqld.exception.common.MemberNotFoundException]
[2025-10-22 17:48:58.245] [INFO ] [SpringApplicationShutdownHook] o.s.b.w.e.tomcat.GracefulShutdown - Commencing graceful shutdown. Waiting for active requests to complete
[2025-10-22 17:48:58.269] [INFO ] [tomcat-shutdown] o.s.b.w.e.tomcat.GracefulShutdown - Graceful shutdown complete
[2025-10-22 17:48:58.275] [INFO ] [SpringApplicationShutdownHook] com.zaxxer.hikari.HikariDataSource - HikariPool-1 - Shutdown initiated...
[2025-10-22 17:48:58.366] [INFO ] [SpringApplicationShutdownHook] com.zaxxer.hikari.HikariDataSource - HikariPool-1 - Shutdown completed.
[2025-10-22 17:49:01.389] [INFO ] [background-preinit] o.h.validator.internal.util.Version - HV000001: Hibernate Validator 8.0.3.Final
[2025-10-22 17:49:01.410] [INFO ] [restartedMain] com.sqld_board.sqld.SqldApplication - Starting SqldApplication using Java 17.0.11 with PID 90027 (/Users/minboklee/Downloads/sqld/build/classes/java/main started by minboklee in /Users/minboklee/Downloads/sqld)
[2025-10-22 17:49:01.410] [INFO ] [restartedMain] com.sqld_board.sqld.SqldApplication - No active profile set, falling back to 1 default profile: "default"
[2025-10-22 17:49:01.428] [INFO ] [restartedMain] o.s.b.d.restart.ChangeableUrls - The Class-Path manifest attribute in /Users/minboklee/.gradle/caches/modules-2/files-2.1/com.oracle.database.jdbc/ojdbc11/23.7.0.25.01/665f52abef9122ce003b5cfc1d9d44f7302e2cfe/ojdbc11-23.7.0.25.01.jar referenced one or more files that do not exist: file:/Users/minboklee/.gradle/caches/modules-2/files-2.1/com.oracle.database.jdbc/ojdbc11/23.7.0.25.01/665f52abef9122ce003b5cfc1d9d44f7302e2cfe/oraclepki.jar
[2025-10-22 17:49:01.428] [INFO ] [restartedMain] o.s.b.d.e.DevToolsPropertyDefaultsPostProcessor - Devtools property defaults active! Set 'spring.devtools.add-properties' to 'false' to disable
[2025-10-22 17:49:01.428] [INFO ] [restartedMain] o.s.b.d.e.DevToolsPropertyDefaultsPostProcessor - For additional web related logging consider setting the 'logging.level.web' property to 'DEBUG'
[2025-10-22 17:49:02.020] [INFO ] [restartedMain] o.s.b.w.e.tomcat.TomcatWebServer - Tomcat initialized with port 8881 (http)
[2025-10-22 17:49:02.026] [INFO ] [restartedMain] o.a.coyote.http11.Http11NioProtocol - Initializing ProtocolHandler ["http-nio-8881"]
[2025-10-22 17:49:02.027] [INFO ] [restartedMain] o.a.catalina.core.StandardService - Starting service [Tomcat]
[2025-10-22 17:49:02.027] [INFO ] [restartedMain] o.a.catalina.core.StandardEngine - Starting Servlet engine: [Apache Tomcat/10.1.46]
[2025-10-22 17:49:02.045] [INFO ] [restartedMain] o.a.c.c.C.[Tomcat].[localhost].[/] - Initializing Spring embedded WebApplicationContext
[2025-10-22 17:49:02.046] [INFO ] [restartedMain] o.s.b.w.s.c.ServletWebServerApplicationContext - Root WebApplicationContext: initialization completed in 618 ms
[2025-10-22 17:49:02.382] [INFO ] [restartedMain] com.zaxxer.hikari.HikariDataSource - HikariPool-1 - Starting...
[2025-10-22 17:49:02.671] [INFO ] [restartedMain] com.zaxxer.hikari.pool.HikariPool - HikariPool-1 - Added connection net.sf.log4jdbc.sql.jdbcapi.ConnectionSpy@334bfdc2
[2025-10-22 17:49:02.673] [INFO ] [restartedMain] com.zaxxer.hikari.HikariDataSource - HikariPool-1 - Start completed.
[2025-10-22 17:49:02.678] [INFO ] [restartedMain] o.s.b.a.h.H2ConsoleAutoConfiguration - H2 console available at '/h2-console'. Database available at 'jdbc:oracle:thin:@175.197.69.42:1521:orcl'
[2025-10-22 17:49:02.716] [INFO ] [restartedMain] o.s.b.d.a.OptionalLiveReloadServer - LiveReload server is running on port 35729
[2025-10-22 17:49:02.730] [INFO ] [restartedMain] o.a.coyote.http11.Http11NioProtocol - Starting ProtocolHandler ["http-nio-8881"]
[2025-10-22 17:49:02.743] [INFO ] [restartedMain] o.s.b.w.e.tomcat.TomcatWebServer - Tomcat started on port 8881 (http) with context path '/'
[2025-10-22 17:49:02.750] [INFO ] [restartedMain] com.sqld_board.sqld.SqldApplication - Started SqldApplication in 1.61 seconds (process running for 2.001)
[2025-10-22 17:49:05.575] [INFO ] [http-nio-8881-exec-1] o.a.c.c.C.[Tomcat].[localhost].[/] - Initializing Spring DispatcherServlet 'dispatcherServlet'
[2025-10-22 17:49:05.576] [INFO ] [http-nio-8881-exec-1] o.s.web.servlet.DispatcherServlet - Initializing Servlet 'dispatcherServlet'
[2025-10-22 17:49:05.577] [INFO ] [http-nio-8881-exec-1] o.s.web.servlet.DispatcherServlet - Completed initialization in 1 ms
[2025-10-22 17:49:05.714] [INFO ] [http-nio-8881-exec-1] jdbc.sqlonly - SELECT 1
          FROM MEMBER_INFO
         WHERE USER_ID = 'string'
          AND RowNum = 1

[2025-10-22 17:49:05.755] [INFO ] [http-nio-8881-exec-1] jdbc.resultsettable - 
|--|
|1 |
|--|
|--|

[2025-10-22 17:49:05.775] [WARN ] [http-nio-8881-exec-1] o.s.w.s.m.m.a.ExceptionHandlerExceptionResolver - Resolved [com.sqld_board.sqld.exception.common.MemberNotFoundException]
[2025-10-22 17:49:07.365] [WARN ] [http-nio-8881-exec-5] o.s.c.s.ResourceBundleMessageSource - ResourceBundle [i18n/validation] not found for MessageSource: Can't find bundle for base name i18n/validation, locale ko_KR
[2025-10-22 17:49:07.380] [WARN ] [http-nio-8881-exec-5] o.s.c.s.ResourceBundleMessageSource - ResourceBundle [i18n/validation] not found for MessageSource: Can't find bundle for base name i18n/validation, locale ko_KR
[2025-10-22 17:49:07.394] [WARN ] [http-nio-8881-exec-5] o.s.c.s.ResourceBundleMessageSource - ResourceBundle [i18n/validation] not found for MessageSource: Can't find bundle for base name i18n/validation, locale ko_KR
[2025-10-22 17:49:07.398] [WARN ] [http-nio-8881-exec-5] o.s.c.s.ResourceBundleMessageSource - ResourceBundle [i18n/validation] not found for MessageSource: Can't find bundle for base name i18n/validation, locale ko_KR
[2025-10-22 17:49:07.404] [INFO ] [http-nio-8881-exec-5] o.s.api.AbstractOpenApiResource - Init duration for springdoc-openapi is: 157 ms
[2025-10-22 17:49:10.003] [INFO ] [http-nio-8881-exec-6] jdbc.sqlonly - SELECT 1
          FROM MEMBER_INFO
         WHERE USER_ID = 'string'
          AND RowNum = 1

[2025-10-22 17:49:10.014] [INFO ] [http-nio-8881-exec-6] jdbc.resultsettable - 
|--|
|1 |
|--|
|--|

[2025-10-22 17:49:10.020] [WARN ] [http-nio-8881-exec-6] o.s.w.s.m.m.a.ExceptionHandlerExceptionResolver - Resolved [com.sqld_board.sqld.exception.common.MemberNotFoundException]
[2025-10-22 17:50:28.529] [INFO ] [SpringApplicationShutdownHook] o.s.b.w.e.tomcat.GracefulShutdown - Commencing graceful shutdown. Waiting for active requests to complete
[2025-10-22 17:50:28.538] [INFO ] [tomcat-shutdown] o.s.b.w.e.tomcat.GracefulShutdown - Graceful shutdown complete
[2025-10-22 17:50:28.550] [INFO ] [SpringApplicationShutdownHook] com.zaxxer.hikari.HikariDataSource - HikariPool-1 - Shutdown initiated...
[2025-10-22 17:50:28.639] [INFO ] [SpringApplicationShutdownHook] com.zaxxer.hikari.HikariDataSource - HikariPool-1 - Shutdown completed.
[2025-10-22 17:50:30.114] [INFO ] [background-preinit] o.h.validator.internal.util.Version - HV000001: Hibernate Validator 8.0.3.Final
[2025-10-22 17:50:30.135] [INFO ] [restartedMain] com.sqld_board.sqld.SqldApplication - Starting SqldApplication using Java 17.0.11 with PID 90056 (/Users/minboklee/Downloads/sqld/build/classes/java/main started by minboklee in /Users/minboklee/Downloads/sqld)
[2025-10-22 17:50:30.135] [INFO ] [restartedMain] com.sqld_board.sqld.SqldApplication - No active profile set, falling back to 1 default profile: "default"
[2025-10-22 17:50:30.152] [INFO ] [restartedMain] o.s.b.d.restart.ChangeableUrls - The Class-Path manifest attribute in /Users/minboklee/.gradle/caches/modules-2/files-2.1/com.oracle.database.jdbc/ojdbc11/23.7.0.25.01/665f52abef9122ce003b5cfc1d9d44f7302e2cfe/ojdbc11-23.7.0.25.01.jar referenced one or more files that do not exist: file:/Users/minboklee/.gradle/caches/modules-2/files-2.1/com.oracle.database.jdbc/ojdbc11/23.7.0.25.01/665f52abef9122ce003b5cfc1d9d44f7302e2cfe/oraclepki.jar
[2025-10-22 17:50:30.152] [INFO ] [restartedMain] o.s.b.d.e.DevToolsPropertyDefaultsPostProcessor - Devtools property defaults active! Set 'spring.devtools.add-properties' to 'false' to disable
[2025-10-22 17:50:30.152] [INFO ] [restartedMain] o.s.b.d.e.DevToolsPropertyDefaultsPostProcessor - For additional web related logging consider setting the 'logging.level.web' property to 'DEBUG'
[2025-10-22 17:50:30.807] [INFO ] [restartedMain] o.s.b.w.e.tomcat.TomcatWebServer - Tomcat initialized with port 8881 (http)
[2025-10-22 17:50:30.814] [INFO ] [restartedMain] o.a.coyote.http11.Http11NioProtocol - Initializing ProtocolHandler ["http-nio-8881"]
[2025-10-22 17:50:30.815] [INFO ] [restartedMain] o.a.catalina.core.StandardService - Starting service [Tomcat]
[2025-10-22 17:50:30.815] [INFO ] [restartedMain] o.a.catalina.core.StandardEngine - Starting Servlet engine: [Apache Tomcat/10.1.46]
[2025-10-22 17:50:30.834] [INFO ] [restartedMain] o.a.c.c.C.[Tomcat].[localhost].[/] - Initializing Spring embedded WebApplicationContext
[2025-10-22 17:50:30.835] [INFO ] [restartedMain] o.s.b.w.s.c.ServletWebServerApplicationContext - Root WebApplicationContext: initialization completed in 682 ms
[2025-10-22 17:50:31.189] [INFO ] [restartedMain] com.zaxxer.hikari.HikariDataSource - HikariPool-1 - Starting...
[2025-10-22 17:50:31.478] [INFO ] [restartedMain] com.zaxxer.hikari.pool.HikariPool - HikariPool-1 - Added connection net.sf.log4jdbc.sql.jdbcapi.ConnectionSpy@d5b6208
[2025-10-22 17:50:31.478] [INFO ] [restartedMain] com.zaxxer.hikari.HikariDataSource - HikariPool-1 - Start completed.
[2025-10-22 17:50:31.482] [INFO ] [restartedMain] o.s.b.a.h.H2ConsoleAutoConfiguration - H2 console available at '/h2-console'. Database available at 'jdbc:oracle:thin:@175.197.69.42:1521:orcl'
[2025-10-22 17:50:31.510] [INFO ] [restartedMain] o.s.b.d.a.OptionalLiveReloadServer - LiveReload server is running on port 35729
[2025-10-22 17:50:31.520] [INFO ] [restartedMain] o.a.coyote.http11.Http11NioProtocol - Starting ProtocolHandler ["http-nio-8881"]
[2025-10-22 17:50:31.529] [INFO ] [restartedMain] o.s.b.w.e.tomcat.TomcatWebServer - Tomcat started on port 8881 (http) with context path '/'
[2025-10-22 17:50:31.535] [INFO ] [restartedMain] com.sqld_board.sqld.SqldApplication - Started SqldApplication in 1.738 seconds (process running for 2.124)
[2025-10-22 17:50:56.072] [INFO ] [SpringApplicationShutdownHook] o.s.b.w.e.tomcat.GracefulShutdown - Commencing graceful shutdown. Waiting for active requests to complete
[2025-10-22 17:50:56.080] [INFO ] [tomcat-shutdown] o.s.b.w.e.tomcat.GracefulShutdown - Graceful shutdown complete
[2025-10-22 17:50:56.086] [INFO ] [SpringApplicationShutdownHook] com.zaxxer.hikari.HikariDataSource - HikariPool-1 - Shutdown initiated...
[2025-10-22 17:50:56.351] [INFO ] [SpringApplicationShutdownHook] com.zaxxer.hikari.HikariDataSource - HikariPool-1 - Shutdown completed.
[2025-10-22 17:50:57.740] [INFO ] [background-preinit] o.h.validator.internal.util.Version - HV000001: Hibernate Validator 8.0.3.Final
[2025-10-22 17:50:57.761] [INFO ] [restartedMain] com.sqld_board.sqld.SqldApplication - Starting SqldApplication using Java 17.0.11 with PID 90078 (/Users/minboklee/Downloads/sqld/build/classes/java/main started by minboklee in /Users/minboklee/Downloads/sqld)
[2025-10-22 17:50:57.761] [INFO ] [restartedMain] com.sqld_board.sqld.SqldApplication - No active profile set, falling back to 1 default profile: "default"
[2025-10-22 17:50:57.777] [INFO ] [restartedMain] o.s.b.d.restart.ChangeableUrls - The Class-Path manifest attribute in /Users/minboklee/.gradle/caches/modules-2/files-2.1/com.oracle.database.jdbc/ojdbc11/23.7.0.25.01/665f52abef9122ce003b5cfc1d9d44f7302e2cfe/ojdbc11-23.7.0.25.01.jar referenced one or more files that do not exist: file:/Users/minboklee/.gradle/caches/modules-2/files-2.1/com.oracle.database.jdbc/ojdbc11/23.7.0.25.01/665f52abef9122ce003b5cfc1d9d44f7302e2cfe/oraclepki.jar
[2025-10-22 17:50:57.777] [INFO ] [restartedMain] o.s.b.d.e.DevToolsPropertyDefaultsPostProcessor - Devtools property defaults active! Set 'spring.devtools.add-properties' to 'false' to disable
[2025-10-22 17:50:57.777] [INFO ] [restartedMain] o.s.b.d.e.DevToolsPropertyDefaultsPostProcessor - For additional web related logging consider setting the 'logging.level.web' property to 'DEBUG'
[2025-10-22 17:50:58.310] [INFO ] [restartedMain] o.s.b.w.e.tomcat.TomcatWebServer - Tomcat initialized with port 8881 (http)
[2025-10-22 17:50:58.316] [INFO ] [restartedMain] o.a.coyote.http11.Http11NioProtocol - Initializing ProtocolHandler ["http-nio-8881"]
[2025-10-22 17:50:58.318] [INFO ] [restartedMain] o.a.catalina.core.StandardService - Starting service [Tomcat]
[2025-10-22 17:50:58.319] [INFO ] [restartedMain] o.a.catalina.core.StandardEngine - Starting Servlet engine: [Apache Tomcat/10.1.46]
[2025-10-22 17:50:58.338] [INFO ] [restartedMain] o.a.c.c.C.[Tomcat].[localhost].[/] - Initializing Spring embedded WebApplicationContext
[2025-10-22 17:50:58.338] [INFO ] [restartedMain] o.s.b.w.s.c.ServletWebServerApplicationContext - Root WebApplicationContext: initialization completed in 561 ms
[2025-10-22 17:50:58.654] [INFO ] [restartedMain] com.zaxxer.hikari.HikariDataSource - HikariPool-1 - Starting...
[2025-10-22 17:50:58.995] [INFO ] [restartedMain] com.zaxxer.hikari.pool.HikariPool - HikariPool-1 - Added connection net.sf.log4jdbc.sql.jdbcapi.ConnectionSpy@6059357a
[2025-10-22 17:50:58.996] [INFO ] [restartedMain] com.zaxxer.hikari.HikariDataSource - HikariPool-1 - Start completed.
[2025-10-22 17:50:59.000] [INFO ] [restartedMain] o.s.b.a.h.H2ConsoleAutoConfiguration - H2 console available at '/h2-console'. Database available at 'jdbc:oracle:thin:@175.197.69.42:1521:orcl'
[2025-10-22 17:50:59.027] [INFO ] [restartedMain] o.s.b.d.a.OptionalLiveReloadServer - LiveReload server is running on port 35729
[2025-10-22 17:50:59.036] [INFO ] [restartedMain] o.a.coyote.http11.Http11NioProtocol - Starting ProtocolHandler ["http-nio-8881"]
[2025-10-22 17:50:59.044] [INFO ] [restartedMain] o.s.b.w.e.tomcat.TomcatWebServer - Tomcat started on port 8881 (http) with context path '/'
[2025-10-22 17:50:59.050] [INFO ] [restartedMain] com.sqld_board.sqld.SqldApplication - Started SqldApplication in 1.503 seconds (process running for 1.77)
[2025-10-22 17:51:03.826] [INFO ] [http-nio-8881-exec-1] o.a.c.c.C.[Tomcat].[localhost].[/] - Initializing Spring DispatcherServlet 'dispatcherServlet'
[2025-10-22 17:51:03.827] [INFO ] [http-nio-8881-exec-1] o.s.web.servlet.DispatcherServlet - Initializing Servlet 'dispatcherServlet'
[2025-10-22 17:51:03.828] [INFO ] [http-nio-8881-exec-1] o.s.web.servlet.DispatcherServlet - Completed initialization in 1 ms
[2025-10-22 17:51:03.960] [INFO ] [http-nio-8881-exec-1] jdbc.sqlonly - SELECT 1
          FROM MEMBER_INFO
         WHERE USER_ID = 'string'
          AND RowNum = 1

[2025-10-22 17:51:04.006] [INFO ] [http-nio-8881-exec-1] jdbc.resultsettable - 
|--|
|1 |
|--|
|--|

[2025-10-22 17:51:04.024] [WARN ] [http-nio-8881-exec-1] o.s.w.s.m.m.a.ExceptionHandlerExceptionResolver - Resolved [com.sqld_board.sqld.exception.common.MemberNotFoundException]
[2025-10-22 17:51:07.797] [WARN ] [http-nio-8881-exec-6] o.s.c.s.ResourceBundleMessageSource - ResourceBundle [i18n/validation] not found for MessageSource: Can't find bundle for base name i18n/validation, locale ko_KR
[2025-10-22 17:51:07.812] [WARN ] [http-nio-8881-exec-6] o.s.c.s.ResourceBundleMessageSource - ResourceBundle [i18n/validation] not found for MessageSource: Can't find bundle for base name i18n/validation, locale ko_KR
[2025-10-22 17:51:07.827] [WARN ] [http-nio-8881-exec-6] o.s.c.s.ResourceBundleMessageSource - ResourceBundle [i18n/validation] not found for MessageSource: Can't find bundle for base name i18n/validation, locale ko_KR
[2025-10-22 17:51:07.832] [WARN ] [http-nio-8881-exec-6] o.s.c.s.ResourceBundleMessageSource - ResourceBundle [i18n/validation] not found for MessageSource: Can't find bundle for base name i18n/validation, locale ko_KR
[2025-10-22 17:51:07.838] [INFO ] [http-nio-8881-exec-6] o.s.api.AbstractOpenApiResource - Init duration for springdoc-openapi is: 153 ms
[2025-10-22 17:51:10.185] [INFO ] [http-nio-8881-exec-7] jdbc.sqlonly - SELECT 1
          FROM MEMBER_INFO
         WHERE USER_ID = 'string'
          AND RowNum = 1

[2025-10-22 17:51:10.195] [INFO ] [http-nio-8881-exec-7] jdbc.resultsettable - 
|--|
|1 |
|--|
|--|

[2025-10-22 17:51:10.199] [WARN ] [http-nio-8881-exec-7] o.s.w.s.m.m.a.ExceptionHandlerExceptionResolver - Resolved [com.sqld_board.sqld.exception.common.MemberNotFoundException]
[2025-10-22 17:51:23.231] [INFO ] [SpringApplicationShutdownHook] o.s.b.w.e.tomcat.GracefulShutdown - Commencing graceful shutdown. Waiting for active requests to complete
[2025-10-22 17:51:23.238] [INFO ] [tomcat-shutdown] o.s.b.w.e.tomcat.GracefulShutdown - Graceful shutdown complete
[2025-10-22 17:51:23.247] [INFO ] [SpringApplicationShutdownHook] com.zaxxer.hikari.HikariDataSource - HikariPool-1 - Shutdown initiated...
[2025-10-22 17:51:23.344] [INFO ] [SpringApplicationShutdownHook] com.zaxxer.hikari.HikariDataSource - HikariPool-1 - Shutdown completed.
[2025-10-22 17:51:25.074] [INFO ] [background-preinit] o.h.validator.internal.util.Version - HV000001: Hibernate Validator 8.0.3.Final
[2025-10-22 17:51:25.098] [INFO ] [restartedMain] com.sqld_board.sqld.SqldApplication - Starting SqldApplication using Java 17.0.11 with PID 90094 (/Users/minboklee/Downloads/sqld/build/classes/java/main started by minboklee in /Users/minboklee/Downloads/sqld)
[2025-10-22 17:51:25.098] [INFO ] [restartedMain] com.sqld_board.sqld.SqldApplication - No active profile set, falling back to 1 default profile: "default"
[2025-10-22 17:51:25.116] [INFO ] [restartedMain] o.s.b.d.restart.ChangeableUrls - The Class-Path manifest attribute in /Users/minboklee/.gradle/caches/modules-2/files-2.1/com.oracle.database.jdbc/ojdbc11/23.7.0.25.01/665f52abef9122ce003b5cfc1d9d44f7302e2cfe/ojdbc11-23.7.0.25.01.jar referenced one or more files that do not exist: file:/Users/minboklee/.gradle/caches/modules-2/files-2.1/com.oracle.database.jdbc/ojdbc11/23.7.0.25.01/665f52abef9122ce003b5cfc1d9d44f7302e2cfe/oraclepki.jar
[2025-10-22 17:51:25.116] [INFO ] [restartedMain] o.s.b.d.e.DevToolsPropertyDefaultsPostProcessor - Devtools property defaults active! Set 'spring.devtools.add-properties' to 'false' to disable
[2025-10-22 17:51:25.116] [INFO ] [restartedMain] o.s.b.d.e.DevToolsPropertyDefaultsPostProcessor - For additional web related logging consider setting the 'logging.level.web' property to 'DEBUG'
[2025-10-22 17:51:25.687] [INFO ] [restartedMain] o.s.b.w.e.tomcat.TomcatWebServer - Tomcat initialized with port 8881 (http)
[2025-10-22 17:51:25.693] [INFO ] [restartedMain] o.a.coyote.http11.Http11NioProtocol - Initializing ProtocolHandler ["http-nio-8881"]
[2025-10-22 17:51:25.694] [INFO ] [restartedMain] o.a.catalina.core.StandardService - Starting service [Tomcat]
[2025-10-22 17:51:25.694] [INFO ] [restartedMain] o.a.catalina.core.StandardEngine - Starting Servlet engine: [Apache Tomcat/10.1.46]
[2025-10-22 17:51:25.719] [INFO ] [restartedMain] o.a.c.c.C.[Tomcat].[localhost].[/] - Initializing Spring embedded WebApplicationContext
[2025-10-22 17:51:25.720] [INFO ] [restartedMain] o.s.b.w.s.c.ServletWebServerApplicationContext - Root WebApplicationContext: initialization completed in 603 ms
[2025-10-22 17:51:26.047] [INFO ] [restartedMain] com.zaxxer.hikari.HikariDataSource - HikariPool-1 - Starting...
[2025-10-22 17:51:26.322] [INFO ] [restartedMain] com.zaxxer.hikari.pool.HikariPool - HikariPool-1 - Added connection net.sf.log4jdbc.sql.jdbcapi.ConnectionSpy@5c0af767
[2025-10-22 17:51:26.323] [INFO ] [restartedMain] com.zaxxer.hikari.HikariDataSource - HikariPool-1 - Start completed.
[2025-10-22 17:51:26.327] [INFO ] [restartedMain] o.s.b.a.h.H2ConsoleAutoConfiguration - H2 console available at '/h2-console'. Database available at 'jdbc:oracle:thin:@175.197.69.42:1521:orcl'
[2025-10-22 17:51:26.361] [INFO ] [restartedMain] o.s.b.d.a.OptionalLiveReloadServer - LiveReload server is running on port 35729
[2025-10-22 17:51:26.372] [INFO ] [restartedMain] o.a.coyote.http11.Http11NioProtocol - Starting ProtocolHandler ["http-nio-8881"]
[2025-10-22 17:51:26.381] [INFO ] [restartedMain] o.s.b.w.e.tomcat.TomcatWebServer - Tomcat started on port 8881 (http) with context path '/'
[2025-10-22 17:51:26.388] [INFO ] [restartedMain] com.sqld_board.sqld.SqldApplication - Started SqldApplication in 1.538 seconds (process running for 1.859)
[2025-10-22 17:51:32.985] [INFO ] [http-nio-8881-exec-1] o.a.c.c.C.[Tomcat].[localhost].[/] - Initializing Spring DispatcherServlet 'dispatcherServlet'
[2025-10-22 17:51:32.985] [INFO ] [http-nio-8881-exec-1] o.s.web.servlet.DispatcherServlet - Initializing Servlet 'dispatcherServlet'
[2025-10-22 17:51:32.992] [INFO ] [http-nio-8881-exec-1] o.s.web.servlet.DispatcherServlet - Completed initialization in 6 ms
[2025-10-22 17:51:33.110] [INFO ] [http-nio-8881-exec-1] jdbc.sqlonly - SELECT 1
          FROM MEMBER_INFO
         WHERE USER_ID = 'string'
          AND RowNum = 1

[2025-10-22 17:51:33.143] [INFO ] [http-nio-8881-exec-1] jdbc.resultsettable - 
|--|
|1 |
|--|
|--|

[2025-10-22 17:51:33.160] [WARN ] [http-nio-8881-exec-1] o.s.w.s.m.m.a.ExceptionHandlerExceptionResolver - Resolved [com.sqld_board.sqld.exception.common.MemberNotFoundException]
[2025-10-22 17:56:56.678] [INFO ] [SpringApplicationShutdownHook] o.s.b.w.e.tomcat.GracefulShutdown - Commencing graceful shutdown. Waiting for active requests to complete
[2025-10-22 17:56:56.749] [INFO ] [tomcat-shutdown] o.s.b.w.e.tomcat.GracefulShutdown - Graceful shutdown complete
[2025-10-22 17:56:56.793] [INFO ] [SpringApplicationShutdownHook] com.zaxxer.hikari.HikariDataSource - HikariPool-1 - Shutdown initiated...
[2025-10-22 17:56:56.893] [INFO ] [SpringApplicationShutdownHook] com.zaxxer.hikari.HikariDataSource - HikariPool-1 - Shutdown completed.
[2025-10-22 18:01:48.085] [INFO ] [background-preinit] o.h.validator.internal.util.Version - HV000001: Hibernate Validator 8.0.3.Final
[2025-10-22 18:01:48.108] [INFO ] [restartedMain] com.sqld_board.sqld.SqldApplication - Starting SqldApplication using Java 17.0.11 with PID 90269 (/Users/minboklee/Downloads/sqld/build/classes/java/main started by minboklee in /Users/minboklee/Downloads/sqld)
[2025-10-22 18:01:48.108] [INFO ] [restartedMain] com.sqld_board.sqld.SqldApplication - No active profile set, falling back to 1 default profile: "default"
[2025-10-22 18:01:48.127] [INFO ] [restartedMain] o.s.b.d.restart.ChangeableUrls - The Class-Path manifest attribute in /Users/minboklee/.gradle/caches/modules-2/files-2.1/com.oracle.database.jdbc/ojdbc11/23.7.0.25.01/665f52abef9122ce003b5cfc1d9d44f7302e2cfe/ojdbc11-23.7.0.25.01.jar referenced one or more files that do not exist: file:/Users/minboklee/.gradle/caches/modules-2/files-2.1/com.oracle.database.jdbc/ojdbc11/23.7.0.25.01/665f52abef9122ce003b5cfc1d9d44f7302e2cfe/oraclepki.jar
[2025-10-22 18:01:48.127] [INFO ] [restartedMain] o.s.b.d.e.DevToolsPropertyDefaultsPostProcessor - Devtools property defaults active! Set 'spring.devtools.add-properties' to 'false' to disable
[2025-10-22 18:01:48.127] [INFO ] [restartedMain] o.s.b.d.e.DevToolsPropertyDefaultsPostProcessor - For additional web related logging consider setting the 'logging.level.web' property to 'DEBUG'
[2025-10-22 18:01:48.715] [INFO ] [restartedMain] o.s.b.w.e.tomcat.TomcatWebServer - Tomcat initialized with port 8881 (http)
[2025-10-22 18:01:48.721] [INFO ] [restartedMain] o.a.coyote.http11.Http11NioProtocol - Initializing ProtocolHandler ["http-nio-8881"]
[2025-10-22 18:01:48.722] [INFO ] [restartedMain] o.a.catalina.core.StandardService - Starting service [Tomcat]
[2025-10-22 18:01:48.722] [INFO ] [restartedMain] o.a.catalina.core.StandardEngine - Starting Servlet engine: [Apache Tomcat/10.1.46]
[2025-10-22 18:01:48.740] [INFO ] [restartedMain] o.a.c.c.C.[Tomcat].[localhost].[/] - Initializing Spring embedded WebApplicationContext
[2025-10-22 18:01:48.741] [INFO ] [restartedMain] o.s.b.w.s.c.ServletWebServerApplicationContext - Root WebApplicationContext: initialization completed in 614 ms
[2025-10-22 18:01:49.072] [INFO ] [restartedMain] com.zaxxer.hikari.HikariDataSource - HikariPool-1 - Starting...
[2025-10-22 18:01:49.501] [INFO ] [restartedMain] com.zaxxer.hikari.pool.HikariPool - HikariPool-1 - Added connection net.sf.log4jdbc.sql.jdbcapi.ConnectionSpy@577cfa23
[2025-10-22 18:01:49.501] [INFO ] [restartedMain] com.zaxxer.hikari.HikariDataSource - HikariPool-1 - Start completed.
[2025-10-22 18:01:49.506] [INFO ] [restartedMain] o.s.b.a.h.H2ConsoleAutoConfiguration - H2 console available at '/h2-console'. Database available at 'jdbc:oracle:thin:@175.197.69.42:1521:orcl'
[2025-10-22 18:01:49.536] [INFO ] [restartedMain] o.s.b.d.a.OptionalLiveReloadServer - LiveReload server is running on port 35729
[2025-10-22 18:01:49.545] [INFO ] [restartedMain] o.a.coyote.http11.Http11NioProtocol - Starting ProtocolHandler ["http-nio-8881"]
[2025-10-22 18:01:49.554] [INFO ] [restartedMain] o.s.b.w.e.tomcat.TomcatWebServer - Tomcat started on port 8881 (http) with context path '/'
[2025-10-22 18:01:49.560] [INFO ] [restartedMain] com.sqld_board.sqld.SqldApplication - Started SqldApplication in 1.702 seconds (process running for 2.11)
[2025-10-22 18:01:54.808] [INFO ] [http-nio-8881-exec-1] o.a.c.c.C.[Tomcat].[localhost].[/] - Initializing Spring DispatcherServlet 'dispatcherServlet'
[2025-10-22 18:01:54.809] [INFO ] [http-nio-8881-exec-1] o.s.web.servlet.DispatcherServlet - Initializing Servlet 'dispatcherServlet'
[2025-10-22 18:01:54.811] [INFO ] [http-nio-8881-exec-1] o.s.web.servlet.DispatcherServlet - Completed initialization in 1 ms
[2025-10-22 18:01:54.945] [INFO ] [http-nio-8881-exec-1] jdbc.sqlonly - SELECT 1
          FROM MEMBER_INFO
         WHERE USER_ID = 'string'
          AND RowNum = 1

[2025-10-22 18:01:55.020] [INFO ] [http-nio-8881-exec-1] jdbc.resultsettable - 
|--|
|1 |
|--|
|--|

[2025-10-22 18:01:55.042] [WARN ] [http-nio-8881-exec-1] o.s.w.s.m.m.a.ExceptionHandlerExceptionResolver - Resolved [com.sqld_board.sqld.exception.common.MemberNotFoundException]
[2025-10-22 18:04:09.841] [INFO ] [SpringApplicationShutdownHook] o.s.b.w.e.tomcat.GracefulShutdown - Commencing graceful shutdown. Waiting for active requests to complete
[2025-10-22 18:04:09.858] [INFO ] [tomcat-shutdown] o.s.b.w.e.tomcat.GracefulShutdown - Graceful shutdown complete
[2025-10-22 18:04:09.866] [INFO ] [SpringApplicationShutdownHook] com.zaxxer.hikari.HikariDataSource - HikariPool-1 - Shutdown initiated...
[2025-10-22 18:04:09.943] [INFO ] [SpringApplicationShutdownHook] com.zaxxer.hikari.HikariDataSource - HikariPool-1 - Shutdown completed.
[2025-10-22 18:05:03.450] [INFO ] [background-preinit] o.h.validator.internal.util.Version - HV000001: Hibernate Validator 8.0.3.Final
[2025-10-22 18:05:03.470] [INFO ] [restartedMain] com.sqld_board.sqld.SqldApplication - Starting SqldApplication using Java 17.0.11 with PID 90341 (/Users/minboklee/Downloads/sqld/build/classes/java/main started by minboklee in /Users/minboklee/Downloads/sqld)
[2025-10-22 18:05:03.470] [INFO ] [restartedMain] com.sqld_board.sqld.SqldApplication - No active profile set, falling back to 1 default profile: "default"
[2025-10-22 18:05:03.487] [INFO ] [restartedMain] o.s.b.d.restart.ChangeableUrls - The Class-Path manifest attribute in /Users/minboklee/.gradle/caches/modules-2/files-2.1/com.oracle.database.jdbc/ojdbc11/23.7.0.25.01/665f52abef9122ce003b5cfc1d9d44f7302e2cfe/ojdbc11-23.7.0.25.01.jar referenced one or more files that do not exist: file:/Users/minboklee/.gradle/caches/modules-2/files-2.1/com.oracle.database.jdbc/ojdbc11/23.7.0.25.01/665f52abef9122ce003b5cfc1d9d44f7302e2cfe/oraclepki.jar
[2025-10-22 18:05:03.487] [INFO ] [restartedMain] o.s.b.d.e.DevToolsPropertyDefaultsPostProcessor - Devtools property defaults active! Set 'spring.devtools.add-properties' to 'false' to disable
[2025-10-22 18:05:03.487] [INFO ] [restartedMain] o.s.b.d.e.DevToolsPropertyDefaultsPostProcessor - For additional web related logging consider setting the 'logging.level.web' property to 'DEBUG'
[2025-10-22 18:05:04.079] [INFO ] [restartedMain] o.s.b.w.e.tomcat.TomcatWebServer - Tomcat initialized with port 8881 (http)
[2025-10-22 18:05:04.086] [INFO ] [restartedMain] o.a.coyote.http11.Http11NioProtocol - Initializing ProtocolHandler ["http-nio-8881"]
[2025-10-22 18:05:04.086] [INFO ] [restartedMain] o.a.catalina.core.StandardService - Starting service [Tomcat]
[2025-10-22 18:05:04.086] [INFO ] [restartedMain] o.a.catalina.core.StandardEngine - Starting Servlet engine: [Apache Tomcat/10.1.46]
[2025-10-22 18:05:04.105] [INFO ] [restartedMain] o.a.c.c.C.[Tomcat].[localhost].[/] - Initializing Spring embedded WebApplicationContext
[2025-10-22 18:05:04.105] [INFO ] [restartedMain] o.s.b.w.s.c.ServletWebServerApplicationContext - Root WebApplicationContext: initialization completed in 618 ms
[2025-10-22 18:05:04.439] [INFO ] [restartedMain] com.zaxxer.hikari.HikariDataSource - HikariPool-1 - Starting...
[2025-10-22 18:05:04.713] [INFO ] [restartedMain] com.zaxxer.hikari.pool.HikariPool - HikariPool-1 - Added connection net.sf.log4jdbc.sql.jdbcapi.ConnectionSpy@4678011d
[2025-10-22 18:05:04.714] [INFO ] [restartedMain] com.zaxxer.hikari.HikariDataSource - HikariPool-1 - Start completed.
[2025-10-22 18:05:04.718] [INFO ] [restartedMain] o.s.b.a.h.H2ConsoleAutoConfiguration - H2 console available at '/h2-console'. Database available at 'jdbc:oracle:thin:@175.197.69.42:1521:orcl'
[2025-10-22 18:05:04.744] [INFO ] [restartedMain] o.s.b.d.a.OptionalLiveReloadServer - LiveReload server is running on port 35729
[2025-10-22 18:05:04.754] [INFO ] [restartedMain] o.a.coyote.http11.Http11NioProtocol - Starting ProtocolHandler ["http-nio-8881"]
[2025-10-22 18:05:04.762] [INFO ] [restartedMain] o.s.b.w.e.tomcat.TomcatWebServer - Tomcat started on port 8881 (http) with context path '/'
[2025-10-22 18:05:04.768] [INFO ] [restartedMain] com.sqld_board.sqld.SqldApplication - Started SqldApplication in 1.535 seconds (process running for 1.906)
[2025-10-22 18:05:09.158] [INFO ] [http-nio-8881-exec-1] o.a.c.c.C.[Tomcat].[localhost].[/] - Initializing Spring DispatcherServlet 'dispatcherServlet'
[2025-10-22 18:05:09.159] [INFO ] [http-nio-8881-exec-1] o.s.web.servlet.DispatcherServlet - Initializing Servlet 'dispatcherServlet'
[2025-10-22 18:05:09.160] [INFO ] [http-nio-8881-exec-1] o.s.web.servlet.DispatcherServlet - Completed initialization in 1 ms
[2025-10-22 18:05:09.280] [INFO ] [http-nio-8881-exec-1] jdbc.sqlonly - SELECT 1
          FROM MEMBER_INFO
         WHERE USER_ID = 'string'
          AND RowNum = 1

[2025-10-22 18:05:09.314] [INFO ] [http-nio-8881-exec-1] jdbc.resultsettable - 
|--|
|1 |
|--|
|--|

[2025-10-22 18:05:09.331] [WARN ] [http-nio-8881-exec-1] o.s.w.s.m.m.a.ExceptionHandlerExceptionResolver - Resolved [com.sqld_board.sqld.exception.common.MemberNotFoundException]
[2025-10-22 18:05:34.054] [INFO ] [SpringApplicationShutdownHook] o.s.b.w.e.tomcat.GracefulShutdown - Commencing graceful shutdown. Waiting for active requests to complete
[2025-10-22 18:05:34.061] [INFO ] [tomcat-shutdown] o.s.b.w.e.tomcat.GracefulShutdown - Graceful shutdown complete
[2025-10-22 18:05:34.068] [INFO ] [SpringApplicationShutdownHook] com.zaxxer.hikari.HikariDataSource - HikariPool-1 - Shutdown initiated...
[2025-10-22 18:05:34.150] [INFO ] [SpringApplicationShutdownHook] com.zaxxer.hikari.HikariDataSource - HikariPool-1 - Shutdown completed.
[2025-10-22 18:05:35.853] [INFO ] [background-preinit] o.h.validator.internal.util.Version - HV000001: Hibernate Validator 8.0.3.Final
[2025-10-22 18:05:35.874] [INFO ] [restartedMain] com.sqld_board.sqld.SqldApplication - Starting SqldApplication using Java 17.0.11 with PID 90356 (/Users/minboklee/Downloads/sqld/build/classes/java/main started by minboklee in /Users/minboklee/Downloads/sqld)
[2025-10-22 18:05:35.874] [INFO ] [restartedMain] com.sqld_board.sqld.SqldApplication - No active profile set, falling back to 1 default profile: "default"
[2025-10-22 18:05:35.890] [INFO ] [restartedMain] o.s.b.d.restart.ChangeableUrls - The Class-Path manifest attribute in /Users/minboklee/.gradle/caches/modules-2/files-2.1/com.oracle.database.jdbc/ojdbc11/23.7.0.25.01/665f52abef9122ce003b5cfc1d9d44f7302e2cfe/ojdbc11-23.7.0.25.01.jar referenced one or more files that do not exist: file:/Users/minboklee/.gradle/caches/modules-2/files-2.1/com.oracle.database.jdbc/ojdbc11/23.7.0.25.01/665f52abef9122ce003b5cfc1d9d44f7302e2cfe/oraclepki.jar
[2025-10-22 18:05:35.890] [INFO ] [restartedMain] o.s.b.d.e.DevToolsPropertyDefaultsPostProcessor - Devtools property defaults active! Set 'spring.devtools.add-properties' to 'false' to disable
[2025-10-22 18:05:35.890] [INFO ] [restartedMain] o.s.b.d.e.DevToolsPropertyDefaultsPostProcessor - For additional web related logging consider setting the 'logging.level.web' property to 'DEBUG'
[2025-10-22 18:05:36.420] [INFO ] [restartedMain] o.s.b.w.e.tomcat.TomcatWebServer - Tomcat initialized with port 8881 (http)
[2025-10-22 18:05:36.426] [INFO ] [restartedMain] o.a.coyote.http11.Http11NioProtocol - Initializing ProtocolHandler ["http-nio-8881"]
[2025-10-22 18:05:36.427] [INFO ] [restartedMain] o.a.catalina.core.StandardService - Starting service [Tomcat]
[2025-10-22 18:05:36.427] [INFO ] [restartedMain] o.a.catalina.core.StandardEngine - Starting Servlet engine: [Apache Tomcat/10.1.46]
[2025-10-22 18:05:36.446] [INFO ] [restartedMain] o.a.c.c.C.[Tomcat].[localhost].[/] - Initializing Spring embedded WebApplicationContext
[2025-10-22 18:05:36.446] [INFO ] [restartedMain] o.s.b.w.s.c.ServletWebServerApplicationContext - Root WebApplicationContext: initialization completed in 556 ms
[2025-10-22 18:05:36.767] [INFO ] [restartedMain] com.zaxxer.hikari.HikariDataSource - HikariPool-1 - Starting...
[2025-10-22 18:05:37.026] [INFO ] [restartedMain] com.zaxxer.hikari.pool.HikariPool - HikariPool-1 - Added connection net.sf.log4jdbc.sql.jdbcapi.ConnectionSpy@542fa4e9
[2025-10-22 18:05:37.027] [INFO ] [restartedMain] com.zaxxer.hikari.HikariDataSource - HikariPool-1 - Start completed.
[2025-10-22 18:05:37.031] [INFO ] [restartedMain] o.s.b.a.h.H2ConsoleAutoConfiguration - H2 console available at '/h2-console'. Database available at 'jdbc:oracle:thin:@175.197.69.42:1521:orcl'
[2025-10-22 18:05:37.057] [INFO ] [restartedMain] o.s.b.d.a.OptionalLiveReloadServer - LiveReload server is running on port 35729
[2025-10-22 18:05:37.067] [INFO ] [restartedMain] o.a.coyote.http11.Http11NioProtocol - Starting ProtocolHandler ["http-nio-8881"]
[2025-10-22 18:05:37.074] [INFO ] [restartedMain] o.s.b.w.e.tomcat.TomcatWebServer - Tomcat started on port 8881 (http) with context path '/'
[2025-10-22 18:05:37.080] [INFO ] [restartedMain] com.sqld_board.sqld.SqldApplication - Started SqldApplication in 1.421 seconds (process running for 1.727)
[2025-10-22 18:05:40.470] [INFO ] [http-nio-8881-exec-1] o.a.c.c.C.[Tomcat].[localhost].[/] - Initializing Spring DispatcherServlet 'dispatcherServlet'
[2025-10-22 18:05:40.470] [INFO ] [http-nio-8881-exec-1] o.s.web.servlet.DispatcherServlet - Initializing Servlet 'dispatcherServlet'
[2025-10-22 18:05:40.473] [INFO ] [http-nio-8881-exec-1] o.s.web.servlet.DispatcherServlet - Completed initialization in 3 ms
[2025-10-22 18:05:40.581] [INFO ] [http-nio-8881-exec-1] jdbc.sqlonly - SELECT 1
          FROM MEMBER_INFO
         WHERE USER_ID = 'string'
          AND RowNum = 1

[2025-10-22 18:05:40.616] [INFO ] [http-nio-8881-exec-1] jdbc.resultsettable - 
|--|
|1 |
|--|
|--|

[2025-10-22 18:05:40.631] [WARN ] [http-nio-8881-exec-1] o.s.w.s.m.m.a.ExceptionHandlerExceptionResolver - Resolved [com.sqld_board.sqld.exception.common.MemberNotFoundException]
[2025-10-22 18:05:48.635] [INFO ] [File Watcher] o.s.b.d.a.LocalDevToolsAutoConfiguration$RestartingClassPathChangeChangedEventListener - Restarting due to 7 class path changes (0 additions, 0 deletions, 7 modifications)
[2025-10-22 18:05:48.642] [INFO ] [Thread-7] o.s.b.w.e.tomcat.GracefulShutdown - Commencing graceful shutdown. Waiting for active requests to complete
[2025-10-22 18:05:48.643] [INFO ] [tomcat-shutdown] o.a.coyote.http11.Http11NioProtocol - Pausing ProtocolHandler ["http-nio-8881"]
[2025-10-22 18:05:48.649] [INFO ] [tomcat-shutdown] o.s.b.w.e.tomcat.GracefulShutdown - Graceful shutdown complete
[2025-10-22 18:05:48.650] [INFO ] [Thread-7] o.a.coyote.http11.Http11NioProtocol - Stopping ProtocolHandler ["http-nio-8881"]
[2025-10-22 18:05:48.654] [INFO ] [Thread-7] com.zaxxer.hikari.HikariDataSource - HikariPool-1 - Shutdown initiated...
[2025-10-22 18:05:48.743] [INFO ] [Thread-7] com.zaxxer.hikari.HikariDataSource - HikariPool-1 - Shutdown completed.
[2025-10-22 18:05:48.807] [INFO ] [restartedMain] com.sqld_board.sqld.SqldApplication - Starting SqldApplication using Java 17.0.11 with PID 90356 (/Users/minboklee/Downloads/sqld/build/classes/java/main started by minboklee in /Users/minboklee/Downloads/sqld)
[2025-10-22 18:05:48.807] [INFO ] [restartedMain] com.sqld_board.sqld.SqldApplication - No active profile set, falling back to 1 default profile: "default"
[2025-10-22 18:05:49.026] [INFO ] [restartedMain] o.s.b.w.e.tomcat.TomcatWebServer - Tomcat initialized with port 8881 (http)
[2025-10-22 18:05:49.027] [INFO ] [restartedMain] o.a.coyote.http11.Http11NioProtocol - Initializing ProtocolHandler ["http-nio-8881"]
[2025-10-22 18:05:49.027] [INFO ] [restartedMain] o.a.catalina.core.StandardService - Starting service [Tomcat]
[2025-10-22 18:05:49.027] [INFO ] [restartedMain] o.a.catalina.core.StandardEngine - Starting Servlet engine: [Apache Tomcat/10.1.46]
[2025-10-22 18:05:49.031] [INFO ] [restartedMain] o.a.c.c.C.[Tomcat].[localhost].[/] - Initializing Spring embedded WebApplicationContext
[2025-10-22 18:05:49.032] [INFO ] [restartedMain] o.s.b.w.s.c.ServletWebServerApplicationContext - Root WebApplicationContext: initialization completed in 224 ms
[2025-10-22 18:05:49.119] [INFO ] [restartedMain] com.zaxxer.hikari.HikariDataSource - HikariPool-2 - Starting...
[2025-10-22 18:05:49.242] [INFO ] [restartedMain] com.zaxxer.hikari.pool.HikariPool - HikariPool-2 - Added connection net.sf.log4jdbc.sql.jdbcapi.ConnectionSpy@190342ad
[2025-10-22 18:05:49.242] [INFO ] [restartedMain] com.zaxxer.hikari.HikariDataSource - HikariPool-2 - Start completed.
[2025-10-22 18:05:49.242] [INFO ] [restartedMain] o.s.b.a.h.H2ConsoleAutoConfiguration - H2 console available at '/h2-console'. Database available at 'jdbc:oracle:thin:@175.197.69.42:1521:orcl'
[2025-10-22 18:05:49.253] [INFO ] [restartedMain] o.s.b.d.a.OptionalLiveReloadServer - LiveReload server is running on port 35729
[2025-10-22 18:05:49.261] [INFO ] [restartedMain] o.a.coyote.http11.Http11NioProtocol - Starting ProtocolHandler ["http-nio-8881"]
[2025-10-22 18:05:49.262] [INFO ] [restartedMain] o.s.b.w.e.tomcat.TomcatWebServer - Tomcat started on port 8881 (http) with context path '/'
[2025-10-22 18:05:49.265] [INFO ] [restartedMain] com.sqld_board.sqld.SqldApplication - Started SqldApplication in 0.479 seconds (process running for 13.912)
[2025-10-22 18:05:49.267] [INFO ] [restartedMain] o.s.b.d.a.ConditionEvaluationDeltaLoggingListener - Condition evaluation unchanged
[2025-10-22 18:06:53.971] [INFO ] [SpringApplicationShutdownHook] o.s.b.w.e.tomcat.GracefulShutdown - Commencing graceful shutdown. Waiting for active requests to complete
[2025-10-22 18:06:53.973] [INFO ] [tomcat-shutdown] o.s.b.w.e.tomcat.GracefulShutdown - Graceful shutdown complete
[2025-10-22 18:06:53.976] [INFO ] [SpringApplicationShutdownHook] com.zaxxer.hikari.HikariDataSource - HikariPool-2 - Shutdown initiated...
[2025-10-22 18:06:54.064] [INFO ] [SpringApplicationShutdownHook] com.zaxxer.hikari.HikariDataSource - HikariPool-2 - Shutdown completed.
[2025-10-22 18:06:55.671] [INFO ] [background-preinit] o.h.validator.internal.util.Version - HV000001: Hibernate Validator 8.0.3.Final
[2025-10-22 18:06:55.692] [INFO ] [restartedMain] com.sqld_board.sqld.SqldApplication - Starting SqldApplication using Java 17.0.11 with PID 90386 (/Users/minboklee/Downloads/sqld/build/classes/java/main started by minboklee in /Users/minboklee/Downloads/sqld)
[2025-10-22 18:06:55.693] [INFO ] [restartedMain] com.sqld_board.sqld.SqldApplication - No active profile set, falling back to 1 default profile: "default"
[2025-10-22 18:06:55.710] [INFO ] [restartedMain] o.s.b.d.restart.ChangeableUrls - The Class-Path manifest attribute in /Users/minboklee/.gradle/caches/modules-2/files-2.1/com.oracle.database.jdbc/ojdbc11/23.7.0.25.01/665f52abef9122ce003b5cfc1d9d44f7302e2cfe/ojdbc11-23.7.0.25.01.jar referenced one or more files that do not exist: file:/Users/minboklee/.gradle/caches/modules-2/files-2.1/com.oracle.database.jdbc/ojdbc11/23.7.0.25.01/665f52abef9122ce003b5cfc1d9d44f7302e2cfe/oraclepki.jar
[2025-10-22 18:06:55.710] [INFO ] [restartedMain] o.s.b.d.e.DevToolsPropertyDefaultsPostProcessor - Devtools property defaults active! Set 'spring.devtools.add-properties' to 'false' to disable
[2025-10-22 18:06:55.710] [INFO ] [restartedMain] o.s.b.d.e.DevToolsPropertyDefaultsPostProcessor - For additional web related logging consider setting the 'logging.level.web' property to 'DEBUG'
[2025-10-22 18:06:56.336] [INFO ] [restartedMain] o.s.b.w.e.tomcat.TomcatWebServer - Tomcat initialized with port 8881 (http)
[2025-10-22 18:06:56.342] [INFO ] [restartedMain] o.a.coyote.http11.Http11NioProtocol - Initializing ProtocolHandler ["http-nio-8881"]
[2025-10-22 18:06:56.343] [INFO ] [restartedMain] o.a.catalina.core.StandardService - Starting service [Tomcat]
[2025-10-22 18:06:56.343] [INFO ] [restartedMain] o.a.catalina.core.StandardEngine - Starting Servlet engine: [Apache Tomcat/10.1.46]
[2025-10-22 18:06:56.364] [INFO ] [restartedMain] o.a.c.c.C.[Tomcat].[localhost].[/] - Initializing Spring embedded WebApplicationContext
[2025-10-22 18:06:56.364] [INFO ] [restartedMain] o.s.b.w.s.c.ServletWebServerApplicationContext - Root WebApplicationContext: initialization completed in 654 ms
[2025-10-22 18:06:56.778] [INFO ] [restartedMain] com.zaxxer.hikari.HikariDataSource - HikariPool-1 - Starting...
[2025-10-22 18:06:57.043] [INFO ] [restartedMain] com.zaxxer.hikari.pool.HikariPool - HikariPool-1 - Added connection net.sf.log4jdbc.sql.jdbcapi.ConnectionSpy@196e1c2
[2025-10-22 18:06:57.044] [INFO ] [restartedMain] com.zaxxer.hikari.HikariDataSource - HikariPool-1 - Start completed.
[2025-10-22 18:06:57.048] [INFO ] [restartedMain] o.s.b.a.h.H2ConsoleAutoConfiguration - H2 console available at '/h2-console'. Database available at 'jdbc:oracle:thin:@175.197.69.42:1521:orcl'
[2025-10-22 18:06:57.074] [INFO ] [restartedMain] o.s.b.d.a.OptionalLiveReloadServer - LiveReload server is running on port 35729
[2025-10-22 18:06:57.083] [INFO ] [restartedMain] o.a.coyote.http11.Http11NioProtocol - Starting ProtocolHandler ["http-nio-8881"]
[2025-10-22 18:06:57.091] [INFO ] [restartedMain] o.s.b.w.e.tomcat.TomcatWebServer - Tomcat started on port 8881 (http) with context path '/'
[2025-10-22 18:06:57.097] [INFO ] [restartedMain] com.sqld_board.sqld.SqldApplication - Started SqldApplication in 1.623 seconds (process running for 1.883)
[2025-10-22 18:07:00.846] [INFO ] [http-nio-8881-exec-1] o.a.c.c.C.[Tomcat].[localhost].[/] - Initializing Spring DispatcherServlet 'dispatcherServlet'
[2025-10-22 18:07:00.847] [INFO ] [http-nio-8881-exec-1] o.s.web.servlet.DispatcherServlet - Initializing Servlet 'dispatcherServlet'
[2025-10-22 18:07:00.850] [INFO ] [http-nio-8881-exec-1] o.s.web.servlet.DispatcherServlet - Completed initialization in 3 ms
[2025-10-22 18:07:00.973] [INFO ] [http-nio-8881-exec-1] jdbc.sqlonly - SELECT 1
          FROM MEMBER_INFO
         WHERE USER_ID = 'string'
          AND RowNum = 1

[2025-10-22 18:07:01.006] [INFO ] [http-nio-8881-exec-1] jdbc.resultsettable - 
|--|
|1 |
|--|
|--|

[2025-10-22 18:07:01.023] [WARN ] [http-nio-8881-exec-1] o.s.w.s.m.m.a.ExceptionHandlerExceptionResolver - Resolved [com.sqld_board.sqld.exception.common.MemberNotFoundException]
[2025-10-22 18:07:50.751] [INFO ] [SpringApplicationShutdownHook] o.s.b.w.e.tomcat.GracefulShutdown - Commencing graceful shutdown. Waiting for active requests to complete
[2025-10-22 18:07:50.762] [INFO ] [tomcat-shutdown] o.s.b.w.e.tomcat.GracefulShutdown - Graceful shutdown complete
[2025-10-22 18:07:50.769] [INFO ] [SpringApplicationShutdownHook] com.zaxxer.hikari.HikariDataSource - HikariPool-1 - Shutdown initiated...
[2025-10-22 18:07:50.848] [INFO ] [SpringApplicationShutdownHook] com.zaxxer.hikari.HikariDataSource - HikariPool-1 - Shutdown completed.
[2025-10-22 18:13:41.638] [INFO ] [background-preinit] o.h.validator.internal.util.Version - HV000001: Hibernate Validator 8.0.3.Final
[2025-10-22 18:13:41.662] [INFO ] [restartedMain] com.sqld_board.sqld.SqldApplication - Starting SqldApplication using Java 17.0.11 with PID 90826 (/Users/minboklee/Downloads/sqld/build/classes/java/main started by minboklee in /Users/minboklee/Downloads/sqld)
[2025-10-22 18:13:41.662] [INFO ] [restartedMain] com.sqld_board.sqld.SqldApplication - No active profile set, falling back to 1 default profile: "default"
[2025-10-22 18:13:41.684] [INFO ] [restartedMain] o.s.b.d.restart.ChangeableUrls - The Class-Path manifest attribute in /Users/minboklee/.gradle/caches/modules-2/files-2.1/com.oracle.database.jdbc/ojdbc11/23.7.0.25.01/665f52abef9122ce003b5cfc1d9d44f7302e2cfe/ojdbc11-23.7.0.25.01.jar referenced one or more files that do not exist: file:/Users/minboklee/.gradle/caches/modules-2/files-2.1/com.oracle.database.jdbc/ojdbc11/23.7.0.25.01/665f52abef9122ce003b5cfc1d9d44f7302e2cfe/oraclepki.jar
[2025-10-22 18:13:41.684] [INFO ] [restartedMain] o.s.b.d.e.DevToolsPropertyDefaultsPostProcessor - Devtools property defaults active! Set 'spring.devtools.add-properties' to 'false' to disable
[2025-10-22 18:13:41.684] [INFO ] [restartedMain] o.s.b.d.e.DevToolsPropertyDefaultsPostProcessor - For additional web related logging consider setting the 'logging.level.web' property to 'DEBUG'
[2025-10-22 18:13:42.302] [INFO ] [restartedMain] o.s.b.w.e.tomcat.TomcatWebServer - Tomcat initialized with port 8881 (http)
[2025-10-22 18:13:42.309] [INFO ] [restartedMain] o.a.coyote.http11.Http11NioProtocol - Initializing ProtocolHandler ["http-nio-8881"]
[2025-10-22 18:13:42.310] [INFO ] [restartedMain] o.a.catalina.core.StandardService - Starting service [Tomcat]
[2025-10-22 18:13:42.310] [INFO ] [restartedMain] o.a.catalina.core.StandardEngine - Starting Servlet engine: [Apache Tomcat/10.1.46]
[2025-10-22 18:13:42.330] [INFO ] [restartedMain] o.a.c.c.C.[Tomcat].[localhost].[/] - Initializing Spring embedded WebApplicationContext
[2025-10-22 18:13:42.331] [INFO ] [restartedMain] o.s.b.w.s.c.ServletWebServerApplicationContext - Root WebApplicationContext: initialization completed in 647 ms
[2025-10-22 18:13:42.697] [INFO ] [restartedMain] com.zaxxer.hikari.HikariDataSource - HikariPool-1 - Starting...
[2025-10-22 18:13:43.089] [INFO ] [restartedMain] com.zaxxer.hikari.pool.HikariPool - HikariPool-1 - Added connection net.sf.log4jdbc.sql.jdbcapi.ConnectionSpy@13292f6a
[2025-10-22 18:13:43.090] [INFO ] [restartedMain] com.zaxxer.hikari.HikariDataSource - HikariPool-1 - Start completed.
[2025-10-22 18:13:43.094] [INFO ] [restartedMain] o.s.b.a.h.H2ConsoleAutoConfiguration - H2 console available at '/h2-console'. Database available at 'jdbc:oracle:thin:@175.197.69.42:1521:orcl'
[2025-10-22 18:13:43.123] [INFO ] [restartedMain] o.s.b.d.a.OptionalLiveReloadServer - LiveReload server is running on port 35729
[2025-10-22 18:13:43.133] [INFO ] [restartedMain] o.a.coyote.http11.Http11NioProtocol - Starting ProtocolHandler ["http-nio-8881"]
[2025-10-22 18:13:43.142] [INFO ] [restartedMain] o.s.b.w.e.tomcat.TomcatWebServer - Tomcat started on port 8881 (http) with context path '/'
[2025-10-22 18:13:43.149] [INFO ] [restartedMain] com.sqld_board.sqld.SqldApplication - Started SqldApplication in 1.721 seconds (process running for 2.096)
[2025-10-22 18:13:49.462] [INFO ] [http-nio-8881-exec-1] o.a.c.c.C.[Tomcat].[localhost].[/] - Initializing Spring DispatcherServlet 'dispatcherServlet'
[2025-10-22 18:13:49.463] [INFO ] [http-nio-8881-exec-1] o.s.web.servlet.DispatcherServlet - Initializing Servlet 'dispatcherServlet'
[2025-10-22 18:13:49.465] [INFO ] [http-nio-8881-exec-1] o.s.web.servlet.DispatcherServlet - Completed initialization in 2 ms
[2025-10-22 18:13:49.952] [INFO ] [http-nio-8881-exec-4] o.s.api.AbstractOpenApiResource - Init duration for springdoc-openapi is: 162 ms
[2025-10-22 18:13:52.114] [INFO ] [http-nio-8881-exec-6] jdbc.sqlonly - SELECT 1
          FROM MEMBER_INFO
         WHERE USER_ID = 'string'
          AND RowNum = 1

[2025-10-22 18:13:52.153] [INFO ] [http-nio-8881-exec-6] jdbc.resultsettable - 
|--|
|1 |
|--|
|--|

[2025-10-22 18:13:52.158] [WARN ] [http-nio-8881-exec-6] o.s.w.s.m.m.a.ExceptionHandlerExceptionResolver - Resolved [com.sqld_board.sqld.exception.common.MemberNotFoundException]
[2025-10-22 18:13:55.086] [INFO ] [http-nio-8881-exec-7] jdbc.sqlonly - SELECT 1
          FROM MEMBER_INFO
         WHERE USER_ID = 'string'
          AND RowNum = 1

[2025-10-22 18:13:55.096] [INFO ] [http-nio-8881-exec-7] jdbc.resultsettable - 
|--|
|1 |
|--|
|--|

[2025-10-22 18:13:55.101] [WARN ] [http-nio-8881-exec-7] o.s.w.s.m.m.a.ExceptionHandlerExceptionResolver - Resolved [com.sqld_board.sqld.exception.common.MemberNotFoundException]
[2025-10-22 18:14:02.435] [INFO ] [SpringApplicationShutdownHook] o.s.b.w.e.tomcat.GracefulShutdown - Commencing graceful shutdown. Waiting for active requests to complete
[2025-10-22 18:14:02.442] [INFO ] [tomcat-shutdown] o.s.b.w.e.tomcat.GracefulShutdown - Graceful shutdown complete
[2025-10-22 18:14:02.447] [INFO ] [SpringApplicationShutdownHook] com.zaxxer.hikari.HikariDataSource - HikariPool-1 - Shutdown initiated...
[2025-10-22 18:14:02.542] [INFO ] [SpringApplicationShutdownHook] com.zaxxer.hikari.HikariDataSource - HikariPool-1 - Shutdown completed.
[2025-10-22 18:17:03.752] [INFO ] [background-preinit] o.h.validator.internal.util.Version - HV000001: Hibernate Validator 8.0.3.Final
[2025-10-22 18:17:03.772] [INFO ] [restartedMain] com.sqld_board.sqld.SqldApplication - Starting SqldApplication using Java 17.0.11 with PID 90857 (/Users/minboklee/Downloads/sqld/build/classes/java/main started by minboklee in /Users/minboklee/Downloads/sqld)
[2025-10-22 18:17:03.773] [INFO ] [restartedMain] com.sqld_board.sqld.SqldApplication - No active profile set, falling back to 1 default profile: "default"
[2025-10-22 18:17:03.795] [INFO ] [restartedMain] o.s.b.d.restart.ChangeableUrls - The Class-Path manifest attribute in /Users/minboklee/.gradle/caches/modules-2/files-2.1/com.oracle.database.jdbc/ojdbc11/23.7.0.25.01/665f52abef9122ce003b5cfc1d9d44f7302e2cfe/ojdbc11-23.7.0.25.01.jar referenced one or more files that do not exist: file:/Users/minboklee/.gradle/caches/modules-2/files-2.1/com.oracle.database.jdbc/ojdbc11/23.7.0.25.01/665f52abef9122ce003b5cfc1d9d44f7302e2cfe/oraclepki.jar
[2025-10-22 18:17:03.796] [INFO ] [restartedMain] o.s.b.d.e.DevToolsPropertyDefaultsPostProcessor - Devtools property defaults active! Set 'spring.devtools.add-properties' to 'false' to disable
[2025-10-22 18:17:03.796] [INFO ] [restartedMain] o.s.b.d.e.DevToolsPropertyDefaultsPostProcessor - For additional web related logging consider setting the 'logging.level.web' property to 'DEBUG'
[2025-10-22 18:17:04.559] [INFO ] [restartedMain] o.s.b.w.e.tomcat.TomcatWebServer - Tomcat initialized with port 8881 (http)
[2025-10-22 18:17:04.566] [INFO ] [restartedMain] o.a.coyote.http11.Http11NioProtocol - Initializing ProtocolHandler ["http-nio-8881"]
[2025-10-22 18:17:04.567] [INFO ] [restartedMain] o.a.catalina.core.StandardService - Starting service [Tomcat]
[2025-10-22 18:17:04.567] [INFO ] [restartedMain] o.a.catalina.core.StandardEngine - Starting Servlet engine: [Apache Tomcat/10.1.46]
[2025-10-22 18:17:04.591] [INFO ] [restartedMain] o.a.c.c.C.[Tomcat].[localhost].[/] - Initializing Spring embedded WebApplicationContext
[2025-10-22 18:17:04.592] [INFO ] [restartedMain] o.s.b.w.s.c.ServletWebServerApplicationContext - Root WebApplicationContext: initialization completed in 796 ms
[2025-10-22 18:17:04.967] [INFO ] [restartedMain] com.zaxxer.hikari.HikariDataSource - HikariPool-1 - Starting...
[2025-10-22 18:17:05.245] [INFO ] [restartedMain] com.zaxxer.hikari.pool.HikariPool - HikariPool-1 - Added connection net.sf.log4jdbc.sql.jdbcapi.ConnectionSpy@71c27101
[2025-10-22 18:17:05.246] [INFO ] [restartedMain] com.zaxxer.hikari.HikariDataSource - HikariPool-1 - Start completed.
[2025-10-22 18:17:05.250] [INFO ] [restartedMain] o.s.b.a.h.H2ConsoleAutoConfiguration - H2 console available at '/h2-console'. Database available at 'jdbc:oracle:thin:@175.197.69.42:1521:orcl'
[2025-10-22 18:17:05.279] [INFO ] [restartedMain] o.s.b.d.a.OptionalLiveReloadServer - LiveReload server is running on port 35729
[2025-10-22 18:17:05.290] [INFO ] [restartedMain] o.a.coyote.http11.Http11NioProtocol - Starting ProtocolHandler ["http-nio-8881"]
[2025-10-22 18:17:05.303] [INFO ] [restartedMain] o.s.b.w.e.tomcat.TomcatWebServer - Tomcat started on port 8881 (http) with context path '/'
[2025-10-22 18:17:05.310] [INFO ] [restartedMain] com.sqld_board.sqld.SqldApplication - Started SqldApplication in 1.828 seconds (process running for 2.652)
[2025-10-22 18:17:07.437] [INFO ] [SpringApplicationShutdownHook] o.s.b.w.e.tomcat.GracefulShutdown - Commencing graceful shutdown. Waiting for active requests to complete
[2025-10-22 18:17:07.445] [INFO ] [tomcat-shutdown] o.s.b.w.e.tomcat.GracefulShutdown - Graceful shutdown complete
[2025-10-22 18:17:07.450] [INFO ] [SpringApplicationShutdownHook] com.zaxxer.hikari.HikariDataSource - HikariPool-1 - Shutdown initiated...
[2025-10-22 18:17:07.556] [INFO ] [SpringApplicationShutdownHook] com.zaxxer.hikari.HikariDataSource - HikariPool-1 - Shutdown completed.
