[2026-01-30 11:33:11.637] [INFO ] [background-preinit] o.h.validator.internal.util.Version - HV000001: Hibernate Validator 8.0.3.Final
[2026-01-30 11:33:11.659] [INFO ] [restartedMain] com.sqld_board.sqld.SqldApplication - Starting SqldApplication using Java 17.0.11 with PID 89401 (/Users/minboklee/Downloads/sqld/build/classes/java/main started by minboklee in /Users/minboklee/Downloads/sqld)
[2026-01-30 11:33:11.659] [INFO ] [restartedMain] com.sqld_board.sqld.SqldApplication - No active profile set, falling back to 1 default profile: "default"
[2026-01-30 11:33:11.677] [INFO ] [restartedMain] o.s.b.d.restart.ChangeableUrls - The Class-Path manifest attribute in /Users/minboklee/.gradle/caches/modules-2/files-2.1/com.oracle.database.jdbc/ojdbc11/23.7.0.25.01/665f52abef9122ce003b5cfc1d9d44f7302e2cfe/ojdbc11-23.7.0.25.01.jar referenced one or more files that do not exist: file:/Users/minboklee/.gradle/caches/modules-2/files-2.1/com.oracle.database.jdbc/ojdbc11/23.7.0.25.01/665f52abef9122ce003b5cfc1d9d44f7302e2cfe/oraclepki.jar
[2026-01-30 11:33:11.678] [INFO ] [restartedMain] o.s.b.d.e.DevToolsPropertyDefaultsPostProcessor - Devtools property defaults active! Set 'spring.devtools.add-properties' to 'false' to disable
[2026-01-30 11:33:11.678] [INFO ] [restartedMain] o.s.b.d.e.DevToolsPropertyDefaultsPostProcessor - For additional web related logging consider setting the 'logging.level.web' property to 'DEBUG'
[2026-01-30 11:33:12.347] [INFO ] [restartedMain] o.s.b.w.e.tomcat.TomcatWebServer - Tomcat initialized with port 8881 (http)
[2026-01-30 11:33:12.353] [INFO ] [restartedMain] o.a.coyote.http11.Http11NioProtocol - Initializing ProtocolHandler ["http-nio-8881"]
[2026-01-30 11:33:12.354] [INFO ] [restartedMain] o.a.catalina.core.StandardService - Starting service [Tomcat]
[2026-01-30 11:33:12.354] [INFO ] [restartedMain] o.a.catalina.core.StandardEngine - Starting Servlet engine: [Apache Tomcat/10.1.46]
[2026-01-30 11:33:12.372] [INFO ] [restartedMain] o.a.c.c.C.[Tomcat].[localhost].[/] - Initializing Spring embedded WebApplicationContext
[2026-01-30 11:33:12.373] [INFO ] [restartedMain] o.s.b.w.s.c.ServletWebServerApplicationContext - Root WebApplicationContext: initialization completed in 695 ms
[2026-01-30 11:33:12.552] [INFO ] [restartedMain] o.s.s.c.a.a.c.InitializeUserDetailsBeanManagerConfigurer$InitializeUserDetailsManagerConfigurer - Global AuthenticationManager configured with UserDetailsService bean with name customUserDetailService
[2026-01-30 11:33:12.579] [INFO ] [restartedMain] c.s.s.c.s.CustomSecurityConfig - ********* security config
[2026-01-30 11:33:12.778] [INFO ] [restartedMain] com.zaxxer.hikari.HikariDataSource - HikariPool-1 - Starting...
[2026-01-30 11:33:13.234] [INFO ] [restartedMain] com.zaxxer.hikari.pool.HikariPool - HikariPool-1 - Added connection net.sf.log4jdbc.sql.jdbcapi.ConnectionSpy@2892a8a7
[2026-01-30 11:33:13.236] [INFO ] [restartedMain] com.zaxxer.hikari.HikariDataSource - HikariPool-1 - Start completed.
[2026-01-30 11:33:13.242] [INFO ] [restartedMain] o.s.b.a.h.H2ConsoleAutoConfiguration - H2 console available at '/h2-console'. Database available at 'jdbc:oracle:thin:@175.197.69.42:1521:orcl'
[2026-01-30 11:33:13.287] [INFO ] [restartedMain] o.s.b.d.a.OptionalLiveReloadServer - LiveReload server is running on port 35729
[2026-01-30 11:33:13.300] [INFO ] [restartedMain] o.a.coyote.http11.Http11NioProtocol - Starting ProtocolHandler ["http-nio-8881"]
[2026-01-30 11:33:13.308] [INFO ] [restartedMain] o.s.b.w.e.tomcat.TomcatWebServer - Tomcat started on port 8881 (http) with context path '/'
[2026-01-30 11:33:13.314] [INFO ] [restartedMain] com.sqld_board.sqld.SqldApplication - Started SqldApplication in 1.892 seconds (process running for 2.28)
[2026-01-30 11:33:28.348] [INFO ] [http-nio-8881-exec-1] o.a.c.c.C.[Tomcat].[localhost].[/] - Initializing Spring DispatcherServlet 'dispatcherServlet'
[2026-01-30 11:33:28.349] [INFO ] [http-nio-8881-exec-1] o.s.web.servlet.DispatcherServlet - Initializing Servlet 'dispatcherServlet'
[2026-01-30 11:33:28.352] [INFO ] [http-nio-8881-exec-1] o.s.web.servlet.DispatcherServlet - Completed initialization in 3 ms
[2026-01-30 11:33:31.671] [INFO ] [http-nio-8881-exec-2] jdbc.sqlonly - SELECT MEMBER_ID
             , USER_ID
             , USER_PASS
             , USER_NAME
             , USER_EMAIL
             , EMAIL_VERIFIED
             , USER_ROLE
             , USER_STATUS
             , CREATE_AT
             , UPDATE_AT
          FROM MEMBER_INFO
         WHERE USER_ID = 'test7'
           AND ROWNUM = 1

[2026-01-30 11:33:31.788] [INFO ] [http-nio-8881-exec-2] jdbc.resultsettable - 
|-------------------|--------|-------------------------------------------------------------|----------|------------|---------------|----------|------------|----------------------|----------------------|
|member_id          |user_id |user_pass                                                    |user_name |user_email  |email_verified |user_role |user_status |create_at             |update_at             |
|-------------------|--------|-------------------------------------------------------------|----------|------------|---------------|----------|------------|----------------------|----------------------|
|MEMBER_20260126001 |test7   |$2a$10$EqaCHXWWgWnp/PwtrgeB3eFa6oeJqR8Wc2qmnvHhh6/t0rUAKF4Ou |테스트1      |e@email.com |null           |USER      |null        |2026-01-26 17:58:49.0 |2026-01-26 17:58:49.0 |
|-------------------|--------|-------------------------------------------------------------|----------|------------|---------------|----------|------------|----------------------|----------------------|

[2026-01-30 11:34:12.976] [INFO ] [SpringApplicationShutdownHook] o.s.b.w.e.tomcat.GracefulShutdown - Commencing graceful shutdown. Waiting for active requests to complete
[2026-01-30 11:34:13.004] [INFO ] [tomcat-shutdown] o.s.b.w.e.tomcat.GracefulShutdown - Graceful shutdown complete
[2026-01-30 11:34:13.012] [INFO ] [SpringApplicationShutdownHook] com.zaxxer.hikari.HikariDataSource - HikariPool-1 - Shutdown initiated...
[2026-01-30 11:34:13.084] [INFO ] [SpringApplicationShutdownHook] com.zaxxer.hikari.HikariDataSource - HikariPool-1 - Shutdown completed.
[2026-01-30 11:40:31.361] [INFO ] [background-preinit] o.h.validator.internal.util.Version - HV000001: Hibernate Validator 8.0.3.Final
[2026-01-30 11:40:31.383] [INFO ] [restartedMain] com.sqld_board.sqld.SqldApplication - Starting SqldApplication using Java 17.0.11 with PID 91141 (/Users/minboklee/Downloads/sqld/build/classes/java/main started by minboklee in /Users/minboklee/Downloads/sqld)
[2026-01-30 11:40:31.384] [INFO ] [restartedMain] com.sqld_board.sqld.SqldApplication - No active profile set, falling back to 1 default profile: "default"
[2026-01-30 11:40:31.400] [INFO ] [restartedMain] o.s.b.d.restart.ChangeableUrls - The Class-Path manifest attribute in /Users/minboklee/.gradle/caches/modules-2/files-2.1/com.oracle.database.jdbc/ojdbc11/23.7.0.25.01/665f52abef9122ce003b5cfc1d9d44f7302e2cfe/ojdbc11-23.7.0.25.01.jar referenced one or more files that do not exist: file:/Users/minboklee/.gradle/caches/modules-2/files-2.1/com.oracle.database.jdbc/ojdbc11/23.7.0.25.01/665f52abef9122ce003b5cfc1d9d44f7302e2cfe/oraclepki.jar
[2026-01-30 11:40:31.400] [INFO ] [restartedMain] o.s.b.d.e.DevToolsPropertyDefaultsPostProcessor - Devtools property defaults active! Set 'spring.devtools.add-properties' to 'false' to disable
[2026-01-30 11:40:31.400] [INFO ] [restartedMain] o.s.b.d.e.DevToolsPropertyDefaultsPostProcessor - For additional web related logging consider setting the 'logging.level.web' property to 'DEBUG'
[2026-01-30 11:40:32.110] [INFO ] [restartedMain] o.s.b.w.e.tomcat.TomcatWebServer - Tomcat initialized with port 8881 (http)
[2026-01-30 11:40:32.116] [INFO ] [restartedMain] o.a.coyote.http11.Http11NioProtocol - Initializing ProtocolHandler ["http-nio-8881"]
[2026-01-30 11:40:32.117] [INFO ] [restartedMain] o.a.catalina.core.StandardService - Starting service [Tomcat]
[2026-01-30 11:40:32.117] [INFO ] [restartedMain] o.a.catalina.core.StandardEngine - Starting Servlet engine: [Apache Tomcat/10.1.46]
[2026-01-30 11:40:32.135] [INFO ] [restartedMain] o.a.c.c.C.[Tomcat].[localhost].[/] - Initializing Spring embedded WebApplicationContext
[2026-01-30 11:40:32.136] [INFO ] [restartedMain] o.s.b.w.s.c.ServletWebServerApplicationContext - Root WebApplicationContext: initialization completed in 736 ms
[2026-01-30 11:40:32.316] [INFO ] [restartedMain] o.s.s.c.a.a.c.InitializeUserDetailsBeanManagerConfigurer$InitializeUserDetailsManagerConfigurer - Global AuthenticationManager configured with UserDetailsService bean with name customUserDetailService
[2026-01-30 11:40:32.344] [INFO ] [restartedMain] c.s.s.c.s.CustomSecurityConfig - ********* security config
[2026-01-30 11:40:32.517] [INFO ] [restartedMain] com.zaxxer.hikari.HikariDataSource - HikariPool-1 - Starting...
[2026-01-30 11:40:32.797] [INFO ] [restartedMain] com.zaxxer.hikari.pool.HikariPool - HikariPool-1 - Added connection net.sf.log4jdbc.sql.jdbcapi.ConnectionSpy@125363d9
[2026-01-30 11:40:32.798] [INFO ] [restartedMain] com.zaxxer.hikari.HikariDataSource - HikariPool-1 - Start completed.
[2026-01-30 11:40:32.802] [INFO ] [restartedMain] o.s.b.a.h.H2ConsoleAutoConfiguration - H2 console available at '/h2-console'. Database available at 'jdbc:oracle:thin:@175.197.69.42:1521:orcl'
[2026-01-30 11:40:32.845] [INFO ] [restartedMain] o.s.b.d.a.OptionalLiveReloadServer - LiveReload server is running on port 35729
[2026-01-30 11:40:32.855] [INFO ] [restartedMain] o.a.coyote.http11.Http11NioProtocol - Starting ProtocolHandler ["http-nio-8881"]
[2026-01-30 11:40:32.863] [INFO ] [restartedMain] o.s.b.w.e.tomcat.TomcatWebServer - Tomcat started on port 8881 (http) with context path '/'
[2026-01-30 11:40:32.870] [INFO ] [restartedMain] com.sqld_board.sqld.SqldApplication - Started SqldApplication in 1.721 seconds (process running for 2.19)
[2026-01-30 11:40:41.518] [INFO ] [http-nio-8881-exec-1] o.a.c.c.C.[Tomcat].[localhost].[/] - Initializing Spring DispatcherServlet 'dispatcherServlet'
[2026-01-30 11:40:41.519] [INFO ] [http-nio-8881-exec-1] o.s.web.servlet.DispatcherServlet - Initializing Servlet 'dispatcherServlet'
[2026-01-30 11:40:41.521] [INFO ] [http-nio-8881-exec-1] o.s.web.servlet.DispatcherServlet - Completed initialization in 2 ms
[2026-01-30 11:40:41.665] [INFO ] [http-nio-8881-exec-1] jdbc.sqlonly - SELECT MEMBER_ID
             , USER_ID
             , USER_PASS
             , USER_NAME
             , USER_EMAIL
             , EMAIL_VERIFIED
             , USER_ROLE
             , USER_STATUS
             , CREATE_AT
             , UPDATE_AT
          FROM MEMBER_INFO
         WHERE USER_ID = 'test7'
           AND ROWNUM = 1

[2026-01-30 11:40:41.728] [INFO ] [http-nio-8881-exec-1] jdbc.resultsettable - 
|-------------------|--------|-------------------------------------------------------------|----------|------------|---------------|----------|------------|----------------------|----------------------|
|member_id          |user_id |user_pass                                                    |user_name |user_email  |email_verified |user_role |user_status |create_at             |update_at             |
|-------------------|--------|-------------------------------------------------------------|----------|------------|---------------|----------|------------|----------------------|----------------------|
|MEMBER_20260126001 |test7   |$2a$10$EqaCHXWWgWnp/PwtrgeB3eFa6oeJqR8Wc2qmnvHhh6/t0rUAKF4Ou |테스트1      |e@email.com |null           |USER      |null        |2026-01-26 17:58:49.0 |2026-01-26 17:58:49.0 |
|-------------------|--------|-------------------------------------------------------------|----------|------------|---------------|----------|------------|----------------------|----------------------|

[2026-01-30 12:39:43.968] [ERROR] [HikariPool-1:housekeeper] jdbc.sqlonly - 3. Connection.setNetworkTimeout(java.util.concurrent.ThreadPoolExecutor@3f7d2ec7[Running, pool size = 0, active threads = 0, queued tasks = 0, completed tasks = 0], 0;
java.sql.SQLRecoverableException: ORA-17008: 접속을 해제했습니다.
https://docs.oracle.com/error-help/db/ora-17008/
	at oracle.jdbc.driver.T4CConnection.doSetNetworkTimeout(T4CConnection.java:11914)
	at oracle.jdbc.driver.PhysicalConnection.setNetworkTimeout(PhysicalConnection.java:10980)
	at net.sf.log4jdbc.sql.jdbcapi.ConnectionSpy.setNetworkTimeout(ConnectionSpy.java:1120)
	at com.zaxxer.hikari.pool.PoolBase.setNetworkTimeout(PoolBase.java:582)
	at com.zaxxer.hikari.pool.PoolBase.isConnectionDead(PoolBase.java:174)
	at com.zaxxer.hikari.pool.HikariPool$KeepaliveTask.run(HikariPool.java:882)
	at java.base/java.util.concurrent.Executors$RunnableAdapter.call(Executors.java:539)
	at java.base/java.util.concurrent.FutureTask.runAndReset(FutureTask.java:305)
	at java.base/java.util.concurrent.ScheduledThreadPoolExecutor$ScheduledFutureTask.run(ScheduledThreadPoolExecutor.java:305)
	at java.base/java.util.concurrent.ThreadPoolExecutor.runWorker(ThreadPoolExecutor.java:1136)
	at java.base/java.util.concurrent.ThreadPoolExecutor$Worker.run(ThreadPoolExecutor.java:635)
	at java.base/java.lang.Thread.run(Thread.java:840)
[2026-01-30 12:39:44.049] [WARN ] [HikariPool-1:housekeeper] com.zaxxer.hikari.pool.PoolBase - HikariPool-1 - Failed to validate connection net.sf.log4jdbc.sql.jdbcapi.ConnectionSpy@100e5c6e (ORA-17008: 접속을 해제했습니다.
https://docs.oracle.com/error-help/db/ora-17008/). Possibly consider using a shorter maxLifetime value.
[2026-01-30 12:39:49.068] [ERROR] [HikariPool-1:housekeeper] jdbc.sqlonly - 9. Connection.setNetworkTimeout(java.util.concurrent.ThreadPoolExecutor@3f7d2ec7[Running, pool size = 0, active threads = 0, queued tasks = 0, completed tasks = 0], 0;
java.sql.SQLRecoverableException: ORA-17008: 접속을 해제했습니다.
https://docs.oracle.com/error-help/db/ora-17008/
	at oracle.jdbc.driver.T4CConnection.doSetNetworkTimeout(T4CConnection.java:11914)
	at oracle.jdbc.driver.PhysicalConnection.setNetworkTimeout(PhysicalConnection.java:10980)
	at net.sf.log4jdbc.sql.jdbcapi.ConnectionSpy.setNetworkTimeout(ConnectionSpy.java:1120)
	at com.zaxxer.hikari.pool.PoolBase.setNetworkTimeout(PoolBase.java:582)
	at com.zaxxer.hikari.pool.PoolBase.isConnectionDead(PoolBase.java:174)
	at com.zaxxer.hikari.pool.HikariPool$KeepaliveTask.run(HikariPool.java:882)
	at java.base/java.util.concurrent.Executors$RunnableAdapter.call(Executors.java:539)
	at java.base/java.util.concurrent.FutureTask.runAndReset(FutureTask.java:305)
	at java.base/java.util.concurrent.ScheduledThreadPoolExecutor$ScheduledFutureTask.run(ScheduledThreadPoolExecutor.java:305)
	at java.base/java.util.concurrent.ThreadPoolExecutor.runWorker(ThreadPoolExecutor.java:1136)
	at java.base/java.util.concurrent.ThreadPoolExecutor$Worker.run(ThreadPoolExecutor.java:635)
	at java.base/java.lang.Thread.run(Thread.java:840)
[2026-01-30 12:39:49.071] [WARN ] [HikariPool-1:housekeeper] com.zaxxer.hikari.pool.PoolBase - HikariPool-1 - Failed to validate connection net.sf.log4jdbc.sql.jdbcapi.ConnectionSpy@933612a (ORA-17008: 접속을 해제했습니다.
https://docs.oracle.com/error-help/db/ora-17008/). Possibly consider using a shorter maxLifetime value.
[2026-01-30 12:39:54.078] [ERROR] [HikariPool-1:housekeeper] jdbc.sqlonly - 7. Connection.setNetworkTimeout(java.util.concurrent.ThreadPoolExecutor@3f7d2ec7[Running, pool size = 0, active threads = 0, queued tasks = 0, completed tasks = 0], 0;
java.sql.SQLRecoverableException: ORA-17008: 접속을 해제했습니다.
https://docs.oracle.com/error-help/db/ora-17008/
	at oracle.jdbc.driver.T4CConnection.doSetNetworkTimeout(T4CConnection.java:11914)
	at oracle.jdbc.driver.PhysicalConnection.setNetworkTimeout(PhysicalConnection.java:10980)
	at net.sf.log4jdbc.sql.jdbcapi.ConnectionSpy.setNetworkTimeout(ConnectionSpy.java:1120)
	at com.zaxxer.hikari.pool.PoolBase.setNetworkTimeout(PoolBase.java:582)
	at com.zaxxer.hikari.pool.PoolBase.isConnectionDead(PoolBase.java:174)
	at com.zaxxer.hikari.pool.HikariPool$KeepaliveTask.run(HikariPool.java:882)
	at java.base/java.util.concurrent.Executors$RunnableAdapter.call(Executors.java:539)
	at java.base/java.util.concurrent.FutureTask.runAndReset(FutureTask.java:305)
	at java.base/java.util.concurrent.ScheduledThreadPoolExecutor$ScheduledFutureTask.run(ScheduledThreadPoolExecutor.java:305)
	at java.base/java.util.concurrent.ThreadPoolExecutor.runWorker(ThreadPoolExecutor.java:1136)
	at java.base/java.util.concurrent.ThreadPoolExecutor$Worker.run(ThreadPoolExecutor.java:635)
	at java.base/java.lang.Thread.run(Thread.java:840)
[2026-01-30 12:39:54.079] [WARN ] [HikariPool-1:housekeeper] com.zaxxer.hikari.pool.PoolBase - HikariPool-1 - Failed to validate connection net.sf.log4jdbc.sql.jdbcapi.ConnectionSpy@6298d3a9 (ORA-17008: 접속을 해제했습니다.
https://docs.oracle.com/error-help/db/ora-17008/). Possibly consider using a shorter maxLifetime value.
[2026-01-30 12:39:59.089] [ERROR] [HikariPool-1:housekeeper] jdbc.sqlonly - 6. Connection.setNetworkTimeout(java.util.concurrent.ThreadPoolExecutor@3f7d2ec7[Running, pool size = 0, active threads = 0, queued tasks = 0, completed tasks = 0], 0;
java.sql.SQLRecoverableException: ORA-17008: 접속을 해제했습니다.
https://docs.oracle.com/error-help/db/ora-17008/
	at oracle.jdbc.driver.T4CConnection.doSetNetworkTimeout(T4CConnection.java:11914)
	at oracle.jdbc.driver.PhysicalConnection.setNetworkTimeout(PhysicalConnection.java:10980)
	at net.sf.log4jdbc.sql.jdbcapi.ConnectionSpy.setNetworkTimeout(ConnectionSpy.java:1120)
	at com.zaxxer.hikari.pool.PoolBase.setNetworkTimeout(PoolBase.java:582)
	at com.zaxxer.hikari.pool.PoolBase.isConnectionDead(PoolBase.java:174)
	at com.zaxxer.hikari.pool.HikariPool$KeepaliveTask.run(HikariPool.java:882)
	at java.base/java.util.concurrent.Executors$RunnableAdapter.call(Executors.java:539)
	at java.base/java.util.concurrent.FutureTask.runAndReset(FutureTask.java:305)
	at java.base/java.util.concurrent.ScheduledThreadPoolExecutor$ScheduledFutureTask.run(ScheduledThreadPoolExecutor.java:305)
	at java.base/java.util.concurrent.ThreadPoolExecutor.runWorker(ThreadPoolExecutor.java:1136)
	at java.base/java.util.concurrent.ThreadPoolExecutor$Worker.run(ThreadPoolExecutor.java:635)
	at java.base/java.lang.Thread.run(Thread.java:840)
[2026-01-30 12:39:59.093] [WARN ] [HikariPool-1:housekeeper] com.zaxxer.hikari.pool.PoolBase - HikariPool-1 - Failed to validate connection net.sf.log4jdbc.sql.jdbcapi.ConnectionSpy@7e6a48b3 (ORA-17008: 접속을 해제했습니다.
https://docs.oracle.com/error-help/db/ora-17008/). Possibly consider using a shorter maxLifetime value.
[2026-01-30 12:39:59.097] [WARN ] [HikariPool-1:housekeeper] com.zaxxer.hikari.pool.HikariPool - HikariPool-1 - Thread starvation or clock leap detected (housekeeper delta=48m26s120ms).
[2026-01-30 12:57:53.161] [ERROR] [HikariPool-1:housekeeper] jdbc.sqlonly - 8. Connection.setNetworkTimeout(java.util.concurrent.ThreadPoolExecutor@3f7d2ec7[Running, pool size = 0, active threads = 0, queued tasks = 0, completed tasks = 0], 0;
java.sql.SQLRecoverableException: ORA-17008: 접속을 해제했습니다.
https://docs.oracle.com/error-help/db/ora-17008/
	at oracle.jdbc.driver.T4CConnection.doSetNetworkTimeout(T4CConnection.java:11914)
	at oracle.jdbc.driver.PhysicalConnection.setNetworkTimeout(PhysicalConnection.java:10980)
	at net.sf.log4jdbc.sql.jdbcapi.ConnectionSpy.setNetworkTimeout(ConnectionSpy.java:1120)
	at com.zaxxer.hikari.pool.PoolBase.setNetworkTimeout(PoolBase.java:582)
	at com.zaxxer.hikari.pool.PoolBase.isConnectionDead(PoolBase.java:174)
	at com.zaxxer.hikari.pool.HikariPool$KeepaliveTask.run(HikariPool.java:882)
	at java.base/java.util.concurrent.Executors$RunnableAdapter.call(Executors.java:539)
	at java.base/java.util.concurrent.FutureTask.runAndReset(FutureTask.java:305)
	at java.base/java.util.concurrent.ScheduledThreadPoolExecutor$ScheduledFutureTask.run(ScheduledThreadPoolExecutor.java:305)
	at java.base/java.util.concurrent.ThreadPoolExecutor.runWorker(ThreadPoolExecutor.java:1136)
	at java.base/java.util.concurrent.ThreadPoolExecutor$Worker.run(ThreadPoolExecutor.java:635)
	at java.base/java.lang.Thread.run(Thread.java:840)
[2026-01-30 12:57:53.164] [WARN ] [HikariPool-1:housekeeper] com.zaxxer.hikari.pool.PoolBase - HikariPool-1 - Failed to validate connection net.sf.log4jdbc.sql.jdbcapi.ConnectionSpy@71844102 (ORA-17008: 접속을 해제했습니다.
https://docs.oracle.com/error-help/db/ora-17008/). Possibly consider using a shorter maxLifetime value.
[2026-01-30 13:30:25.065] [ERROR] [HikariPool-1:housekeeper] jdbc.sqlonly - 5. Connection.setNetworkTimeout(java.util.concurrent.ThreadPoolExecutor@3f7d2ec7[Running, pool size = 0, active threads = 0, queued tasks = 0, completed tasks = 0], 0;
java.sql.SQLRecoverableException: ORA-17900: 작업이 부적합합니다. 접속되지 않았습니다.
https://docs.oracle.com/error-help/db/ora-17900/
	at oracle.jdbc.driver.T4CConnection.doSetNetworkTimeout(T4CConnection.java:11921)
	at oracle.jdbc.driver.PhysicalConnection.setNetworkTimeout(PhysicalConnection.java:10980)
	at net.sf.log4jdbc.sql.jdbcapi.ConnectionSpy.setNetworkTimeout(ConnectionSpy.java:1120)
	at com.zaxxer.hikari.pool.PoolBase.setNetworkTimeout(PoolBase.java:582)
	at com.zaxxer.hikari.pool.PoolBase.isConnectionDead(PoolBase.java:174)
	at com.zaxxer.hikari.pool.HikariPool$KeepaliveTask.run(HikariPool.java:882)
	at java.base/java.util.concurrent.Executors$RunnableAdapter.call(Executors.java:539)
	at java.base/java.util.concurrent.FutureTask.runAndReset(FutureTask.java:305)
	at java.base/java.util.concurrent.ScheduledThreadPoolExecutor$ScheduledFutureTask.run(ScheduledThreadPoolExecutor.java:305)
	at java.base/java.util.concurrent.ThreadPoolExecutor.runWorker(ThreadPoolExecutor.java:1136)
	at java.base/java.util.concurrent.ThreadPoolExecutor$Worker.run(ThreadPoolExecutor.java:635)
	at java.base/java.lang.Thread.run(Thread.java:840)
Caused by: oracle.net.ns.NetException: ORA-17900: 작업이 부적합합니다. 접속되지 않았습니다.
https://docs.oracle.com/error-help/db/ora-17900/
	at oracle.net.nt.TcpNTAdapter.setOption(TcpNTAdapter.java:665)
	at oracle.net.ns.NSProtocol.setOption(NSProtocol.java:714)
	at oracle.net.ns.NSProtocol.setSocketReadTimeout(NSProtocol.java:1068)
	at oracle.jdbc.driver.T4CConnection.doSetNetworkTimeout(T4CConnection.java:11918)
	... 11 common frames omitted
[2026-01-30 13:30:25.071] [WARN ] [HikariPool-1:housekeeper] com.zaxxer.hikari.pool.PoolBase - HikariPool-1 - Failed to validate connection net.sf.log4jdbc.sql.jdbcapi.ConnectionSpy@268bf6c2 (ORA-17900: 작업이 부적합합니다. 접속되지 않았습니다.
https://docs.oracle.com/error-help/db/ora-17900/). Possibly consider using a shorter maxLifetime value.
[2026-01-30 13:30:25.072] [ERROR] [HikariPool-1:connection-closer] jdbc.sqlonly - 5. Connection.setNetworkTimeout(java.util.concurrent.ThreadPoolExecutor@3f7d2ec7[Running, pool size = 0, active threads = 0, queued tasks = 0, completed tasks = 0], 15000;
java.sql.SQLRecoverableException: ORA-17900: 작업이 부적합합니다. 접속되지 않았습니다.
https://docs.oracle.com/error-help/db/ora-17900/
	at oracle.jdbc.driver.T4CConnection.doSetNetworkTimeout(T4CConnection.java:11921)
	at oracle.jdbc.driver.PhysicalConnection.setNetworkTimeout(PhysicalConnection.java:10980)
	at net.sf.log4jdbc.sql.jdbcapi.ConnectionSpy.setNetworkTimeout(ConnectionSpy.java:1120)
	at com.zaxxer.hikari.pool.PoolBase.setNetworkTimeout(PoolBase.java:582)
	at com.zaxxer.hikari.pool.PoolBase.quietlyCloseConnection(PoolBase.java:143)
	at com.zaxxer.hikari.pool.HikariPool.lambda$closeConnection$1(HikariPool.java:462)
	at java.base/java.util.concurrent.ThreadPoolExecutor.runWorker(ThreadPoolExecutor.java:1136)
	at java.base/java.util.concurrent.ThreadPoolExecutor$Worker.run(ThreadPoolExecutor.java:635)
	at java.base/java.lang.Thread.run(Thread.java:840)
Caused by: oracle.net.ns.NetException: ORA-17900: 작업이 부적합합니다. 접속되지 않았습니다.
https://docs.oracle.com/error-help/db/ora-17900/
	at oracle.net.nt.TcpNTAdapter.setOption(TcpNTAdapter.java:665)
	at oracle.net.ns.NSProtocol.setOption(NSProtocol.java:714)
	at oracle.net.ns.NSProtocol.setSocketReadTimeout(NSProtocol.java:1068)
	at oracle.jdbc.driver.T4CConnection.doSetNetworkTimeout(T4CConnection.java:11918)
	... 8 common frames omitted
[2026-01-30 13:30:25.074] [ERROR] [HikariPool-1:connection-closer] jdbc.sqlonly - 5. Connection.close()
java.sql.SQLRecoverableException: ORA-17909: 소켓 채널이 닫혔습니다. (CONNECTION_ID=5XQqL34SRs2+EKJehfDssA==)
https://docs.oracle.com/error-help/db/ora-17909/
	at oracle.jdbc.driver.T4CConnection.logoff(T4CConnection.java:2872)
	at oracle.jdbc.driver.PhysicalConnection.doClose(PhysicalConnection.java:2915)
	at oracle.jdbc.driver.T4CConnection.close(T4CConnection.java:12890)
	at net.sf.log4jdbc.sql.jdbcapi.ConnectionSpy.close(ConnectionSpy.java:1018)
	at com.zaxxer.hikari.pool.PoolBase.quietlyCloseConnection(PoolBase.java:141)
	at com.zaxxer.hikari.pool.HikariPool.lambda$closeConnection$1(HikariPool.java:462)
	at java.base/java.util.concurrent.ThreadPoolExecutor.runWorker(ThreadPoolExecutor.java:1136)
	at java.base/java.util.concurrent.ThreadPoolExecutor$Worker.run(ThreadPoolExecutor.java:635)
	at java.base/java.lang.Thread.run(Thread.java:840)
Caused by: oracle.net.ns.NetException: ORA-17909: 소켓 채널이 닫혔습니다. (CONNECTION_ID=5XQqL34SRs2+EKJehfDssA==)
https://docs.oracle.com/error-help/db/ora-17909/
	at oracle.net.nt.TimeoutSocketChannel.ensureOpen(TimeoutSocketChannel.java:876)
	at oracle.net.nt.TimeoutSocketChannel.write(TimeoutSocketChannel.java:697)
	at oracle.net.ns.NIOPacket.writeToSocketChannel(NIOPacket.java:374)
	at oracle.net.ns.NIONSDataChannel.writeDataToSocketChannel(NIONSDataChannel.java:216)
	at oracle.jdbc.driver.T4CMAREngineNIO.flush(T4CMAREngineNIO.java:888)
	at oracle.jdbc.driver.T4CMAREngineNIO.prepareForUnmarshall(T4CMAREngineNIO.java:920)
	at oracle.jdbc.driver.T4CMAREngineNIO.unmarshalUB1(T4CMAREngineNIO.java:466)
	at oracle.jdbc.driver.T4CTTIfun.receive(T4CTTIfun.java:814)
	at oracle.jdbc.driver.T4CTTIfun.doRPC(T4CTTIfun.java:237)
	at oracle.jdbc.driver.T4C7Ocommoncall.doOLOGOFF(T4C7Ocommoncall.java:77)
	at oracle.jdbc.driver.T4CConnection.logoff(T4CConnection.java:2862)
	... 8 common frames omitted
[2026-01-30 13:34:42.666] [ERROR] [HikariPool-1:housekeeper] jdbc.sqlonly - 10. Connection.setNetworkTimeout(java.util.concurrent.ThreadPoolExecutor@3f7d2ec7[Running, pool size = 0, active threads = 0, queued tasks = 0, completed tasks = 0], 0;
java.sql.SQLRecoverableException: ORA-17008: 접속을 해제했습니다.
https://docs.oracle.com/error-help/db/ora-17008/
	at oracle.jdbc.driver.T4CConnection.doSetNetworkTimeout(T4CConnection.java:11914)
	at oracle.jdbc.driver.PhysicalConnection.setNetworkTimeout(PhysicalConnection.java:10980)
	at net.sf.log4jdbc.sql.jdbcapi.ConnectionSpy.setNetworkTimeout(ConnectionSpy.java:1120)
	at com.zaxxer.hikari.pool.PoolBase.setNetworkTimeout(PoolBase.java:582)
	at com.zaxxer.hikari.pool.PoolBase.isConnectionDead(PoolBase.java:174)
	at com.zaxxer.hikari.pool.HikariPool$KeepaliveTask.run(HikariPool.java:882)
	at java.base/java.util.concurrent.Executors$RunnableAdapter.call(Executors.java:539)
	at java.base/java.util.concurrent.FutureTask.runAndReset(FutureTask.java:305)
	at java.base/java.util.concurrent.ScheduledThreadPoolExecutor$ScheduledFutureTask.run(ScheduledThreadPoolExecutor.java:305)
	at java.base/java.util.concurrent.ThreadPoolExecutor.runWorker(ThreadPoolExecutor.java:1136)
	at java.base/java.util.concurrent.ThreadPoolExecutor$Worker.run(ThreadPoolExecutor.java:635)
	at java.base/java.lang.Thread.run(Thread.java:840)
[2026-01-30 13:34:42.670] [WARN ] [HikariPool-1:housekeeper] com.zaxxer.hikari.pool.PoolBase - HikariPool-1 - Failed to validate connection net.sf.log4jdbc.sql.jdbcapi.ConnectionSpy@1961086e (ORA-17008: 접속을 해제했습니다.
https://docs.oracle.com/error-help/db/ora-17008/). Possibly consider using a shorter maxLifetime value.
[2026-01-30 13:34:42.671] [WARN ] [HikariPool-1:housekeeper] com.zaxxer.hikari.pool.HikariPool - HikariPool-1 - Thread starvation or clock leap detected (housekeeper delta=54m43s576ms).
[2026-01-30 13:52:36.225] [ERROR] [HikariPool-1:housekeeper] jdbc.sqlonly - 4. Connection.setNetworkTimeout(java.util.concurrent.ThreadPoolExecutor@3f7d2ec7[Running, pool size = 0, active threads = 0, queued tasks = 0, completed tasks = 0], 0;
java.sql.SQLRecoverableException: ORA-17008: 접속을 해제했습니다.
https://docs.oracle.com/error-help/db/ora-17008/
	at oracle.jdbc.driver.T4CConnection.doSetNetworkTimeout(T4CConnection.java:11914)
	at oracle.jdbc.driver.PhysicalConnection.setNetworkTimeout(PhysicalConnection.java:10980)
	at net.sf.log4jdbc.sql.jdbcapi.ConnectionSpy.setNetworkTimeout(ConnectionSpy.java:1120)
	at com.zaxxer.hikari.pool.PoolBase.setNetworkTimeout(PoolBase.java:582)
	at com.zaxxer.hikari.pool.PoolBase.isConnectionDead(PoolBase.java:174)
	at com.zaxxer.hikari.pool.HikariPool$KeepaliveTask.run(HikariPool.java:882)
	at java.base/java.util.concurrent.Executors$RunnableAdapter.call(Executors.java:539)
	at java.base/java.util.concurrent.FutureTask.runAndReset(FutureTask.java:305)
	at java.base/java.util.concurrent.ScheduledThreadPoolExecutor$ScheduledFutureTask.run(ScheduledThreadPoolExecutor.java:305)
	at java.base/java.util.concurrent.ThreadPoolExecutor.runWorker(ThreadPoolExecutor.java:1136)
	at java.base/java.util.concurrent.ThreadPoolExecutor$Worker.run(ThreadPoolExecutor.java:635)
	at java.base/java.lang.Thread.run(Thread.java:840)
[2026-01-30 13:52:36.228] [WARN ] [HikariPool-1:housekeeper] com.zaxxer.hikari.pool.PoolBase - HikariPool-1 - Failed to validate connection net.sf.log4jdbc.sql.jdbcapi.ConnectionSpy@594d010f (ORA-17008: 접속을 해제했습니다.
https://docs.oracle.com/error-help/db/ora-17008/). Possibly consider using a shorter maxLifetime value.
[2026-01-30 14:53:35.575] [WARN ] [HikariPool-1:housekeeper] com.zaxxer.hikari.pool.HikariPool - HikariPool-1 - Thread starvation or clock leap detected (housekeeper delta=1h18m52s799ms).
[2026-01-30 14:53:41.864] [ERROR] [HikariPool-1:housekeeper] jdbc.sqlonly - 1. Connection.setNetworkTimeout(java.util.concurrent.ThreadPoolExecutor@3f7d2ec7[Running, pool size = 0, active threads = 0, queued tasks = 0, completed tasks = 0], 0;
java.sql.SQLRecoverableException: ORA-17008: 접속을 해제했습니다.
https://docs.oracle.com/error-help/db/ora-17008/
	at oracle.jdbc.driver.T4CConnection.doSetNetworkTimeout(T4CConnection.java:11914)
	at oracle.jdbc.driver.PhysicalConnection.setNetworkTimeout(PhysicalConnection.java:10980)
	at net.sf.log4jdbc.sql.jdbcapi.ConnectionSpy.setNetworkTimeout(ConnectionSpy.java:1120)
	at com.zaxxer.hikari.pool.PoolBase.setNetworkTimeout(PoolBase.java:582)
	at com.zaxxer.hikari.pool.PoolBase.isConnectionDead(PoolBase.java:174)
	at com.zaxxer.hikari.pool.HikariPool$KeepaliveTask.run(HikariPool.java:882)
	at java.base/java.util.concurrent.Executors$RunnableAdapter.call(Executors.java:539)
	at java.base/java.util.concurrent.FutureTask.runAndReset(FutureTask.java:305)
	at java.base/java.util.concurrent.ScheduledThreadPoolExecutor$ScheduledFutureTask.run(ScheduledThreadPoolExecutor.java:305)
	at java.base/java.util.concurrent.ThreadPoolExecutor.runWorker(ThreadPoolExecutor.java:1136)
	at java.base/java.util.concurrent.ThreadPoolExecutor$Worker.run(ThreadPoolExecutor.java:635)
	at java.base/java.lang.Thread.run(Thread.java:840)
[2026-01-30 14:53:41.867] [WARN ] [HikariPool-1:housekeeper] com.zaxxer.hikari.pool.PoolBase - HikariPool-1 - Failed to validate connection net.sf.log4jdbc.sql.jdbcapi.ConnectionSpy@125363d9 (ORA-17008: 접속을 해제했습니다.
https://docs.oracle.com/error-help/db/ora-17008/). Possibly consider using a shorter maxLifetime value.
[2026-01-30 15:44:16.761] [ERROR] [HikariPool-1:housekeeper] jdbc.sqlonly - 2. Connection.setNetworkTimeout(java.util.concurrent.ThreadPoolExecutor@3f7d2ec7[Running, pool size = 0, active threads = 0, queued tasks = 0, completed tasks = 0], 0;
java.sql.SQLRecoverableException: ORA-17008: 접속을 해제했습니다.
https://docs.oracle.com/error-help/db/ora-17008/
	at oracle.jdbc.driver.T4CConnection.doSetNetworkTimeout(T4CConnection.java:11914)
	at oracle.jdbc.driver.PhysicalConnection.setNetworkTimeout(PhysicalConnection.java:10980)
	at net.sf.log4jdbc.sql.jdbcapi.ConnectionSpy.setNetworkTimeout(ConnectionSpy.java:1120)
	at com.zaxxer.hikari.pool.PoolBase.setNetworkTimeout(PoolBase.java:582)
	at com.zaxxer.hikari.pool.PoolBase.isConnectionDead(PoolBase.java:174)
	at com.zaxxer.hikari.pool.HikariPool$KeepaliveTask.run(HikariPool.java:882)
	at java.base/java.util.concurrent.Executors$RunnableAdapter.call(Executors.java:539)
	at java.base/java.util.concurrent.FutureTask.runAndReset(FutureTask.java:305)
	at java.base/java.util.concurrent.ScheduledThreadPoolExecutor$ScheduledFutureTask.run(ScheduledThreadPoolExecutor.java:305)
	at java.base/java.util.concurrent.ThreadPoolExecutor.runWorker(ThreadPoolExecutor.java:1136)
	at java.base/java.util.concurrent.ThreadPoolExecutor$Worker.run(ThreadPoolExecutor.java:635)
	at java.base/java.lang.Thread.run(Thread.java:840)
[2026-01-30 15:44:16.764] [WARN ] [HikariPool-1:housekeeper] com.zaxxer.hikari.pool.PoolBase - HikariPool-1 - Failed to validate connection net.sf.log4jdbc.sql.jdbcapi.ConnectionSpy@7f61d02a (ORA-17008: 접속을 해제했습니다.
https://docs.oracle.com/error-help/db/ora-17008/). Possibly consider using a shorter maxLifetime value.
[2026-01-30 15:54:41.717] [WARN ] [HikariPool-1:housekeeper] com.zaxxer.hikari.pool.HikariPool - HikariPool-1 - Thread starvation or clock leap detected (housekeeper delta=1h1m6s246ms).
[2026-01-30 16:46:36.220] [WARN ] [HikariPool-1:connection-adder] com.zaxxer.hikari.pool.PoolBase - HikariPool-1 - Pool is empty, failed to create/setup connection (7c4c5e4f-9ed9-49a6-9fd3-7ae05986d90b)
java.sql.SQLException: ORA-12541: 접속할 수 없습니다. host 175.197.69.42 port 1521에 리스너가 없습니다. (CONNECTION_ID=ADA7w6stRdenX+Yx4UJeFQ==)
https://docs.oracle.com/error-help/db/ora-12541/
	at oracle.jdbc.driver.T4CConnection.handleLogonNetException(T4CConnection.java:1853)
	at oracle.jdbc.driver.T4CConnection.logon(T4CConnection.java:1204)
	at oracle.jdbc.driver.PhysicalConnection.connect(PhysicalConnection.java:1189)
	at oracle.jdbc.driver.T4CDriverExtension.getConnection(T4CDriverExtension.java:106)
	at oracle.jdbc.driver.OracleDriver.connect(OracleDriver.java:887)
	at oracle.jdbc.driver.OracleDriver.connect(OracleDriver.java:694)
	at net.sf.log4jdbc.sql.jdbcapi.DriverSpy.connect(DriverSpy.java:401)
	at com.zaxxer.hikari.util.DriverDataSource.getConnection(DriverDataSource.java:144)
	at com.zaxxer.hikari.pool.PoolBase.newConnection(PoolBase.java:370)
	at com.zaxxer.hikari.pool.PoolBase.newPoolEntry(PoolBase.java:207)
	at com.zaxxer.hikari.pool.HikariPool.createPoolEntry(HikariPool.java:488)
	at com.zaxxer.hikari.pool.HikariPool$PoolEntryCreator.call(HikariPool.java:752)
	at com.zaxxer.hikari.pool.HikariPool$PoolEntryCreator.call(HikariPool.java:731)
	at java.base/java.util.concurrent.FutureTask.run(FutureTask.java:264)
	at java.base/java.util.concurrent.ThreadPoolExecutor.runWorker(ThreadPoolExecutor.java:1136)
	at java.base/java.util.concurrent.ThreadPoolExecutor$Worker.run(ThreadPoolExecutor.java:635)
	at java.base/java.lang.Thread.run(Thread.java:840)
Caused by: oracle.net.ns.NetException: ORA-12541: 접속할 수 없습니다. host 175.197.69.42 port 1521에 리스너가 없습니다. (CONNECTION_ID=ADA7w6stRdenX+Yx4UJeFQ==)
https://docs.oracle.com/error-help/db/ora-12541/
	at oracle.net.nt.TcpNTAdapter.handleEstablishSocketException(TcpNTAdapter.java:418)
	at oracle.net.nt.TcpNTAdapter.establishSocket(TcpNTAdapter.java:350)
	at oracle.net.nt.TcpNTAdapter.connect(TcpNTAdapter.java:228)
	at oracle.net.nt.ConnOption.connect(ConnOption.java:346)
	at oracle.net.nt.ConnStrategy.executeConnOption(ConnStrategy.java:1252)
	at oracle.net.nt.ConnStrategy.execute(ConnStrategy.java:778)
	at oracle.net.resolver.AddrResolution.resolveAndExecute(AddrResolution.java:718)
	at oracle.net.ns.NSProtocol.establishConnection(NSProtocol.java:960)
	at oracle.net.ns.NSProtocol.connect(NSProtocol.java:329)
	at oracle.jdbc.driver.T4CConnection.connectNetworkSessionProtocol(T4CConnection.java:3684)
	at oracle.jdbc.driver.T4CConnection.logon(T4CConnection.java:1083)
	... 15 common frames omitted
Caused by: java.net.ConnectException: Operation timed out
	at java.base/sun.nio.ch.Net.pollConnect(Native Method)
	at java.base/sun.nio.ch.Net.pollConnectNow(Net.java:672)
	at java.base/sun.nio.ch.SocketChannelImpl.finishTimedConnect(SocketChannelImpl.java:1148)
	at java.base/sun.nio.ch.SocketChannelImpl.blockingConnect(SocketChannelImpl.java:1183)
	at java.base/sun.nio.ch.SocketAdaptor.connect(SocketAdaptor.java:98)
	at oracle.net.nt.TimeoutSocketChannel.doConnect(TimeoutSocketChannel.java:291)
	at oracle.net.nt.TimeoutSocketChannel.initializeSocketChannel(TimeoutSocketChannel.java:271)
	at oracle.net.nt.TimeoutSocketChannel.connect(TimeoutSocketChannel.java:238)
	at oracle.net.nt.TimeoutSocketChannel.<init>(TimeoutSocketChannel.java:205)
	at oracle.net.nt.TcpNTAdapter.establishSocket(TcpNTAdapter.java:339)
	... 24 common frames omitted
[2026-01-30 17:09:56.277] [WARN ] [HikariPool-1:connection-adder] com.zaxxer.hikari.pool.PoolBase - HikariPool-1 - Pool is empty, failed to create/setup connection (35c56579-89a1-406b-844c-ec3696ed14b7)
java.sql.SQLException: ORA-12541: 접속할 수 없습니다. host 175.197.69.42 port 1521에 리스너가 없습니다. (CONNECTION_ID=QsULIMBjSiOtep8ySDYI5A==)
https://docs.oracle.com/error-help/db/ora-12541/
	at oracle.jdbc.driver.T4CConnection.handleLogonNetException(T4CConnection.java:1853)
	at oracle.jdbc.driver.T4CConnection.logon(T4CConnection.java:1204)
	at oracle.jdbc.driver.PhysicalConnection.connect(PhysicalConnection.java:1189)
	at oracle.jdbc.driver.T4CDriverExtension.getConnection(T4CDriverExtension.java:106)
	at oracle.jdbc.driver.OracleDriver.connect(OracleDriver.java:887)
	at oracle.jdbc.driver.OracleDriver.connect(OracleDriver.java:694)
	at net.sf.log4jdbc.sql.jdbcapi.DriverSpy.connect(DriverSpy.java:401)
	at com.zaxxer.hikari.util.DriverDataSource.getConnection(DriverDataSource.java:144)
	at com.zaxxer.hikari.pool.PoolBase.newConnection(PoolBase.java:370)
	at com.zaxxer.hikari.pool.PoolBase.newPoolEntry(PoolBase.java:207)
	at com.zaxxer.hikari.pool.HikariPool.createPoolEntry(HikariPool.java:488)
	at com.zaxxer.hikari.pool.HikariPool$PoolEntryCreator.call(HikariPool.java:752)
	at com.zaxxer.hikari.pool.HikariPool$PoolEntryCreator.call(HikariPool.java:731)
	at java.base/java.util.concurrent.FutureTask.run(FutureTask.java:264)
	at java.base/java.util.concurrent.ThreadPoolExecutor.runWorker(ThreadPoolExecutor.java:1136)
	at java.base/java.util.concurrent.ThreadPoolExecutor$Worker.run(ThreadPoolExecutor.java:635)
	at java.base/java.lang.Thread.run(Thread.java:840)
Caused by: oracle.net.ns.NetException: ORA-12541: 접속할 수 없습니다. host 175.197.69.42 port 1521에 리스너가 없습니다. (CONNECTION_ID=QsULIMBjSiOtep8ySDYI5A==)
https://docs.oracle.com/error-help/db/ora-12541/
	at oracle.net.nt.TcpNTAdapter.handleEstablishSocketException(TcpNTAdapter.java:418)
	at oracle.net.nt.TcpNTAdapter.establishSocket(TcpNTAdapter.java:350)
	at oracle.net.nt.TcpNTAdapter.connect(TcpNTAdapter.java:228)
	at oracle.net.nt.ConnOption.connect(ConnOption.java:346)
	at oracle.net.nt.ConnStrategy.executeConnOption(ConnStrategy.java:1252)
	at oracle.net.nt.ConnStrategy.execute(ConnStrategy.java:778)
	at oracle.net.resolver.AddrResolution.resolveAndExecute(AddrResolution.java:718)
	at oracle.net.ns.NSProtocol.establishConnection(NSProtocol.java:960)
	at oracle.net.ns.NSProtocol.connect(NSProtocol.java:329)
	at oracle.jdbc.driver.T4CConnection.connectNetworkSessionProtocol(T4CConnection.java:3684)
	at oracle.jdbc.driver.T4CConnection.logon(T4CConnection.java:1083)
	... 15 common frames omitted
Caused by: java.net.ConnectException: Operation timed out
	at java.base/sun.nio.ch.Net.pollConnect(Native Method)
	at java.base/sun.nio.ch.Net.pollConnectNow(Net.java:672)
	at java.base/sun.nio.ch.SocketChannelImpl.finishTimedConnect(SocketChannelImpl.java:1148)
	at java.base/sun.nio.ch.SocketChannelImpl.blockingConnect(SocketChannelImpl.java:1183)
	at java.base/sun.nio.ch.SocketAdaptor.connect(SocketAdaptor.java:98)
	at oracle.net.nt.TimeoutSocketChannel.doConnect(TimeoutSocketChannel.java:291)
	at oracle.net.nt.TimeoutSocketChannel.initializeSocketChannel(TimeoutSocketChannel.java:271)
	at oracle.net.nt.TimeoutSocketChannel.connect(TimeoutSocketChannel.java:238)
	at oracle.net.nt.TimeoutSocketChannel.<init>(TimeoutSocketChannel.java:205)
	at oracle.net.nt.TcpNTAdapter.establishSocket(TcpNTAdapter.java:339)
	... 24 common frames omitted
[2026-01-30 17:09:59.781] [WARN ] [HikariPool-1:housekeeper] com.zaxxer.hikari.pool.HikariPool - HikariPool-1 - Thread starvation or clock leap detected (housekeeper delta=1h15m18s56ms).
[2026-01-30 17:10:50.007] [INFO ] [http-nio-8881-exec-3] c.s.sqld.exception.ExceptionAdvice - error
org.mybatis.spring.MyBatisSystemException: 
### Error querying database.  Cause: org.springframework.jdbc.CannotGetJdbcConnectionException: Failed to obtain JDBC Connection
### The error may exist in file [/Users/minboklee/Downloads/sqld/build/resources/main/mapper/Member.xml]
### The error may involve com.sqld_board.sqld.mapper.MemberMapper.readMemberByUsersId
### The error occurred while executing a query
### Cause: org.springframework.jdbc.CannotGetJdbcConnectionException: Failed to obtain JDBC Connection
	at org.mybatis.spring.MyBatisExceptionTranslator.translateExceptionIfPossible(MyBatisExceptionTranslator.java:101)
	at org.mybatis.spring.SqlSessionTemplate$SqlSessionInterceptor.invoke(SqlSessionTemplate.java:347)
	at jdk.proxy2/jdk.proxy2.$Proxy84.selectOne(Unknown Source)
	at org.mybatis.spring.SqlSessionTemplate.selectOne(SqlSessionTemplate.java:154)
	at org.apache.ibatis.binding.MapperMethod.execute(MapperMethod.java:87)
	at org.apache.ibatis.binding.MapperProxy$PlainMethodInvoker.invoke(MapperProxy.java:141)
	at org.apache.ibatis.binding.MapperProxy.invoke(MapperProxy.java:86)
	at jdk.proxy3/jdk.proxy3.$Proxy85.readMemberByUsersId(Unknown Source)
	at java.base/jdk.internal.reflect.NativeMethodAccessorImpl.invoke0(Native Method)
	at java.base/jdk.internal.reflect.NativeMethodAccessorImpl.invoke(NativeMethodAccessorImpl.java:77)
	at java.base/jdk.internal.reflect.DelegatingMethodAccessorImpl.invoke(DelegatingMethodAccessorImpl.java:43)
	at java.base/java.lang.reflect.Method.invoke(Method.java:568)
	at org.springframework.aop.support.AopUtils.invokeJoinpointUsingReflection(AopUtils.java:360)
	at org.springframework.aop.framework.ReflectiveMethodInvocation.invokeJoinpoint(ReflectiveMethodInvocation.java:196)
	at org.springframework.aop.framework.ReflectiveMethodInvocation.proceed(ReflectiveMethodInvocation.java:163)
	at org.springframework.dao.support.PersistenceExceptionTranslationInterceptor.invoke(PersistenceExceptionTranslationInterceptor.java:138)
	at org.springframework.aop.framework.ReflectiveMethodInvocation.proceed(ReflectiveMethodInvocation.java:184)
	at org.springframework.aop.framework.JdkDynamicAopProxy.invoke(JdkDynamicAopProxy.java:223)
	at jdk.proxy3/jdk.proxy3.$Proxy86.readMemberByUsersId(Unknown Source)
	at com.sqld_board.sqld.service.sign.SignService.readMemberByUsersId(SignService.java:91)
	at com.sqld_board.sqld.service.sign.SignService.signIn(SignService.java:44)
	at com.sqld_board.sqld.controller.sign.SignController.signIn(SignController.java:31)
	at java.base/jdk.internal.reflect.NativeMethodAccessorImpl.invoke0(Native Method)
	at java.base/jdk.internal.reflect.NativeMethodAccessorImpl.invoke(NativeMethodAccessorImpl.java:77)
	at java.base/jdk.internal.reflect.DelegatingMethodAccessorImpl.invoke(DelegatingMethodAccessorImpl.java:43)
	at java.base/java.lang.reflect.Method.invoke(Method.java:568)
	at org.springframework.web.method.support.InvocableHandlerMethod.doInvoke(InvocableHandlerMethod.java:258)
	at org.springframework.web.method.support.InvocableHandlerMethod.invokeForRequest(InvocableHandlerMethod.java:191)
	at org.springframework.web.servlet.mvc.method.annotation.ServletInvocableHandlerMethod.invokeAndHandle(ServletInvocableHandlerMethod.java:118)
	at org.springframework.web.servlet.mvc.method.annotation.RequestMappingHandlerAdapter.invokeHandlerMethod(RequestMappingHandlerAdapter.java:991)
	at org.springframework.web.servlet.mvc.method.annotation.RequestMappingHandlerAdapter.handleInternal(RequestMappingHandlerAdapter.java:896)
	at org.springframework.web.servlet.mvc.method.AbstractHandlerMethodAdapter.handle(AbstractHandlerMethodAdapter.java:87)
	at org.springframework.web.servlet.DispatcherServlet.doDispatch(DispatcherServlet.java:1089)
	at org.springframework.web.servlet.DispatcherServlet.doService(DispatcherServlet.java:979)
	at org.springframework.web.servlet.FrameworkServlet.processRequest(FrameworkServlet.java:1014)
	at org.springframework.web.servlet.FrameworkServlet.doPost(FrameworkServlet.java:914)
	at jakarta.servlet.http.HttpServlet.service(HttpServlet.java:590)
	at org.springframework.web.servlet.FrameworkServlet.service(FrameworkServlet.java:885)
	at jakarta.servlet.http.HttpServlet.service(HttpServlet.java:658)
	at org.apache.catalina.core.ApplicationFilterChain.internalDoFilter(ApplicationFilterChain.java:195)
	at org.apache.catalina.core.ApplicationFilterChain.doFilter(ApplicationFilterChain.java:140)
	at org.apache.tomcat.websocket.server.WsFilter.doFilter(WsFilter.java:51)
	at org.apache.catalina.core.ApplicationFilterChain.internalDoFilter(ApplicationFilterChain.java:164)
	at org.apache.catalina.core.ApplicationFilterChain.doFilter(ApplicationFilterChain.java:140)
	at org.springframework.web.filter.CompositeFilter$VirtualFilterChain.doFilter(CompositeFilter.java:108)
	at org.springframework.web.filter.CompositeFilter$VirtualFilterChain.doFilter(CompositeFilter.java:108)
	at org.springframework.security.web.FilterChainProxy.lambda$doFilterInternal$3(FilterChainProxy.java:231)
	at org.springframework.security.web.FilterChainProxy$VirtualFilterChain.doFilter(FilterChainProxy.java:365)
	at org.springframework.security.web.access.intercept.AuthorizationFilter.doFilter(AuthorizationFilter.java:101)
	at org.springframework.security.web.FilterChainProxy$VirtualFilterChain.doFilter(FilterChainProxy.java:374)
	at org.springframework.security.web.access.ExceptionTranslationFilter.doFilter(ExceptionTranslationFilter.java:125)
	at org.springframework.security.web.access.ExceptionTranslationFilter.doFilter(ExceptionTranslationFilter.java:119)
	at org.springframework.security.web.FilterChainProxy$VirtualFilterChain.doFilter(FilterChainProxy.java:374)
	at org.springframework.security.web.session.SessionManagementFilter.doFilter(SessionManagementFilter.java:131)
	at org.springframework.security.web.session.SessionManagementFilter.doFilter(SessionManagementFilter.java:85)
	at org.springframework.security.web.FilterChainProxy$VirtualFilterChain.doFilter(FilterChainProxy.java:374)
	at org.springframework.security.web.authentication.AnonymousAuthenticationFilter.doFilter(AnonymousAuthenticationFilter.java:100)
	at org.springframework.security.web.FilterChainProxy$VirtualFilterChain.doFilter(FilterChainProxy.java:374)
	at org.springframework.security.web.servletapi.SecurityContextHolderAwareRequestFilter.doFilter(SecurityContextHolderAwareRequestFilter.java:179)
	at org.springframework.security.web.FilterChainProxy$VirtualFilterChain.doFilter(FilterChainProxy.java:374)
	at org.springframework.security.web.savedrequest.RequestCacheAwareFilter.doFilter(RequestCacheAwareFilter.java:63)
	at org.springframework.security.web.FilterChainProxy$VirtualFilterChain.doFilter(FilterChainProxy.java:374)
	at org.springframework.security.web.authentication.logout.LogoutFilter.doFilter(LogoutFilter.java:107)
	at org.springframework.security.web.authentication.logout.LogoutFilter.doFilter(LogoutFilter.java:93)
	at org.springframework.security.web.FilterChainProxy$VirtualFilterChain.doFilter(FilterChainProxy.java:374)
	at org.springframework.web.filter.CorsFilter.doFilterInternal(CorsFilter.java:91)
	at org.springframework.web.filter.OncePerRequestFilter.doFilter(OncePerRequestFilter.java:116)
	at org.springframework.security.web.FilterChainProxy$VirtualFilterChain.doFilter(FilterChainProxy.java:374)
	at org.springframework.security.web.header.HeaderWriterFilter.doHeadersAfter(HeaderWriterFilter.java:90)
	at org.springframework.security.web.header.HeaderWriterFilter.doFilterInternal(HeaderWriterFilter.java:75)
	at org.springframework.web.filter.OncePerRequestFilter.doFilter(OncePerRequestFilter.java:116)
	at org.springframework.security.web.FilterChainProxy$VirtualFilterChain.doFilter(FilterChainProxy.java:374)
	at org.springframework.security.web.context.SecurityContextHolderFilter.doFilter(SecurityContextHolderFilter.java:82)
	at org.springframework.security.web.context.SecurityContextHolderFilter.doFilter(SecurityContextHolderFilter.java:69)
	at org.springframework.security.web.FilterChainProxy$VirtualFilterChain.doFilter(FilterChainProxy.java:374)
	at org.springframework.security.web.context.request.async.WebAsyncManagerIntegrationFilter.doFilterInternal(WebAsyncManagerIntegrationFilter.java:62)
	at org.springframework.web.filter.OncePerRequestFilter.doFilter(OncePerRequestFilter.java:116)
	at org.springframework.security.web.FilterChainProxy$VirtualFilterChain.doFilter(FilterChainProxy.java:374)
	at org.springframework.security.web.session.DisableEncodeUrlFilter.doFilterInternal(DisableEncodeUrlFilter.java:42)
	at org.springframework.web.filter.OncePerRequestFilter.doFilter(OncePerRequestFilter.java:116)
	at org.springframework.security.web.FilterChainProxy$VirtualFilterChain.doFilter(FilterChainProxy.java:374)
	at org.springframework.security.web.FilterChainProxy.doFilterInternal(FilterChainProxy.java:233)
	at org.springframework.security.web.FilterChainProxy.doFilter(FilterChainProxy.java:191)
	at org.springframework.web.filter.CompositeFilter$VirtualFilterChain.doFilter(CompositeFilter.java:113)
	at org.springframework.web.filter.ServletRequestPathFilter.doFilter(ServletRequestPathFilter.java:52)
	at org.springframework.web.filter.CompositeFilter$VirtualFilterChain.doFilter(CompositeFilter.java:113)
	at org.springframework.web.filter.CompositeFilter.doFilter(CompositeFilter.java:74)
	at org.springframework.security.config.annotation.web.configuration.WebSecurityConfiguration$CompositeFilterChainProxy.doFilter(WebSecurityConfiguration.java:319)
	at org.springframework.web.filter.CompositeFilter$VirtualFilterChain.doFilter(CompositeFilter.java:113)
	at org.springframework.web.servlet.handler.HandlerMappingIntrospector.lambda$createCacheFilter$4(HandlerMappingIntrospector.java:267)
	at org.springframework.web.filter.CompositeFilter$VirtualFilterChain.doFilter(CompositeFilter.java:113)
	at org.springframework.web.filter.CompositeFilter.doFilter(CompositeFilter.java:74)
	at org.springframework.security.config.annotation.web.configuration.WebMvcSecurityConfiguration$CompositeFilterChainProxy.doFilter(WebMvcSecurityConfiguration.java:240)
	at org.springframework.web.filter.DelegatingFilterProxy.invokeDelegate(DelegatingFilterProxy.java:362)
	at org.springframework.web.filter.DelegatingFilterProxy.doFilter(DelegatingFilterProxy.java:278)
	at org.apache.catalina.core.ApplicationFilterChain.internalDoFilter(ApplicationFilterChain.java:164)
	at org.apache.catalina.core.ApplicationFilterChain.doFilter(ApplicationFilterChain.java:140)
	at org.springframework.web.filter.RequestContextFilter.doFilterInternal(RequestContextFilter.java:100)
	at org.springframework.web.filter.OncePerRequestFilter.doFilter(OncePerRequestFilter.java:116)
	at org.apache.catalina.core.ApplicationFilterChain.internalDoFilter(ApplicationFilterChain.java:164)
	at org.apache.catalina.core.ApplicationFilterChain.doFilter(ApplicationFilterChain.java:140)
	at org.springframework.web.filter.FormContentFilter.doFilterInternal(FormContentFilter.java:93)
	at org.springframework.web.filter.OncePerRequestFilter.doFilter(OncePerRequestFilter.java:116)
	at org.apache.catalina.core.ApplicationFilterChain.internalDoFilter(ApplicationFilterChain.java:164)
	at org.apache.catalina.core.ApplicationFilterChain.doFilter(ApplicationFilterChain.java:140)
	at org.springframework.web.filter.CharacterEncodingFilter.doFilterInternal(CharacterEncodingFilter.java:201)
	at org.springframework.web.filter.OncePerRequestFilter.doFilter(OncePerRequestFilter.java:116)
	at org.apache.catalina.core.ApplicationFilterChain.internalDoFilter(ApplicationFilterChain.java:164)
	at org.apache.catalina.core.ApplicationFilterChain.doFilter(ApplicationFilterChain.java:140)
	at org.apache.catalina.core.StandardWrapperValve.invoke(StandardWrapperValve.java:167)
	at org.apache.catalina.core.StandardContextValve.invoke(StandardContextValve.java:90)
	at org.apache.catalina.authenticator.AuthenticatorBase.invoke(AuthenticatorBase.java:483)
	at org.apache.catalina.core.StandardHostValve.invoke(StandardHostValve.java:116)
	at org.apache.catalina.valves.ErrorReportValve.invoke(ErrorReportValve.java:93)
	at org.apache.catalina.core.StandardEngineValve.invoke(StandardEngineValve.java:74)
	at org.apache.catalina.connector.CoyoteAdapter.service(CoyoteAdapter.java:344)
	at org.apache.coyote.http11.Http11Processor.service(Http11Processor.java:398)
	at org.apache.coyote.AbstractProcessorLight.process(AbstractProcessorLight.java:63)
	at org.apache.coyote.AbstractProtocol$ConnectionHandler.process(AbstractProtocol.java:903)
	at org.apache.tomcat.util.net.NioEndpoint$SocketProcessor.doRun(NioEndpoint.java:1776)
	at org.apache.tomcat.util.net.SocketProcessorBase.run(SocketProcessorBase.java:52)
	at org.apache.tomcat.util.threads.ThreadPoolExecutor.runWorker(ThreadPoolExecutor.java:975)
	at org.apache.tomcat.util.threads.ThreadPoolExecutor$Worker.run(ThreadPoolExecutor.java:493)
	at org.apache.tomcat.util.threads.TaskThread$WrappingRunnable.run(TaskThread.java:63)
	at java.base/java.lang.Thread.run(Thread.java:840)
Caused by: org.apache.ibatis.exceptions.PersistenceException: 
### Error querying database.  Cause: org.springframework.jdbc.CannotGetJdbcConnectionException: Failed to obtain JDBC Connection
### The error may exist in file [/Users/minboklee/Downloads/sqld/build/resources/main/mapper/Member.xml]
### The error may involve com.sqld_board.sqld.mapper.MemberMapper.readMemberByUsersId
### The error occurred while executing a query
### Cause: org.springframework.jdbc.CannotGetJdbcConnectionException: Failed to obtain JDBC Connection
	at org.apache.ibatis.exceptions.ExceptionFactory.wrapException(ExceptionFactory.java:30)
	at org.apache.ibatis.session.defaults.DefaultSqlSession.selectList(DefaultSqlSession.java:156)
	at org.apache.ibatis.session.defaults.DefaultSqlSession.selectList(DefaultSqlSession.java:147)
	at org.apache.ibatis.session.defaults.DefaultSqlSession.selectList(DefaultSqlSession.java:142)
	at org.apache.ibatis.session.defaults.DefaultSqlSession.selectOne(DefaultSqlSession.java:75)
	at java.base/jdk.internal.reflect.NativeMethodAccessorImpl.invoke0(Native Method)
	at java.base/jdk.internal.reflect.NativeMethodAccessorImpl.invoke(NativeMethodAccessorImpl.java:77)
	at java.base/jdk.internal.reflect.DelegatingMethodAccessorImpl.invoke(DelegatingMethodAccessorImpl.java:43)
	at java.base/java.lang.reflect.Method.invoke(Method.java:568)
	at org.mybatis.spring.SqlSessionTemplate$SqlSessionInterceptor.invoke(SqlSessionTemplate.java:333)
	... 123 common frames omitted
Caused by: org.springframework.jdbc.CannotGetJdbcConnectionException: Failed to obtain JDBC Connection
	at org.springframework.jdbc.datasource.DataSourceUtils.getConnection(DataSourceUtils.java:84)
	at org.mybatis.spring.transaction.SpringManagedTransaction.openConnection(SpringManagedTransaction.java:77)
	at org.mybatis.spring.transaction.SpringManagedTransaction.getConnection(SpringManagedTransaction.java:64)
	at org.apache.ibatis.executor.BaseExecutor.getConnection(BaseExecutor.java:348)
	at org.apache.ibatis.executor.SimpleExecutor.prepareStatement(SimpleExecutor.java:89)
	at org.apache.ibatis.executor.SimpleExecutor.doQuery(SimpleExecutor.java:64)
	at org.apache.ibatis.executor.BaseExecutor.queryFromDatabase(BaseExecutor.java:336)
	at org.apache.ibatis.executor.BaseExecutor.query(BaseExecutor.java:158)
	at org.apache.ibatis.executor.CachingExecutor.query(CachingExecutor.java:110)
	at org.apache.ibatis.executor.CachingExecutor.query(CachingExecutor.java:90)
	at org.apache.ibatis.session.defaults.DefaultSqlSession.selectList(DefaultSqlSession.java:154)
	... 131 common frames omitted
Caused by: java.sql.SQLTransientConnectionException: HikariPool-1 - Connection is not available, request timed out after 30022ms (total=0, active=0, idle=0, waiting=0)
	at com.zaxxer.hikari.pool.HikariPool.createTimeoutException(HikariPool.java:714)
	at com.zaxxer.hikari.pool.HikariPool.getConnection(HikariPool.java:184)
	at com.zaxxer.hikari.pool.HikariPool.getConnection(HikariPool.java:142)
	at com.zaxxer.hikari.HikariDataSource.getConnection(HikariDataSource.java:127)
	at org.springframework.jdbc.datasource.DataSourceUtils.fetchConnection(DataSourceUtils.java:160)
	at org.springframework.jdbc.datasource.DataSourceUtils.doGetConnection(DataSourceUtils.java:118)
	at org.springframework.jdbc.datasource.DataSourceUtils.getConnection(DataSourceUtils.java:81)
	... 141 common frames omitted
Caused by: java.sql.SQLTimeoutException: ORA-12170: 접속할 수 없습니다. TCP connect 시간 초과(30000ms)는 host 175.197.69.42 port 1521에 적용됩니다. (CONNECTION_ID=rJLRo5ecSsSYSYLHvUpE8A==)
https://docs.oracle.com/error-help/db/ora-12170/
	at oracle.jdbc.driver.T4CConnection.handleLogonNetException(T4CConnection.java:1853)
	at oracle.jdbc.driver.T4CConnection.logon(T4CConnection.java:1204)
	at oracle.jdbc.driver.PhysicalConnection.connect(PhysicalConnection.java:1189)
	at oracle.jdbc.driver.T4CDriverExtension.getConnection(T4CDriverExtension.java:106)
	at oracle.jdbc.driver.OracleDriver.connect(OracleDriver.java:887)
	at oracle.jdbc.driver.OracleDriver.connect(OracleDriver.java:694)
	at net.sf.log4jdbc.sql.jdbcapi.DriverSpy.connect(DriverSpy.java:401)
	at com.zaxxer.hikari.util.DriverDataSource.getConnection(DriverDataSource.java:144)
	at com.zaxxer.hikari.pool.PoolBase.newConnection(PoolBase.java:370)
	at com.zaxxer.hikari.pool.PoolBase.newPoolEntry(PoolBase.java:207)
	at com.zaxxer.hikari.pool.HikariPool.createPoolEntry(HikariPool.java:488)
	at com.zaxxer.hikari.pool.HikariPool$PoolEntryCreator.call(HikariPool.java:752)
	at com.zaxxer.hikari.pool.HikariPool$PoolEntryCreator.call(HikariPool.java:731)
	at java.base/java.util.concurrent.FutureTask.run(FutureTask.java:264)
	at java.base/java.util.concurrent.ThreadPoolExecutor.runWorker(ThreadPoolExecutor.java:1136)
	at java.base/java.util.concurrent.ThreadPoolExecutor$Worker.run(ThreadPoolExecutor.java:635)
	... 1 common frames omitted
Caused by: oracle.net.ns.NetException: ORA-12170: 접속할 수 없습니다. TCP connect 시간 초과(30000ms)는 host 175.197.69.42 port 1521에 적용됩니다. (CONNECTION_ID=rJLRo5ecSsSYSYLHvUpE8A==)
https://docs.oracle.com/error-help/db/ora-12170/
	at oracle.net.nt.TcpNTAdapter.handleEstablishSocketException(TcpNTAdapter.java:385)
	at oracle.net.nt.TcpNTAdapter.establishSocket(TcpNTAdapter.java:350)
	at oracle.net.nt.TcpNTAdapter.connect(TcpNTAdapter.java:228)
	at oracle.net.nt.ConnOption.connect(ConnOption.java:346)
	at oracle.net.nt.ConnStrategy.executeConnOption(ConnStrategy.java:1252)
	at oracle.net.nt.ConnStrategy.execute(ConnStrategy.java:778)
	at oracle.net.resolver.AddrResolution.resolveAndExecute(AddrResolution.java:718)
	at oracle.net.ns.NSProtocol.establishConnection(NSProtocol.java:960)
	at oracle.net.ns.NSProtocol.connect(NSProtocol.java:329)
	at oracle.jdbc.driver.T4CConnection.connectNetworkSessionProtocol(T4CConnection.java:3684)
	at oracle.jdbc.driver.T4CConnection.logon(T4CConnection.java:1083)
	... 15 common frames omitted
[2026-01-30 17:10:50.146] [WARN ] [http-nio-8881-exec-3] o.s.w.s.m.m.a.ExceptionHandlerExceptionResolver - Failure in @ExceptionHandler com.sqld_board.sqld.exception.ExceptionAdvice#exception(Exception)
org.springframework.context.NoSuchMessageException: No message found under code 'exception.msg' for locale 'ko_KR'.
	at org.springframework.context.support.AbstractMessageSource.getMessage(AbstractMessageSource.java:166)
	at com.sqld_board.sqld.handler.ResponseHandler.getMessage(ResponseHandler.java:34)
	at com.sqld_board.sqld.handler.ResponseHandler.getFailureResponse(ResponseHandler.java:21)
	at com.sqld_board.sqld.exception.ExceptionAdvice.exception(ExceptionAdvice.java:28)
	at java.base/jdk.internal.reflect.NativeMethodAccessorImpl.invoke0(Native Method)
	at java.base/jdk.internal.reflect.NativeMethodAccessorImpl.invoke(NativeMethodAccessorImpl.java:77)
	at java.base/jdk.internal.reflect.DelegatingMethodAccessorImpl.invoke(DelegatingMethodAccessorImpl.java:43)
	at java.base/java.lang.reflect.Method.invoke(Method.java:568)
	at org.springframework.web.method.support.InvocableHandlerMethod.doInvoke(InvocableHandlerMethod.java:258)
	at org.springframework.web.method.support.InvocableHandlerMethod.invokeForRequest(InvocableHandlerMethod.java:191)
	at org.springframework.web.servlet.mvc.method.annotation.ServletInvocableHandlerMethod.invokeAndHandle(ServletInvocableHandlerMethod.java:118)
	at org.springframework.web.servlet.mvc.method.annotation.ExceptionHandlerExceptionResolver.doResolveHandlerMethodException(ExceptionHandlerExceptionResolver.java:471)
	at org.springframework.web.servlet.handler.AbstractHandlerMethodExceptionResolver.doResolveException(AbstractHandlerMethodExceptionResolver.java:73)
	at org.springframework.web.servlet.handler.AbstractHandlerExceptionResolver.resolveException(AbstractHandlerExceptionResolver.java:182)
	at org.springframework.web.servlet.handler.HandlerExceptionResolverComposite.resolveException(HandlerExceptionResolverComposite.java:80)
	at org.springframework.web.servlet.DispatcherServlet.processHandlerException(DispatcherServlet.java:1360)
	at org.springframework.web.servlet.DispatcherServlet.processDispatchResult(DispatcherServlet.java:1161)
	at org.springframework.web.servlet.DispatcherServlet.doDispatch(DispatcherServlet.java:1106)
	at org.springframework.web.servlet.DispatcherServlet.doService(DispatcherServlet.java:979)
	at org.springframework.web.servlet.FrameworkServlet.processRequest(FrameworkServlet.java:1014)
	at org.springframework.web.servlet.FrameworkServlet.doPost(FrameworkServlet.java:914)
	at jakarta.servlet.http.HttpServlet.service(HttpServlet.java:590)
	at org.springframework.web.servlet.FrameworkServlet.service(FrameworkServlet.java:885)
	at jakarta.servlet.http.HttpServlet.service(HttpServlet.java:658)
	at org.apache.catalina.core.ApplicationFilterChain.internalDoFilter(ApplicationFilterChain.java:195)
	at org.apache.catalina.core.ApplicationFilterChain.doFilter(ApplicationFilterChain.java:140)
	at org.apache.tomcat.websocket.server.WsFilter.doFilter(WsFilter.java:51)
	at org.apache.catalina.core.ApplicationFilterChain.internalDoFilter(ApplicationFilterChain.java:164)
	at org.apache.catalina.core.ApplicationFilterChain.doFilter(ApplicationFilterChain.java:140)
	at org.springframework.web.filter.CompositeFilter$VirtualFilterChain.doFilter(CompositeFilter.java:108)
	at org.springframework.web.filter.CompositeFilter$VirtualFilterChain.doFilter(CompositeFilter.java:108)
	at org.springframework.security.web.FilterChainProxy.lambda$doFilterInternal$3(FilterChainProxy.java:231)
	at org.springframework.security.web.FilterChainProxy$VirtualFilterChain.doFilter(FilterChainProxy.java:365)
	at org.springframework.security.web.access.intercept.AuthorizationFilter.doFilter(AuthorizationFilter.java:101)
	at org.springframework.security.web.FilterChainProxy$VirtualFilterChain.doFilter(FilterChainProxy.java:374)
	at org.springframework.security.web.access.ExceptionTranslationFilter.doFilter(ExceptionTranslationFilter.java:125)
	at org.springframework.security.web.access.ExceptionTranslationFilter.doFilter(ExceptionTranslationFilter.java:119)
	at org.springframework.security.web.FilterChainProxy$VirtualFilterChain.doFilter(FilterChainProxy.java:374)
	at org.springframework.security.web.session.SessionManagementFilter.doFilter(SessionManagementFilter.java:131)
	at org.springframework.security.web.session.SessionManagementFilter.doFilter(SessionManagementFilter.java:85)
	at org.springframework.security.web.FilterChainProxy$VirtualFilterChain.doFilter(FilterChainProxy.java:374)
	at org.springframework.security.web.authentication.AnonymousAuthenticationFilter.doFilter(AnonymousAuthenticationFilter.java:100)
	at org.springframework.security.web.FilterChainProxy$VirtualFilterChain.doFilter(FilterChainProxy.java:374)
	at org.springframework.security.web.servletapi.SecurityContextHolderAwareRequestFilter.doFilter(SecurityContextHolderAwareRequestFilter.java:179)
	at org.springframework.security.web.FilterChainProxy$VirtualFilterChain.doFilter(FilterChainProxy.java:374)
	at org.springframework.security.web.savedrequest.RequestCacheAwareFilter.doFilter(RequestCacheAwareFilter.java:63)
	at org.springframework.security.web.FilterChainProxy$VirtualFilterChain.doFilter(FilterChainProxy.java:374)
	at org.springframework.security.web.authentication.logout.LogoutFilter.doFilter(LogoutFilter.java:107)
	at org.springframework.security.web.authentication.logout.LogoutFilter.doFilter(LogoutFilter.java:93)
	at org.springframework.security.web.FilterChainProxy$VirtualFilterChain.doFilter(FilterChainProxy.java:374)
	at org.springframework.web.filter.CorsFilter.doFilterInternal(CorsFilter.java:91)
	at org.springframework.web.filter.OncePerRequestFilter.doFilter(OncePerRequestFilter.java:116)
	at org.springframework.security.web.FilterChainProxy$VirtualFilterChain.doFilter(FilterChainProxy.java:374)
	at org.springframework.security.web.header.HeaderWriterFilter.doHeadersAfter(HeaderWriterFilter.java:90)
	at org.springframework.security.web.header.HeaderWriterFilter.doFilterInternal(HeaderWriterFilter.java:75)
	at org.springframework.web.filter.OncePerRequestFilter.doFilter(OncePerRequestFilter.java:116)
	at org.springframework.security.web.FilterChainProxy$VirtualFilterChain.doFilter(FilterChainProxy.java:374)
	at org.springframework.security.web.context.SecurityContextHolderFilter.doFilter(SecurityContextHolderFilter.java:82)
	at org.springframework.security.web.context.SecurityContextHolderFilter.doFilter(SecurityContextHolderFilter.java:69)
	at org.springframework.security.web.FilterChainProxy$VirtualFilterChain.doFilter(FilterChainProxy.java:374)
	at org.springframework.security.web.context.request.async.WebAsyncManagerIntegrationFilter.doFilterInternal(WebAsyncManagerIntegrationFilter.java:62)
	at org.springframework.web.filter.OncePerRequestFilter.doFilter(OncePerRequestFilter.java:116)
	at org.springframework.security.web.FilterChainProxy$VirtualFilterChain.doFilter(FilterChainProxy.java:374)
	at org.springframework.security.web.session.DisableEncodeUrlFilter.doFilterInternal(DisableEncodeUrlFilter.java:42)
	at org.springframework.web.filter.OncePerRequestFilter.doFilter(OncePerRequestFilter.java:116)
	at org.springframework.security.web.FilterChainProxy$VirtualFilterChain.doFilter(FilterChainProxy.java:374)
	at org.springframework.security.web.FilterChainProxy.doFilterInternal(FilterChainProxy.java:233)
	at org.springframework.security.web.FilterChainProxy.doFilter(FilterChainProxy.java:191)
	at org.springframework.web.filter.CompositeFilter$VirtualFilterChain.doFilter(CompositeFilter.java:113)
	at org.springframework.web.filter.ServletRequestPathFilter.doFilter(ServletRequestPathFilter.java:52)
	at org.springframework.web.filter.CompositeFilter$VirtualFilterChain.doFilter(CompositeFilter.java:113)
	at org.springframework.web.filter.CompositeFilter.doFilter(CompositeFilter.java:74)
	at org.springframework.security.config.annotation.web.configuration.WebSecurityConfiguration$CompositeFilterChainProxy.doFilter(WebSecurityConfiguration.java:319)
	at org.springframework.web.filter.CompositeFilter$VirtualFilterChain.doFilter(CompositeFilter.java:113)
	at org.springframework.web.servlet.handler.HandlerMappingIntrospector.lambda$createCacheFilter$4(HandlerMappingIntrospector.java:267)
	at org.springframework.web.filter.CompositeFilter$VirtualFilterChain.doFilter(CompositeFilter.java:113)
	at org.springframework.web.filter.CompositeFilter.doFilter(CompositeFilter.java:74)
	at org.springframework.security.config.annotation.web.configuration.WebMvcSecurityConfiguration$CompositeFilterChainProxy.doFilter(WebMvcSecurityConfiguration.java:240)
	at org.springframework.web.filter.DelegatingFilterProxy.invokeDelegate(DelegatingFilterProxy.java:362)
	at org.springframework.web.filter.DelegatingFilterProxy.doFilter(DelegatingFilterProxy.java:278)
	at org.apache.catalina.core.ApplicationFilterChain.internalDoFilter(ApplicationFilterChain.java:164)
	at org.apache.catalina.core.ApplicationFilterChain.doFilter(ApplicationFilterChain.java:140)
	at org.springframework.web.filter.RequestContextFilter.doFilterInternal(RequestContextFilter.java:100)
	at org.springframework.web.filter.OncePerRequestFilter.doFilter(OncePerRequestFilter.java:116)
	at org.apache.catalina.core.ApplicationFilterChain.internalDoFilter(ApplicationFilterChain.java:164)
	at org.apache.catalina.core.ApplicationFilterChain.doFilter(ApplicationFilterChain.java:140)
	at org.springframework.web.filter.FormContentFilter.doFilterInternal(FormContentFilter.java:93)
	at org.springframework.web.filter.OncePerRequestFilter.doFilter(OncePerRequestFilter.java:116)
	at org.apache.catalina.core.ApplicationFilterChain.internalDoFilter(ApplicationFilterChain.java:164)
	at org.apache.catalina.core.ApplicationFilterChain.doFilter(ApplicationFilterChain.java:140)
	at org.springframework.web.filter.CharacterEncodingFilter.doFilterInternal(CharacterEncodingFilter.java:201)
	at org.springframework.web.filter.OncePerRequestFilter.doFilter(OncePerRequestFilter.java:116)
	at org.apache.catalina.core.ApplicationFilterChain.internalDoFilter(ApplicationFilterChain.java:164)
	at org.apache.catalina.core.ApplicationFilterChain.doFilter(ApplicationFilterChain.java:140)
	at org.apache.catalina.core.StandardWrapperValve.invoke(StandardWrapperValve.java:167)
	at org.apache.catalina.core.StandardContextValve.invoke(StandardContextValve.java:90)
	at org.apache.catalina.authenticator.AuthenticatorBase.invoke(AuthenticatorBase.java:483)
	at org.apache.catalina.core.StandardHostValve.invoke(StandardHostValve.java:116)
	at org.apache.catalina.valves.ErrorReportValve.invoke(ErrorReportValve.java:93)
	at org.apache.catalina.core.StandardEngineValve.invoke(StandardEngineValve.java:74)
	at org.apache.catalina.connector.CoyoteAdapter.service(CoyoteAdapter.java:344)
	at org.apache.coyote.http11.Http11Processor.service(Http11Processor.java:398)
	at org.apache.coyote.AbstractProcessorLight.process(AbstractProcessorLight.java:63)
	at org.apache.coyote.AbstractProtocol$ConnectionHandler.process(AbstractProtocol.java:903)
	at org.apache.tomcat.util.net.NioEndpoint$SocketProcessor.doRun(NioEndpoint.java:1776)
	at org.apache.tomcat.util.net.SocketProcessorBase.run(SocketProcessorBase.java:52)
	at org.apache.tomcat.util.threads.ThreadPoolExecutor.runWorker(ThreadPoolExecutor.java:975)
	at org.apache.tomcat.util.threads.ThreadPoolExecutor$Worker.run(ThreadPoolExecutor.java:493)
	at org.apache.tomcat.util.threads.TaskThread$WrappingRunnable.run(TaskThread.java:63)
	at java.base/java.lang.Thread.run(Thread.java:840)
[2026-01-30 17:10:50.148] [ERROR] [http-nio-8881-exec-3] o.a.c.c.C.[.[.[.[dispatcherServlet] - Servlet.service() for servlet [dispatcherServlet] in context with path [] threw exception [Request processing failed: org.mybatis.spring.MyBatisSystemException: 
### Error querying database.  Cause: org.springframework.jdbc.CannotGetJdbcConnectionException: Failed to obtain JDBC Connection
### The error may exist in file [/Users/minboklee/Downloads/sqld/build/resources/main/mapper/Member.xml]
### The error may involve com.sqld_board.sqld.mapper.MemberMapper.readMemberByUsersId
### The error occurred while executing a query
### Cause: org.springframework.jdbc.CannotGetJdbcConnectionException: Failed to obtain JDBC Connection] with root cause
oracle.net.ns.NetException: ORA-12170: 접속할 수 없습니다. TCP connect 시간 초과(30000ms)는 host 175.197.69.42 port 1521에 적용됩니다. (CONNECTION_ID=rJLRo5ecSsSYSYLHvUpE8A==)
https://docs.oracle.com/error-help/db/ora-12170/
	at oracle.net.nt.TcpNTAdapter.handleEstablishSocketException(TcpNTAdapter.java:385)
	at oracle.net.nt.TcpNTAdapter.establishSocket(TcpNTAdapter.java:350)
	at oracle.net.nt.TcpNTAdapter.connect(TcpNTAdapter.java:228)
	at oracle.net.nt.ConnOption.connect(ConnOption.java:346)
	at oracle.net.nt.ConnStrategy.executeConnOption(ConnStrategy.java:1252)
	at oracle.net.nt.ConnStrategy.execute(ConnStrategy.java:778)
	at oracle.net.resolver.AddrResolution.resolveAndExecute(AddrResolution.java:718)
	at oracle.net.ns.NSProtocol.establishConnection(NSProtocol.java:960)
	at oracle.net.ns.NSProtocol.connect(NSProtocol.java:329)
	at oracle.jdbc.driver.T4CConnection.connectNetworkSessionProtocol(T4CConnection.java:3684)
	at oracle.jdbc.driver.T4CConnection.logon(T4CConnection.java:1083)
	at oracle.jdbc.driver.PhysicalConnection.connect(PhysicalConnection.java:1189)
	at oracle.jdbc.driver.T4CDriverExtension.getConnection(T4CDriverExtension.java:106)
	at oracle.jdbc.driver.OracleDriver.connect(OracleDriver.java:887)
	at oracle.jdbc.driver.OracleDriver.connect(OracleDriver.java:694)
	at net.sf.log4jdbc.sql.jdbcapi.DriverSpy.connect(DriverSpy.java:401)
	at com.zaxxer.hikari.util.DriverDataSource.getConnection(DriverDataSource.java:144)
	at com.zaxxer.hikari.pool.PoolBase.newConnection(PoolBase.java:370)
	at com.zaxxer.hikari.pool.PoolBase.newPoolEntry(PoolBase.java:207)
	at com.zaxxer.hikari.pool.HikariPool.createPoolEntry(HikariPool.java:488)
	at com.zaxxer.hikari.pool.HikariPool$PoolEntryCreator.call(HikariPool.java:752)
	at com.zaxxer.hikari.pool.HikariPool$PoolEntryCreator.call(HikariPool.java:731)
	at java.base/java.util.concurrent.FutureTask.run(FutureTask.java:264)
	at java.base/java.util.concurrent.ThreadPoolExecutor.runWorker(ThreadPoolExecutor.java:1136)
	at java.base/java.util.concurrent.ThreadPoolExecutor$Worker.run(ThreadPoolExecutor.java:635)
	at java.base/java.lang.Thread.run(Thread.java:840)
[2026-01-30 17:11:06.395] [WARN ] [HikariPool-1:connection-adder] com.zaxxer.hikari.pool.PoolBase - HikariPool-1 - Pool is empty, failed to create/setup connection (610e5e96-05ce-4c2a-872f-c53ba51d5db5)
java.sql.SQLTimeoutException: ORA-12170: 접속할 수 없습니다. TCP connect 시간 초과(30000ms)는 host 175.197.69.42 port 1521에 적용됩니다. (CONNECTION_ID=vzswTFjWTM+tkGa27UuhRg==)
https://docs.oracle.com/error-help/db/ora-12170/
	at oracle.jdbc.driver.T4CConnection.handleLogonNetException(T4CConnection.java:1853)
	at oracle.jdbc.driver.T4CConnection.logon(T4CConnection.java:1204)
	at oracle.jdbc.driver.PhysicalConnection.connect(PhysicalConnection.java:1189)
	at oracle.jdbc.driver.T4CDriverExtension.getConnection(T4CDriverExtension.java:106)
	at oracle.jdbc.driver.OracleDriver.connect(OracleDriver.java:887)
	at oracle.jdbc.driver.OracleDriver.connect(OracleDriver.java:694)
	at net.sf.log4jdbc.sql.jdbcapi.DriverSpy.connect(DriverSpy.java:401)
	at com.zaxxer.hikari.util.DriverDataSource.getConnection(DriverDataSource.java:144)
	at com.zaxxer.hikari.pool.PoolBase.newConnection(PoolBase.java:370)
	at com.zaxxer.hikari.pool.PoolBase.newPoolEntry(PoolBase.java:207)
	at com.zaxxer.hikari.pool.HikariPool.createPoolEntry(HikariPool.java:488)
	at com.zaxxer.hikari.pool.HikariPool$PoolEntryCreator.call(HikariPool.java:752)
	at com.zaxxer.hikari.pool.HikariPool$PoolEntryCreator.call(HikariPool.java:731)
	at java.base/java.util.concurrent.FutureTask.run(FutureTask.java:264)
	at java.base/java.util.concurrent.ThreadPoolExecutor.runWorker(ThreadPoolExecutor.java:1136)
	at java.base/java.util.concurrent.ThreadPoolExecutor$Worker.run(ThreadPoolExecutor.java:635)
	at java.base/java.lang.Thread.run(Thread.java:840)
Caused by: oracle.net.ns.NetException: ORA-12170: 접속할 수 없습니다. TCP connect 시간 초과(30000ms)는 host 175.197.69.42 port 1521에 적용됩니다. (CONNECTION_ID=vzswTFjWTM+tkGa27UuhRg==)
https://docs.oracle.com/error-help/db/ora-12170/
	at oracle.net.nt.TcpNTAdapter.handleEstablishSocketException(TcpNTAdapter.java:385)
	at oracle.net.nt.TcpNTAdapter.establishSocket(TcpNTAdapter.java:350)
	at oracle.net.nt.TcpNTAdapter.connect(TcpNTAdapter.java:228)
	at oracle.net.nt.ConnOption.connect(ConnOption.java:346)
	at oracle.net.nt.ConnStrategy.executeConnOption(ConnStrategy.java:1252)
	at oracle.net.nt.ConnStrategy.execute(ConnStrategy.java:778)
	at oracle.net.resolver.AddrResolution.resolveAndExecute(AddrResolution.java:718)
	at oracle.net.ns.NSProtocol.establishConnection(NSProtocol.java:960)
	at oracle.net.ns.NSProtocol.connect(NSProtocol.java:329)
	at oracle.jdbc.driver.T4CConnection.connectNetworkSessionProtocol(T4CConnection.java:3684)
	at oracle.jdbc.driver.T4CConnection.logon(T4CConnection.java:1083)
	... 15 common frames omitted
[2026-01-30 17:12:16.460] [WARN ] [HikariPool-1:connection-adder] com.zaxxer.hikari.pool.PoolBase - HikariPool-1 - Pool is empty, failed to create/setup connection (f17f8dae-8169-4237-b68f-951f429129c7)
java.sql.SQLTimeoutException: ORA-12170: 접속할 수 없습니다. TCP connect 시간 초과(30000ms)는 host 175.197.69.42 port 1521에 적용됩니다. (CONNECTION_ID=DVbC8aX6Rle9mFNFSBq9hg==)
https://docs.oracle.com/error-help/db/ora-12170/
	at oracle.jdbc.driver.T4CConnection.handleLogonNetException(T4CConnection.java:1853)
	at oracle.jdbc.driver.T4CConnection.logon(T4CConnection.java:1204)
	at oracle.jdbc.driver.PhysicalConnection.connect(PhysicalConnection.java:1189)
	at oracle.jdbc.driver.T4CDriverExtension.getConnection(T4CDriverExtension.java:106)
	at oracle.jdbc.driver.OracleDriver.connect(OracleDriver.java:887)
	at oracle.jdbc.driver.OracleDriver.connect(OracleDriver.java:694)
	at net.sf.log4jdbc.sql.jdbcapi.DriverSpy.connect(DriverSpy.java:401)
	at com.zaxxer.hikari.util.DriverDataSource.getConnection(DriverDataSource.java:144)
	at com.zaxxer.hikari.pool.PoolBase.newConnection(PoolBase.java:370)
	at com.zaxxer.hikari.pool.PoolBase.newPoolEntry(PoolBase.java:207)
	at com.zaxxer.hikari.pool.HikariPool.createPoolEntry(HikariPool.java:488)
	at com.zaxxer.hikari.pool.HikariPool$PoolEntryCreator.call(HikariPool.java:752)
	at com.zaxxer.hikari.pool.HikariPool$PoolEntryCreator.call(HikariPool.java:731)
	at java.base/java.util.concurrent.FutureTask.run(FutureTask.java:264)
	at java.base/java.util.concurrent.ThreadPoolExecutor.runWorker(ThreadPoolExecutor.java:1136)
	at java.base/java.util.concurrent.ThreadPoolExecutor$Worker.run(ThreadPoolExecutor.java:635)
	at java.base/java.lang.Thread.run(Thread.java:840)
Caused by: oracle.net.ns.NetException: ORA-12170: 접속할 수 없습니다. TCP connect 시간 초과(30000ms)는 host 175.197.69.42 port 1521에 적용됩니다. (CONNECTION_ID=DVbC8aX6Rle9mFNFSBq9hg==)
https://docs.oracle.com/error-help/db/ora-12170/
	at oracle.net.nt.TcpNTAdapter.handleEstablishSocketException(TcpNTAdapter.java:385)
	at oracle.net.nt.TcpNTAdapter.establishSocket(TcpNTAdapter.java:350)
	at oracle.net.nt.TcpNTAdapter.connect(TcpNTAdapter.java:228)
	at oracle.net.nt.ConnOption.connect(ConnOption.java:346)
	at oracle.net.nt.ConnStrategy.executeConnOption(ConnStrategy.java:1252)
	at oracle.net.nt.ConnStrategy.execute(ConnStrategy.java:778)
	at oracle.net.resolver.AddrResolution.resolveAndExecute(AddrResolution.java:718)
	at oracle.net.ns.NSProtocol.establishConnection(NSProtocol.java:960)
	at oracle.net.ns.NSProtocol.connect(NSProtocol.java:329)
	at oracle.jdbc.driver.T4CConnection.connectNetworkSessionProtocol(T4CConnection.java:3684)
	at oracle.jdbc.driver.T4CConnection.logon(T4CConnection.java:1083)
	... 15 common frames omitted
[2026-01-30 17:13:26.534] [WARN ] [HikariPool-1:connection-adder] com.zaxxer.hikari.pool.PoolBase - HikariPool-1 - Pool is empty, failed to create/setup connection (55ed2e40-e0a4-40f9-99df-a66b0d5015ea)
java.sql.SQLTimeoutException: ORA-12170: 접속할 수 없습니다. TCP connect 시간 초과(30000ms)는 host 175.197.69.42 port 1521에 적용됩니다. (CONNECTION_ID=V6toPM49QyuO5445EWib6w==)
https://docs.oracle.com/error-help/db/ora-12170/
	at oracle.jdbc.driver.T4CConnection.handleLogonNetException(T4CConnection.java:1853)
	at oracle.jdbc.driver.T4CConnection.logon(T4CConnection.java:1204)
	at oracle.jdbc.driver.PhysicalConnection.connect(PhysicalConnection.java:1189)
	at oracle.jdbc.driver.T4CDriverExtension.getConnection(T4CDriverExtension.java:106)
	at oracle.jdbc.driver.OracleDriver.connect(OracleDriver.java:887)
	at oracle.jdbc.driver.OracleDriver.connect(OracleDriver.java:694)
	at net.sf.log4jdbc.sql.jdbcapi.DriverSpy.connect(DriverSpy.java:401)
	at com.zaxxer.hikari.util.DriverDataSource.getConnection(DriverDataSource.java:144)
	at com.zaxxer.hikari.pool.PoolBase.newConnection(PoolBase.java:370)
	at com.zaxxer.hikari.pool.PoolBase.newPoolEntry(PoolBase.java:207)
	at com.zaxxer.hikari.pool.HikariPool.createPoolEntry(HikariPool.java:488)
	at com.zaxxer.hikari.pool.HikariPool$PoolEntryCreator.call(HikariPool.java:752)
	at com.zaxxer.hikari.pool.HikariPool$PoolEntryCreator.call(HikariPool.java:731)
	at java.base/java.util.concurrent.FutureTask.run(FutureTask.java:264)
	at java.base/java.util.concurrent.ThreadPoolExecutor.runWorker(ThreadPoolExecutor.java:1136)
	at java.base/java.util.concurrent.ThreadPoolExecutor$Worker.run(ThreadPoolExecutor.java:635)
	at java.base/java.lang.Thread.run(Thread.java:840)
Caused by: oracle.net.ns.NetException: ORA-12170: 접속할 수 없습니다. TCP connect 시간 초과(30000ms)는 host 175.197.69.42 port 1521에 적용됩니다. (CONNECTION_ID=V6toPM49QyuO5445EWib6w==)
https://docs.oracle.com/error-help/db/ora-12170/
	at oracle.net.nt.TcpNTAdapter.handleEstablishSocketException(TcpNTAdapter.java:385)
	at oracle.net.nt.TcpNTAdapter.establishSocket(TcpNTAdapter.java:350)
	at oracle.net.nt.TcpNTAdapter.connect(TcpNTAdapter.java:228)
	at oracle.net.nt.ConnOption.connect(ConnOption.java:346)
	at oracle.net.nt.ConnStrategy.executeConnOption(ConnStrategy.java:1252)
	at oracle.net.nt.ConnStrategy.execute(ConnStrategy.java:778)
	at oracle.net.resolver.AddrResolution.resolveAndExecute(AddrResolution.java:718)
	at oracle.net.ns.NSProtocol.establishConnection(NSProtocol.java:960)
	at oracle.net.ns.NSProtocol.connect(NSProtocol.java:329)
	at oracle.jdbc.driver.T4CConnection.connectNetworkSessionProtocol(T4CConnection.java:3684)
	at oracle.jdbc.driver.T4CConnection.logon(T4CConnection.java:1083)
	... 15 common frames omitted
[2026-01-30 17:14:36.609] [WARN ] [HikariPool-1:connection-adder] com.zaxxer.hikari.pool.PoolBase - HikariPool-1 - Pool is empty, failed to create/setup connection (ae24e858-7f18-42a9-acd1-340bdb2227df)
java.sql.SQLTimeoutException: ORA-12170: 접속할 수 없습니다. TCP connect 시간 초과(30000ms)는 host 175.197.69.42 port 1521에 적용됩니다. (CONNECTION_ID=sqF/q1G0QaGYMPTNGYCMGA==)
https://docs.oracle.com/error-help/db/ora-12170/
	at oracle.jdbc.driver.T4CConnection.handleLogonNetException(T4CConnection.java:1853)
	at oracle.jdbc.driver.T4CConnection.logon(T4CConnection.java:1204)
	at oracle.jdbc.driver.PhysicalConnection.connect(PhysicalConnection.java:1189)
	at oracle.jdbc.driver.T4CDriverExtension.getConnection(T4CDriverExtension.java:106)
	at oracle.jdbc.driver.OracleDriver.connect(OracleDriver.java:887)
	at oracle.jdbc.driver.OracleDriver.connect(OracleDriver.java:694)
	at net.sf.log4jdbc.sql.jdbcapi.DriverSpy.connect(DriverSpy.java:401)
	at com.zaxxer.hikari.util.DriverDataSource.getConnection(DriverDataSource.java:144)
	at com.zaxxer.hikari.pool.PoolBase.newConnection(PoolBase.java:370)
	at com.zaxxer.hikari.pool.PoolBase.newPoolEntry(PoolBase.java:207)
	at com.zaxxer.hikari.pool.HikariPool.createPoolEntry(HikariPool.java:488)
	at com.zaxxer.hikari.pool.HikariPool$PoolEntryCreator.call(HikariPool.java:752)
	at com.zaxxer.hikari.pool.HikariPool$PoolEntryCreator.call(HikariPool.java:731)
	at java.base/java.util.concurrent.FutureTask.run(FutureTask.java:264)
	at java.base/java.util.concurrent.ThreadPoolExecutor.runWorker(ThreadPoolExecutor.java:1136)
	at java.base/java.util.concurrent.ThreadPoolExecutor$Worker.run(ThreadPoolExecutor.java:635)
	at java.base/java.lang.Thread.run(Thread.java:840)
Caused by: oracle.net.ns.NetException: ORA-12170: 접속할 수 없습니다. TCP connect 시간 초과(30000ms)는 host 175.197.69.42 port 1521에 적용됩니다. (CONNECTION_ID=sqF/q1G0QaGYMPTNGYCMGA==)
https://docs.oracle.com/error-help/db/ora-12170/
	at oracle.net.nt.TcpNTAdapter.handleEstablishSocketException(TcpNTAdapter.java:385)
	at oracle.net.nt.TcpNTAdapter.establishSocket(TcpNTAdapter.java:350)
	at oracle.net.nt.TcpNTAdapter.connect(TcpNTAdapter.java:228)
	at oracle.net.nt.ConnOption.connect(ConnOption.java:346)
	at oracle.net.nt.ConnStrategy.executeConnOption(ConnStrategy.java:1252)
	at oracle.net.nt.ConnStrategy.execute(ConnStrategy.java:778)
	at oracle.net.resolver.AddrResolution.resolveAndExecute(AddrResolution.java:718)
	at oracle.net.ns.NSProtocol.establishConnection(NSProtocol.java:960)
	at oracle.net.ns.NSProtocol.connect(NSProtocol.java:329)
	at oracle.jdbc.driver.T4CConnection.connectNetworkSessionProtocol(T4CConnection.java:3684)
	at oracle.jdbc.driver.T4CConnection.logon(T4CConnection.java:1083)
	... 15 common frames omitted
[2026-01-30 17:15:46.715] [WARN ] [HikariPool-1:connection-adder] com.zaxxer.hikari.pool.PoolBase - HikariPool-1 - Pool is empty, failed to create/setup connection (fa631b44-ca57-49e1-8bbc-8c884bb062ef)
java.sql.SQLTimeoutException: ORA-12170: 접속할 수 없습니다. TCP connect 시간 초과(30000ms)는 host 175.197.69.42 port 1521에 적용됩니다. (CONNECTION_ID=5bBL+TtPTGqrzLzn29whlQ==)
https://docs.oracle.com/error-help/db/ora-12170/
	at oracle.jdbc.driver.T4CConnection.handleLogonNetException(T4CConnection.java:1853)
	at oracle.jdbc.driver.T4CConnection.logon(T4CConnection.java:1204)
	at oracle.jdbc.driver.PhysicalConnection.connect(PhysicalConnection.java:1189)
	at oracle.jdbc.driver.T4CDriverExtension.getConnection(T4CDriverExtension.java:106)
	at oracle.jdbc.driver.OracleDriver.connect(OracleDriver.java:887)
	at oracle.jdbc.driver.OracleDriver.connect(OracleDriver.java:694)
	at net.sf.log4jdbc.sql.jdbcapi.DriverSpy.connect(DriverSpy.java:401)
	at com.zaxxer.hikari.util.DriverDataSource.getConnection(DriverDataSource.java:144)
	at com.zaxxer.hikari.pool.PoolBase.newConnection(PoolBase.java:370)
	at com.zaxxer.hikari.pool.PoolBase.newPoolEntry(PoolBase.java:207)
	at com.zaxxer.hikari.pool.HikariPool.createPoolEntry(HikariPool.java:488)
	at com.zaxxer.hikari.pool.HikariPool$PoolEntryCreator.call(HikariPool.java:752)
	at com.zaxxer.hikari.pool.HikariPool$PoolEntryCreator.call(HikariPool.java:731)
	at java.base/java.util.concurrent.FutureTask.run(FutureTask.java:264)
	at java.base/java.util.concurrent.ThreadPoolExecutor.runWorker(ThreadPoolExecutor.java:1136)
	at java.base/java.util.concurrent.ThreadPoolExecutor$Worker.run(ThreadPoolExecutor.java:635)
	at java.base/java.lang.Thread.run(Thread.java:840)
Caused by: oracle.net.ns.NetException: ORA-12170: 접속할 수 없습니다. TCP connect 시간 초과(30000ms)는 host 175.197.69.42 port 1521에 적용됩니다. (CONNECTION_ID=5bBL+TtPTGqrzLzn29whlQ==)
https://docs.oracle.com/error-help/db/ora-12170/
	at oracle.net.nt.TcpNTAdapter.handleEstablishSocketException(TcpNTAdapter.java:385)
	at oracle.net.nt.TcpNTAdapter.establishSocket(TcpNTAdapter.java:350)
	at oracle.net.nt.TcpNTAdapter.connect(TcpNTAdapter.java:228)
	at oracle.net.nt.ConnOption.connect(ConnOption.java:346)
	at oracle.net.nt.ConnStrategy.executeConnOption(ConnStrategy.java:1252)
	at oracle.net.nt.ConnStrategy.execute(ConnStrategy.java:778)
	at oracle.net.resolver.AddrResolution.resolveAndExecute(AddrResolution.java:718)
	at oracle.net.ns.NSProtocol.establishConnection(NSProtocol.java:960)
	at oracle.net.ns.NSProtocol.connect(NSProtocol.java:329)
	at oracle.jdbc.driver.T4CConnection.connectNetworkSessionProtocol(T4CConnection.java:3684)
	at oracle.jdbc.driver.T4CConnection.logon(T4CConnection.java:1083)
	... 15 common frames omitted
[2026-01-30 17:16:56.784] [WARN ] [HikariPool-1:connection-adder] com.zaxxer.hikari.pool.PoolBase - HikariPool-1 - Pool is empty, failed to create/setup connection (72a51128-c47d-4dfa-9f25-c75468ff7649)
java.sql.SQLTimeoutException: ORA-12170: 접속할 수 없습니다. TCP connect 시간 초과(30000ms)는 host 175.197.69.42 port 1521에 적용됩니다. (CONNECTION_ID=M3f9vOe3SPyWkPSpKMgnQA==)
https://docs.oracle.com/error-help/db/ora-12170/
	at oracle.jdbc.driver.T4CConnection.handleLogonNetException(T4CConnection.java:1853)
	at oracle.jdbc.driver.T4CConnection.logon(T4CConnection.java:1204)
	at oracle.jdbc.driver.PhysicalConnection.connect(PhysicalConnection.java:1189)
	at oracle.jdbc.driver.T4CDriverExtension.getConnection(T4CDriverExtension.java:106)
	at oracle.jdbc.driver.OracleDriver.connect(OracleDriver.java:887)
	at oracle.jdbc.driver.OracleDriver.connect(OracleDriver.java:694)
	at net.sf.log4jdbc.sql.jdbcapi.DriverSpy.connect(DriverSpy.java:401)
	at com.zaxxer.hikari.util.DriverDataSource.getConnection(DriverDataSource.java:144)
	at com.zaxxer.hikari.pool.PoolBase.newConnection(PoolBase.java:370)
	at com.zaxxer.hikari.pool.PoolBase.newPoolEntry(PoolBase.java:207)
	at com.zaxxer.hikari.pool.HikariPool.createPoolEntry(HikariPool.java:488)
	at com.zaxxer.hikari.pool.HikariPool$PoolEntryCreator.call(HikariPool.java:752)
	at com.zaxxer.hikari.pool.HikariPool$PoolEntryCreator.call(HikariPool.java:731)
	at java.base/java.util.concurrent.FutureTask.run(FutureTask.java:264)
	at java.base/java.util.concurrent.ThreadPoolExecutor.runWorker(ThreadPoolExecutor.java:1136)
	at java.base/java.util.concurrent.ThreadPoolExecutor$Worker.run(ThreadPoolExecutor.java:635)
	at java.base/java.lang.Thread.run(Thread.java:840)
Caused by: oracle.net.ns.NetException: ORA-12170: 접속할 수 없습니다. TCP connect 시간 초과(30000ms)는 host 175.197.69.42 port 1521에 적용됩니다. (CONNECTION_ID=M3f9vOe3SPyWkPSpKMgnQA==)
https://docs.oracle.com/error-help/db/ora-12170/
	at oracle.net.nt.TcpNTAdapter.handleEstablishSocketException(TcpNTAdapter.java:385)
	at oracle.net.nt.TcpNTAdapter.establishSocket(TcpNTAdapter.java:350)
	at oracle.net.nt.TcpNTAdapter.connect(TcpNTAdapter.java:228)
	at oracle.net.nt.ConnOption.connect(ConnOption.java:346)
	at oracle.net.nt.ConnStrategy.executeConnOption(ConnStrategy.java:1252)
	at oracle.net.nt.ConnStrategy.execute(ConnStrategy.java:778)
	at oracle.net.resolver.AddrResolution.resolveAndExecute(AddrResolution.java:718)
	at oracle.net.ns.NSProtocol.establishConnection(NSProtocol.java:960)
	at oracle.net.ns.NSProtocol.connect(NSProtocol.java:329)
	at oracle.jdbc.driver.T4CConnection.connectNetworkSessionProtocol(T4CConnection.java:3684)
	at oracle.jdbc.driver.T4CConnection.logon(T4CConnection.java:1083)
	... 15 common frames omitted
[2026-01-30 17:18:06.850] [WARN ] [HikariPool-1:connection-adder] com.zaxxer.hikari.pool.PoolBase - HikariPool-1 - Pool is empty, failed to create/setup connection (f876fb99-e961-4541-8075-f7fb8db2d69b)
java.sql.SQLTimeoutException: ORA-12170: 접속할 수 없습니다. TCP connect 시간 초과(30000ms)는 host 175.197.69.42 port 1521에 적용됩니다. (CONNECTION_ID=ytHjm+CRSUilWhKGGRU9zw==)
https://docs.oracle.com/error-help/db/ora-12170/
	at oracle.jdbc.driver.T4CConnection.handleLogonNetException(T4CConnection.java:1853)
	at oracle.jdbc.driver.T4CConnection.logon(T4CConnection.java:1204)
	at oracle.jdbc.driver.PhysicalConnection.connect(PhysicalConnection.java:1189)
	at oracle.jdbc.driver.T4CDriverExtension.getConnection(T4CDriverExtension.java:106)
	at oracle.jdbc.driver.OracleDriver.connect(OracleDriver.java:887)
	at oracle.jdbc.driver.OracleDriver.connect(OracleDriver.java:694)
	at net.sf.log4jdbc.sql.jdbcapi.DriverSpy.connect(DriverSpy.java:401)
	at com.zaxxer.hikari.util.DriverDataSource.getConnection(DriverDataSource.java:144)
	at com.zaxxer.hikari.pool.PoolBase.newConnection(PoolBase.java:370)
	at com.zaxxer.hikari.pool.PoolBase.newPoolEntry(PoolBase.java:207)
	at com.zaxxer.hikari.pool.HikariPool.createPoolEntry(HikariPool.java:488)
	at com.zaxxer.hikari.pool.HikariPool$PoolEntryCreator.call(HikariPool.java:752)
	at com.zaxxer.hikari.pool.HikariPool$PoolEntryCreator.call(HikariPool.java:731)
	at java.base/java.util.concurrent.FutureTask.run(FutureTask.java:264)
	at java.base/java.util.concurrent.ThreadPoolExecutor.runWorker(ThreadPoolExecutor.java:1136)
	at java.base/java.util.concurrent.ThreadPoolExecutor$Worker.run(ThreadPoolExecutor.java:635)
	at java.base/java.lang.Thread.run(Thread.java:840)
Caused by: oracle.net.ns.NetException: ORA-12170: 접속할 수 없습니다. TCP connect 시간 초과(30000ms)는 host 175.197.69.42 port 1521에 적용됩니다. (CONNECTION_ID=ytHjm+CRSUilWhKGGRU9zw==)
https://docs.oracle.com/error-help/db/ora-12170/
	at oracle.net.nt.TcpNTAdapter.handleEstablishSocketException(TcpNTAdapter.java:385)
	at oracle.net.nt.TcpNTAdapter.establishSocket(TcpNTAdapter.java:350)
	at oracle.net.nt.TcpNTAdapter.connect(TcpNTAdapter.java:228)
	at oracle.net.nt.ConnOption.connect(ConnOption.java:346)
	at oracle.net.nt.ConnStrategy.executeConnOption(ConnStrategy.java:1252)
	at oracle.net.nt.ConnStrategy.execute(ConnStrategy.java:778)
	at oracle.net.resolver.AddrResolution.resolveAndExecute(AddrResolution.java:718)
	at oracle.net.ns.NSProtocol.establishConnection(NSProtocol.java:960)
	at oracle.net.ns.NSProtocol.connect(NSProtocol.java:329)
	at oracle.jdbc.driver.T4CConnection.connectNetworkSessionProtocol(T4CConnection.java:3684)
	at oracle.jdbc.driver.T4CConnection.logon(T4CConnection.java:1083)
	... 15 common frames omitted
[2026-01-30 17:19:16.940] [WARN ] [HikariPool-1:connection-adder] com.zaxxer.hikari.pool.PoolBase - HikariPool-1 - Pool is empty, failed to create/setup connection (29c49f7d-42cf-4e5a-bc20-daf71543ffd6)
java.sql.SQLTimeoutException: ORA-12170: 접속할 수 없습니다. TCP connect 시간 초과(30000ms)는 host 175.197.69.42 port 1521에 적용됩니다. (CONNECTION_ID=9RxPXPV1Sa2fYvkXOE/hpA==)
https://docs.oracle.com/error-help/db/ora-12170/
	at oracle.jdbc.driver.T4CConnection.handleLogonNetException(T4CConnection.java:1853)
	at oracle.jdbc.driver.T4CConnection.logon(T4CConnection.java:1204)
	at oracle.jdbc.driver.PhysicalConnection.connect(PhysicalConnection.java:1189)
	at oracle.jdbc.driver.T4CDriverExtension.getConnection(T4CDriverExtension.java:106)
	at oracle.jdbc.driver.OracleDriver.connect(OracleDriver.java:887)
	at oracle.jdbc.driver.OracleDriver.connect(OracleDriver.java:694)
	at net.sf.log4jdbc.sql.jdbcapi.DriverSpy.connect(DriverSpy.java:401)
	at com.zaxxer.hikari.util.DriverDataSource.getConnection(DriverDataSource.java:144)
	at com.zaxxer.hikari.pool.PoolBase.newConnection(PoolBase.java:370)
	at com.zaxxer.hikari.pool.PoolBase.newPoolEntry(PoolBase.java:207)
	at com.zaxxer.hikari.pool.HikariPool.createPoolEntry(HikariPool.java:488)
	at com.zaxxer.hikari.pool.HikariPool$PoolEntryCreator.call(HikariPool.java:752)
	at com.zaxxer.hikari.pool.HikariPool$PoolEntryCreator.call(HikariPool.java:731)
	at java.base/java.util.concurrent.FutureTask.run(FutureTask.java:264)
	at java.base/java.util.concurrent.ThreadPoolExecutor.runWorker(ThreadPoolExecutor.java:1136)
	at java.base/java.util.concurrent.ThreadPoolExecutor$Worker.run(ThreadPoolExecutor.java:635)
	at java.base/java.lang.Thread.run(Thread.java:840)
Caused by: oracle.net.ns.NetException: ORA-12170: 접속할 수 없습니다. TCP connect 시간 초과(30000ms)는 host 175.197.69.42 port 1521에 적용됩니다. (CONNECTION_ID=9RxPXPV1Sa2fYvkXOE/hpA==)
https://docs.oracle.com/error-help/db/ora-12170/
	at oracle.net.nt.TcpNTAdapter.handleEstablishSocketException(TcpNTAdapter.java:385)
	at oracle.net.nt.TcpNTAdapter.establishSocket(TcpNTAdapter.java:350)
	at oracle.net.nt.TcpNTAdapter.connect(TcpNTAdapter.java:228)
	at oracle.net.nt.ConnOption.connect(ConnOption.java:346)
	at oracle.net.nt.ConnStrategy.executeConnOption(ConnStrategy.java:1252)
	at oracle.net.nt.ConnStrategy.execute(ConnStrategy.java:778)
	at oracle.net.resolver.AddrResolution.resolveAndExecute(AddrResolution.java:718)
	at oracle.net.ns.NSProtocol.establishConnection(NSProtocol.java:960)
	at oracle.net.ns.NSProtocol.connect(NSProtocol.java:329)
	at oracle.jdbc.driver.T4CConnection.connectNetworkSessionProtocol(T4CConnection.java:3684)
	at oracle.jdbc.driver.T4CConnection.logon(T4CConnection.java:1083)
	... 15 common frames omitted
[2026-01-30 17:20:27.092] [WARN ] [HikariPool-1:connection-adder] com.zaxxer.hikari.pool.PoolBase - HikariPool-1 - Pool is empty, failed to create/setup connection (cf477e5f-c95e-492b-b7ea-2587140854dd)
java.sql.SQLTimeoutException: ORA-12170: 접속할 수 없습니다. TCP connect 시간 초과(30000ms)는 host 175.197.69.42 port 1521에 적용됩니다. (CONNECTION_ID=4JC22VdyTya50DmvZOWzvA==)
https://docs.oracle.com/error-help/db/ora-12170/
	at oracle.jdbc.driver.T4CConnection.handleLogonNetException(T4CConnection.java:1853)
	at oracle.jdbc.driver.T4CConnection.logon(T4CConnection.java:1204)
	at oracle.jdbc.driver.PhysicalConnection.connect(PhysicalConnection.java:1189)
	at oracle.jdbc.driver.T4CDriverExtension.getConnection(T4CDriverExtension.java:106)
	at oracle.jdbc.driver.OracleDriver.connect(OracleDriver.java:887)
	at oracle.jdbc.driver.OracleDriver.connect(OracleDriver.java:694)
	at net.sf.log4jdbc.sql.jdbcapi.DriverSpy.connect(DriverSpy.java:401)
	at com.zaxxer.hikari.util.DriverDataSource.getConnection(DriverDataSource.java:144)
	at com.zaxxer.hikari.pool.PoolBase.newConnection(PoolBase.java:370)
	at com.zaxxer.hikari.pool.PoolBase.newPoolEntry(PoolBase.java:207)
	at com.zaxxer.hikari.pool.HikariPool.createPoolEntry(HikariPool.java:488)
	at com.zaxxer.hikari.pool.HikariPool$PoolEntryCreator.call(HikariPool.java:752)
	at com.zaxxer.hikari.pool.HikariPool$PoolEntryCreator.call(HikariPool.java:731)
	at java.base/java.util.concurrent.FutureTask.run(FutureTask.java:264)
	at java.base/java.util.concurrent.ThreadPoolExecutor.runWorker(ThreadPoolExecutor.java:1136)
	at java.base/java.util.concurrent.ThreadPoolExecutor$Worker.run(ThreadPoolExecutor.java:635)
	at java.base/java.lang.Thread.run(Thread.java:840)
Caused by: oracle.net.ns.NetException: ORA-12170: 접속할 수 없습니다. TCP connect 시간 초과(30000ms)는 host 175.197.69.42 port 1521에 적용됩니다. (CONNECTION_ID=4JC22VdyTya50DmvZOWzvA==)
https://docs.oracle.com/error-help/db/ora-12170/
	at oracle.net.nt.TcpNTAdapter.handleEstablishSocketException(TcpNTAdapter.java:385)
	at oracle.net.nt.TcpNTAdapter.establishSocket(TcpNTAdapter.java:350)
	at oracle.net.nt.TcpNTAdapter.connect(TcpNTAdapter.java:228)
	at oracle.net.nt.ConnOption.connect(ConnOption.java:346)
	at oracle.net.nt.ConnStrategy.executeConnOption(ConnStrategy.java:1252)
	at oracle.net.nt.ConnStrategy.execute(ConnStrategy.java:778)
	at oracle.net.resolver.AddrResolution.resolveAndExecute(AddrResolution.java:718)
	at oracle.net.ns.NSProtocol.establishConnection(NSProtocol.java:960)
	at oracle.net.ns.NSProtocol.connect(NSProtocol.java:329)
	at oracle.jdbc.driver.T4CConnection.connectNetworkSessionProtocol(T4CConnection.java:3684)
	at oracle.jdbc.driver.T4CConnection.logon(T4CConnection.java:1083)
	... 15 common frames omitted
[2026-01-30 17:21:37.195] [WARN ] [HikariPool-1:connection-adder] com.zaxxer.hikari.pool.PoolBase - HikariPool-1 - Pool is empty, failed to create/setup connection (301e8c51-363c-4fb5-812e-9c2e750dd546)
java.sql.SQLTimeoutException: ORA-12170: 접속할 수 없습니다. TCP connect 시간 초과(30000ms)는 host 175.197.69.42 port 1521에 적용됩니다. (CONNECTION_ID=uuvAdLFnRHuP1jZFBQLOAA==)
https://docs.oracle.com/error-help/db/ora-12170/
	at oracle.jdbc.driver.T4CConnection.handleLogonNetException(T4CConnection.java:1853)
	at oracle.jdbc.driver.T4CConnection.logon(T4CConnection.java:1204)
	at oracle.jdbc.driver.PhysicalConnection.connect(PhysicalConnection.java:1189)
	at oracle.jdbc.driver.T4CDriverExtension.getConnection(T4CDriverExtension.java:106)
	at oracle.jdbc.driver.OracleDriver.connect(OracleDriver.java:887)
	at oracle.jdbc.driver.OracleDriver.connect(OracleDriver.java:694)
	at net.sf.log4jdbc.sql.jdbcapi.DriverSpy.connect(DriverSpy.java:401)
	at com.zaxxer.hikari.util.DriverDataSource.getConnection(DriverDataSource.java:144)
	at com.zaxxer.hikari.pool.PoolBase.newConnection(PoolBase.java:370)
	at com.zaxxer.hikari.pool.PoolBase.newPoolEntry(PoolBase.java:207)
	at com.zaxxer.hikari.pool.HikariPool.createPoolEntry(HikariPool.java:488)
	at com.zaxxer.hikari.pool.HikariPool$PoolEntryCreator.call(HikariPool.java:752)
	at com.zaxxer.hikari.pool.HikariPool$PoolEntryCreator.call(HikariPool.java:731)
	at java.base/java.util.concurrent.FutureTask.run(FutureTask.java:264)
	at java.base/java.util.concurrent.ThreadPoolExecutor.runWorker(ThreadPoolExecutor.java:1136)
	at java.base/java.util.concurrent.ThreadPoolExecutor$Worker.run(ThreadPoolExecutor.java:635)
	at java.base/java.lang.Thread.run(Thread.java:840)
Caused by: oracle.net.ns.NetException: ORA-12170: 접속할 수 없습니다. TCP connect 시간 초과(30000ms)는 host 175.197.69.42 port 1521에 적용됩니다. (CONNECTION_ID=uuvAdLFnRHuP1jZFBQLOAA==)
https://docs.oracle.com/error-help/db/ora-12170/
	at oracle.net.nt.TcpNTAdapter.handleEstablishSocketException(TcpNTAdapter.java:385)
	at oracle.net.nt.TcpNTAdapter.establishSocket(TcpNTAdapter.java:350)
	at oracle.net.nt.TcpNTAdapter.connect(TcpNTAdapter.java:228)
	at oracle.net.nt.ConnOption.connect(ConnOption.java:346)
	at oracle.net.nt.ConnStrategy.executeConnOption(ConnStrategy.java:1252)
	at oracle.net.nt.ConnStrategy.execute(ConnStrategy.java:778)
	at oracle.net.resolver.AddrResolution.resolveAndExecute(AddrResolution.java:718)
	at oracle.net.ns.NSProtocol.establishConnection(NSProtocol.java:960)
	at oracle.net.ns.NSProtocol.connect(NSProtocol.java:329)
	at oracle.jdbc.driver.T4CConnection.connectNetworkSessionProtocol(T4CConnection.java:3684)
	at oracle.jdbc.driver.T4CConnection.logon(T4CConnection.java:1083)
	... 15 common frames omitted
[2026-01-30 17:22:47.268] [WARN ] [HikariPool-1:connection-adder] com.zaxxer.hikari.pool.PoolBase - HikariPool-1 - Pool is empty, failed to create/setup connection (fd92946e-5a7c-4ecc-b861-a779ce432d34)
java.sql.SQLTimeoutException: ORA-12170: 접속할 수 없습니다. TCP connect 시간 초과(30000ms)는 host 175.197.69.42 port 1521에 적용됩니다. (CONNECTION_ID=/kzaYbdUTuWfxT9CM5m4kQ==)
https://docs.oracle.com/error-help/db/ora-12170/
	at oracle.jdbc.driver.T4CConnection.handleLogonNetException(T4CConnection.java:1853)
	at oracle.jdbc.driver.T4CConnection.logon(T4CConnection.java:1204)
	at oracle.jdbc.driver.PhysicalConnection.connect(PhysicalConnection.java:1189)
	at oracle.jdbc.driver.T4CDriverExtension.getConnection(T4CDriverExtension.java:106)
	at oracle.jdbc.driver.OracleDriver.connect(OracleDriver.java:887)
	at oracle.jdbc.driver.OracleDriver.connect(OracleDriver.java:694)
	at net.sf.log4jdbc.sql.jdbcapi.DriverSpy.connect(DriverSpy.java:401)
	at com.zaxxer.hikari.util.DriverDataSource.getConnection(DriverDataSource.java:144)
	at com.zaxxer.hikari.pool.PoolBase.newConnection(PoolBase.java:370)
	at com.zaxxer.hikari.pool.PoolBase.newPoolEntry(PoolBase.java:207)
	at com.zaxxer.hikari.pool.HikariPool.createPoolEntry(HikariPool.java:488)
	at com.zaxxer.hikari.pool.HikariPool$PoolEntryCreator.call(HikariPool.java:752)
	at com.zaxxer.hikari.pool.HikariPool$PoolEntryCreator.call(HikariPool.java:731)
	at java.base/java.util.concurrent.FutureTask.run(FutureTask.java:264)
	at java.base/java.util.concurrent.ThreadPoolExecutor.runWorker(ThreadPoolExecutor.java:1136)
	at java.base/java.util.concurrent.ThreadPoolExecutor$Worker.run(ThreadPoolExecutor.java:635)
	at java.base/java.lang.Thread.run(Thread.java:840)
Caused by: oracle.net.ns.NetException: ORA-12170: 접속할 수 없습니다. TCP connect 시간 초과(30000ms)는 host 175.197.69.42 port 1521에 적용됩니다. (CONNECTION_ID=/kzaYbdUTuWfxT9CM5m4kQ==)
https://docs.oracle.com/error-help/db/ora-12170/
	at oracle.net.nt.TcpNTAdapter.handleEstablishSocketException(TcpNTAdapter.java:385)
	at oracle.net.nt.TcpNTAdapter.establishSocket(TcpNTAdapter.java:350)
	at oracle.net.nt.TcpNTAdapter.connect(TcpNTAdapter.java:228)
	at oracle.net.nt.ConnOption.connect(ConnOption.java:346)
	at oracle.net.nt.ConnStrategy.executeConnOption(ConnStrategy.java:1252)
	at oracle.net.nt.ConnStrategy.execute(ConnStrategy.java:778)
	at oracle.net.resolver.AddrResolution.resolveAndExecute(AddrResolution.java:718)
	at oracle.net.ns.NSProtocol.establishConnection(NSProtocol.java:960)
	at oracle.net.ns.NSProtocol.connect(NSProtocol.java:329)
	at oracle.jdbc.driver.T4CConnection.connectNetworkSessionProtocol(T4CConnection.java:3684)
	at oracle.jdbc.driver.T4CConnection.logon(T4CConnection.java:1083)
	... 15 common frames omitted
[2026-01-30 17:23:57.338] [WARN ] [HikariPool-1:connection-adder] com.zaxxer.hikari.pool.PoolBase - HikariPool-1 - Pool is empty, failed to create/setup connection (fe165860-66af-4c33-88d9-a0e311959a56)
java.sql.SQLTimeoutException: ORA-12170: 접속할 수 없습니다. TCP connect 시간 초과(30000ms)는 host 175.197.69.42 port 1521에 적용됩니다. (CONNECTION_ID=dkP5FvEfTemntpp5YPf3UQ==)
https://docs.oracle.com/error-help/db/ora-12170/
	at oracle.jdbc.driver.T4CConnection.handleLogonNetException(T4CConnection.java:1853)
	at oracle.jdbc.driver.T4CConnection.logon(T4CConnection.java:1204)
	at oracle.jdbc.driver.PhysicalConnection.connect(PhysicalConnection.java:1189)
	at oracle.jdbc.driver.T4CDriverExtension.getConnection(T4CDriverExtension.java:106)
	at oracle.jdbc.driver.OracleDriver.connect(OracleDriver.java:887)
	at oracle.jdbc.driver.OracleDriver.connect(OracleDriver.java:694)
	at net.sf.log4jdbc.sql.jdbcapi.DriverSpy.connect(DriverSpy.java:401)
	at com.zaxxer.hikari.util.DriverDataSource.getConnection(DriverDataSource.java:144)
	at com.zaxxer.hikari.pool.PoolBase.newConnection(PoolBase.java:370)
	at com.zaxxer.hikari.pool.PoolBase.newPoolEntry(PoolBase.java:207)
	at com.zaxxer.hikari.pool.HikariPool.createPoolEntry(HikariPool.java:488)
	at com.zaxxer.hikari.pool.HikariPool$PoolEntryCreator.call(HikariPool.java:752)
	at com.zaxxer.hikari.pool.HikariPool$PoolEntryCreator.call(HikariPool.java:731)
	at java.base/java.util.concurrent.FutureTask.run(FutureTask.java:264)
	at java.base/java.util.concurrent.ThreadPoolExecutor.runWorker(ThreadPoolExecutor.java:1136)
	at java.base/java.util.concurrent.ThreadPoolExecutor$Worker.run(ThreadPoolExecutor.java:635)
	at java.base/java.lang.Thread.run(Thread.java:840)
Caused by: oracle.net.ns.NetException: ORA-12170: 접속할 수 없습니다. TCP connect 시간 초과(30000ms)는 host 175.197.69.42 port 1521에 적용됩니다. (CONNECTION_ID=dkP5FvEfTemntpp5YPf3UQ==)
https://docs.oracle.com/error-help/db/ora-12170/
	at oracle.net.nt.TcpNTAdapter.handleEstablishSocketException(TcpNTAdapter.java:385)
	at oracle.net.nt.TcpNTAdapter.establishSocket(TcpNTAdapter.java:350)
	at oracle.net.nt.TcpNTAdapter.connect(TcpNTAdapter.java:228)
	at oracle.net.nt.ConnOption.connect(ConnOption.java:346)
	at oracle.net.nt.ConnStrategy.executeConnOption(ConnStrategy.java:1252)
	at oracle.net.nt.ConnStrategy.execute(ConnStrategy.java:778)
	at oracle.net.resolver.AddrResolution.resolveAndExecute(AddrResolution.java:718)
	at oracle.net.ns.NSProtocol.establishConnection(NSProtocol.java:960)
	at oracle.net.ns.NSProtocol.connect(NSProtocol.java:329)
	at oracle.jdbc.driver.T4CConnection.connectNetworkSessionProtocol(T4CConnection.java:3684)
	at oracle.jdbc.driver.T4CConnection.logon(T4CConnection.java:1083)
	... 15 common frames omitted
[2026-01-30 17:25:07.402] [WARN ] [HikariPool-1:connection-adder] com.zaxxer.hikari.pool.PoolBase - HikariPool-1 - Pool is empty, failed to create/setup connection (7c0f2aaf-e50a-4035-9857-3d374bc60064)
java.sql.SQLTimeoutException: ORA-12170: 접속할 수 없습니다. TCP connect 시간 초과(30000ms)는 host 175.197.69.42 port 1521에 적용됩니다. (CONNECTION_ID=bCPuQ1hFQEW1CbRmPYEV+w==)
https://docs.oracle.com/error-help/db/ora-12170/
	at oracle.jdbc.driver.T4CConnection.handleLogonNetException(T4CConnection.java:1853)
	at oracle.jdbc.driver.T4CConnection.logon(T4CConnection.java:1204)
	at oracle.jdbc.driver.PhysicalConnection.connect(PhysicalConnection.java:1189)
	at oracle.jdbc.driver.T4CDriverExtension.getConnection(T4CDriverExtension.java:106)
	at oracle.jdbc.driver.OracleDriver.connect(OracleDriver.java:887)
	at oracle.jdbc.driver.OracleDriver.connect(OracleDriver.java:694)
	at net.sf.log4jdbc.sql.jdbcapi.DriverSpy.connect(DriverSpy.java:401)
	at com.zaxxer.hikari.util.DriverDataSource.getConnection(DriverDataSource.java:144)
	at com.zaxxer.hikari.pool.PoolBase.newConnection(PoolBase.java:370)
	at com.zaxxer.hikari.pool.PoolBase.newPoolEntry(PoolBase.java:207)
	at com.zaxxer.hikari.pool.HikariPool.createPoolEntry(HikariPool.java:488)
	at com.zaxxer.hikari.pool.HikariPool$PoolEntryCreator.call(HikariPool.java:752)
	at com.zaxxer.hikari.pool.HikariPool$PoolEntryCreator.call(HikariPool.java:731)
	at java.base/java.util.concurrent.FutureTask.run(FutureTask.java:264)
	at java.base/java.util.concurrent.ThreadPoolExecutor.runWorker(ThreadPoolExecutor.java:1136)
	at java.base/java.util.concurrent.ThreadPoolExecutor$Worker.run(ThreadPoolExecutor.java:635)
	at java.base/java.lang.Thread.run(Thread.java:840)
Caused by: oracle.net.ns.NetException: ORA-12170: 접속할 수 없습니다. TCP connect 시간 초과(30000ms)는 host 175.197.69.42 port 1521에 적용됩니다. (CONNECTION_ID=bCPuQ1hFQEW1CbRmPYEV+w==)
https://docs.oracle.com/error-help/db/ora-12170/
	at oracle.net.nt.TcpNTAdapter.handleEstablishSocketException(TcpNTAdapter.java:385)
	at oracle.net.nt.TcpNTAdapter.establishSocket(TcpNTAdapter.java:350)
	at oracle.net.nt.TcpNTAdapter.connect(TcpNTAdapter.java:228)
	at oracle.net.nt.ConnOption.connect(ConnOption.java:346)
	at oracle.net.nt.ConnStrategy.executeConnOption(ConnStrategy.java:1252)
	at oracle.net.nt.ConnStrategy.execute(ConnStrategy.java:778)
	at oracle.net.resolver.AddrResolution.resolveAndExecute(AddrResolution.java:718)
	at oracle.net.ns.NSProtocol.establishConnection(NSProtocol.java:960)
	at oracle.net.ns.NSProtocol.connect(NSProtocol.java:329)
	at oracle.jdbc.driver.T4CConnection.connectNetworkSessionProtocol(T4CConnection.java:3684)
	at oracle.jdbc.driver.T4CConnection.logon(T4CConnection.java:1083)
	... 15 common frames omitted
[2026-01-30 17:26:17.467] [WARN ] [HikariPool-1:connection-adder] com.zaxxer.hikari.pool.PoolBase - HikariPool-1 - Pool is empty, failed to create/setup connection (f3f84912-4bba-422d-af2c-82d0f3e643ac)
java.sql.SQLTimeoutException: ORA-12170: 접속할 수 없습니다. TCP connect 시간 초과(30000ms)는 host 175.197.69.42 port 1521에 적용됩니다. (CONNECTION_ID=uDXGT3FMSSuo8lFfrict0g==)
https://docs.oracle.com/error-help/db/ora-12170/
	at oracle.jdbc.driver.T4CConnection.handleLogonNetException(T4CConnection.java:1853)
	at oracle.jdbc.driver.T4CConnection.logon(T4CConnection.java:1204)
	at oracle.jdbc.driver.PhysicalConnection.connect(PhysicalConnection.java:1189)
	at oracle.jdbc.driver.T4CDriverExtension.getConnection(T4CDriverExtension.java:106)
	at oracle.jdbc.driver.OracleDriver.connect(OracleDriver.java:887)
	at oracle.jdbc.driver.OracleDriver.connect(OracleDriver.java:694)
	at net.sf.log4jdbc.sql.jdbcapi.DriverSpy.connect(DriverSpy.java:401)
	at com.zaxxer.hikari.util.DriverDataSource.getConnection(DriverDataSource.java:144)
	at com.zaxxer.hikari.pool.PoolBase.newConnection(PoolBase.java:370)
	at com.zaxxer.hikari.pool.PoolBase.newPoolEntry(PoolBase.java:207)
	at com.zaxxer.hikari.pool.HikariPool.createPoolEntry(HikariPool.java:488)
	at com.zaxxer.hikari.pool.HikariPool$PoolEntryCreator.call(HikariPool.java:752)
	at com.zaxxer.hikari.pool.HikariPool$PoolEntryCreator.call(HikariPool.java:731)
	at java.base/java.util.concurrent.FutureTask.run(FutureTask.java:264)
	at java.base/java.util.concurrent.ThreadPoolExecutor.runWorker(ThreadPoolExecutor.java:1136)
	at java.base/java.util.concurrent.ThreadPoolExecutor$Worker.run(ThreadPoolExecutor.java:635)
	at java.base/java.lang.Thread.run(Thread.java:840)
Caused by: oracle.net.ns.NetException: ORA-12170: 접속할 수 없습니다. TCP connect 시간 초과(30000ms)는 host 175.197.69.42 port 1521에 적용됩니다. (CONNECTION_ID=uDXGT3FMSSuo8lFfrict0g==)
https://docs.oracle.com/error-help/db/ora-12170/
	at oracle.net.nt.TcpNTAdapter.handleEstablishSocketException(TcpNTAdapter.java:385)
	at oracle.net.nt.TcpNTAdapter.establishSocket(TcpNTAdapter.java:350)
	at oracle.net.nt.TcpNTAdapter.connect(TcpNTAdapter.java:228)
	at oracle.net.nt.ConnOption.connect(ConnOption.java:346)
	at oracle.net.nt.ConnStrategy.executeConnOption(ConnStrategy.java:1252)
	at oracle.net.nt.ConnStrategy.execute(ConnStrategy.java:778)
	at oracle.net.resolver.AddrResolution.resolveAndExecute(AddrResolution.java:718)
	at oracle.net.ns.NSProtocol.establishConnection(NSProtocol.java:960)
	at oracle.net.ns.NSProtocol.connect(NSProtocol.java:329)
	at oracle.jdbc.driver.T4CConnection.connectNetworkSessionProtocol(T4CConnection.java:3684)
	at oracle.jdbc.driver.T4CConnection.logon(T4CConnection.java:1083)
	... 15 common frames omitted
[2026-01-30 17:27:27.527] [WARN ] [HikariPool-1:connection-adder] com.zaxxer.hikari.pool.PoolBase - HikariPool-1 - Pool is empty, failed to create/setup connection (1a6b218e-ddd8-489b-be1d-98b71a6fef27)
java.sql.SQLTimeoutException: ORA-12170: 접속할 수 없습니다. TCP connect 시간 초과(30000ms)는 host 175.197.69.42 port 1521에 적용됩니다. (CONNECTION_ID=YH2tzBfWSQuKBT18yPL/fQ==)
https://docs.oracle.com/error-help/db/ora-12170/
	at oracle.jdbc.driver.T4CConnection.handleLogonNetException(T4CConnection.java:1853)
	at oracle.jdbc.driver.T4CConnection.logon(T4CConnection.java:1204)
	at oracle.jdbc.driver.PhysicalConnection.connect(PhysicalConnection.java:1189)
	at oracle.jdbc.driver.T4CDriverExtension.getConnection(T4CDriverExtension.java:106)
	at oracle.jdbc.driver.OracleDriver.connect(OracleDriver.java:887)
	at oracle.jdbc.driver.OracleDriver.connect(OracleDriver.java:694)
	at net.sf.log4jdbc.sql.jdbcapi.DriverSpy.connect(DriverSpy.java:401)
	at com.zaxxer.hikari.util.DriverDataSource.getConnection(DriverDataSource.java:144)
	at com.zaxxer.hikari.pool.PoolBase.newConnection(PoolBase.java:370)
	at com.zaxxer.hikari.pool.PoolBase.newPoolEntry(PoolBase.java:207)
	at com.zaxxer.hikari.pool.HikariPool.createPoolEntry(HikariPool.java:488)
	at com.zaxxer.hikari.pool.HikariPool$PoolEntryCreator.call(HikariPool.java:752)
	at com.zaxxer.hikari.pool.HikariPool$PoolEntryCreator.call(HikariPool.java:731)
	at java.base/java.util.concurrent.FutureTask.run(FutureTask.java:264)
	at java.base/java.util.concurrent.ThreadPoolExecutor.runWorker(ThreadPoolExecutor.java:1136)
	at java.base/java.util.concurrent.ThreadPoolExecutor$Worker.run(ThreadPoolExecutor.java:635)
	at java.base/java.lang.Thread.run(Thread.java:840)
Caused by: oracle.net.ns.NetException: ORA-12170: 접속할 수 없습니다. TCP connect 시간 초과(30000ms)는 host 175.197.69.42 port 1521에 적용됩니다. (CONNECTION_ID=YH2tzBfWSQuKBT18yPL/fQ==)
https://docs.oracle.com/error-help/db/ora-12170/
	at oracle.net.nt.TcpNTAdapter.handleEstablishSocketException(TcpNTAdapter.java:385)
	at oracle.net.nt.TcpNTAdapter.establishSocket(TcpNTAdapter.java:350)
	at oracle.net.nt.TcpNTAdapter.connect(TcpNTAdapter.java:228)
	at oracle.net.nt.ConnOption.connect(ConnOption.java:346)
	at oracle.net.nt.ConnStrategy.executeConnOption(ConnStrategy.java:1252)
	at oracle.net.nt.ConnStrategy.execute(ConnStrategy.java:778)
	at oracle.net.resolver.AddrResolution.resolveAndExecute(AddrResolution.java:718)
	at oracle.net.ns.NSProtocol.establishConnection(NSProtocol.java:960)
	at oracle.net.ns.NSProtocol.connect(NSProtocol.java:329)
	at oracle.jdbc.driver.T4CConnection.connectNetworkSessionProtocol(T4CConnection.java:3684)
	at oracle.jdbc.driver.T4CConnection.logon(T4CConnection.java:1083)
	... 15 common frames omitted
[2026-01-30 17:28:37.587] [WARN ] [HikariPool-1:connection-adder] com.zaxxer.hikari.pool.PoolBase - HikariPool-1 - Pool is empty, failed to create/setup connection (6b269053-0b98-4142-8baf-04f823e3f0bd)
java.sql.SQLTimeoutException: ORA-12170: 접속할 수 없습니다. TCP connect 시간 초과(30000ms)는 host 175.197.69.42 port 1521에 적용됩니다. (CONNECTION_ID=aB9jkR2LSiGwzTKRhfk2wQ==)
https://docs.oracle.com/error-help/db/ora-12170/
	at oracle.jdbc.driver.T4CConnection.handleLogonNetException(T4CConnection.java:1853)
	at oracle.jdbc.driver.T4CConnection.logon(T4CConnection.java:1204)
	at oracle.jdbc.driver.PhysicalConnection.connect(PhysicalConnection.java:1189)
	at oracle.jdbc.driver.T4CDriverExtension.getConnection(T4CDriverExtension.java:106)
	at oracle.jdbc.driver.OracleDriver.connect(OracleDriver.java:887)
	at oracle.jdbc.driver.OracleDriver.connect(OracleDriver.java:694)
	at net.sf.log4jdbc.sql.jdbcapi.DriverSpy.connect(DriverSpy.java:401)
	at com.zaxxer.hikari.util.DriverDataSource.getConnection(DriverDataSource.java:144)
	at com.zaxxer.hikari.pool.PoolBase.newConnection(PoolBase.java:370)
	at com.zaxxer.hikari.pool.PoolBase.newPoolEntry(PoolBase.java:207)
	at com.zaxxer.hikari.pool.HikariPool.createPoolEntry(HikariPool.java:488)
	at com.zaxxer.hikari.pool.HikariPool$PoolEntryCreator.call(HikariPool.java:752)
	at com.zaxxer.hikari.pool.HikariPool$PoolEntryCreator.call(HikariPool.java:731)
	at java.base/java.util.concurrent.FutureTask.run(FutureTask.java:264)
	at java.base/java.util.concurrent.ThreadPoolExecutor.runWorker(ThreadPoolExecutor.java:1136)
	at java.base/java.util.concurrent.ThreadPoolExecutor$Worker.run(ThreadPoolExecutor.java:635)
	at java.base/java.lang.Thread.run(Thread.java:840)
Caused by: oracle.net.ns.NetException: ORA-12170: 접속할 수 없습니다. TCP connect 시간 초과(30000ms)는 host 175.197.69.42 port 1521에 적용됩니다. (CONNECTION_ID=aB9jkR2LSiGwzTKRhfk2wQ==)
https://docs.oracle.com/error-help/db/ora-12170/
	at oracle.net.nt.TcpNTAdapter.handleEstablishSocketException(TcpNTAdapter.java:385)
	at oracle.net.nt.TcpNTAdapter.establishSocket(TcpNTAdapter.java:350)
	at oracle.net.nt.TcpNTAdapter.connect(TcpNTAdapter.java:228)
	at oracle.net.nt.ConnOption.connect(ConnOption.java:346)
	at oracle.net.nt.ConnStrategy.executeConnOption(ConnStrategy.java:1252)
	at oracle.net.nt.ConnStrategy.execute(ConnStrategy.java:778)
	at oracle.net.resolver.AddrResolution.resolveAndExecute(AddrResolution.java:718)
	at oracle.net.ns.NSProtocol.establishConnection(NSProtocol.java:960)
	at oracle.net.ns.NSProtocol.connect(NSProtocol.java:329)
	at oracle.jdbc.driver.T4CConnection.connectNetworkSessionProtocol(T4CConnection.java:3684)
	at oracle.jdbc.driver.T4CConnection.logon(T4CConnection.java:1083)
	... 15 common frames omitted
[2026-01-30 17:29:47.660] [WARN ] [HikariPool-1:connection-adder] com.zaxxer.hikari.pool.PoolBase - HikariPool-1 - Pool is empty, failed to create/setup connection (b86ab254-da75-4a03-916b-9d4a6471b68f)
java.sql.SQLTimeoutException: ORA-12170: 접속할 수 없습니다. TCP connect 시간 초과(30000ms)는 host 175.197.69.42 port 1521에 적용됩니다. (CONNECTION_ID=7lS6hEYZTfe79OIs3MHiUQ==)
https://docs.oracle.com/error-help/db/ora-12170/
	at oracle.jdbc.driver.T4CConnection.handleLogonNetException(T4CConnection.java:1853)
	at oracle.jdbc.driver.T4CConnection.logon(T4CConnection.java:1204)
	at oracle.jdbc.driver.PhysicalConnection.connect(PhysicalConnection.java:1189)
	at oracle.jdbc.driver.T4CDriverExtension.getConnection(T4CDriverExtension.java:106)
	at oracle.jdbc.driver.OracleDriver.connect(OracleDriver.java:887)
	at oracle.jdbc.driver.OracleDriver.connect(OracleDriver.java:694)
	at net.sf.log4jdbc.sql.jdbcapi.DriverSpy.connect(DriverSpy.java:401)
	at com.zaxxer.hikari.util.DriverDataSource.getConnection(DriverDataSource.java:144)
	at com.zaxxer.hikari.pool.PoolBase.newConnection(PoolBase.java:370)
	at com.zaxxer.hikari.pool.PoolBase.newPoolEntry(PoolBase.java:207)
	at com.zaxxer.hikari.pool.HikariPool.createPoolEntry(HikariPool.java:488)
	at com.zaxxer.hikari.pool.HikariPool$PoolEntryCreator.call(HikariPool.java:752)
	at com.zaxxer.hikari.pool.HikariPool$PoolEntryCreator.call(HikariPool.java:731)
	at java.base/java.util.concurrent.FutureTask.run(FutureTask.java:264)
	at java.base/java.util.concurrent.ThreadPoolExecutor.runWorker(ThreadPoolExecutor.java:1136)
	at java.base/java.util.concurrent.ThreadPoolExecutor$Worker.run(ThreadPoolExecutor.java:635)
	at java.base/java.lang.Thread.run(Thread.java:840)
Caused by: oracle.net.ns.NetException: ORA-12170: 접속할 수 없습니다. TCP connect 시간 초과(30000ms)는 host 175.197.69.42 port 1521에 적용됩니다. (CONNECTION_ID=7lS6hEYZTfe79OIs3MHiUQ==)
https://docs.oracle.com/error-help/db/ora-12170/
	at oracle.net.nt.TcpNTAdapter.handleEstablishSocketException(TcpNTAdapter.java:385)
	at oracle.net.nt.TcpNTAdapter.establishSocket(TcpNTAdapter.java:350)
	at oracle.net.nt.TcpNTAdapter.connect(TcpNTAdapter.java:228)
	at oracle.net.nt.ConnOption.connect(ConnOption.java:346)
	at oracle.net.nt.ConnStrategy.executeConnOption(ConnStrategy.java:1252)
	at oracle.net.nt.ConnStrategy.execute(ConnStrategy.java:778)
	at oracle.net.resolver.AddrResolution.resolveAndExecute(AddrResolution.java:718)
	at oracle.net.ns.NSProtocol.establishConnection(NSProtocol.java:960)
	at oracle.net.ns.NSProtocol.connect(NSProtocol.java:329)
	at oracle.jdbc.driver.T4CConnection.connectNetworkSessionProtocol(T4CConnection.java:3684)
	at oracle.jdbc.driver.T4CConnection.logon(T4CConnection.java:1083)
	... 15 common frames omitted
[2026-01-30 17:30:57.742] [WARN ] [HikariPool-1:connection-adder] com.zaxxer.hikari.pool.PoolBase - HikariPool-1 - Pool is empty, failed to create/setup connection (916db8c6-2ca4-433c-9a99-af17ad00c8cb)
java.sql.SQLTimeoutException: ORA-12170: 접속할 수 없습니다. TCP connect 시간 초과(30000ms)는 host 175.197.69.42 port 1521에 적용됩니다. (CONNECTION_ID=dKBKAi19T9aXMv9nCTE9tw==)
https://docs.oracle.com/error-help/db/ora-12170/
	at oracle.jdbc.driver.T4CConnection.handleLogonNetException(T4CConnection.java:1853)
	at oracle.jdbc.driver.T4CConnection.logon(T4CConnection.java:1204)
	at oracle.jdbc.driver.PhysicalConnection.connect(PhysicalConnection.java:1189)
	at oracle.jdbc.driver.T4CDriverExtension.getConnection(T4CDriverExtension.java:106)
	at oracle.jdbc.driver.OracleDriver.connect(OracleDriver.java:887)
	at oracle.jdbc.driver.OracleDriver.connect(OracleDriver.java:694)
	at net.sf.log4jdbc.sql.jdbcapi.DriverSpy.connect(DriverSpy.java:401)
	at com.zaxxer.hikari.util.DriverDataSource.getConnection(DriverDataSource.java:144)
	at com.zaxxer.hikari.pool.PoolBase.newConnection(PoolBase.java:370)
	at com.zaxxer.hikari.pool.PoolBase.newPoolEntry(PoolBase.java:207)
	at com.zaxxer.hikari.pool.HikariPool.createPoolEntry(HikariPool.java:488)
	at com.zaxxer.hikari.pool.HikariPool$PoolEntryCreator.call(HikariPool.java:752)
	at com.zaxxer.hikari.pool.HikariPool$PoolEntryCreator.call(HikariPool.java:731)
	at java.base/java.util.concurrent.FutureTask.run(FutureTask.java:264)
	at java.base/java.util.concurrent.ThreadPoolExecutor.runWorker(ThreadPoolExecutor.java:1136)
	at java.base/java.util.concurrent.ThreadPoolExecutor$Worker.run(ThreadPoolExecutor.java:635)
	at java.base/java.lang.Thread.run(Thread.java:840)
Caused by: oracle.net.ns.NetException: ORA-12170: 접속할 수 없습니다. TCP connect 시간 초과(30000ms)는 host 175.197.69.42 port 1521에 적용됩니다. (CONNECTION_ID=dKBKAi19T9aXMv9nCTE9tw==)
https://docs.oracle.com/error-help/db/ora-12170/
	at oracle.net.nt.TcpNTAdapter.handleEstablishSocketException(TcpNTAdapter.java:385)
	at oracle.net.nt.TcpNTAdapter.establishSocket(TcpNTAdapter.java:350)
	at oracle.net.nt.TcpNTAdapter.connect(TcpNTAdapter.java:228)
	at oracle.net.nt.ConnOption.connect(ConnOption.java:346)
	at oracle.net.nt.ConnStrategy.executeConnOption(ConnStrategy.java:1252)
	at oracle.net.nt.ConnStrategy.execute(ConnStrategy.java:778)
	at oracle.net.resolver.AddrResolution.resolveAndExecute(AddrResolution.java:718)
	at oracle.net.ns.NSProtocol.establishConnection(NSProtocol.java:960)
	at oracle.net.ns.NSProtocol.connect(NSProtocol.java:329)
	at oracle.jdbc.driver.T4CConnection.connectNetworkSessionProtocol(T4CConnection.java:3684)
	at oracle.jdbc.driver.T4CConnection.logon(T4CConnection.java:1083)
	... 15 common frames omitted
[2026-01-30 17:32:07.819] [WARN ] [HikariPool-1:connection-adder] com.zaxxer.hikari.pool.PoolBase - HikariPool-1 - Pool is empty, failed to create/setup connection (3202d74e-e870-4893-a6b7-a737d3c1ea85)
java.sql.SQLTimeoutException: ORA-12170: 접속할 수 없습니다. TCP connect 시간 초과(30000ms)는 host 175.197.69.42 port 1521에 적용됩니다. (CONNECTION_ID=zp6tp7blRmeWjUxDqeWDrw==)
https://docs.oracle.com/error-help/db/ora-12170/
	at oracle.jdbc.driver.T4CConnection.handleLogonNetException(T4CConnection.java:1853)
	at oracle.jdbc.driver.T4CConnection.logon(T4CConnection.java:1204)
	at oracle.jdbc.driver.PhysicalConnection.connect(PhysicalConnection.java:1189)
	at oracle.jdbc.driver.T4CDriverExtension.getConnection(T4CDriverExtension.java:106)
	at oracle.jdbc.driver.OracleDriver.connect(OracleDriver.java:887)
	at oracle.jdbc.driver.OracleDriver.connect(OracleDriver.java:694)
	at net.sf.log4jdbc.sql.jdbcapi.DriverSpy.connect(DriverSpy.java:401)
	at com.zaxxer.hikari.util.DriverDataSource.getConnection(DriverDataSource.java:144)
	at com.zaxxer.hikari.pool.PoolBase.newConnection(PoolBase.java:370)
	at com.zaxxer.hikari.pool.PoolBase.newPoolEntry(PoolBase.java:207)
	at com.zaxxer.hikari.pool.HikariPool.createPoolEntry(HikariPool.java:488)
	at com.zaxxer.hikari.pool.HikariPool$PoolEntryCreator.call(HikariPool.java:752)
	at com.zaxxer.hikari.pool.HikariPool$PoolEntryCreator.call(HikariPool.java:731)
	at java.base/java.util.concurrent.FutureTask.run(FutureTask.java:264)
	at java.base/java.util.concurrent.ThreadPoolExecutor.runWorker(ThreadPoolExecutor.java:1136)
	at java.base/java.util.concurrent.ThreadPoolExecutor$Worker.run(ThreadPoolExecutor.java:635)
	at java.base/java.lang.Thread.run(Thread.java:840)
Caused by: oracle.net.ns.NetException: ORA-12170: 접속할 수 없습니다. TCP connect 시간 초과(30000ms)는 host 175.197.69.42 port 1521에 적용됩니다. (CONNECTION_ID=zp6tp7blRmeWjUxDqeWDrw==)
https://docs.oracle.com/error-help/db/ora-12170/
	at oracle.net.nt.TcpNTAdapter.handleEstablishSocketException(TcpNTAdapter.java:385)
	at oracle.net.nt.TcpNTAdapter.establishSocket(TcpNTAdapter.java:350)
	at oracle.net.nt.TcpNTAdapter.connect(TcpNTAdapter.java:228)
	at oracle.net.nt.ConnOption.connect(ConnOption.java:346)
	at oracle.net.nt.ConnStrategy.executeConnOption(ConnStrategy.java:1252)
	at oracle.net.nt.ConnStrategy.execute(ConnStrategy.java:778)
	at oracle.net.resolver.AddrResolution.resolveAndExecute(AddrResolution.java:718)
	at oracle.net.ns.NSProtocol.establishConnection(NSProtocol.java:960)
	at oracle.net.ns.NSProtocol.connect(NSProtocol.java:329)
	at oracle.jdbc.driver.T4CConnection.connectNetworkSessionProtocol(T4CConnection.java:3684)
	at oracle.jdbc.driver.T4CConnection.logon(T4CConnection.java:1083)
	... 15 common frames omitted
[2026-01-30 17:33:17.883] [WARN ] [HikariPool-1:connection-adder] com.zaxxer.hikari.pool.PoolBase - HikariPool-1 - Pool is empty, failed to create/setup connection (a0a97a42-6075-4dce-bd11-2510e974703f)
java.sql.SQLTimeoutException: ORA-12170: 접속할 수 없습니다. TCP connect 시간 초과(30000ms)는 host 175.197.69.42 port 1521에 적용됩니다. (CONNECTION_ID=pZ4msW39RKmTE82yqAwW4g==)
https://docs.oracle.com/error-help/db/ora-12170/
	at oracle.jdbc.driver.T4CConnection.handleLogonNetException(T4CConnection.java:1853)
	at oracle.jdbc.driver.T4CConnection.logon(T4CConnection.java:1204)
	at oracle.jdbc.driver.PhysicalConnection.connect(PhysicalConnection.java:1189)
	at oracle.jdbc.driver.T4CDriverExtension.getConnection(T4CDriverExtension.java:106)
	at oracle.jdbc.driver.OracleDriver.connect(OracleDriver.java:887)
	at oracle.jdbc.driver.OracleDriver.connect(OracleDriver.java:694)
	at net.sf.log4jdbc.sql.jdbcapi.DriverSpy.connect(DriverSpy.java:401)
	at com.zaxxer.hikari.util.DriverDataSource.getConnection(DriverDataSource.java:144)
	at com.zaxxer.hikari.pool.PoolBase.newConnection(PoolBase.java:370)
	at com.zaxxer.hikari.pool.PoolBase.newPoolEntry(PoolBase.java:207)
	at com.zaxxer.hikari.pool.HikariPool.createPoolEntry(HikariPool.java:488)
	at com.zaxxer.hikari.pool.HikariPool$PoolEntryCreator.call(HikariPool.java:752)
	at com.zaxxer.hikari.pool.HikariPool$PoolEntryCreator.call(HikariPool.java:731)
	at java.base/java.util.concurrent.FutureTask.run(FutureTask.java:264)
	at java.base/java.util.concurrent.ThreadPoolExecutor.runWorker(ThreadPoolExecutor.java:1136)
	at java.base/java.util.concurrent.ThreadPoolExecutor$Worker.run(ThreadPoolExecutor.java:635)
	at java.base/java.lang.Thread.run(Thread.java:840)
Caused by: oracle.net.ns.NetException: ORA-12170: 접속할 수 없습니다. TCP connect 시간 초과(30000ms)는 host 175.197.69.42 port 1521에 적용됩니다. (CONNECTION_ID=pZ4msW39RKmTE82yqAwW4g==)
https://docs.oracle.com/error-help/db/ora-12170/
	at oracle.net.nt.TcpNTAdapter.handleEstablishSocketException(TcpNTAdapter.java:385)
	at oracle.net.nt.TcpNTAdapter.establishSocket(TcpNTAdapter.java:350)
	at oracle.net.nt.TcpNTAdapter.connect(TcpNTAdapter.java:228)
	at oracle.net.nt.ConnOption.connect(ConnOption.java:346)
	at oracle.net.nt.ConnStrategy.executeConnOption(ConnStrategy.java:1252)
	at oracle.net.nt.ConnStrategy.execute(ConnStrategy.java:778)
	at oracle.net.resolver.AddrResolution.resolveAndExecute(AddrResolution.java:718)
	at oracle.net.ns.NSProtocol.establishConnection(NSProtocol.java:960)
	at oracle.net.ns.NSProtocol.connect(NSProtocol.java:329)
	at oracle.jdbc.driver.T4CConnection.connectNetworkSessionProtocol(T4CConnection.java:3684)
	at oracle.jdbc.driver.T4CConnection.logon(T4CConnection.java:1083)
	... 15 common frames omitted
[2026-01-30 17:34:27.970] [WARN ] [HikariPool-1:connection-adder] com.zaxxer.hikari.pool.PoolBase - HikariPool-1 - Pool is empty, failed to create/setup connection (2b52b4ca-2298-413c-9f75-66eed8cefcfa)
java.sql.SQLTimeoutException: ORA-12170: 접속할 수 없습니다. TCP connect 시간 초과(30000ms)는 host 175.197.69.42 port 1521에 적용됩니다. (CONNECTION_ID=/pj8L12ORzWup/VbNRlr8g==)
https://docs.oracle.com/error-help/db/ora-12170/
	at oracle.jdbc.driver.T4CConnection.handleLogonNetException(T4CConnection.java:1853)
	at oracle.jdbc.driver.T4CConnection.logon(T4CConnection.java:1204)
	at oracle.jdbc.driver.PhysicalConnection.connect(PhysicalConnection.java:1189)
	at oracle.jdbc.driver.T4CDriverExtension.getConnection(T4CDriverExtension.java:106)
	at oracle.jdbc.driver.OracleDriver.connect(OracleDriver.java:887)
	at oracle.jdbc.driver.OracleDriver.connect(OracleDriver.java:694)
	at net.sf.log4jdbc.sql.jdbcapi.DriverSpy.connect(DriverSpy.java:401)
	at com.zaxxer.hikari.util.DriverDataSource.getConnection(DriverDataSource.java:144)
	at com.zaxxer.hikari.pool.PoolBase.newConnection(PoolBase.java:370)
	at com.zaxxer.hikari.pool.PoolBase.newPoolEntry(PoolBase.java:207)
	at com.zaxxer.hikari.pool.HikariPool.createPoolEntry(HikariPool.java:488)
	at com.zaxxer.hikari.pool.HikariPool$PoolEntryCreator.call(HikariPool.java:752)
	at com.zaxxer.hikari.pool.HikariPool$PoolEntryCreator.call(HikariPool.java:731)
	at java.base/java.util.concurrent.FutureTask.run(FutureTask.java:264)
	at java.base/java.util.concurrent.ThreadPoolExecutor.runWorker(ThreadPoolExecutor.java:1136)
	at java.base/java.util.concurrent.ThreadPoolExecutor$Worker.run(ThreadPoolExecutor.java:635)
	at java.base/java.lang.Thread.run(Thread.java:840)
Caused by: oracle.net.ns.NetException: ORA-12170: 접속할 수 없습니다. TCP connect 시간 초과(30000ms)는 host 175.197.69.42 port 1521에 적용됩니다. (CONNECTION_ID=/pj8L12ORzWup/VbNRlr8g==)
https://docs.oracle.com/error-help/db/ora-12170/
	at oracle.net.nt.TcpNTAdapter.handleEstablishSocketException(TcpNTAdapter.java:385)
	at oracle.net.nt.TcpNTAdapter.establishSocket(TcpNTAdapter.java:350)
	at oracle.net.nt.TcpNTAdapter.connect(TcpNTAdapter.java:228)
	at oracle.net.nt.ConnOption.connect(ConnOption.java:346)
	at oracle.net.nt.ConnStrategy.executeConnOption(ConnStrategy.java:1252)
	at oracle.net.nt.ConnStrategy.execute(ConnStrategy.java:778)
	at oracle.net.resolver.AddrResolution.resolveAndExecute(AddrResolution.java:718)
	at oracle.net.ns.NSProtocol.establishConnection(NSProtocol.java:960)
	at oracle.net.ns.NSProtocol.connect(NSProtocol.java:329)
	at oracle.jdbc.driver.T4CConnection.connectNetworkSessionProtocol(T4CConnection.java:3684)
	at oracle.jdbc.driver.T4CConnection.logon(T4CConnection.java:1083)
	... 15 common frames omitted
[2026-01-30 17:35:38.064] [WARN ] [HikariPool-1:connection-adder] com.zaxxer.hikari.pool.PoolBase - HikariPool-1 - Pool is empty, failed to create/setup connection (683a15e2-175c-4d32-931a-02671a314e1b)
java.sql.SQLTimeoutException: ORA-12170: 접속할 수 없습니다. TCP connect 시간 초과(30000ms)는 host 175.197.69.42 port 1521에 적용됩니다. (CONNECTION_ID=62AUXQUdSam4hqKR1tZ0fQ==)
https://docs.oracle.com/error-help/db/ora-12170/
	at oracle.jdbc.driver.T4CConnection.handleLogonNetException(T4CConnection.java:1853)
	at oracle.jdbc.driver.T4CConnection.logon(T4CConnection.java:1204)
	at oracle.jdbc.driver.PhysicalConnection.connect(PhysicalConnection.java:1189)
	at oracle.jdbc.driver.T4CDriverExtension.getConnection(T4CDriverExtension.java:106)
	at oracle.jdbc.driver.OracleDriver.connect(OracleDriver.java:887)
	at oracle.jdbc.driver.OracleDriver.connect(OracleDriver.java:694)
	at net.sf.log4jdbc.sql.jdbcapi.DriverSpy.connect(DriverSpy.java:401)
	at com.zaxxer.hikari.util.DriverDataSource.getConnection(DriverDataSource.java:144)
	at com.zaxxer.hikari.pool.PoolBase.newConnection(PoolBase.java:370)
	at com.zaxxer.hikari.pool.PoolBase.newPoolEntry(PoolBase.java:207)
	at com.zaxxer.hikari.pool.HikariPool.createPoolEntry(HikariPool.java:488)
	at com.zaxxer.hikari.pool.HikariPool$PoolEntryCreator.call(HikariPool.java:752)
	at com.zaxxer.hikari.pool.HikariPool$PoolEntryCreator.call(HikariPool.java:731)
	at java.base/java.util.concurrent.FutureTask.run(FutureTask.java:264)
	at java.base/java.util.concurrent.ThreadPoolExecutor.runWorker(ThreadPoolExecutor.java:1136)
	at java.base/java.util.concurrent.ThreadPoolExecutor$Worker.run(ThreadPoolExecutor.java:635)
	at java.base/java.lang.Thread.run(Thread.java:840)
Caused by: oracle.net.ns.NetException: ORA-12170: 접속할 수 없습니다. TCP connect 시간 초과(30000ms)는 host 175.197.69.42 port 1521에 적용됩니다. (CONNECTION_ID=62AUXQUdSam4hqKR1tZ0fQ==)
https://docs.oracle.com/error-help/db/ora-12170/
	at oracle.net.nt.TcpNTAdapter.handleEstablishSocketException(TcpNTAdapter.java:385)
	at oracle.net.nt.TcpNTAdapter.establishSocket(TcpNTAdapter.java:350)
	at oracle.net.nt.TcpNTAdapter.connect(TcpNTAdapter.java:228)
	at oracle.net.nt.ConnOption.connect(ConnOption.java:346)
	at oracle.net.nt.ConnStrategy.executeConnOption(ConnStrategy.java:1252)
	at oracle.net.nt.ConnStrategy.execute(ConnStrategy.java:778)
	at oracle.net.resolver.AddrResolution.resolveAndExecute(AddrResolution.java:718)
	at oracle.net.ns.NSProtocol.establishConnection(NSProtocol.java:960)
	at oracle.net.ns.NSProtocol.connect(NSProtocol.java:329)
	at oracle.jdbc.driver.T4CConnection.connectNetworkSessionProtocol(T4CConnection.java:3684)
	at oracle.jdbc.driver.T4CConnection.logon(T4CConnection.java:1083)
	... 15 common frames omitted
[2026-01-30 17:36:48.130] [WARN ] [HikariPool-1:connection-adder] com.zaxxer.hikari.pool.PoolBase - HikariPool-1 - Pool is empty, failed to create/setup connection (f37b42e0-abf3-4f7e-bae8-e2067fde5bbf)
java.sql.SQLTimeoutException: ORA-12170: 접속할 수 없습니다. TCP connect 시간 초과(30000ms)는 host 175.197.69.42 port 1521에 적용됩니다. (CONNECTION_ID=m32o6CM3QPmos0fCfPX4fw==)
https://docs.oracle.com/error-help/db/ora-12170/
	at oracle.jdbc.driver.T4CConnection.handleLogonNetException(T4CConnection.java:1853)
	at oracle.jdbc.driver.T4CConnection.logon(T4CConnection.java:1204)
	at oracle.jdbc.driver.PhysicalConnection.connect(PhysicalConnection.java:1189)
	at oracle.jdbc.driver.T4CDriverExtension.getConnection(T4CDriverExtension.java:106)
	at oracle.jdbc.driver.OracleDriver.connect(OracleDriver.java:887)
	at oracle.jdbc.driver.OracleDriver.connect(OracleDriver.java:694)
	at net.sf.log4jdbc.sql.jdbcapi.DriverSpy.connect(DriverSpy.java:401)
	at com.zaxxer.hikari.util.DriverDataSource.getConnection(DriverDataSource.java:144)
	at com.zaxxer.hikari.pool.PoolBase.newConnection(PoolBase.java:370)
	at com.zaxxer.hikari.pool.PoolBase.newPoolEntry(PoolBase.java:207)
	at com.zaxxer.hikari.pool.HikariPool.createPoolEntry(HikariPool.java:488)
	at com.zaxxer.hikari.pool.HikariPool$PoolEntryCreator.call(HikariPool.java:752)
	at com.zaxxer.hikari.pool.HikariPool$PoolEntryCreator.call(HikariPool.java:731)
	at java.base/java.util.concurrent.FutureTask.run(FutureTask.java:264)
	at java.base/java.util.concurrent.ThreadPoolExecutor.runWorker(ThreadPoolExecutor.java:1136)
	at java.base/java.util.concurrent.ThreadPoolExecutor$Worker.run(ThreadPoolExecutor.java:635)
	at java.base/java.lang.Thread.run(Thread.java:840)
Caused by: oracle.net.ns.NetException: ORA-12170: 접속할 수 없습니다. TCP connect 시간 초과(30000ms)는 host 175.197.69.42 port 1521에 적용됩니다. (CONNECTION_ID=m32o6CM3QPmos0fCfPX4fw==)
https://docs.oracle.com/error-help/db/ora-12170/
	at oracle.net.nt.TcpNTAdapter.handleEstablishSocketException(TcpNTAdapter.java:385)
	at oracle.net.nt.TcpNTAdapter.establishSocket(TcpNTAdapter.java:350)
	at oracle.net.nt.TcpNTAdapter.connect(TcpNTAdapter.java:228)
	at oracle.net.nt.ConnOption.connect(ConnOption.java:346)
	at oracle.net.nt.ConnStrategy.executeConnOption(ConnStrategy.java:1252)
	at oracle.net.nt.ConnStrategy.execute(ConnStrategy.java:778)
	at oracle.net.resolver.AddrResolution.resolveAndExecute(AddrResolution.java:718)
	at oracle.net.ns.NSProtocol.establishConnection(NSProtocol.java:960)
	at oracle.net.ns.NSProtocol.connect(NSProtocol.java:329)
	at oracle.jdbc.driver.T4CConnection.connectNetworkSessionProtocol(T4CConnection.java:3684)
	at oracle.jdbc.driver.T4CConnection.logon(T4CConnection.java:1083)
	... 15 common frames omitted
[2026-01-30 17:37:58.183] [WARN ] [HikariPool-1:connection-adder] com.zaxxer.hikari.pool.PoolBase - HikariPool-1 - Pool is empty, failed to create/setup connection (16a08384-9ee1-4abd-b99a-a6a1fb26f499)
java.sql.SQLTimeoutException: ORA-12170: 접속할 수 없습니다. TCP connect 시간 초과(30000ms)는 host 175.197.69.42 port 1521에 적용됩니다. (CONNECTION_ID=n57jMS5BTqCIIWsrLQi1zw==)
https://docs.oracle.com/error-help/db/ora-12170/
	at oracle.jdbc.driver.T4CConnection.handleLogonNetException(T4CConnection.java:1853)
	at oracle.jdbc.driver.T4CConnection.logon(T4CConnection.java:1204)
	at oracle.jdbc.driver.PhysicalConnection.connect(PhysicalConnection.java:1189)
	at oracle.jdbc.driver.T4CDriverExtension.getConnection(T4CDriverExtension.java:106)
	at oracle.jdbc.driver.OracleDriver.connect(OracleDriver.java:887)
	at oracle.jdbc.driver.OracleDriver.connect(OracleDriver.java:694)
	at net.sf.log4jdbc.sql.jdbcapi.DriverSpy.connect(DriverSpy.java:401)
	at com.zaxxer.hikari.util.DriverDataSource.getConnection(DriverDataSource.java:144)
	at com.zaxxer.hikari.pool.PoolBase.newConnection(PoolBase.java:370)
	at com.zaxxer.hikari.pool.PoolBase.newPoolEntry(PoolBase.java:207)
	at com.zaxxer.hikari.pool.HikariPool.createPoolEntry(HikariPool.java:488)
	at com.zaxxer.hikari.pool.HikariPool$PoolEntryCreator.call(HikariPool.java:752)
	at com.zaxxer.hikari.pool.HikariPool$PoolEntryCreator.call(HikariPool.java:731)
	at java.base/java.util.concurrent.FutureTask.run(FutureTask.java:264)
	at java.base/java.util.concurrent.ThreadPoolExecutor.runWorker(ThreadPoolExecutor.java:1136)
	at java.base/java.util.concurrent.ThreadPoolExecutor$Worker.run(ThreadPoolExecutor.java:635)
	at java.base/java.lang.Thread.run(Thread.java:840)
Caused by: oracle.net.ns.NetException: ORA-12170: 접속할 수 없습니다. TCP connect 시간 초과(30000ms)는 host 175.197.69.42 port 1521에 적용됩니다. (CONNECTION_ID=n57jMS5BTqCIIWsrLQi1zw==)
https://docs.oracle.com/error-help/db/ora-12170/
	at oracle.net.nt.TcpNTAdapter.handleEstablishSocketException(TcpNTAdapter.java:385)
	at oracle.net.nt.TcpNTAdapter.establishSocket(TcpNTAdapter.java:350)
	at oracle.net.nt.TcpNTAdapter.connect(TcpNTAdapter.java:228)
	at oracle.net.nt.ConnOption.connect(ConnOption.java:346)
	at oracle.net.nt.ConnStrategy.executeConnOption(ConnStrategy.java:1252)
	at oracle.net.nt.ConnStrategy.execute(ConnStrategy.java:778)
	at oracle.net.resolver.AddrResolution.resolveAndExecute(AddrResolution.java:718)
	at oracle.net.ns.NSProtocol.establishConnection(NSProtocol.java:960)
	at oracle.net.ns.NSProtocol.connect(NSProtocol.java:329)
	at oracle.jdbc.driver.T4CConnection.connectNetworkSessionProtocol(T4CConnection.java:3684)
	at oracle.jdbc.driver.T4CConnection.logon(T4CConnection.java:1083)
	... 15 common frames omitted
[2026-01-30 17:39:08.244] [WARN ] [HikariPool-1:connection-adder] com.zaxxer.hikari.pool.PoolBase - HikariPool-1 - Pool is empty, failed to create/setup connection (7d6e68d8-fa63-4ea2-8ed4-940fca94d8d2)
java.sql.SQLTimeoutException: ORA-12170: 접속할 수 없습니다. TCP connect 시간 초과(30000ms)는 host 175.197.69.42 port 1521에 적용됩니다. (CONNECTION_ID=yoqf3nwMQaGcy49jOG7N0Q==)
https://docs.oracle.com/error-help/db/ora-12170/
	at oracle.jdbc.driver.T4CConnection.handleLogonNetException(T4CConnection.java:1853)
	at oracle.jdbc.driver.T4CConnection.logon(T4CConnection.java:1204)
	at oracle.jdbc.driver.PhysicalConnection.connect(PhysicalConnection.java:1189)
	at oracle.jdbc.driver.T4CDriverExtension.getConnection(T4CDriverExtension.java:106)
	at oracle.jdbc.driver.OracleDriver.connect(OracleDriver.java:887)
	at oracle.jdbc.driver.OracleDriver.connect(OracleDriver.java:694)
	at net.sf.log4jdbc.sql.jdbcapi.DriverSpy.connect(DriverSpy.java:401)
	at com.zaxxer.hikari.util.DriverDataSource.getConnection(DriverDataSource.java:144)
	at com.zaxxer.hikari.pool.PoolBase.newConnection(PoolBase.java:370)
	at com.zaxxer.hikari.pool.PoolBase.newPoolEntry(PoolBase.java:207)
	at com.zaxxer.hikari.pool.HikariPool.createPoolEntry(HikariPool.java:488)
	at com.zaxxer.hikari.pool.HikariPool$PoolEntryCreator.call(HikariPool.java:752)
	at com.zaxxer.hikari.pool.HikariPool$PoolEntryCreator.call(HikariPool.java:731)
	at java.base/java.util.concurrent.FutureTask.run(FutureTask.java:264)
	at java.base/java.util.concurrent.ThreadPoolExecutor.runWorker(ThreadPoolExecutor.java:1136)
	at java.base/java.util.concurrent.ThreadPoolExecutor$Worker.run(ThreadPoolExecutor.java:635)
	at java.base/java.lang.Thread.run(Thread.java:840)
Caused by: oracle.net.ns.NetException: ORA-12170: 접속할 수 없습니다. TCP connect 시간 초과(30000ms)는 host 175.197.69.42 port 1521에 적용됩니다. (CONNECTION_ID=yoqf3nwMQaGcy49jOG7N0Q==)
https://docs.oracle.com/error-help/db/ora-12170/
	at oracle.net.nt.TcpNTAdapter.handleEstablishSocketException(TcpNTAdapter.java:385)
	at oracle.net.nt.TcpNTAdapter.establishSocket(TcpNTAdapter.java:350)
	at oracle.net.nt.TcpNTAdapter.connect(TcpNTAdapter.java:228)
	at oracle.net.nt.ConnOption.connect(ConnOption.java:346)
	at oracle.net.nt.ConnStrategy.executeConnOption(ConnStrategy.java:1252)
	at oracle.net.nt.ConnStrategy.execute(ConnStrategy.java:778)
	at oracle.net.resolver.AddrResolution.resolveAndExecute(AddrResolution.java:718)
	at oracle.net.ns.NSProtocol.establishConnection(NSProtocol.java:960)
	at oracle.net.ns.NSProtocol.connect(NSProtocol.java:329)
	at oracle.jdbc.driver.T4CConnection.connectNetworkSessionProtocol(T4CConnection.java:3684)
	at oracle.jdbc.driver.T4CConnection.logon(T4CConnection.java:1083)
	... 15 common frames omitted
[2026-01-30 17:40:18.312] [WARN ] [HikariPool-1:connection-adder] com.zaxxer.hikari.pool.PoolBase - HikariPool-1 - Pool is empty, failed to create/setup connection (26242380-c6ce-4d6d-9de9-6e7d84603756)
java.sql.SQLTimeoutException: ORA-12170: 접속할 수 없습니다. TCP connect 시간 초과(30000ms)는 host 175.197.69.42 port 1521에 적용됩니다. (CONNECTION_ID=gSe4nXe7SvC4UoOxClPdYQ==)
https://docs.oracle.com/error-help/db/ora-12170/
	at oracle.jdbc.driver.T4CConnection.handleLogonNetException(T4CConnection.java:1853)
	at oracle.jdbc.driver.T4CConnection.logon(T4CConnection.java:1204)
	at oracle.jdbc.driver.PhysicalConnection.connect(PhysicalConnection.java:1189)
	at oracle.jdbc.driver.T4CDriverExtension.getConnection(T4CDriverExtension.java:106)
	at oracle.jdbc.driver.OracleDriver.connect(OracleDriver.java:887)
	at oracle.jdbc.driver.OracleDriver.connect(OracleDriver.java:694)
	at net.sf.log4jdbc.sql.jdbcapi.DriverSpy.connect(DriverSpy.java:401)
	at com.zaxxer.hikari.util.DriverDataSource.getConnection(DriverDataSource.java:144)
	at com.zaxxer.hikari.pool.PoolBase.newConnection(PoolBase.java:370)
	at com.zaxxer.hikari.pool.PoolBase.newPoolEntry(PoolBase.java:207)
	at com.zaxxer.hikari.pool.HikariPool.createPoolEntry(HikariPool.java:488)
	at com.zaxxer.hikari.pool.HikariPool$PoolEntryCreator.call(HikariPool.java:752)
	at com.zaxxer.hikari.pool.HikariPool$PoolEntryCreator.call(HikariPool.java:731)
	at java.base/java.util.concurrent.FutureTask.run(FutureTask.java:264)
	at java.base/java.util.concurrent.ThreadPoolExecutor.runWorker(ThreadPoolExecutor.java:1136)
	at java.base/java.util.concurrent.ThreadPoolExecutor$Worker.run(ThreadPoolExecutor.java:635)
	at java.base/java.lang.Thread.run(Thread.java:840)
Caused by: oracle.net.ns.NetException: ORA-12170: 접속할 수 없습니다. TCP connect 시간 초과(30000ms)는 host 175.197.69.42 port 1521에 적용됩니다. (CONNECTION_ID=gSe4nXe7SvC4UoOxClPdYQ==)
https://docs.oracle.com/error-help/db/ora-12170/
	at oracle.net.nt.TcpNTAdapter.handleEstablishSocketException(TcpNTAdapter.java:385)
	at oracle.net.nt.TcpNTAdapter.establishSocket(TcpNTAdapter.java:350)
	at oracle.net.nt.TcpNTAdapter.connect(TcpNTAdapter.java:228)
	at oracle.net.nt.ConnOption.connect(ConnOption.java:346)
	at oracle.net.nt.ConnStrategy.executeConnOption(ConnStrategy.java:1252)
	at oracle.net.nt.ConnStrategy.execute(ConnStrategy.java:778)
	at oracle.net.resolver.AddrResolution.resolveAndExecute(AddrResolution.java:718)
	at oracle.net.ns.NSProtocol.establishConnection(NSProtocol.java:960)
	at oracle.net.ns.NSProtocol.connect(NSProtocol.java:329)
	at oracle.jdbc.driver.T4CConnection.connectNetworkSessionProtocol(T4CConnection.java:3684)
	at oracle.jdbc.driver.T4CConnection.logon(T4CConnection.java:1083)
	... 15 common frames omitted
[2026-01-30 17:41:28.376] [WARN ] [HikariPool-1:connection-adder] com.zaxxer.hikari.pool.PoolBase - HikariPool-1 - Pool is empty, failed to create/setup connection (42750500-5cd6-4ad9-9c9a-9762ce77d1c3)
java.sql.SQLTimeoutException: ORA-12170: 접속할 수 없습니다. TCP connect 시간 초과(30000ms)는 host 175.197.69.42 port 1521에 적용됩니다. (CONNECTION_ID=fIsbeKRBQHmON2ar0sILNQ==)
https://docs.oracle.com/error-help/db/ora-12170/
	at oracle.jdbc.driver.T4CConnection.handleLogonNetException(T4CConnection.java:1853)
	at oracle.jdbc.driver.T4CConnection.logon(T4CConnection.java:1204)
	at oracle.jdbc.driver.PhysicalConnection.connect(PhysicalConnection.java:1189)
	at oracle.jdbc.driver.T4CDriverExtension.getConnection(T4CDriverExtension.java:106)
	at oracle.jdbc.driver.OracleDriver.connect(OracleDriver.java:887)
	at oracle.jdbc.driver.OracleDriver.connect(OracleDriver.java:694)
	at net.sf.log4jdbc.sql.jdbcapi.DriverSpy.connect(DriverSpy.java:401)
	at com.zaxxer.hikari.util.DriverDataSource.getConnection(DriverDataSource.java:144)
	at com.zaxxer.hikari.pool.PoolBase.newConnection(PoolBase.java:370)
	at com.zaxxer.hikari.pool.PoolBase.newPoolEntry(PoolBase.java:207)
	at com.zaxxer.hikari.pool.HikariPool.createPoolEntry(HikariPool.java:488)
	at com.zaxxer.hikari.pool.HikariPool$PoolEntryCreator.call(HikariPool.java:752)
	at com.zaxxer.hikari.pool.HikariPool$PoolEntryCreator.call(HikariPool.java:731)
	at java.base/java.util.concurrent.FutureTask.run(FutureTask.java:264)
	at java.base/java.util.concurrent.ThreadPoolExecutor.runWorker(ThreadPoolExecutor.java:1136)
	at java.base/java.util.concurrent.ThreadPoolExecutor$Worker.run(ThreadPoolExecutor.java:635)
	at java.base/java.lang.Thread.run(Thread.java:840)
Caused by: oracle.net.ns.NetException: ORA-12170: 접속할 수 없습니다. TCP connect 시간 초과(30000ms)는 host 175.197.69.42 port 1521에 적용됩니다. (CONNECTION_ID=fIsbeKRBQHmON2ar0sILNQ==)
https://docs.oracle.com/error-help/db/ora-12170/
	at oracle.net.nt.TcpNTAdapter.handleEstablishSocketException(TcpNTAdapter.java:385)
	at oracle.net.nt.TcpNTAdapter.establishSocket(TcpNTAdapter.java:350)
	at oracle.net.nt.TcpNTAdapter.connect(TcpNTAdapter.java:228)
	at oracle.net.nt.ConnOption.connect(ConnOption.java:346)
	at oracle.net.nt.ConnStrategy.executeConnOption(ConnStrategy.java:1252)
	at oracle.net.nt.ConnStrategy.execute(ConnStrategy.java:778)
	at oracle.net.resolver.AddrResolution.resolveAndExecute(AddrResolution.java:718)
	at oracle.net.ns.NSProtocol.establishConnection(NSProtocol.java:960)
	at oracle.net.ns.NSProtocol.connect(NSProtocol.java:329)
	at oracle.jdbc.driver.T4CConnection.connectNetworkSessionProtocol(T4CConnection.java:3684)
	at oracle.jdbc.driver.T4CConnection.logon(T4CConnection.java:1083)
	... 15 common frames omitted
[2026-01-30 17:42:38.452] [WARN ] [HikariPool-1:connection-adder] com.zaxxer.hikari.pool.PoolBase - HikariPool-1 - Pool is empty, failed to create/setup connection (dd359f81-d079-45cd-bdf6-357f3233b27b)
java.sql.SQLTimeoutException: ORA-12170: 접속할 수 없습니다. TCP connect 시간 초과(30000ms)는 host 175.197.69.42 port 1521에 적용됩니다. (CONNECTION_ID=2gTVF5qARCeQFy2hbipXwA==)
https://docs.oracle.com/error-help/db/ora-12170/
	at oracle.jdbc.driver.T4CConnection.handleLogonNetException(T4CConnection.java:1853)
	at oracle.jdbc.driver.T4CConnection.logon(T4CConnection.java:1204)
	at oracle.jdbc.driver.PhysicalConnection.connect(PhysicalConnection.java:1189)
	at oracle.jdbc.driver.T4CDriverExtension.getConnection(T4CDriverExtension.java:106)
	at oracle.jdbc.driver.OracleDriver.connect(OracleDriver.java:887)
	at oracle.jdbc.driver.OracleDriver.connect(OracleDriver.java:694)
	at net.sf.log4jdbc.sql.jdbcapi.DriverSpy.connect(DriverSpy.java:401)
	at com.zaxxer.hikari.util.DriverDataSource.getConnection(DriverDataSource.java:144)
	at com.zaxxer.hikari.pool.PoolBase.newConnection(PoolBase.java:370)
	at com.zaxxer.hikari.pool.PoolBase.newPoolEntry(PoolBase.java:207)
	at com.zaxxer.hikari.pool.HikariPool.createPoolEntry(HikariPool.java:488)
	at com.zaxxer.hikari.pool.HikariPool$PoolEntryCreator.call(HikariPool.java:752)
	at com.zaxxer.hikari.pool.HikariPool$PoolEntryCreator.call(HikariPool.java:731)
	at java.base/java.util.concurrent.FutureTask.run(FutureTask.java:264)
	at java.base/java.util.concurrent.ThreadPoolExecutor.runWorker(ThreadPoolExecutor.java:1136)
	at java.base/java.util.concurrent.ThreadPoolExecutor$Worker.run(ThreadPoolExecutor.java:635)
	at java.base/java.lang.Thread.run(Thread.java:840)
Caused by: oracle.net.ns.NetException: ORA-12170: 접속할 수 없습니다. TCP connect 시간 초과(30000ms)는 host 175.197.69.42 port 1521에 적용됩니다. (CONNECTION_ID=2gTVF5qARCeQFy2hbipXwA==)
https://docs.oracle.com/error-help/db/ora-12170/
	at oracle.net.nt.TcpNTAdapter.handleEstablishSocketException(TcpNTAdapter.java:385)
	at oracle.net.nt.TcpNTAdapter.establishSocket(TcpNTAdapter.java:350)
	at oracle.net.nt.TcpNTAdapter.connect(TcpNTAdapter.java:228)
	at oracle.net.nt.ConnOption.connect(ConnOption.java:346)
	at oracle.net.nt.ConnStrategy.executeConnOption(ConnStrategy.java:1252)
	at oracle.net.nt.ConnStrategy.execute(ConnStrategy.java:778)
	at oracle.net.resolver.AddrResolution.resolveAndExecute(AddrResolution.java:718)
	at oracle.net.ns.NSProtocol.establishConnection(NSProtocol.java:960)
	at oracle.net.ns.NSProtocol.connect(NSProtocol.java:329)
	at oracle.jdbc.driver.T4CConnection.connectNetworkSessionProtocol(T4CConnection.java:3684)
	at oracle.jdbc.driver.T4CConnection.logon(T4CConnection.java:1083)
	... 15 common frames omitted
[2026-01-30 17:43:48.510] [WARN ] [HikariPool-1:connection-adder] com.zaxxer.hikari.pool.PoolBase - HikariPool-1 - Pool is empty, failed to create/setup connection (31a81782-5f77-4cad-8818-84233f66ec8f)
java.sql.SQLTimeoutException: ORA-12170: 접속할 수 없습니다. TCP connect 시간 초과(30000ms)는 host 175.197.69.42 port 1521에 적용됩니다. (CONNECTION_ID=Nf3SG3lPS0yXpJl4n4NiwQ==)
https://docs.oracle.com/error-help/db/ora-12170/
	at oracle.jdbc.driver.T4CConnection.handleLogonNetException(T4CConnection.java:1853)
	at oracle.jdbc.driver.T4CConnection.logon(T4CConnection.java:1204)
	at oracle.jdbc.driver.PhysicalConnection.connect(PhysicalConnection.java:1189)
	at oracle.jdbc.driver.T4CDriverExtension.getConnection(T4CDriverExtension.java:106)
	at oracle.jdbc.driver.OracleDriver.connect(OracleDriver.java:887)
	at oracle.jdbc.driver.OracleDriver.connect(OracleDriver.java:694)
	at net.sf.log4jdbc.sql.jdbcapi.DriverSpy.connect(DriverSpy.java:401)
	at com.zaxxer.hikari.util.DriverDataSource.getConnection(DriverDataSource.java:144)
	at com.zaxxer.hikari.pool.PoolBase.newConnection(PoolBase.java:370)
	at com.zaxxer.hikari.pool.PoolBase.newPoolEntry(PoolBase.java:207)
	at com.zaxxer.hikari.pool.HikariPool.createPoolEntry(HikariPool.java:488)
	at com.zaxxer.hikari.pool.HikariPool$PoolEntryCreator.call(HikariPool.java:752)
	at com.zaxxer.hikari.pool.HikariPool$PoolEntryCreator.call(HikariPool.java:731)
	at java.base/java.util.concurrent.FutureTask.run(FutureTask.java:264)
	at java.base/java.util.concurrent.ThreadPoolExecutor.runWorker(ThreadPoolExecutor.java:1136)
	at java.base/java.util.concurrent.ThreadPoolExecutor$Worker.run(ThreadPoolExecutor.java:635)
	at java.base/java.lang.Thread.run(Thread.java:840)
Caused by: oracle.net.ns.NetException: ORA-12170: 접속할 수 없습니다. TCP connect 시간 초과(30000ms)는 host 175.197.69.42 port 1521에 적용됩니다. (CONNECTION_ID=Nf3SG3lPS0yXpJl4n4NiwQ==)
https://docs.oracle.com/error-help/db/ora-12170/
	at oracle.net.nt.TcpNTAdapter.handleEstablishSocketException(TcpNTAdapter.java:385)
	at oracle.net.nt.TcpNTAdapter.establishSocket(TcpNTAdapter.java:350)
	at oracle.net.nt.TcpNTAdapter.connect(TcpNTAdapter.java:228)
	at oracle.net.nt.ConnOption.connect(ConnOption.java:346)
	at oracle.net.nt.ConnStrategy.executeConnOption(ConnStrategy.java:1252)
	at oracle.net.nt.ConnStrategy.execute(ConnStrategy.java:778)
	at oracle.net.resolver.AddrResolution.resolveAndExecute(AddrResolution.java:718)
	at oracle.net.ns.NSProtocol.establishConnection(NSProtocol.java:960)
	at oracle.net.ns.NSProtocol.connect(NSProtocol.java:329)
	at oracle.jdbc.driver.T4CConnection.connectNetworkSessionProtocol(T4CConnection.java:3684)
	at oracle.jdbc.driver.T4CConnection.logon(T4CConnection.java:1083)
	... 15 common frames omitted
[2026-01-30 17:44:58.570] [WARN ] [HikariPool-1:connection-adder] com.zaxxer.hikari.pool.PoolBase - HikariPool-1 - Pool is empty, failed to create/setup connection (841c5b41-117b-4de0-9104-944599d55a70)
java.sql.SQLTimeoutException: ORA-12170: 접속할 수 없습니다. TCP connect 시간 초과(30000ms)는 host 175.197.69.42 port 1521에 적용됩니다. (CONNECTION_ID=TWn3GMTuSam8mmjZH71jlg==)
https://docs.oracle.com/error-help/db/ora-12170/
	at oracle.jdbc.driver.T4CConnection.handleLogonNetException(T4CConnection.java:1853)
	at oracle.jdbc.driver.T4CConnection.logon(T4CConnection.java:1204)
	at oracle.jdbc.driver.PhysicalConnection.connect(PhysicalConnection.java:1189)
	at oracle.jdbc.driver.T4CDriverExtension.getConnection(T4CDriverExtension.java:106)
	at oracle.jdbc.driver.OracleDriver.connect(OracleDriver.java:887)
	at oracle.jdbc.driver.OracleDriver.connect(OracleDriver.java:694)
	at net.sf.log4jdbc.sql.jdbcapi.DriverSpy.connect(DriverSpy.java:401)
	at com.zaxxer.hikari.util.DriverDataSource.getConnection(DriverDataSource.java:144)
	at com.zaxxer.hikari.pool.PoolBase.newConnection(PoolBase.java:370)
	at com.zaxxer.hikari.pool.PoolBase.newPoolEntry(PoolBase.java:207)
	at com.zaxxer.hikari.pool.HikariPool.createPoolEntry(HikariPool.java:488)
	at com.zaxxer.hikari.pool.HikariPool$PoolEntryCreator.call(HikariPool.java:752)
	at com.zaxxer.hikari.pool.HikariPool$PoolEntryCreator.call(HikariPool.java:731)
	at java.base/java.util.concurrent.FutureTask.run(FutureTask.java:264)
	at java.base/java.util.concurrent.ThreadPoolExecutor.runWorker(ThreadPoolExecutor.java:1136)
	at java.base/java.util.concurrent.ThreadPoolExecutor$Worker.run(ThreadPoolExecutor.java:635)
	at java.base/java.lang.Thread.run(Thread.java:840)
Caused by: oracle.net.ns.NetException: ORA-12170: 접속할 수 없습니다. TCP connect 시간 초과(30000ms)는 host 175.197.69.42 port 1521에 적용됩니다. (CONNECTION_ID=TWn3GMTuSam8mmjZH71jlg==)
https://docs.oracle.com/error-help/db/ora-12170/
	at oracle.net.nt.TcpNTAdapter.handleEstablishSocketException(TcpNTAdapter.java:385)
	at oracle.net.nt.TcpNTAdapter.establishSocket(TcpNTAdapter.java:350)
	at oracle.net.nt.TcpNTAdapter.connect(TcpNTAdapter.java:228)
	at oracle.net.nt.ConnOption.connect(ConnOption.java:346)
	at oracle.net.nt.ConnStrategy.executeConnOption(ConnStrategy.java:1252)
	at oracle.net.nt.ConnStrategy.execute(ConnStrategy.java:778)
	at oracle.net.resolver.AddrResolution.resolveAndExecute(AddrResolution.java:718)
	at oracle.net.ns.NSProtocol.establishConnection(NSProtocol.java:960)
	at oracle.net.ns.NSProtocol.connect(NSProtocol.java:329)
	at oracle.jdbc.driver.T4CConnection.connectNetworkSessionProtocol(T4CConnection.java:3684)
	at oracle.jdbc.driver.T4CConnection.logon(T4CConnection.java:1083)
	... 15 common frames omitted
[2026-01-30 17:45:32.787] [INFO ] [SpringApplicationShutdownHook] o.s.b.w.e.tomcat.GracefulShutdown - Commencing graceful shutdown. Waiting for active requests to complete
[2026-01-30 17:45:32.826] [INFO ] [tomcat-shutdown] o.s.b.w.e.tomcat.GracefulShutdown - Graceful shutdown complete
[2026-01-30 17:45:32.875] [INFO ] [SpringApplicationShutdownHook] com.zaxxer.hikari.HikariDataSource - HikariPool-1 - Shutdown initiated...
[2026-01-30 17:45:38.617] [INFO ] [SpringApplicationShutdownHook] com.zaxxer.hikari.HikariDataSource - HikariPool-1 - Shutdown completed.
[2026-01-30 17:45:42.948] [INFO ] [background-preinit] o.h.validator.internal.util.Version - HV000001: Hibernate Validator 8.0.3.Final
[2026-01-30 17:45:42.971] [INFO ] [restartedMain] com.sqld_board.sqld.SqldApplication - Starting SqldApplication using Java 17.0.11 with PID 3642 (/Users/minboklee/Downloads/sqld/build/classes/java/main started by minboklee in /Users/minboklee/Downloads/sqld)
[2026-01-30 17:45:42.971] [INFO ] [restartedMain] com.sqld_board.sqld.SqldApplication - No active profile set, falling back to 1 default profile: "default"
[2026-01-30 17:45:42.988] [INFO ] [restartedMain] o.s.b.d.restart.ChangeableUrls - The Class-Path manifest attribute in /Users/minboklee/.gradle/caches/modules-2/files-2.1/com.oracle.database.jdbc/ojdbc11/23.7.0.25.01/665f52abef9122ce003b5cfc1d9d44f7302e2cfe/ojdbc11-23.7.0.25.01.jar referenced one or more files that do not exist: file:/Users/minboklee/.gradle/caches/modules-2/files-2.1/com.oracle.database.jdbc/ojdbc11/23.7.0.25.01/665f52abef9122ce003b5cfc1d9d44f7302e2cfe/oraclepki.jar
[2026-01-30 17:45:42.988] [INFO ] [restartedMain] o.s.b.d.e.DevToolsPropertyDefaultsPostProcessor - Devtools property defaults active! Set 'spring.devtools.add-properties' to 'false' to disable
[2026-01-30 17:45:42.988] [INFO ] [restartedMain] o.s.b.d.e.DevToolsPropertyDefaultsPostProcessor - For additional web related logging consider setting the 'logging.level.web' property to 'DEBUG'
[2026-01-30 17:45:43.629] [INFO ] [restartedMain] o.s.b.w.e.tomcat.TomcatWebServer - Tomcat initialized with port 8881 (http)
[2026-01-30 17:45:43.635] [INFO ] [restartedMain] o.a.coyote.http11.Http11NioProtocol - Initializing ProtocolHandler ["http-nio-8881"]
[2026-01-30 17:45:43.636] [INFO ] [restartedMain] o.a.catalina.core.StandardService - Starting service [Tomcat]
[2026-01-30 17:45:43.636] [INFO ] [restartedMain] o.a.catalina.core.StandardEngine - Starting Servlet engine: [Apache Tomcat/10.1.46]
[2026-01-30 17:45:43.654] [INFO ] [restartedMain] o.a.c.c.C.[Tomcat].[localhost].[/] - Initializing Spring embedded WebApplicationContext
[2026-01-30 17:45:43.654] [INFO ] [restartedMain] o.s.b.w.s.c.ServletWebServerApplicationContext - Root WebApplicationContext: initialization completed in 665 ms
[2026-01-30 17:45:43.828] [INFO ] [restartedMain] o.s.s.c.a.a.c.InitializeUserDetailsBeanManagerConfigurer$InitializeUserDetailsManagerConfigurer - Global AuthenticationManager configured with UserDetailsService bean with name customUserDetailService
[2026-01-30 17:45:43.855] [INFO ] [restartedMain] c.s.s.c.s.CustomSecurityConfig - ********* security config
[2026-01-30 17:45:44.097] [INFO ] [restartedMain] com.zaxxer.hikari.HikariDataSource - HikariPool-1 - Starting...
[2026-01-30 17:46:15.360] [INFO ] [restartedMain] o.s.b.d.a.OptionalLiveReloadServer - LiveReload server is running on port 35729
[2026-01-30 17:46:15.374] [INFO ] [restartedMain] o.a.coyote.http11.Http11NioProtocol - Starting ProtocolHandler ["http-nio-8881"]
[2026-01-30 17:46:15.384] [INFO ] [restartedMain] o.s.b.w.e.tomcat.TomcatWebServer - Tomcat started on port 8881 (http) with context path '/'
[2026-01-30 17:46:15.391] [INFO ] [restartedMain] com.sqld_board.sqld.SqldApplication - Started SqldApplication in 32.668 seconds (process running for 33.167)
[2026-01-30 17:46:15.806] [INFO ] [http-nio-8881-exec-1] o.a.c.c.C.[Tomcat].[localhost].[/] - Initializing Spring DispatcherServlet 'dispatcherServlet'
[2026-01-30 17:46:15.806] [INFO ] [http-nio-8881-exec-1] o.s.web.servlet.DispatcherServlet - Initializing Servlet 'dispatcherServlet'
[2026-01-30 17:46:15.807] [INFO ] [http-nio-8881-exec-1] o.s.web.servlet.DispatcherServlet - Completed initialization in 1 ms
[2026-01-30 17:46:16.179] [INFO ] [http-nio-8881-exec-8] o.s.api.AbstractOpenApiResource - Init duration for springdoc-openapi is: 184 ms
[2026-01-30 17:46:30.662] [INFO ] [http-nio-8881-exec-5] com.zaxxer.hikari.HikariDataSource - HikariPool-1 - Starting...
[2026-01-30 17:47:01.718] [INFO ] [http-nio-8881-exec-5] c.s.sqld.exception.ExceptionAdvice - error
org.mybatis.spring.MyBatisSystemException: 
### Error querying database.  Cause: org.springframework.jdbc.CannotGetJdbcConnectionException: Failed to obtain JDBC Connection
### The error may exist in file [/Users/minboklee/Downloads/sqld/build/resources/main/mapper/Member.xml]
### The error may involve com.sqld_board.sqld.mapper.MemberMapper.readMemberByUsersId
### The error occurred while executing a query
### Cause: org.springframework.jdbc.CannotGetJdbcConnectionException: Failed to obtain JDBC Connection
	at org.mybatis.spring.MyBatisExceptionTranslator.translateExceptionIfPossible(MyBatisExceptionTranslator.java:101)
	at org.mybatis.spring.SqlSessionTemplate$SqlSessionInterceptor.invoke(SqlSessionTemplate.java:347)
	at jdk.proxy2/jdk.proxy2.$Proxy84.selectOne(Unknown Source)
	at org.mybatis.spring.SqlSessionTemplate.selectOne(SqlSessionTemplate.java:154)
	at org.apache.ibatis.binding.MapperMethod.execute(MapperMethod.java:87)
	at org.apache.ibatis.binding.MapperProxy$PlainMethodInvoker.invoke(MapperProxy.java:141)
	at org.apache.ibatis.binding.MapperProxy.invoke(MapperProxy.java:86)
	at jdk.proxy3/jdk.proxy3.$Proxy85.readMemberByUsersId(Unknown Source)
	at java.base/jdk.internal.reflect.NativeMethodAccessorImpl.invoke0(Native Method)
	at java.base/jdk.internal.reflect.NativeMethodAccessorImpl.invoke(NativeMethodAccessorImpl.java:77)
	at java.base/jdk.internal.reflect.DelegatingMethodAccessorImpl.invoke(DelegatingMethodAccessorImpl.java:43)
	at java.base/java.lang.reflect.Method.invoke(Method.java:568)
	at org.springframework.aop.support.AopUtils.invokeJoinpointUsingReflection(AopUtils.java:360)
	at org.springframework.aop.framework.ReflectiveMethodInvocation.invokeJoinpoint(ReflectiveMethodInvocation.java:196)
	at org.springframework.aop.framework.ReflectiveMethodInvocation.proceed(ReflectiveMethodInvocation.java:163)
	at org.springframework.dao.support.PersistenceExceptionTranslationInterceptor.invoke(PersistenceExceptionTranslationInterceptor.java:138)
	at org.springframework.aop.framework.ReflectiveMethodInvocation.proceed(ReflectiveMethodInvocation.java:184)
	at org.springframework.aop.framework.JdkDynamicAopProxy.invoke(JdkDynamicAopProxy.java:223)
	at jdk.proxy3/jdk.proxy3.$Proxy86.readMemberByUsersId(Unknown Source)
	at com.sqld_board.sqld.service.sign.SignService.readMemberByUsersId(SignService.java:91)
	at com.sqld_board.sqld.service.sign.SignService.signIn(SignService.java:44)
	at com.sqld_board.sqld.controller.sign.SignController.signIn(SignController.java:31)
	at java.base/jdk.internal.reflect.NativeMethodAccessorImpl.invoke0(Native Method)
	at java.base/jdk.internal.reflect.NativeMethodAccessorImpl.invoke(NativeMethodAccessorImpl.java:77)
	at java.base/jdk.internal.reflect.DelegatingMethodAccessorImpl.invoke(DelegatingMethodAccessorImpl.java:43)
	at java.base/java.lang.reflect.Method.invoke(Method.java:568)
	at org.springframework.web.method.support.InvocableHandlerMethod.doInvoke(InvocableHandlerMethod.java:258)
	at org.springframework.web.method.support.InvocableHandlerMethod.invokeForRequest(InvocableHandlerMethod.java:191)
	at org.springframework.web.servlet.mvc.method.annotation.ServletInvocableHandlerMethod.invokeAndHandle(ServletInvocableHandlerMethod.java:118)
	at org.springframework.web.servlet.mvc.method.annotation.RequestMappingHandlerAdapter.invokeHandlerMethod(RequestMappingHandlerAdapter.java:991)
	at org.springframework.web.servlet.mvc.method.annotation.RequestMappingHandlerAdapter.handleInternal(RequestMappingHandlerAdapter.java:896)
	at org.springframework.web.servlet.mvc.method.AbstractHandlerMethodAdapter.handle(AbstractHandlerMethodAdapter.java:87)
	at org.springframework.web.servlet.DispatcherServlet.doDispatch(DispatcherServlet.java:1089)
	at org.springframework.web.servlet.DispatcherServlet.doService(DispatcherServlet.java:979)
	at org.springframework.web.servlet.FrameworkServlet.processRequest(FrameworkServlet.java:1014)
	at org.springframework.web.servlet.FrameworkServlet.doPost(FrameworkServlet.java:914)
	at jakarta.servlet.http.HttpServlet.service(HttpServlet.java:590)
	at org.springframework.web.servlet.FrameworkServlet.service(FrameworkServlet.java:885)
	at jakarta.servlet.http.HttpServlet.service(HttpServlet.java:658)
	at org.apache.catalina.core.ApplicationFilterChain.internalDoFilter(ApplicationFilterChain.java:195)
	at org.apache.catalina.core.ApplicationFilterChain.doFilter(ApplicationFilterChain.java:140)
	at org.apache.tomcat.websocket.server.WsFilter.doFilter(WsFilter.java:51)
	at org.apache.catalina.core.ApplicationFilterChain.internalDoFilter(ApplicationFilterChain.java:164)
	at org.apache.catalina.core.ApplicationFilterChain.doFilter(ApplicationFilterChain.java:140)
	at org.springframework.web.filter.CompositeFilter$VirtualFilterChain.doFilter(CompositeFilter.java:108)
	at org.springframework.web.filter.CompositeFilter$VirtualFilterChain.doFilter(CompositeFilter.java:108)
	at org.springframework.security.web.FilterChainProxy.lambda$doFilterInternal$3(FilterChainProxy.java:231)
	at org.springframework.security.web.FilterChainProxy$VirtualFilterChain.doFilter(FilterChainProxy.java:365)
	at org.springframework.security.web.access.intercept.AuthorizationFilter.doFilter(AuthorizationFilter.java:101)
	at org.springframework.security.web.FilterChainProxy$VirtualFilterChain.doFilter(FilterChainProxy.java:374)
	at org.springframework.security.web.access.ExceptionTranslationFilter.doFilter(ExceptionTranslationFilter.java:125)
	at org.springframework.security.web.access.ExceptionTranslationFilter.doFilter(ExceptionTranslationFilter.java:119)
	at org.springframework.security.web.FilterChainProxy$VirtualFilterChain.doFilter(FilterChainProxy.java:374)
	at org.springframework.security.web.session.SessionManagementFilter.doFilter(SessionManagementFilter.java:131)
	at org.springframework.security.web.session.SessionManagementFilter.doFilter(SessionManagementFilter.java:85)
	at org.springframework.security.web.FilterChainProxy$VirtualFilterChain.doFilter(FilterChainProxy.java:374)
	at org.springframework.security.web.authentication.AnonymousAuthenticationFilter.doFilter(AnonymousAuthenticationFilter.java:100)
	at org.springframework.security.web.FilterChainProxy$VirtualFilterChain.doFilter(FilterChainProxy.java:374)
	at org.springframework.security.web.servletapi.SecurityContextHolderAwareRequestFilter.doFilter(SecurityContextHolderAwareRequestFilter.java:179)
	at org.springframework.security.web.FilterChainProxy$VirtualFilterChain.doFilter(FilterChainProxy.java:374)
	at org.springframework.security.web.savedrequest.RequestCacheAwareFilter.doFilter(RequestCacheAwareFilter.java:63)
	at org.springframework.security.web.FilterChainProxy$VirtualFilterChain.doFilter(FilterChainProxy.java:374)
	at org.springframework.security.web.authentication.logout.LogoutFilter.doFilter(LogoutFilter.java:107)
	at org.springframework.security.web.authentication.logout.LogoutFilter.doFilter(LogoutFilter.java:93)
	at org.springframework.security.web.FilterChainProxy$VirtualFilterChain.doFilter(FilterChainProxy.java:374)
	at org.springframework.web.filter.CorsFilter.doFilterInternal(CorsFilter.java:91)
	at org.springframework.web.filter.OncePerRequestFilter.doFilter(OncePerRequestFilter.java:116)
	at org.springframework.security.web.FilterChainProxy$VirtualFilterChain.doFilter(FilterChainProxy.java:374)
	at org.springframework.security.web.header.HeaderWriterFilter.doHeadersAfter(HeaderWriterFilter.java:90)
	at org.springframework.security.web.header.HeaderWriterFilter.doFilterInternal(HeaderWriterFilter.java:75)
	at org.springframework.web.filter.OncePerRequestFilter.doFilter(OncePerRequestFilter.java:116)
	at org.springframework.security.web.FilterChainProxy$VirtualFilterChain.doFilter(FilterChainProxy.java:374)
	at org.springframework.security.web.context.SecurityContextHolderFilter.doFilter(SecurityContextHolderFilter.java:82)
	at org.springframework.security.web.context.SecurityContextHolderFilter.doFilter(SecurityContextHolderFilter.java:69)
	at org.springframework.security.web.FilterChainProxy$VirtualFilterChain.doFilter(FilterChainProxy.java:374)
	at org.springframework.security.web.context.request.async.WebAsyncManagerIntegrationFilter.doFilterInternal(WebAsyncManagerIntegrationFilter.java:62)
	at org.springframework.web.filter.OncePerRequestFilter.doFilter(OncePerRequestFilter.java:116)
	at org.springframework.security.web.FilterChainProxy$VirtualFilterChain.doFilter(FilterChainProxy.java:374)
	at org.springframework.security.web.session.DisableEncodeUrlFilter.doFilterInternal(DisableEncodeUrlFilter.java:42)
	at org.springframework.web.filter.OncePerRequestFilter.doFilter(OncePerRequestFilter.java:116)
	at org.springframework.security.web.FilterChainProxy$VirtualFilterChain.doFilter(FilterChainProxy.java:374)
	at org.springframework.security.web.FilterChainProxy.doFilterInternal(FilterChainProxy.java:233)
	at org.springframework.security.web.FilterChainProxy.doFilter(FilterChainProxy.java:191)
	at org.springframework.web.filter.CompositeFilter$VirtualFilterChain.doFilter(CompositeFilter.java:113)
	at org.springframework.web.filter.ServletRequestPathFilter.doFilter(ServletRequestPathFilter.java:52)
	at org.springframework.web.filter.CompositeFilter$VirtualFilterChain.doFilter(CompositeFilter.java:113)
	at org.springframework.web.filter.CompositeFilter.doFilter(CompositeFilter.java:74)
	at org.springframework.security.config.annotation.web.configuration.WebSecurityConfiguration$CompositeFilterChainProxy.doFilter(WebSecurityConfiguration.java:319)
	at org.springframework.web.filter.CompositeFilter$VirtualFilterChain.doFilter(CompositeFilter.java:113)
	at org.springframework.web.servlet.handler.HandlerMappingIntrospector.lambda$createCacheFilter$4(HandlerMappingIntrospector.java:267)
	at org.springframework.web.filter.CompositeFilter$VirtualFilterChain.doFilter(CompositeFilter.java:113)
	at org.springframework.web.filter.CompositeFilter.doFilter(CompositeFilter.java:74)
	at org.springframework.security.config.annotation.web.configuration.WebMvcSecurityConfiguration$CompositeFilterChainProxy.doFilter(WebMvcSecurityConfiguration.java:240)
	at org.springframework.web.filter.DelegatingFilterProxy.invokeDelegate(DelegatingFilterProxy.java:362)
	at org.springframework.web.filter.DelegatingFilterProxy.doFilter(DelegatingFilterProxy.java:278)
	at org.apache.catalina.core.ApplicationFilterChain.internalDoFilter(ApplicationFilterChain.java:164)
	at org.apache.catalina.core.ApplicationFilterChain.doFilter(ApplicationFilterChain.java:140)
	at org.springframework.web.filter.RequestContextFilter.doFilterInternal(RequestContextFilter.java:100)
	at org.springframework.web.filter.OncePerRequestFilter.doFilter(OncePerRequestFilter.java:116)
	at org.apache.catalina.core.ApplicationFilterChain.internalDoFilter(ApplicationFilterChain.java:164)
	at org.apache.catalina.core.ApplicationFilterChain.doFilter(ApplicationFilterChain.java:140)
	at org.springframework.web.filter.FormContentFilter.doFilterInternal(FormContentFilter.java:93)
	at org.springframework.web.filter.OncePerRequestFilter.doFilter(OncePerRequestFilter.java:116)
	at org.apache.catalina.core.ApplicationFilterChain.internalDoFilter(ApplicationFilterChain.java:164)
	at org.apache.catalina.core.ApplicationFilterChain.doFilter(ApplicationFilterChain.java:140)
	at org.springframework.web.filter.CharacterEncodingFilter.doFilterInternal(CharacterEncodingFilter.java:201)
	at org.springframework.web.filter.OncePerRequestFilter.doFilter(OncePerRequestFilter.java:116)
	at org.apache.catalina.core.ApplicationFilterChain.internalDoFilter(ApplicationFilterChain.java:164)
	at org.apache.catalina.core.ApplicationFilterChain.doFilter(ApplicationFilterChain.java:140)
	at org.apache.catalina.core.StandardWrapperValve.invoke(StandardWrapperValve.java:167)
	at org.apache.catalina.core.StandardContextValve.invoke(StandardContextValve.java:90)
	at org.apache.catalina.authenticator.AuthenticatorBase.invoke(AuthenticatorBase.java:483)
	at org.apache.catalina.core.StandardHostValve.invoke(StandardHostValve.java:116)
	at org.apache.catalina.valves.ErrorReportValve.invoke(ErrorReportValve.java:93)
	at org.apache.catalina.core.StandardEngineValve.invoke(StandardEngineValve.java:74)
	at org.apache.catalina.connector.CoyoteAdapter.service(CoyoteAdapter.java:344)
	at org.apache.coyote.http11.Http11Processor.service(Http11Processor.java:398)
	at org.apache.coyote.AbstractProcessorLight.process(AbstractProcessorLight.java:63)
	at org.apache.coyote.AbstractProtocol$ConnectionHandler.process(AbstractProtocol.java:903)
	at org.apache.tomcat.util.net.NioEndpoint$SocketProcessor.doRun(NioEndpoint.java:1776)
	at org.apache.tomcat.util.net.SocketProcessorBase.run(SocketProcessorBase.java:52)
	at org.apache.tomcat.util.threads.ThreadPoolExecutor.runWorker(ThreadPoolExecutor.java:975)
	at org.apache.tomcat.util.threads.ThreadPoolExecutor$Worker.run(ThreadPoolExecutor.java:493)
	at org.apache.tomcat.util.threads.TaskThread$WrappingRunnable.run(TaskThread.java:63)
	at java.base/java.lang.Thread.run(Thread.java:840)
Caused by: org.apache.ibatis.exceptions.PersistenceException: 
### Error querying database.  Cause: org.springframework.jdbc.CannotGetJdbcConnectionException: Failed to obtain JDBC Connection
### The error may exist in file [/Users/minboklee/Downloads/sqld/build/resources/main/mapper/Member.xml]
### The error may involve com.sqld_board.sqld.mapper.MemberMapper.readMemberByUsersId
### The error occurred while executing a query
### Cause: org.springframework.jdbc.CannotGetJdbcConnectionException: Failed to obtain JDBC Connection
	at org.apache.ibatis.exceptions.ExceptionFactory.wrapException(ExceptionFactory.java:30)
	at org.apache.ibatis.session.defaults.DefaultSqlSession.selectList(DefaultSqlSession.java:156)
	at org.apache.ibatis.session.defaults.DefaultSqlSession.selectList(DefaultSqlSession.java:147)
	at org.apache.ibatis.session.defaults.DefaultSqlSession.selectList(DefaultSqlSession.java:142)
	at org.apache.ibatis.session.defaults.DefaultSqlSession.selectOne(DefaultSqlSession.java:75)
	at java.base/jdk.internal.reflect.NativeMethodAccessorImpl.invoke0(Native Method)
	at java.base/jdk.internal.reflect.NativeMethodAccessorImpl.invoke(NativeMethodAccessorImpl.java:77)
	at java.base/jdk.internal.reflect.DelegatingMethodAccessorImpl.invoke(DelegatingMethodAccessorImpl.java:43)
	at java.base/java.lang.reflect.Method.invoke(Method.java:568)
	at org.mybatis.spring.SqlSessionTemplate$SqlSessionInterceptor.invoke(SqlSessionTemplate.java:333)
	... 123 common frames omitted
Caused by: org.springframework.jdbc.CannotGetJdbcConnectionException: Failed to obtain JDBC Connection
	at org.springframework.jdbc.datasource.DataSourceUtils.getConnection(DataSourceUtils.java:84)
	at org.mybatis.spring.transaction.SpringManagedTransaction.openConnection(SpringManagedTransaction.java:77)
	at org.mybatis.spring.transaction.SpringManagedTransaction.getConnection(SpringManagedTransaction.java:64)
	at org.apache.ibatis.executor.BaseExecutor.getConnection(BaseExecutor.java:348)
	at org.apache.ibatis.executor.SimpleExecutor.prepareStatement(SimpleExecutor.java:89)
	at org.apache.ibatis.executor.SimpleExecutor.doQuery(SimpleExecutor.java:64)
	at org.apache.ibatis.executor.BaseExecutor.queryFromDatabase(BaseExecutor.java:336)
	at org.apache.ibatis.executor.BaseExecutor.query(BaseExecutor.java:158)
	at org.apache.ibatis.executor.CachingExecutor.query(CachingExecutor.java:110)
	at org.apache.ibatis.executor.CachingExecutor.query(CachingExecutor.java:90)
	at org.apache.ibatis.session.defaults.DefaultSqlSession.selectList(DefaultSqlSession.java:154)
	... 131 common frames omitted
Caused by: java.sql.SQLTimeoutException: ORA-12170: 접속할 수 없습니다. TCP connect 시간 초과(30000ms)는 host 175.197.69.42 port 1521에 적용됩니다. (CONNECTION_ID=P3BU/Pc9Rn2gU0bEkjia5g==)
https://docs.oracle.com/error-help/db/ora-12170/
	at oracle.jdbc.driver.T4CConnection.handleLogonNetException(T4CConnection.java:1853)
	at oracle.jdbc.driver.T4CConnection.logon(T4CConnection.java:1204)
	at oracle.jdbc.driver.PhysicalConnection.connect(PhysicalConnection.java:1189)
	at oracle.jdbc.driver.T4CDriverExtension.getConnection(T4CDriverExtension.java:106)
	at oracle.jdbc.driver.OracleDriver.connect(OracleDriver.java:887)
	at oracle.jdbc.driver.OracleDriver.connect(OracleDriver.java:694)
	at net.sf.log4jdbc.sql.jdbcapi.DriverSpy.connect(DriverSpy.java:401)
	at com.zaxxer.hikari.util.DriverDataSource.getConnection(DriverDataSource.java:144)
	at com.zaxxer.hikari.pool.PoolBase.newConnection(PoolBase.java:370)
	at com.zaxxer.hikari.pool.PoolBase.newPoolEntry(PoolBase.java:207)
	at com.zaxxer.hikari.pool.HikariPool.createPoolEntry(HikariPool.java:488)
	at com.zaxxer.hikari.pool.HikariPool.checkFailFast(HikariPool.java:576)
	at com.zaxxer.hikari.pool.HikariPool.<init>(HikariPool.java:97)
	at com.zaxxer.hikari.HikariDataSource.getConnection(HikariDataSource.java:111)
	at org.springframework.jdbc.datasource.DataSourceUtils.fetchConnection(DataSourceUtils.java:160)
	at org.springframework.jdbc.datasource.DataSourceUtils.doGetConnection(DataSourceUtils.java:118)
	at org.springframework.jdbc.datasource.DataSourceUtils.getConnection(DataSourceUtils.java:81)
	... 141 common frames omitted
Caused by: oracle.net.ns.NetException: ORA-12170: 접속할 수 없습니다. TCP connect 시간 초과(30000ms)는 host 175.197.69.42 port 1521에 적용됩니다. (CONNECTION_ID=P3BU/Pc9Rn2gU0bEkjia5g==)
https://docs.oracle.com/error-help/db/ora-12170/
	at oracle.net.nt.TcpNTAdapter.handleEstablishSocketException(TcpNTAdapter.java:385)
	at oracle.net.nt.TcpNTAdapter.establishSocket(TcpNTAdapter.java:350)
	at oracle.net.nt.TcpNTAdapter.connect(TcpNTAdapter.java:228)
	at oracle.net.nt.ConnOption.connect(ConnOption.java:346)
	at oracle.net.nt.ConnStrategy.executeConnOption(ConnStrategy.java:1252)
	at oracle.net.nt.ConnStrategy.execute(ConnStrategy.java:778)
	at oracle.net.resolver.AddrResolution.resolveAndExecute(AddrResolution.java:718)
	at oracle.net.ns.NSProtocol.establishConnection(NSProtocol.java:960)
	at oracle.net.ns.NSProtocol.connect(NSProtocol.java:329)
	at oracle.jdbc.driver.T4CConnection.connectNetworkSessionProtocol(T4CConnection.java:3684)
	at oracle.jdbc.driver.T4CConnection.logon(T4CConnection.java:1083)
	... 156 common frames omitted
[2026-01-30 17:47:01.729] [WARN ] [http-nio-8881-exec-5] o.s.w.s.m.m.a.ExceptionHandlerExceptionResolver - Failure in @ExceptionHandler com.sqld_board.sqld.exception.ExceptionAdvice#exception(Exception)
org.springframework.context.NoSuchMessageException: No message found under code 'exception.msg' for locale 'ko_KR'.
	at org.springframework.context.support.AbstractMessageSource.getMessage(AbstractMessageSource.java:166)
	at com.sqld_board.sqld.handler.ResponseHandler.getMessage(ResponseHandler.java:34)
	at com.sqld_board.sqld.handler.ResponseHandler.getFailureResponse(ResponseHandler.java:21)
	at com.sqld_board.sqld.exception.ExceptionAdvice.exception(ExceptionAdvice.java:28)
	at java.base/jdk.internal.reflect.NativeMethodAccessorImpl.invoke0(Native Method)
	at java.base/jdk.internal.reflect.NativeMethodAccessorImpl.invoke(NativeMethodAccessorImpl.java:77)
	at java.base/jdk.internal.reflect.DelegatingMethodAccessorImpl.invoke(DelegatingMethodAccessorImpl.java:43)
	at java.base/java.lang.reflect.Method.invoke(Method.java:568)
	at org.springframework.web.method.support.InvocableHandlerMethod.doInvoke(InvocableHandlerMethod.java:258)
	at org.springframework.web.method.support.InvocableHandlerMethod.invokeForRequest(InvocableHandlerMethod.java:191)
	at org.springframework.web.servlet.mvc.method.annotation.ServletInvocableHandlerMethod.invokeAndHandle(ServletInvocableHandlerMethod.java:118)
	at org.springframework.web.servlet.mvc.method.annotation.ExceptionHandlerExceptionResolver.doResolveHandlerMethodException(ExceptionHandlerExceptionResolver.java:471)
	at org.springframework.web.servlet.handler.AbstractHandlerMethodExceptionResolver.doResolveException(AbstractHandlerMethodExceptionResolver.java:73)
	at org.springframework.web.servlet.handler.AbstractHandlerExceptionResolver.resolveException(AbstractHandlerExceptionResolver.java:182)
	at org.springframework.web.servlet.handler.HandlerExceptionResolverComposite.resolveException(HandlerExceptionResolverComposite.java:80)
	at org.springframework.web.servlet.DispatcherServlet.processHandlerException(DispatcherServlet.java:1360)
	at org.springframework.web.servlet.DispatcherServlet.processDispatchResult(DispatcherServlet.java:1161)
	at org.springframework.web.servlet.DispatcherServlet.doDispatch(DispatcherServlet.java:1106)
	at org.springframework.web.servlet.DispatcherServlet.doService(DispatcherServlet.java:979)
	at org.springframework.web.servlet.FrameworkServlet.processRequest(FrameworkServlet.java:1014)
	at org.springframework.web.servlet.FrameworkServlet.doPost(FrameworkServlet.java:914)
	at jakarta.servlet.http.HttpServlet.service(HttpServlet.java:590)
	at org.springframework.web.servlet.FrameworkServlet.service(FrameworkServlet.java:885)
	at jakarta.servlet.http.HttpServlet.service(HttpServlet.java:658)
	at org.apache.catalina.core.ApplicationFilterChain.internalDoFilter(ApplicationFilterChain.java:195)
	at org.apache.catalina.core.ApplicationFilterChain.doFilter(ApplicationFilterChain.java:140)
	at org.apache.tomcat.websocket.server.WsFilter.doFilter(WsFilter.java:51)
	at org.apache.catalina.core.ApplicationFilterChain.internalDoFilter(ApplicationFilterChain.java:164)
	at org.apache.catalina.core.ApplicationFilterChain.doFilter(ApplicationFilterChain.java:140)
	at org.springframework.web.filter.CompositeFilter$VirtualFilterChain.doFilter(CompositeFilter.java:108)
	at org.springframework.web.filter.CompositeFilter$VirtualFilterChain.doFilter(CompositeFilter.java:108)
	at org.springframework.security.web.FilterChainProxy.lambda$doFilterInternal$3(FilterChainProxy.java:231)
	at org.springframework.security.web.FilterChainProxy$VirtualFilterChain.doFilter(FilterChainProxy.java:365)
	at org.springframework.security.web.access.intercept.AuthorizationFilter.doFilter(AuthorizationFilter.java:101)
	at org.springframework.security.web.FilterChainProxy$VirtualFilterChain.doFilter(FilterChainProxy.java:374)
	at org.springframework.security.web.access.ExceptionTranslationFilter.doFilter(ExceptionTranslationFilter.java:125)
	at org.springframework.security.web.access.ExceptionTranslationFilter.doFilter(ExceptionTranslationFilter.java:119)
	at org.springframework.security.web.FilterChainProxy$VirtualFilterChain.doFilter(FilterChainProxy.java:374)
	at org.springframework.security.web.session.SessionManagementFilter.doFilter(SessionManagementFilter.java:131)
	at org.springframework.security.web.session.SessionManagementFilter.doFilter(SessionManagementFilter.java:85)
	at org.springframework.security.web.FilterChainProxy$VirtualFilterChain.doFilter(FilterChainProxy.java:374)
	at org.springframework.security.web.authentication.AnonymousAuthenticationFilter.doFilter(AnonymousAuthenticationFilter.java:100)
	at org.springframework.security.web.FilterChainProxy$VirtualFilterChain.doFilter(FilterChainProxy.java:374)
	at org.springframework.security.web.servletapi.SecurityContextHolderAwareRequestFilter.doFilter(SecurityContextHolderAwareRequestFilter.java:179)
	at org.springframework.security.web.FilterChainProxy$VirtualFilterChain.doFilter(FilterChainProxy.java:374)
	at org.springframework.security.web.savedrequest.RequestCacheAwareFilter.doFilter(RequestCacheAwareFilter.java:63)
	at org.springframework.security.web.FilterChainProxy$VirtualFilterChain.doFilter(FilterChainProxy.java:374)
	at org.springframework.security.web.authentication.logout.LogoutFilter.doFilter(LogoutFilter.java:107)
	at org.springframework.security.web.authentication.logout.LogoutFilter.doFilter(LogoutFilter.java:93)
	at org.springframework.security.web.FilterChainProxy$VirtualFilterChain.doFilter(FilterChainProxy.java:374)
	at org.springframework.web.filter.CorsFilter.doFilterInternal(CorsFilter.java:91)
	at org.springframework.web.filter.OncePerRequestFilter.doFilter(OncePerRequestFilter.java:116)
	at org.springframework.security.web.FilterChainProxy$VirtualFilterChain.doFilter(FilterChainProxy.java:374)
	at org.springframework.security.web.header.HeaderWriterFilter.doHeadersAfter(HeaderWriterFilter.java:90)
	at org.springframework.security.web.header.HeaderWriterFilter.doFilterInternal(HeaderWriterFilter.java:75)
	at org.springframework.web.filter.OncePerRequestFilter.doFilter(OncePerRequestFilter.java:116)
	at org.springframework.security.web.FilterChainProxy$VirtualFilterChain.doFilter(FilterChainProxy.java:374)
	at org.springframework.security.web.context.SecurityContextHolderFilter.doFilter(SecurityContextHolderFilter.java:82)
	at org.springframework.security.web.context.SecurityContextHolderFilter.doFilter(SecurityContextHolderFilter.java:69)
	at org.springframework.security.web.FilterChainProxy$VirtualFilterChain.doFilter(FilterChainProxy.java:374)
	at org.springframework.security.web.context.request.async.WebAsyncManagerIntegrationFilter.doFilterInternal(WebAsyncManagerIntegrationFilter.java:62)
	at org.springframework.web.filter.OncePerRequestFilter.doFilter(OncePerRequestFilter.java:116)
	at org.springframework.security.web.FilterChainProxy$VirtualFilterChain.doFilter(FilterChainProxy.java:374)
	at org.springframework.security.web.session.DisableEncodeUrlFilter.doFilterInternal(DisableEncodeUrlFilter.java:42)
	at org.springframework.web.filter.OncePerRequestFilter.doFilter(OncePerRequestFilter.java:116)
	at org.springframework.security.web.FilterChainProxy$VirtualFilterChain.doFilter(FilterChainProxy.java:374)
	at org.springframework.security.web.FilterChainProxy.doFilterInternal(FilterChainProxy.java:233)
	at org.springframework.security.web.FilterChainProxy.doFilter(FilterChainProxy.java:191)
	at org.springframework.web.filter.CompositeFilter$VirtualFilterChain.doFilter(CompositeFilter.java:113)
	at org.springframework.web.filter.ServletRequestPathFilter.doFilter(ServletRequestPathFilter.java:52)
	at org.springframework.web.filter.CompositeFilter$VirtualFilterChain.doFilter(CompositeFilter.java:113)
	at org.springframework.web.filter.CompositeFilter.doFilter(CompositeFilter.java:74)
	at org.springframework.security.config.annotation.web.configuration.WebSecurityConfiguration$CompositeFilterChainProxy.doFilter(WebSecurityConfiguration.java:319)
	at org.springframework.web.filter.CompositeFilter$VirtualFilterChain.doFilter(CompositeFilter.java:113)
	at org.springframework.web.servlet.handler.HandlerMappingIntrospector.lambda$createCacheFilter$4(HandlerMappingIntrospector.java:267)
	at org.springframework.web.filter.CompositeFilter$VirtualFilterChain.doFilter(CompositeFilter.java:113)
	at org.springframework.web.filter.CompositeFilter.doFilter(CompositeFilter.java:74)
	at org.springframework.security.config.annotation.web.configuration.WebMvcSecurityConfiguration$CompositeFilterChainProxy.doFilter(WebMvcSecurityConfiguration.java:240)
	at org.springframework.web.filter.DelegatingFilterProxy.invokeDelegate(DelegatingFilterProxy.java:362)
	at org.springframework.web.filter.DelegatingFilterProxy.doFilter(DelegatingFilterProxy.java:278)
	at org.apache.catalina.core.ApplicationFilterChain.internalDoFilter(ApplicationFilterChain.java:164)
	at org.apache.catalina.core.ApplicationFilterChain.doFilter(ApplicationFilterChain.java:140)
	at org.springframework.web.filter.RequestContextFilter.doFilterInternal(RequestContextFilter.java:100)
	at org.springframework.web.filter.OncePerRequestFilter.doFilter(OncePerRequestFilter.java:116)
	at org.apache.catalina.core.ApplicationFilterChain.internalDoFilter(ApplicationFilterChain.java:164)
	at org.apache.catalina.core.ApplicationFilterChain.doFilter(ApplicationFilterChain.java:140)
	at org.springframework.web.filter.FormContentFilter.doFilterInternal(FormContentFilter.java:93)
	at org.springframework.web.filter.OncePerRequestFilter.doFilter(OncePerRequestFilter.java:116)
	at org.apache.catalina.core.ApplicationFilterChain.internalDoFilter(ApplicationFilterChain.java:164)
	at org.apache.catalina.core.ApplicationFilterChain.doFilter(ApplicationFilterChain.java:140)
	at org.springframework.web.filter.CharacterEncodingFilter.doFilterInternal(CharacterEncodingFilter.java:201)
	at org.springframework.web.filter.OncePerRequestFilter.doFilter(OncePerRequestFilter.java:116)
	at org.apache.catalina.core.ApplicationFilterChain.internalDoFilter(ApplicationFilterChain.java:164)
	at org.apache.catalina.core.ApplicationFilterChain.doFilter(ApplicationFilterChain.java:140)
	at org.apache.catalina.core.StandardWrapperValve.invoke(StandardWrapperValve.java:167)
	at org.apache.catalina.core.StandardContextValve.invoke(StandardContextValve.java:90)
	at org.apache.catalina.authenticator.AuthenticatorBase.invoke(AuthenticatorBase.java:483)
	at org.apache.catalina.core.StandardHostValve.invoke(StandardHostValve.java:116)
	at org.apache.catalina.valves.ErrorReportValve.invoke(ErrorReportValve.java:93)
	at org.apache.catalina.core.StandardEngineValve.invoke(StandardEngineValve.java:74)
	at org.apache.catalina.connector.CoyoteAdapter.service(CoyoteAdapter.java:344)
	at org.apache.coyote.http11.Http11Processor.service(Http11Processor.java:398)
	at org.apache.coyote.AbstractProcessorLight.process(AbstractProcessorLight.java:63)
	at org.apache.coyote.AbstractProtocol$ConnectionHandler.process(AbstractProtocol.java:903)
	at org.apache.tomcat.util.net.NioEndpoint$SocketProcessor.doRun(NioEndpoint.java:1776)
	at org.apache.tomcat.util.net.SocketProcessorBase.run(SocketProcessorBase.java:52)
	at org.apache.tomcat.util.threads.ThreadPoolExecutor.runWorker(ThreadPoolExecutor.java:975)
	at org.apache.tomcat.util.threads.ThreadPoolExecutor$Worker.run(ThreadPoolExecutor.java:493)
	at org.apache.tomcat.util.threads.TaskThread$WrappingRunnable.run(TaskThread.java:63)
	at java.base/java.lang.Thread.run(Thread.java:840)
[2026-01-30 17:47:01.732] [ERROR] [http-nio-8881-exec-5] o.a.c.c.C.[.[.[.[dispatcherServlet] - Servlet.service() for servlet [dispatcherServlet] in context with path [] threw exception [Request processing failed: org.mybatis.spring.MyBatisSystemException: 
### Error querying database.  Cause: org.springframework.jdbc.CannotGetJdbcConnectionException: Failed to obtain JDBC Connection
### The error may exist in file [/Users/minboklee/Downloads/sqld/build/resources/main/mapper/Member.xml]
### The error may involve com.sqld_board.sqld.mapper.MemberMapper.readMemberByUsersId
### The error occurred while executing a query
### Cause: org.springframework.jdbc.CannotGetJdbcConnectionException: Failed to obtain JDBC Connection] with root cause
oracle.net.ns.NetException: ORA-12170: 접속할 수 없습니다. TCP connect 시간 초과(30000ms)는 host 175.197.69.42 port 1521에 적용됩니다. (CONNECTION_ID=P3BU/Pc9Rn2gU0bEkjia5g==)
https://docs.oracle.com/error-help/db/ora-12170/
	at oracle.net.nt.TcpNTAdapter.handleEstablishSocketException(TcpNTAdapter.java:385)
	at oracle.net.nt.TcpNTAdapter.establishSocket(TcpNTAdapter.java:350)
	at oracle.net.nt.TcpNTAdapter.connect(TcpNTAdapter.java:228)
	at oracle.net.nt.ConnOption.connect(ConnOption.java:346)
	at oracle.net.nt.ConnStrategy.executeConnOption(ConnStrategy.java:1252)
	at oracle.net.nt.ConnStrategy.execute(ConnStrategy.java:778)
	at oracle.net.resolver.AddrResolution.resolveAndExecute(AddrResolution.java:718)
	at oracle.net.ns.NSProtocol.establishConnection(NSProtocol.java:960)
	at oracle.net.ns.NSProtocol.connect(NSProtocol.java:329)
	at oracle.jdbc.driver.T4CConnection.connectNetworkSessionProtocol(T4CConnection.java:3684)
	at oracle.jdbc.driver.T4CConnection.logon(T4CConnection.java:1083)
	at oracle.jdbc.driver.PhysicalConnection.connect(PhysicalConnection.java:1189)
	at oracle.jdbc.driver.T4CDriverExtension.getConnection(T4CDriverExtension.java:106)
	at oracle.jdbc.driver.OracleDriver.connect(OracleDriver.java:887)
	at oracle.jdbc.driver.OracleDriver.connect(OracleDriver.java:694)
	at net.sf.log4jdbc.sql.jdbcapi.DriverSpy.connect(DriverSpy.java:401)
	at com.zaxxer.hikari.util.DriverDataSource.getConnection(DriverDataSource.java:144)
	at com.zaxxer.hikari.pool.PoolBase.newConnection(PoolBase.java:370)
	at com.zaxxer.hikari.pool.PoolBase.newPoolEntry(PoolBase.java:207)
	at com.zaxxer.hikari.pool.HikariPool.createPoolEntry(HikariPool.java:488)
	at com.zaxxer.hikari.pool.HikariPool.checkFailFast(HikariPool.java:576)
	at com.zaxxer.hikari.pool.HikariPool.<init>(HikariPool.java:97)
	at com.zaxxer.hikari.HikariDataSource.getConnection(HikariDataSource.java:111)
	at org.springframework.jdbc.datasource.DataSourceUtils.fetchConnection(DataSourceUtils.java:160)
	at org.springframework.jdbc.datasource.DataSourceUtils.doGetConnection(DataSourceUtils.java:118)
	at org.springframework.jdbc.datasource.DataSourceUtils.getConnection(DataSourceUtils.java:81)
	at org.mybatis.spring.transaction.SpringManagedTransaction.openConnection(SpringManagedTransaction.java:77)
	at org.mybatis.spring.transaction.SpringManagedTransaction.getConnection(SpringManagedTransaction.java:64)
	at org.apache.ibatis.executor.BaseExecutor.getConnection(BaseExecutor.java:348)
	at org.apache.ibatis.executor.SimpleExecutor.prepareStatement(SimpleExecutor.java:89)
	at org.apache.ibatis.executor.SimpleExecutor.doQuery(SimpleExecutor.java:64)
	at org.apache.ibatis.executor.BaseExecutor.queryFromDatabase(BaseExecutor.java:336)
	at org.apache.ibatis.executor.BaseExecutor.query(BaseExecutor.java:158)
	at org.apache.ibatis.executor.CachingExecutor.query(CachingExecutor.java:110)
	at org.apache.ibatis.executor.CachingExecutor.query(CachingExecutor.java:90)
	at org.apache.ibatis.session.defaults.DefaultSqlSession.selectList(DefaultSqlSession.java:154)
	at org.apache.ibatis.session.defaults.DefaultSqlSession.selectList(DefaultSqlSession.java:147)
	at org.apache.ibatis.session.defaults.DefaultSqlSession.selectList(DefaultSqlSession.java:142)
	at org.apache.ibatis.session.defaults.DefaultSqlSession.selectOne(DefaultSqlSession.java:75)
	at java.base/jdk.internal.reflect.NativeMethodAccessorImpl.invoke0(Native Method)
	at java.base/jdk.internal.reflect.NativeMethodAccessorImpl.invoke(NativeMethodAccessorImpl.java:77)
	at java.base/jdk.internal.reflect.DelegatingMethodAccessorImpl.invoke(DelegatingMethodAccessorImpl.java:43)
	at java.base/java.lang.reflect.Method.invoke(Method.java:568)
	at org.mybatis.spring.SqlSessionTemplate$SqlSessionInterceptor.invoke(SqlSessionTemplate.java:333)
	at jdk.proxy2/jdk.proxy2.$Proxy84.selectOne(Unknown Source)
	at org.mybatis.spring.SqlSessionTemplate.selectOne(SqlSessionTemplate.java:154)
	at org.apache.ibatis.binding.MapperMethod.execute(MapperMethod.java:87)
	at org.apache.ibatis.binding.MapperProxy$PlainMethodInvoker.invoke(MapperProxy.java:141)
	at org.apache.ibatis.binding.MapperProxy.invoke(MapperProxy.java:86)
	at jdk.proxy3/jdk.proxy3.$Proxy85.readMemberByUsersId(Unknown Source)
	at java.base/jdk.internal.reflect.NativeMethodAccessorImpl.invoke0(Native Method)
	at java.base/jdk.internal.reflect.NativeMethodAccessorImpl.invoke(NativeMethodAccessorImpl.java:77)
	at java.base/jdk.internal.reflect.DelegatingMethodAccessorImpl.invoke(DelegatingMethodAccessorImpl.java:43)
	at java.base/java.lang.reflect.Method.invoke(Method.java:568)
	at org.springframework.aop.support.AopUtils.invokeJoinpointUsingReflection(AopUtils.java:360)
	at org.springframework.aop.framework.ReflectiveMethodInvocation.invokeJoinpoint(ReflectiveMethodInvocation.java:196)
	at org.springframework.aop.framework.ReflectiveMethodInvocation.proceed(ReflectiveMethodInvocation.java:163)
	at org.springframework.dao.support.PersistenceExceptionTranslationInterceptor.invoke(PersistenceExceptionTranslationInterceptor.java:138)
	at org.springframework.aop.framework.ReflectiveMethodInvocation.proceed(ReflectiveMethodInvocation.java:184)
	at org.springframework.aop.framework.JdkDynamicAopProxy.invoke(JdkDynamicAopProxy.java:223)
	at jdk.proxy3/jdk.proxy3.$Proxy86.readMemberByUsersId(Unknown Source)
	at com.sqld_board.sqld.service.sign.SignService.readMemberByUsersId(SignService.java:91)
	at com.sqld_board.sqld.service.sign.SignService.signIn(SignService.java:44)
	at com.sqld_board.sqld.controller.sign.SignController.signIn(SignController.java:31)
	at java.base/jdk.internal.reflect.NativeMethodAccessorImpl.invoke0(Native Method)
	at java.base/jdk.internal.reflect.NativeMethodAccessorImpl.invoke(NativeMethodAccessorImpl.java:77)
	at java.base/jdk.internal.reflect.DelegatingMethodAccessorImpl.invoke(DelegatingMethodAccessorImpl.java:43)
	at java.base/java.lang.reflect.Method.invoke(Method.java:568)
	at org.springframework.web.method.support.InvocableHandlerMethod.doInvoke(InvocableHandlerMethod.java:258)
	at org.springframework.web.method.support.InvocableHandlerMethod.invokeForRequest(InvocableHandlerMethod.java:191)
	at org.springframework.web.servlet.mvc.method.annotation.ServletInvocableHandlerMethod.invokeAndHandle(ServletInvocableHandlerMethod.java:118)
	at org.springframework.web.servlet.mvc.method.annotation.RequestMappingHandlerAdapter.invokeHandlerMethod(RequestMappingHandlerAdapter.java:991)
	at org.springframework.web.servlet.mvc.method.annotation.RequestMappingHandlerAdapter.handleInternal(RequestMappingHandlerAdapter.java:896)
	at org.springframework.web.servlet.mvc.method.AbstractHandlerMethodAdapter.handle(AbstractHandlerMethodAdapter.java:87)
	at org.springframework.web.servlet.DispatcherServlet.doDispatch(DispatcherServlet.java:1089)
	at org.springframework.web.servlet.DispatcherServlet.doService(DispatcherServlet.java:979)
	at org.springframework.web.servlet.FrameworkServlet.processRequest(FrameworkServlet.java:1014)
	at org.springframework.web.servlet.FrameworkServlet.doPost(FrameworkServlet.java:914)
	at jakarta.servlet.http.HttpServlet.service(HttpServlet.java:590)
	at org.springframework.web.servlet.FrameworkServlet.service(FrameworkServlet.java:885)
	at jakarta.servlet.http.HttpServlet.service(HttpServlet.java:658)
	at org.apache.catalina.core.ApplicationFilterChain.internalDoFilter(ApplicationFilterChain.java:195)
	at org.apache.catalina.core.ApplicationFilterChain.doFilter(ApplicationFilterChain.java:140)
	at org.apache.tomcat.websocket.server.WsFilter.doFilter(WsFilter.java:51)
	at org.apache.catalina.core.ApplicationFilterChain.internalDoFilter(ApplicationFilterChain.java:164)
	at org.apache.catalina.core.ApplicationFilterChain.doFilter(ApplicationFilterChain.java:140)
	at org.springframework.web.filter.CompositeFilter$VirtualFilterChain.doFilter(CompositeFilter.java:108)
	at org.springframework.web.filter.CompositeFilter$VirtualFilterChain.doFilter(CompositeFilter.java:108)
	at org.springframework.security.web.FilterChainProxy.lambda$doFilterInternal$3(FilterChainProxy.java:231)
	at org.springframework.security.web.FilterChainProxy$VirtualFilterChain.doFilter(FilterChainProxy.java:365)
	at org.springframework.security.web.access.intercept.AuthorizationFilter.doFilter(AuthorizationFilter.java:101)
	at org.springframework.security.web.FilterChainProxy$VirtualFilterChain.doFilter(FilterChainProxy.java:374)
	at org.springframework.security.web.access.ExceptionTranslationFilter.doFilter(ExceptionTranslationFilter.java:125)
	at org.springframework.security.web.access.ExceptionTranslationFilter.doFilter(ExceptionTranslationFilter.java:119)
	at org.springframework.security.web.FilterChainProxy$VirtualFilterChain.doFilter(FilterChainProxy.java:374)
	at org.springframework.security.web.session.SessionManagementFilter.doFilter(SessionManagementFilter.java:131)
	at org.springframework.security.web.session.SessionManagementFilter.doFilter(SessionManagementFilter.java:85)
	at org.springframework.security.web.FilterChainProxy$VirtualFilterChain.doFilter(FilterChainProxy.java:374)
	at org.springframework.security.web.authentication.AnonymousAuthenticationFilter.doFilter(AnonymousAuthenticationFilter.java:100)
	at org.springframework.security.web.FilterChainProxy$VirtualFilterChain.doFilter(FilterChainProxy.java:374)
	at org.springframework.security.web.servletapi.SecurityContextHolderAwareRequestFilter.doFilter(SecurityContextHolderAwareRequestFilter.java:179)
	at org.springframework.security.web.FilterChainProxy$VirtualFilterChain.doFilter(FilterChainProxy.java:374)
	at org.springframework.security.web.savedrequest.RequestCacheAwareFilter.doFilter(RequestCacheAwareFilter.java:63)
	at org.springframework.security.web.FilterChainProxy$VirtualFilterChain.doFilter(FilterChainProxy.java:374)
	at org.springframework.security.web.authentication.logout.LogoutFilter.doFilter(LogoutFilter.java:107)
	at org.springframework.security.web.authentication.logout.LogoutFilter.doFilter(LogoutFilter.java:93)
	at org.springframework.security.web.FilterChainProxy$VirtualFilterChain.doFilter(FilterChainProxy.java:374)
	at org.springframework.web.filter.CorsFilter.doFilterInternal(CorsFilter.java:91)
	at org.springframework.web.filter.OncePerRequestFilter.doFilter(OncePerRequestFilter.java:116)
	at org.springframework.security.web.FilterChainProxy$VirtualFilterChain.doFilter(FilterChainProxy.java:374)
	at org.springframework.security.web.header.HeaderWriterFilter.doHeadersAfter(HeaderWriterFilter.java:90)
	at org.springframework.security.web.header.HeaderWriterFilter.doFilterInternal(HeaderWriterFilter.java:75)
	at org.springframework.web.filter.OncePerRequestFilter.doFilter(OncePerRequestFilter.java:116)
	at org.springframework.security.web.FilterChainProxy$VirtualFilterChain.doFilter(FilterChainProxy.java:374)
	at org.springframework.security.web.context.SecurityContextHolderFilter.doFilter(SecurityContextHolderFilter.java:82)
	at org.springframework.security.web.context.SecurityContextHolderFilter.doFilter(SecurityContextHolderFilter.java:69)
	at org.springframework.security.web.FilterChainProxy$VirtualFilterChain.doFilter(FilterChainProxy.java:374)
	at org.springframework.security.web.context.request.async.WebAsyncManagerIntegrationFilter.doFilterInternal(WebAsyncManagerIntegrationFilter.java:62)
	at org.springframework.web.filter.OncePerRequestFilter.doFilter(OncePerRequestFilter.java:116)
	at org.springframework.security.web.FilterChainProxy$VirtualFilterChain.doFilter(FilterChainProxy.java:374)
	at org.springframework.security.web.session.DisableEncodeUrlFilter.doFilterInternal(DisableEncodeUrlFilter.java:42)
	at org.springframework.web.filter.OncePerRequestFilter.doFilter(OncePerRequestFilter.java:116)
	at org.springframework.security.web.FilterChainProxy$VirtualFilterChain.doFilter(FilterChainProxy.java:374)
	at org.springframework.security.web.FilterChainProxy.doFilterInternal(FilterChainProxy.java:233)
	at org.springframework.security.web.FilterChainProxy.doFilter(FilterChainProxy.java:191)
	at org.springframework.web.filter.CompositeFilter$VirtualFilterChain.doFilter(CompositeFilter.java:113)
	at org.springframework.web.filter.ServletRequestPathFilter.doFilter(ServletRequestPathFilter.java:52)
	at org.springframework.web.filter.CompositeFilter$VirtualFilterChain.doFilter(CompositeFilter.java:113)
	at org.springframework.web.filter.CompositeFilter.doFilter(CompositeFilter.java:74)
	at org.springframework.security.config.annotation.web.configuration.WebSecurityConfiguration$CompositeFilterChainProxy.doFilter(WebSecurityConfiguration.java:319)
	at org.springframework.web.filter.CompositeFilter$VirtualFilterChain.doFilter(CompositeFilter.java:113)
	at org.springframework.web.servlet.handler.HandlerMappingIntrospector.lambda$createCacheFilter$4(HandlerMappingIntrospector.java:267)
	at org.springframework.web.filter.CompositeFilter$VirtualFilterChain.doFilter(CompositeFilter.java:113)
	at org.springframework.web.filter.CompositeFilter.doFilter(CompositeFilter.java:74)
	at org.springframework.security.config.annotation.web.configuration.WebMvcSecurityConfiguration$CompositeFilterChainProxy.doFilter(WebMvcSecurityConfiguration.java:240)
	at org.springframework.web.filter.DelegatingFilterProxy.invokeDelegate(DelegatingFilterProxy.java:362)
	at org.springframework.web.filter.DelegatingFilterProxy.doFilter(DelegatingFilterProxy.java:278)
	at org.apache.catalina.core.ApplicationFilterChain.internalDoFilter(ApplicationFilterChain.java:164)
	at org.apache.catalina.core.ApplicationFilterChain.doFilter(ApplicationFilterChain.java:140)
	at org.springframework.web.filter.RequestContextFilter.doFilterInternal(RequestContextFilter.java:100)
	at org.springframework.web.filter.OncePerRequestFilter.doFilter(OncePerRequestFilter.java:116)
	at org.apache.catalina.core.ApplicationFilterChain.internalDoFilter(ApplicationFilterChain.java:164)
	at org.apache.catalina.core.ApplicationFilterChain.doFilter(ApplicationFilterChain.java:140)
	at org.springframework.web.filter.FormContentFilter.doFilterInternal(FormContentFilter.java:93)
	at org.springframework.web.filter.OncePerRequestFilter.doFilter(OncePerRequestFilter.java:116)
	at org.apache.catalina.core.ApplicationFilterChain.internalDoFilter(ApplicationFilterChain.java:164)
	at org.apache.catalina.core.ApplicationFilterChain.doFilter(ApplicationFilterChain.java:140)
	at org.springframework.web.filter.CharacterEncodingFilter.doFilterInternal(CharacterEncodingFilter.java:201)
	at org.springframework.web.filter.OncePerRequestFilter.doFilter(OncePerRequestFilter.java:116)
	at org.apache.catalina.core.ApplicationFilterChain.internalDoFilter(ApplicationFilterChain.java:164)
	at org.apache.catalina.core.ApplicationFilterChain.doFilter(ApplicationFilterChain.java:140)
	at org.apache.catalina.core.StandardWrapperValve.invoke(StandardWrapperValve.java:167)
	at org.apache.catalina.core.StandardContextValve.invoke(StandardContextValve.java:90)
	at org.apache.catalina.authenticator.AuthenticatorBase.invoke(AuthenticatorBase.java:483)
	at org.apache.catalina.core.StandardHostValve.invoke(StandardHostValve.java:116)
	at org.apache.catalina.valves.ErrorReportValve.invoke(ErrorReportValve.java:93)
	at org.apache.catalina.core.StandardEngineValve.invoke(StandardEngineValve.java:74)
	at org.apache.catalina.connector.CoyoteAdapter.service(CoyoteAdapter.java:344)
	at org.apache.coyote.http11.Http11Processor.service(Http11Processor.java:398)
	at org.apache.coyote.AbstractProcessorLight.process(AbstractProcessorLight.java:63)
	at org.apache.coyote.AbstractProtocol$ConnectionHandler.process(AbstractProtocol.java:903)
	at org.apache.tomcat.util.net.NioEndpoint$SocketProcessor.doRun(NioEndpoint.java:1776)
	at org.apache.tomcat.util.net.SocketProcessorBase.run(SocketProcessorBase.java:52)
	at org.apache.tomcat.util.threads.ThreadPoolExecutor.runWorker(ThreadPoolExecutor.java:975)
	at org.apache.tomcat.util.threads.ThreadPoolExecutor$Worker.run(ThreadPoolExecutor.java:493)
	at org.apache.tomcat.util.threads.TaskThread$WrappingRunnable.run(TaskThread.java:63)
	at java.base/java.lang.Thread.run(Thread.java:840)
[2026-01-30 17:47:16.510] [INFO ] [http-nio-8881-exec-6] com.zaxxer.hikari.HikariDataSource - HikariPool-1 - Starting...
[2026-01-30 17:47:16.824] [INFO ] [http-nio-8881-exec-6] com.zaxxer.hikari.pool.HikariPool - HikariPool-1 - Added connection net.sf.log4jdbc.sql.jdbcapi.ConnectionSpy@5aee739a
[2026-01-30 17:47:16.825] [INFO ] [http-nio-8881-exec-6] com.zaxxer.hikari.HikariDataSource - HikariPool-1 - Start completed.
[2026-01-30 17:47:16.880] [INFO ] [http-nio-8881-exec-6] jdbc.sqlonly - SELECT MEMBER_ID
             , USER_ID
             , USER_PASS
             , USER_NAME
             , USER_EMAIL
             , EMAIL_VERIFIED
             , USER_ROLE
             , USER_STATUS
             , CREATE_AT
             , UPDATE_AT
          FROM MEMBER_INFO
         WHERE USER_ID = 'test7'
           AND ROWNUM = 1

[2026-01-30 17:47:16.962] [INFO ] [http-nio-8881-exec-6] jdbc.resultsettable - 
|-------------------|--------|-------------------------------------------------------------|----------|------------|---------------|----------|------------|----------------------|----------------------|
|member_id          |user_id |user_pass                                                    |user_name |user_email  |email_verified |user_role |user_status |create_at             |update_at             |
|-------------------|--------|-------------------------------------------------------------|----------|------------|---------------|----------|------------|----------------------|----------------------|
|MEMBER_20260126001 |test7   |$2a$10$EqaCHXWWgWnp/PwtrgeB3eFa6oeJqR8Wc2qmnvHhh6/t0rUAKF4Ou |테스트7      |e@email.com |null           |USER      |null        |2026-01-26 17:58:49.0 |2026-01-26 17:58:49.0 |
|-------------------|--------|-------------------------------------------------------------|----------|------------|---------------|----------|------------|----------------------|----------------------|

[2026-01-30 18:07:34.666] [INFO ] [SpringApplicationShutdownHook] o.s.b.w.e.tomcat.GracefulShutdown - Commencing graceful shutdown. Waiting for active requests to complete
[2026-01-30 18:07:34.720] [INFO ] [tomcat-shutdown] o.s.b.w.e.tomcat.GracefulShutdown - Graceful shutdown complete
[2026-01-30 18:07:34.732] [INFO ] [SpringApplicationShutdownHook] com.zaxxer.hikari.HikariDataSource - HikariPool-1 - Shutdown initiated...
[2026-01-30 18:07:34.825] [INFO ] [SpringApplicationShutdownHook] com.zaxxer.hikari.HikariDataSource - HikariPool-1 - Shutdown completed.
