[2026-05-05 17:49:13.908] [INFO ] [background-preinit] o.h.validator.internal.util.Version - HV000001: Hibernate Validator 8.0.3.Final
[2026-05-05 17:49:13.929] [INFO ] [restartedMain] com.sqld_board.sqld.SqldApplication - Starting SqldApplication using Java 17.0.11 with PID 21641 (/Users/minboklee/Downloads/sqld/build/classes/java/main started by minboklee in /Users/minboklee/Downloads/sqld)
[2026-05-05 17:49:13.930] [INFO ] [restartedMain] com.sqld_board.sqld.SqldApplication - The following 1 profile is active: "dev"
[2026-05-05 17:49:13.952] [INFO ] [restartedMain] o.s.b.d.restart.ChangeableUrls - The Class-Path manifest attribute in /Users/minboklee/.gradle/caches/modules-2/files-2.1/com.oracle.database.jdbc/ojdbc11/23.7.0.25.01/665f52abef9122ce003b5cfc1d9d44f7302e2cfe/ojdbc11-23.7.0.25.01.jar referenced one or more files that do not exist: file:/Users/minboklee/.gradle/caches/modules-2/files-2.1/com.oracle.database.jdbc/ojdbc11/23.7.0.25.01/665f52abef9122ce003b5cfc1d9d44f7302e2cfe/oraclepki.jar
[2026-05-05 17:49:13.952] [INFO ] [restartedMain] o.s.b.d.e.DevToolsPropertyDefaultsPostProcessor - Devtools property defaults active! Set 'spring.devtools.add-properties' to 'false' to disable
[2026-05-05 17:49:13.952] [INFO ] [restartedMain] o.s.b.d.e.DevToolsPropertyDefaultsPostProcessor - For additional web related logging consider setting the 'logging.level.web' property to 'DEBUG'
[2026-05-05 17:49:14.887] [INFO ] [restartedMain] o.s.d.r.c.RepositoryConfigurationDelegate - Multiple Spring Data modules found, entering strict repository configuration mode
[2026-05-05 17:49:14.893] [INFO ] [restartedMain] o.s.d.r.c.RepositoryConfigurationDelegate - Bootstrapping Spring Data Redis repositories in DEFAULT mode.
[2026-05-05 17:49:14.951] [INFO ] [restartedMain] o.s.d.r.c.RepositoryConfigurationDelegate - Finished Spring Data repository scanning in 23 ms. Found 0 Redis repository interfaces.
[2026-05-05 17:49:15.313] [INFO ] [restartedMain] c.u.j.c.EnableEncryptablePropertiesBeanFactoryPostProcessor - Post-processing PropertySource instances
[2026-05-05 17:49:15.314] [INFO ] [restartedMain] c.u.j.EncryptablePropertySourceConverter - Skipping PropertySource configurationProperties [class org.springframework.boot.context.properties.source.ConfigurationPropertySourcesPropertySource
[2026-05-05 17:49:15.314] [INFO ] [restartedMain] c.u.j.EncryptablePropertySourceConverter - Skipping PropertySource servletConfigInitParams [class org.springframework.core.env.PropertySource$StubPropertySource
[2026-05-05 17:49:15.314] [INFO ] [restartedMain] c.u.j.EncryptablePropertySourceConverter - Skipping PropertySource servletContextInitParams [class org.springframework.core.env.PropertySource$StubPropertySource
[2026-05-05 17:49:15.314] [INFO ] [restartedMain] c.u.j.EncryptablePropertySourceConverter - Converting PropertySource systemProperties [org.springframework.core.env.PropertiesPropertySource] to EncryptableMapPropertySourceWrapper
[2026-05-05 17:49:15.314] [INFO ] [restartedMain] c.u.j.EncryptablePropertySourceConverter - Converting PropertySource systemEnvironment [org.springframework.boot.env.SystemEnvironmentPropertySourceEnvironmentPostProcessor$OriginAwareSystemEnvironmentPropertySource] to EncryptableSystemEnvironmentPropertySourceWrapper
[2026-05-05 17:49:15.314] [INFO ] [restartedMain] c.u.j.EncryptablePropertySourceConverter - Converting PropertySource random [org.springframework.boot.env.RandomValuePropertySource] to EncryptablePropertySourceWrapper
[2026-05-05 17:49:15.314] [INFO ] [restartedMain] c.u.j.EncryptablePropertySourceConverter - Converting PropertySource Config resource 'class path resource [application-dev.yml]' via location 'optional:classpath:/' [org.springframework.boot.env.OriginTrackedMapPropertySource] to EncryptableMapPropertySourceWrapper
[2026-05-05 17:49:15.315] [INFO ] [restartedMain] c.u.j.EncryptablePropertySourceConverter - Converting PropertySource Config resource 'class path resource [application.yml]' via location 'optional:classpath:/' [org.springframework.boot.env.OriginTrackedMapPropertySource] to EncryptableMapPropertySourceWrapper
[2026-05-05 17:49:15.315] [INFO ] [restartedMain] c.u.j.EncryptablePropertySourceConverter - Converting PropertySource devtools [org.springframework.core.env.MapPropertySource] to EncryptableMapPropertySourceWrapper
[2026-05-05 17:49:15.315] [INFO ] [restartedMain] c.u.j.EncryptablePropertySourceConverter - Converting PropertySource applicationInfo [org.springframework.boot.ApplicationInfoPropertySource] to EncryptableMapPropertySourceWrapper
[2026-05-05 17:49:15.329] [INFO ] [restartedMain] c.u.j.f.DefaultLazyPropertyFilter - Property Filter custom Bean not found with name 'encryptablePropertyFilter'. Initializing Default Property Filter
[2026-05-05 17:49:15.333] [INFO ] [restartedMain] c.u.j.r.DefaultLazyPropertyResolver - Property Resolver custom Bean not found with name 'encryptablePropertyResolver'. Initializing Default Property Resolver
[2026-05-05 17:49:15.335] [INFO ] [restartedMain] c.u.j.d.DefaultLazyPropertyDetector - Property Detector custom Bean not found with name 'encryptablePropertyDetector'. Initializing Default Property Detector
[2026-05-05 17:49:15.787] [INFO ] [restartedMain] o.s.b.w.e.tomcat.TomcatWebServer - Tomcat initialized with port 8881 (http)
[2026-05-05 17:49:15.796] [INFO ] [restartedMain] o.a.coyote.http11.Http11NioProtocol - Initializing ProtocolHandler ["http-nio-8881"]
[2026-05-05 17:49:15.797] [INFO ] [restartedMain] o.a.catalina.core.StandardService - Starting service [Tomcat]
[2026-05-05 17:49:15.797] [INFO ] [restartedMain] o.a.catalina.core.StandardEngine - Starting Servlet engine: [Apache Tomcat/10.1.46]
[2026-05-05 17:49:15.822] [INFO ] [restartedMain] o.a.c.c.C.[Tomcat].[localhost].[/] - Initializing Spring embedded WebApplicationContext
[2026-05-05 17:49:15.822] [INFO ] [restartedMain] o.s.b.w.s.c.ServletWebServerApplicationContext - Root WebApplicationContext: initialization completed in 1870 ms
[2026-05-05 17:49:15.840] [INFO ] [restartedMain] c.u.j.encryptor.DefaultLazyEncryptor - String Encryptor custom Bean not found with name 'jasyptStringEncryptor'. Initializing Default String Encryptor
[2026-05-05 17:49:15.846] [INFO ] [restartedMain] c.u.j.c.StringEncryptorBuilder - Encryptor config not found for property jasypt.encryptor.key-obtention-iterations, using default value: 1000
[2026-05-05 17:49:15.846] [INFO ] [restartedMain] c.u.j.c.StringEncryptorBuilder - Encryptor config not found for property jasypt.encryptor.pool-size, using default value: 1
[2026-05-05 17:49:15.846] [INFO ] [restartedMain] c.u.j.c.StringEncryptorBuilder - Encryptor config not found for property jasypt.encryptor.provider-name, using default value: null
[2026-05-05 17:49:15.846] [INFO ] [restartedMain] c.u.j.c.StringEncryptorBuilder - Encryptor config not found for property jasypt.encryptor.provider-class-name, using default value: null
[2026-05-05 17:49:15.846] [INFO ] [restartedMain] c.u.j.c.StringEncryptorBuilder - Encryptor config not found for property jasypt.encryptor.salt-generator-classname, using default value: org.jasypt.salt.RandomSaltGenerator
[2026-05-05 17:49:15.847] [INFO ] [restartedMain] c.u.j.c.StringEncryptorBuilder - Encryptor config not found for property jasypt.encryptor.string-output-type, using default value: base64
[2026-05-05 17:49:17.165] [INFO ] [restartedMain] o.s.s.c.a.a.c.InitializeUserDetailsBeanManagerConfigurer$InitializeUserDetailsManagerConfigurer - Global AuthenticationManager configured with UserDetailsService bean with name customUserDetailService
[2026-05-05 17:49:17.246] [INFO ] [restartedMain] c.s.s.c.s.CustomSecurityConfig - ********* Security Config Loading: WebSocket Support Added
[2026-05-05 17:49:17.347] [WARN ] [restartedMain] o.s.s.c.a.w.b.WebSecurity$IgnoredRequestConfigurer - One of the patterns in [/demo-ui.html, /swagger-ui/**, /api-docs/**, /swagger-resources/**, /webjars/**, ws-stomp] is missing a leading slash. This is discouraged; please include the leading slash in all your request matcher patterns. In future versions of Spring Security, leaving out the leading slash will result in an exception.
[2026-05-05 17:49:17.353] [WARN ] [restartedMain] o.s.s.c.a.web.builders.WebSecurity - You are asking Spring Security to ignore Deferred [Mvc [pattern='/demo-ui.html'], Ant [pattern='/demo-ui.html']]. This is not recommended -- please use permitAll via HttpSecurity#authorizeHttpRequests instead.
[2026-05-05 17:49:17.353] [WARN ] [restartedMain] o.s.s.c.a.web.builders.WebSecurity - You are asking Spring Security to ignore Deferred [Mvc [pattern='/swagger-ui/**'], Ant [pattern='/swagger-ui/**']]. This is not recommended -- please use permitAll via HttpSecurity#authorizeHttpRequests instead.
[2026-05-05 17:49:17.353] [WARN ] [restartedMain] o.s.s.c.a.web.builders.WebSecurity - You are asking Spring Security to ignore Deferred [Mvc [pattern='/api-docs/**'], Ant [pattern='/api-docs/**']]. This is not recommended -- please use permitAll via HttpSecurity#authorizeHttpRequests instead.
[2026-05-05 17:49:17.353] [WARN ] [restartedMain] o.s.s.c.a.web.builders.WebSecurity - You are asking Spring Security to ignore Deferred [Mvc [pattern='/swagger-resources/**'], Ant [pattern='/swagger-resources/**']]. This is not recommended -- please use permitAll via HttpSecurity#authorizeHttpRequests instead.
[2026-05-05 17:49:17.353] [WARN ] [restartedMain] o.s.s.c.a.web.builders.WebSecurity - You are asking Spring Security to ignore Deferred [Mvc [pattern='/webjars/**'], Ant [pattern='/webjars/**']]. This is not recommended -- please use permitAll via HttpSecurity#authorizeHttpRequests instead.
[2026-05-05 17:49:17.353] [WARN ] [restartedMain] o.s.s.c.a.web.builders.WebSecurity - You are asking Spring Security to ignore Deferred [Mvc [pattern='ws-stomp'], Ant [pattern='ws-stomp']]. This is not recommended -- please use permitAll via HttpSecurity#authorizeHttpRequests instead.
[2026-05-05 17:49:17.905] [WARN ] [restartedMain] com.zaxxer.hikari.HikariConfig - HikariPool-1 - idleTimeout has been set but has no effect because the pool is operating as a fixed size pool.
[2026-05-05 17:49:17.906] [INFO ] [restartedMain] com.zaxxer.hikari.HikariDataSource - HikariPool-1 - Starting...
[2026-05-05 17:49:22.932] [INFO ] [restartedMain] com.zaxxer.hikari.pool.HikariPool - HikariPool-1 - Added connection net.sf.log4jdbc.sql.jdbcapi.ConnectionSpy@4bee6265
[2026-05-05 17:49:22.934] [INFO ] [restartedMain] com.zaxxer.hikari.HikariDataSource - HikariPool-1 - Start completed.
[2026-05-05 17:49:22.939] [INFO ] [restartedMain] o.s.b.a.h.H2ConsoleAutoConfiguration - H2 console available at '/h2-console'. Database available at 'jdbc:mysql://175.197.69.42:3306/sqld_dev?serverTimezone=Asia/Seoul&useSSL=false&allowPublicKeyRetrieval=true&useUnicode=true&characterEncoding=UTF-8'
[2026-05-05 17:49:23.038] [INFO ] [restartedMain] o.s.b.d.a.OptionalLiveReloadServer - LiveReload server is running on port 35729
[2026-05-05 17:49:23.070] [INFO ] [restartedMain] o.s.m.s.b.SimpleBrokerMessageHandler - Starting...
[2026-05-05 17:49:23.070] [INFO ] [restartedMain] o.s.m.s.b.SimpleBrokerMessageHandler - BrokerAvailabilityEvent[available=true, SimpleBrokerMessageHandler [org.springframework.messaging.simp.broker.DefaultSubscriptionRegistry@f72277a]]
[2026-05-05 17:49:23.071] [INFO ] [restartedMain] o.s.m.s.b.SimpleBrokerMessageHandler - Started.
[2026-05-05 17:49:23.072] [INFO ] [restartedMain] o.a.coyote.http11.Http11NioProtocol - Starting ProtocolHandler ["http-nio-8881"]
[2026-05-05 17:49:23.089] [INFO ] [restartedMain] o.s.b.w.e.tomcat.TomcatWebServer - Tomcat started on port 8881 (http) with context path '/'
[2026-05-05 17:49:23.090] [INFO ] [restartedMain] c.u.j.c.RefreshScopeRefreshedEventListener - Refreshing cached encryptable property sources on ServletWebServerInitializedEvent
[2026-05-05 17:49:23.090] [INFO ] [restartedMain] c.u.j.c.CachingDelegateEncryptablePropertySource - Property Source systemProperties refreshed
[2026-05-05 17:49:23.090] [INFO ] [restartedMain] c.u.j.c.CachingDelegateEncryptablePropertySource - Property Source systemEnvironment refreshed
[2026-05-05 17:49:23.090] [INFO ] [restartedMain] c.u.j.c.CachingDelegateEncryptablePropertySource - Property Source random refreshed
[2026-05-05 17:49:23.090] [INFO ] [restartedMain] c.u.j.c.CachingDelegateEncryptablePropertySource - Property Source Config resource 'class path resource [application-dev.yml]' via location 'optional:classpath:/' refreshed
[2026-05-05 17:49:23.090] [INFO ] [restartedMain] c.u.j.c.CachingDelegateEncryptablePropertySource - Property Source Config resource 'class path resource [application.yml]' via location 'optional:classpath:/' refreshed
[2026-05-05 17:49:23.090] [INFO ] [restartedMain] c.u.j.c.CachingDelegateEncryptablePropertySource - Property Source devtools refreshed
[2026-05-05 17:49:23.090] [INFO ] [restartedMain] c.u.j.c.CachingDelegateEncryptablePropertySource - Property Source applicationInfo refreshed
[2026-05-05 17:49:23.090] [INFO ] [restartedMain] c.u.j.EncryptablePropertySourceConverter - Skipping PropertySource configurationProperties [class org.springframework.boot.context.properties.source.ConfigurationPropertySourcesPropertySource
[2026-05-05 17:49:23.090] [INFO ] [restartedMain] c.u.j.EncryptablePropertySourceConverter - Skipping PropertySource servletConfigInitParams [class org.springframework.core.env.PropertySource$StubPropertySource
[2026-05-05 17:49:23.090] [INFO ] [restartedMain] c.u.j.EncryptablePropertySourceConverter - Converting PropertySource servletContextInitParams [org.springframework.web.context.support.ServletContextPropertySource] to EncryptableEnumerablePropertySourceWrapper
[2026-05-05 17:49:23.603] [INFO ] [restartedMain] com.sqld_board.sqld.SqldApplication - Started SqldApplication in 9.938 seconds (process running for 10.481)
[2026-05-05 17:49:24.082] [INFO ] [http-nio-8881-exec-1] o.a.c.c.C.[Tomcat].[localhost].[/] - Initializing Spring DispatcherServlet 'dispatcherServlet'
[2026-05-05 17:49:24.083] [INFO ] [http-nio-8881-exec-1] o.s.web.servlet.DispatcherServlet - Initializing Servlet 'dispatcherServlet'
[2026-05-05 17:49:24.085] [INFO ] [http-nio-8881-exec-1] o.s.web.servlet.DispatcherServlet - Completed initialization in 2 ms
[2026-05-05 17:49:24.244] [INFO ] [http-nio-8881-exec-2] jdbc.sqltiming - SELECT  /* BoardMasterMapper.getBoardConfig 특정 게시판의 설정(이름, 카테고리 그룹, 기능 여부) 전체 리스트 조회 */
               BM.BOARD_CODE
             , BM.BOARD_NAME
             , BM.GROUP_CODE
             , BM.USE_YN
             , BM.FILE_YN
             , BM.REPLY_YN
             , BM.TAG_YN
             , CCG.SORT_ORDER
             , BM.CREATE_AT
             , BM.UPDATE_AT
          FROM BOARD_MASTER BM
          JOIN COMMON_CODE_GROUP CCG ON BM.GROUP_CODE = CCG.GROUP_CODE
         ORDER BY CCG.SORT_ORDER ASC, BM.BOARD_CODE ASC /* 그룹 순서대로 정렬 */
 {executed in 77 msec}
[2026-05-05 17:49:24.247] [INFO ] [http-nio-8881-exec-1] jdbc.sqltiming - SELECT  /* BoardMapper.getBoardList (게시판 목록 전체를 조회하는 쿼리 (사용자 정보 JOIN))*/
               B.BOARD_ID
             , B.TITLE
             , B.CONTENT
             , M.USER_ID
             , M.USER_NAME
             , B.MEMBER_ID
             , B.BOARD_CODE
             , B.CATEGORY_ID
             , B.VIEW_COUNT
             , B.LIKE_COUNT
             ,(SELECT COUNT(*)
                 FROM COMMENT_MANAGEMENT CM
                WHERE CM.BOARD_ID = B.BOARD_ID
                  AND CM.DELETE_YN = 'N') AS commentCount /* 댓글 작성 수 */
             , M.PROFILE_IMAGE
             , B.CREATE_AT
             , B.UPDATE_AT
             , B.TAG_NAME
        FROM
            BOARD B
        LEFT JOIN MEMBER_INFO M ON B.MEMBER_ID = M.MEMBER_ID
        WHERE B.DELETE_YN = 'N'
        ORDER BY
            B.CREATE_AT DESC
 {executed in 80 msec}
[2026-05-05 17:49:24.276] [INFO ] [http-nio-8881-exec-2] jdbc.sqltiming - SELECT /*  boardMapper.getCategoryListByBoardCode 특정 게시판(boardCode)에 소속된 카테고리 목록 조회 */
               CCD.CODE_ID AS categoryId
             , CCD.CODE_NAME AS categoryName
          FROM BOARD_MASTER BM
    INNER JOIN COMMON_CODE_DETAIL CCD
            ON BM.GROUP_CODE = CCD.GROUP_CODE
         WHERE BM.BOARD_CODE = 'B_NOTICE_01'
           AND BM.USE_YN = 'Y'
      ORDER BY CCD.SORT_ORDER ASC
 {executed in 21 msec}
[2026-05-05 17:49:24.281] [INFO ] [http-nio-8881-exec-2] jdbc.sqltiming - SELECT /*  boardMapper.getCategoryListByBoardCode 특정 게시판(boardCode)에 소속된 카테고리 목록 조회 */
               CCD.CODE_ID AS categoryId
             , CCD.CODE_NAME AS categoryName
          FROM BOARD_MASTER BM
    INNER JOIN COMMON_CODE_DETAIL CCD
            ON BM.GROUP_CODE = CCD.GROUP_CODE
         WHERE BM.BOARD_CODE = 'B_SQLD_01'
           AND BM.USE_YN = 'Y'
      ORDER BY CCD.SORT_ORDER ASC
 {executed in 3 msec}
[2026-05-05 17:49:24.287] [INFO ] [http-nio-8881-exec-2] jdbc.sqltiming - SELECT /*  boardMapper.getCategoryListByBoardCode 특정 게시판(boardCode)에 소속된 카테고리 목록 조회 */
               CCD.CODE_ID AS categoryId
             , CCD.CODE_NAME AS categoryName
          FROM BOARD_MASTER BM
    INNER JOIN COMMON_CODE_DETAIL CCD
            ON BM.GROUP_CODE = CCD.GROUP_CODE
         WHERE BM.BOARD_CODE = 'B_GREETING_01'
           AND BM.USE_YN = 'Y'
      ORDER BY CCD.SORT_ORDER ASC
 {executed in 5 msec}
[2026-05-05 17:49:31.897] [INFO ] [http-nio-8881-exec-6] c.s.s.service.board.BoardServiceImpl - 인기 게시물 조회를 위해 DB에 접근한다. (캐시 미적용 시에만 출력)
[2026-05-05 17:49:31.903] [INFO ] [http-nio-8881-exec-6] jdbc.sqltiming - SELECT /* BoardMapper.getPopularBoards (최근 15일 인기 게시글 조회) */
               B.BOARD_ID
             , B.TITLE
             , B.VIEW_COUNT
             , B.LIKE_COUNT
             , B.CREATE_AT
             , M.USER_NAME
             , M.PROFILE_IMAGE
        FROM BOARD B
        LEFT JOIN MEMBER_INFO M ON B.MEMBER_ID = M.MEMBER_ID
        WHERE B.CREATE_AT >= DATE_SUB(NOW(), INTERVAL 15 DAY)
          AND B.DELETE_YN = 'N'
        ORDER BY B.LIKE_COUNT DESC, B.VIEW_COUNT DESC
        LIMIT 5
 {executed in 4 msec}
[2026-05-05 17:49:31.903] [INFO ] [http-nio-8881-exec-4] jdbc.sqltiming - SELECT /* BoardMapper.existBoardContent */
               COUNT(1)
          FROM BOARD
         WHERE BOARD_ID = 2
           AND DELETE_YN = 'N'
 {executed in 4 msec}
[2026-05-05 17:49:31.905] [INFO ] [http-nio-8881-exec-5] jdbc.sqltiming - SELECT /* commentMapper.getChildCommentCount (자식 대댓글 유무 확인)*/
               C.COMMENT_ID
             , C.BOARD_ID
             , C.MEMBER_ID
             , C.USER_ID
             , M.USER_NAME
             , C.CONTENT
             , C.PARENT_COMMENT_ID
             , C.LIKE_COUNT
             , C.CREATE_AT
             , C.UPDATE_AT
             , C.DELETE_YN
        FROM comment_management C
                 LEFT JOIN MEMBER_INFO M ON C.MEMBER_ID = M.MEMBER_ID
        WHERE C.BOARD_ID = 2
          AND C.DELETE_YN = 'N'
        ORDER BY C.CREATE_AT ASC
 {executed in 4 msec}
[2026-05-05 17:49:31.917] [INFO ] [http-nio-8881-exec-4] jdbc.sqltiming - SELECT /* BoardMapper.getSearchBoard (게시판 글 단건조회 (사용자 정보 JOIN)) */
               B.BOARD_ID
             , B.TITLE
             , B.CONTENT
             , M.USER_ID
             , M.USER_NAME
             , B.MEMBER_ID
             , B.BOARD_CODE
             , B.CATEGORY_ID
             , B.VIEW_COUNT
             , B.LIKE_COUNT
             , M.PROFILE_IMAGE
             , B.CREATE_AT
             , B.UPDATE_AT
             , B.TAG_NAME
             , BS.SCRAP_ID /* 스크랩 고유 ID */
          FROM BOARD B
          LEFT JOIN MEMBER_INFO M ON B.MEMBER_ID = M.MEMBER_ID
          LEFT JOIN BOARD_SCRAP BS ON B.BOARD_ID = BS.BOARD_ID AND BS.MEMBER_ID = NULL
         WHERE B.BOARD_ID = 2
           AND B.DELETE_YN = 'N'
 {executed in 4 msec}
[2026-05-05 17:49:31.923] [INFO ] [http-nio-8881-exec-4] jdbc.sqltiming - SELECT /* BoardMapper.getBoardFileList (게시글에 첨부된 파일 리스트 조회) */
               FILE_ID
             , BOARD_ID
             , ORIGIN_NAME
             , SAVE_NAME
             , FILE_PATH
             , FILE_SIZE
             , CREATE_AT
          FROM BOARD_FILE
         WHERE BOARD_ID = 2
 {executed in 4 msec}
[2026-05-05 17:49:31.938] [INFO ] [http-nio-8881-exec-7] jdbc.sqltiming - SELECT /* BoardMapper.getBoardListWithPaging (페이징 처리된 게시판 목록 조회 (지연 조인 최적화 적용)) */
               B.BOARD_ID
             , B.TITLE
             , B.CONTENT
             , M.USER_ID
             , M.USER_NAME
             , B.MEMBER_ID
             , B.BOARD_CODE
             , B.CATEGORY_ID
             , B.VIEW_COUNT
             , B.LIKE_COUNT
             ,(SELECT COUNT(*)
                 FROM COMMENT_MANAGEMENT CM
                 WHERE CM.BOARD_ID = B.BOARD_ID
                   AND CM.DELETE_YN = 'N') AS commentCount /* 댓글 작성 수 */
             , M.PROFILE_IMAGE
             , B.CREATE_AT
             , B.UPDATE_AT
             , B.TAG_NAME
          FROM BOARD B
    INNER JOIN ( /* 인덱스만 사용하여 필요한 ID들만 빠르게 추출 */
                SELECT BOARD_ID
                  FROM BOARD
             WHERE DELETE_YN = 'N'

                    AND BOARD_CODE = 'S' 
            ORDER BY CREATE_AT DESC
            LIMIT 20 OFFSET 0
        ) AS temp ON B.BOARD_ID = temp.BOARD_ID
        LEFT JOIN MEMBER_INFO M ON B.MEMBER_ID = M.MEMBER_ID
        ORDER BY B.CREATE_AT DESC
 {executed in 23 msec}
[2026-05-05 17:49:31.944] [INFO ] [http-nio-8881-exec-7] jdbc.sqltiming - SELECT /* BoardMapper.getgetBoardTotalCount (게시글 총 개수 조회) */
               COUNT(*)
          FROM BOARD
         WHERE DELETE_YN = 'N'

                AND BOARD_CODE = 'S'
 {executed in 4 msec}
[2026-05-05 17:49:42.406] [INFO ] [http-nio-8881-exec-8] jdbc.sqltiming - SELECT MEMBER_ID
             , USER_ID
             , USER_PASS
             , USER_NAME
             , USER_EMAIL
             , EMAIL_VERIFIED
             , USER_ROLE
             , USER_STATUS
             , PROFILE_IMAGE
             , CREATE_AT
             , UPDATE_AT
             , LAST_LOG_AT
          FROM MEMBER_INFO
         WHERE USER_ID = 'Admin'
         LIMIT 1
 {executed in 6 msec}
[2026-05-05 17:49:42.566] [INFO ] [http-nio-8881-exec-8] jdbc.sqltiming - UPDATE MEMBER_INFO
        SET LAST_LOG_AT = NOW()
        WHERE MEMBER_ID = 'MEMBER_20260423_004'
 {executed in 51 msec}
[2026-05-05 17:49:42.605] [INFO ] [http-nio-8881-exec-8] jdbc.sqltiming - DELETE FROM refresh_token WHERE MEMBER_ID = 'MEMBER_20260423_004'
 {executed in 20 msec}
[2026-05-05 17:49:42.652] [INFO ] [http-nio-8881-exec-8] jdbc.sqltiming - INSERT INTO refresh_token (MEMBER_ID, R_TOKEN, EXPIRY_DATE)
        VALUES ('MEMBER_20260423_004', '9856af3c-204e-4723-a799-a0719c30e395', '05/12/2026 17:49:42.606')
 {executed in 45 msec}
[2026-05-05 17:49:42.960] [INFO ] [http-nio-8881-exec-9] jdbc.sqltiming - SELECT /* MemberMapper.readMemberByMemberId (memberId를 통한 회원 정보 조회) */
               MEMBER_ID
             , USER_ID
             , USER_PASS
             , USER_NAME
             , USER_EMAIL
             , EMAIL_VERIFIED
             , USER_ROLE
             , USER_STATUS
             , PROFILE_IMAGE
             , CREATE_AT
             , UPDATE_AT
             , LAST_LOG_AT
          FROM MEMBER_INFO
        WHERE MEMBER_ID = 'MEMBER_20260423_004'
 {executed in 5 msec}
[2026-05-05 17:49:42.966] [INFO ] [http-nio-8881-exec-2] jdbc.sqltiming - SELECT /* MemberMapper.readMemberByMemberId (memberId를 통한 회원 정보 조회) */
               MEMBER_ID
             , USER_ID
             , USER_PASS
             , USER_NAME
             , USER_EMAIL
             , EMAIL_VERIFIED
             , USER_ROLE
             , USER_STATUS
             , PROFILE_IMAGE
             , CREATE_AT
             , UPDATE_AT
             , LAST_LOG_AT
          FROM MEMBER_INFO
        WHERE MEMBER_ID = 'MEMBER_20260423_004'
 {executed in 8 msec}
[2026-05-05 17:49:42.967] [INFO ] [http-nio-8881-exec-10] jdbc.sqltiming - SELECT /* MemberMapper.readMemberByMemberId (memberId를 통한 회원 정보 조회) */
               MEMBER_ID
             , USER_ID
             , USER_PASS
             , USER_NAME
             , USER_EMAIL
             , EMAIL_VERIFIED
             , USER_ROLE
             , USER_STATUS
             , PROFILE_IMAGE
             , CREATE_AT
             , UPDATE_AT
             , LAST_LOG_AT
          FROM MEMBER_INFO
        WHERE MEMBER_ID = 'MEMBER_20260423_004'
 {executed in 7 msec}
[2026-05-05 17:49:42.969] [INFO ] [http-nio-8881-exec-3] jdbc.sqltiming - SELECT /* MemberMapper.readMemberByMemberId (memberId를 통한 회원 정보 조회) */
               MEMBER_ID
             , USER_ID
             , USER_PASS
             , USER_NAME
             , USER_EMAIL
             , EMAIL_VERIFIED
             , USER_ROLE
             , USER_STATUS
             , PROFILE_IMAGE
             , CREATE_AT
             , UPDATE_AT
             , LAST_LOG_AT
          FROM MEMBER_INFO
        WHERE MEMBER_ID = 'MEMBER_20260423_004'
 {executed in 9 msec}
[2026-05-05 17:49:42.969] [INFO ] [http-nio-8881-exec-1] jdbc.sqltiming - SELECT /* MemberMapper.readMemberByMemberId (memberId를 통한 회원 정보 조회) */
               MEMBER_ID
             , USER_ID
             , USER_PASS
             , USER_NAME
             , USER_EMAIL
             , EMAIL_VERIFIED
             , USER_ROLE
             , USER_STATUS
             , PROFILE_IMAGE
             , CREATE_AT
             , UPDATE_AT
             , LAST_LOG_AT
          FROM MEMBER_INFO
        WHERE MEMBER_ID = 'MEMBER_20260423_004'
 {executed in 9 msec}
[2026-05-05 17:49:42.976] [INFO ] [http-nio-8881-exec-9] jdbc.sqltiming - SELECT /* BoardMapper.existBoardContent */
               COUNT(1)
          FROM BOARD
         WHERE BOARD_ID = 2
           AND DELETE_YN = 'N'
 {executed in 7 msec}
[2026-05-05 17:49:42.984] [INFO ] [http-nio-8881-exec-9] jdbc.sqltiming - SELECT /* BoardMapper.getSearchBoard (게시판 글 단건조회 (사용자 정보 JOIN)) */
               B.BOARD_ID
             , B.TITLE
             , B.CONTENT
             , M.USER_ID
             , M.USER_NAME
             , B.MEMBER_ID
             , B.BOARD_CODE
             , B.CATEGORY_ID
             , B.VIEW_COUNT
             , B.LIKE_COUNT
             , M.PROFILE_IMAGE
             , B.CREATE_AT
             , B.UPDATE_AT
             , B.TAG_NAME
             , BS.SCRAP_ID /* 스크랩 고유 ID */
          FROM BOARD B
          LEFT JOIN MEMBER_INFO M ON B.MEMBER_ID = M.MEMBER_ID
          LEFT JOIN BOARD_SCRAP BS ON B.BOARD_ID = BS.BOARD_ID AND BS.MEMBER_ID = 'MEMBER_20260423_004'
         WHERE B.BOARD_ID = 2
           AND B.DELETE_YN = 'N'
 {executed in 7 msec}
[2026-05-05 17:49:42.984] [INFO ] [http-nio-8881-exec-2] jdbc.sqltiming - SELECT /* BoardMapper.getBoardListWithPaging (페이징 처리된 게시판 목록 조회 (지연 조인 최적화 적용)) */
               B.BOARD_ID
             , B.TITLE
             , B.CONTENT
             , M.USER_ID
             , M.USER_NAME
             , B.MEMBER_ID
             , B.BOARD_CODE
             , B.CATEGORY_ID
             , B.VIEW_COUNT
             , B.LIKE_COUNT
             ,(SELECT COUNT(*)
                 FROM COMMENT_MANAGEMENT CM
                 WHERE CM.BOARD_ID = B.BOARD_ID
                   AND CM.DELETE_YN = 'N') AS commentCount /* 댓글 작성 수 */
             , M.PROFILE_IMAGE
             , B.CREATE_AT
             , B.UPDATE_AT
             , B.TAG_NAME
          FROM BOARD B
    INNER JOIN ( /* 인덱스만 사용하여 필요한 ID들만 빠르게 추출 */
                SELECT BOARD_ID
                  FROM BOARD
             WHERE DELETE_YN = 'N'

                    AND BOARD_CODE = 'S' 
            ORDER BY CREATE_AT DESC
            LIMIT 20 OFFSET 0
        ) AS temp ON B.BOARD_ID = temp.BOARD_ID
        LEFT JOIN MEMBER_INFO M ON B.MEMBER_ID = M.MEMBER_ID
        ORDER BY B.CREATE_AT DESC
 {executed in 8 msec}
[2026-05-05 17:49:42.987] [INFO ] [http-nio-8881-exec-3] jdbc.sqltiming - SELECT /* WebSocketMapper.searchNotification */
               NOTI_ID
             , RECEIVER_ID
             , SENDER_ID
             , NOTI_TYPE
             , MESSAGE
             , IS_READ
             , CREATE_AT
             , TARGET_URL
        FROM NOTIFICATION
        WHERE RECEIVER_ID = 'MEMBER_20260423_004'
 {executed in 4 msec}
[2026-05-05 17:49:42.987] [INFO ] [http-nio-8881-exec-10] jdbc.sqltiming - SELECT /* commentMapper.getChildCommentCount (자식 대댓글 유무 확인)*/
               C.COMMENT_ID
             , C.BOARD_ID
             , C.MEMBER_ID
             , C.USER_ID
             , M.USER_NAME
             , C.CONTENT
             , C.PARENT_COMMENT_ID
             , C.LIKE_COUNT
             , C.CREATE_AT
             , C.UPDATE_AT
             , C.DELETE_YN
        FROM comment_management C
                 LEFT JOIN MEMBER_INFO M ON C.MEMBER_ID = M.MEMBER_ID
        WHERE C.BOARD_ID = 2
          AND C.DELETE_YN = 'N'
        ORDER BY C.CREATE_AT ASC
 {executed in 6 msec}
[2026-05-05 17:49:42.988] [INFO ] [http-nio-8881-exec-2] jdbc.sqltiming - SELECT /* BoardMapper.getgetBoardTotalCount (게시글 총 개수 조회) */
               COUNT(*)
          FROM BOARD
         WHERE DELETE_YN = 'N'

                AND BOARD_CODE = 'S'
 {executed in 4 msec}
[2026-05-05 17:49:42.989] [INFO ] [http-nio-8881-exec-9] jdbc.sqltiming - SELECT /* BoardMapper.getBoardFileList (게시글에 첨부된 파일 리스트 조회) */
               FILE_ID
             , BOARD_ID
             , ORIGIN_NAME
             , SAVE_NAME
             , FILE_PATH
             , FILE_SIZE
             , CREATE_AT
          FROM BOARD_FILE
         WHERE BOARD_ID = 2
 {executed in 4 msec}
[2026-05-05 17:49:43.003] [INFO ] [http-nio-8881-exec-6] jdbc.sqltiming - SELECT /* MemberMapper.readMemberByMemberId (memberId를 통한 회원 정보 조회) */
               MEMBER_ID
             , USER_ID
             , USER_PASS
             , USER_NAME
             , USER_EMAIL
             , EMAIL_VERIFIED
             , USER_ROLE
             , USER_STATUS
             , PROFILE_IMAGE
             , CREATE_AT
             , UPDATE_AT
             , LAST_LOG_AT
          FROM MEMBER_INFO
        WHERE MEMBER_ID = 'MEMBER_20260423_004'
 {executed in 6 msec}
[2026-05-05 17:49:43.013] [INFO ] [http-nio-8881-exec-9] jdbc.sqltiming - SELECT COUNT(*)
        FROM board_like
        WHERE BOARD_ID = 2 AND MEMBER_ID = 'MEMBER_20260423_004'
 {executed in 23 msec}
[2026-05-05 17:49:43.018] [INFO ] [http-nio-8881-exec-9] jdbc.sqltiming - SELECT /* BoardMapper.checkBoardScrap (페이지 스크랩 여부  확인) */
               COUNT(*)
          FROM BOARD_SCRAP
         WHERE BOARD_ID = 2
           AND MEMBER_ID = 'MEMBER_20260423_004'
 {executed in 4 msec}
[2026-05-05 17:49:43.022] [INFO ] [http-nio-8881-exec-4] c.s.s.s.w.WebSocketServiceImpl - [Presence] User 관리자 joined room OPEN_CHAT
[2026-05-05 17:49:43.027] [INFO ] [http-nio-8881-exec-4] c.s.s.c.w.WebSocketEventListener - [Presence] User 관리자 joined room OPEN_CHAT
[2026-05-05 17:49:43.064] [INFO ] [http-nio-8881-exec-4] c.s.s.c.w.WebSocketEventListener - [Presence] Room OPEN_CHAT  updated. Count: 1
[2026-05-05 17:49:43.106] [INFO ] [http-nio-8881-exec-4] c.s.s.c.w.WebSocketEventListener - [Presence] Room OPEN_CHAT  updated. Count: 1
[2026-05-05 17:49:43.548] [INFO ] [clientInboundChannel-13] jdbc.sqltiming - SELECT /* MemberMapper.readMemberByMemberId (memberId를 통한 회원 정보 조회) */
               MEMBER_ID
             , USER_ID
             , USER_PASS
             , USER_NAME
             , USER_EMAIL
             , EMAIL_VERIFIED
             , USER_ROLE
             , USER_STATUS
             , PROFILE_IMAGE
             , CREATE_AT
             , UPDATE_AT
             , LAST_LOG_AT
          FROM MEMBER_INFO
        WHERE MEMBER_ID = 'MEMBER_20260423_004'
 {executed in 5 msec}
[2026-05-05 17:49:43.562] [INFO ] [clientInboundChannel-13] jdbc.sqltiming - INSERT INTO CHAT_MESSAGE( /* WebSocketMapper.insertChatMessage (채팅 저장) */
                    ROOM_ID
                  , SENDER_ID
                  , CONTENT
                  , SEND_TIME
                  , CHAT_TYPE
        )    VALUES(
                    'OPEN_CHAT'
                  , 'MEMBER_20260423_004'
                  , '관리자님이 입장하셨습니다.'
                  , 2026-05-05T17:49:43.551245
                  , 'ENTER'
               )
 {executed in 10 msec}
[2026-05-05 17:49:43.562] [INFO ] [clientInboundChannel-13] jdbc.sqltiming - getGeneratedKeys on query: INSERT INTO CHAT_MESSAGE( /* WebSocketMapper.insertChatMessage (채팅 저장) */
                    ROOM_ID
                  , SENDER_ID
                  , CONTENT
                  , SEND_TIME
                  , CHAT_TYPE
        )    VALUES(
                    'OPEN_CHAT'
                  , 'MEMBER_20260423_004'
                  , '관리자님이 입장하셨습니다.'
                  , 2026-05-05T17:49:43.551245
                  , 'ENTER'
               )
 {executed in 0 msec}
[2026-05-05 17:49:43.571] [INFO ] [clientInboundChannel-13] c.s.s.s.w.WebSocketServiceImpl - JSON Message to Redis: {"notiId":null,"senderName":"관리자","type":"ENTER","roomId":"OPEN_CHAT","senderId":"MEMBER_20260423_004","targetId":null,"content":"관리자님이 입장하셨습니다.","timestamp":"2026-05-05 17:49:43","targetUrl":null}
[2026-05-05 17:49:43.576] [INFO ] [redisContainer-1] c.s.s.s.redisConfig.RedisSubscriber - Redis Subscribe - Message Received: {"notiId":null,"senderName":"관리자","type":"ENTER","roomId":"OPEN_CHAT","senderId":"MEMBER_20260423_004","targetId":null,"content":"관리자님이 입장하셨습니다.","timestamp":"2026-05-05 17:49:43","targetUrl":null}
[2026-05-05 17:49:46.293] [INFO ] [http-nio-8881-exec-8] jdbc.sqltiming - SELECT /* MemberMapper.readMemberByMemberId (memberId를 통한 회원 정보 조회) */
               MEMBER_ID
             , USER_ID
             , USER_PASS
             , USER_NAME
             , USER_EMAIL
             , EMAIL_VERIFIED
             , USER_ROLE
             , USER_STATUS
             , PROFILE_IMAGE
             , CREATE_AT
             , UPDATE_AT
             , LAST_LOG_AT
          FROM MEMBER_INFO
        WHERE MEMBER_ID = 'MEMBER_20260423_004'
 {executed in 5 msec}
[2026-05-05 17:49:46.313] [INFO ] [http-nio-8881-exec-8] jdbc.sqltiming - SELECT /* Member.readMemberSimpleInfo (로그인 후, 회원 간편 정보 조회) */
               USER_ID                                  /* 사용자 아이디 */
             , USER_NAME                                /* 사용자 명    */
             , USER_EMAIL                               /* 사용자 이메일 */
             , USER_ROLE                                /* 사용자 권한  */
             , PROFILE_IMAGE                            /* 사용자 프로필  */
             , (SELECT COUNT(*)
                  FROM BOARD B
                 WHERE B.MEMBER_ID = M.MEMBER_ID
                   AND DELETE_YN='N') AS postCount      /* 게시글 수 */
             , (SELECT COUNT(*)
                  FROM COMMENT_MANAGEMENT CM
                 WHERE CM.MEMBER_ID = M.MEMBER_ID
                   AND DELETE_YN = 'N') AS commentCount /* 댓글 작성 수 */
             , LAST_LOG_AT  /* 최근 접속 시간 */
        FROM MEMBER_INFO M
        WHERE MEMBER_ID = 'MEMBER_20260423_004'
 {executed in 6 msec}
[2026-05-05 17:49:48.382] [INFO ] [http-nio-8881-exec-5] jdbc.sqltiming - SELECT /* MemberMapper.readMemberByMemberId (memberId를 통한 회원 정보 조회) */
               MEMBER_ID
             , USER_ID
             , USER_PASS
             , USER_NAME
             , USER_EMAIL
             , EMAIL_VERIFIED
             , USER_ROLE
             , USER_STATUS
             , PROFILE_IMAGE
             , CREATE_AT
             , UPDATE_AT
             , LAST_LOG_AT
          FROM MEMBER_INFO
        WHERE MEMBER_ID = 'MEMBER_20260423_004'
 {executed in 4 msec}
[2026-05-05 17:49:48.408] [INFO ] [http-nio-8881-exec-5] jdbc.sqltiming - SELECT /* AdminMapper.getMemberList */
               MEMBER_ID
             , USER_ID
             , USER_PASS
             , USER_NAME
             , USER_EMAIL
             , EMAIL_VERIFIED
             , USER_ROLE
             , USER_STATUS
             , PROFILE_IMAGE
             , CREATE_AT
             , UPDATE_AT
             , LAST_LOG_AT
          FROM MEMBER_INFO
         WHERE USER_ROLE != 'SUPER_ADMIN'
         ORDER BY CREATE_AT DESC
 {executed in 6 msec}
[2026-05-05 17:49:50.568] [INFO ] [http-nio-8881-exec-1] jdbc.sqltiming - SELECT /* MemberMapper.readMemberByMemberId (memberId를 통한 회원 정보 조회) */
               MEMBER_ID
             , USER_ID
             , USER_PASS
             , USER_NAME
             , USER_EMAIL
             , EMAIL_VERIFIED
             , USER_ROLE
             , USER_STATUS
             , PROFILE_IMAGE
             , CREATE_AT
             , UPDATE_AT
             , LAST_LOG_AT
          FROM MEMBER_INFO
        WHERE MEMBER_ID = 'MEMBER_20260423_004'
 {executed in 4 msec}
[2026-05-05 17:49:50.586] [INFO ] [http-nio-8881-exec-1] jdbc.sqltiming - SELECT  /* BoardMasterMapper.getBoardConfig 특정 게시판의 설정(이름, 카테고리 그룹, 기능 여부) 전체 리스트 조회 */
               BM.BOARD_CODE
             , BM.BOARD_NAME
             , BM.GROUP_CODE
             , BM.USE_YN
             , BM.FILE_YN
             , BM.REPLY_YN
             , BM.TAG_YN
             , CCG.SORT_ORDER
             , BM.CREATE_AT
             , BM.UPDATE_AT
          FROM BOARD_MASTER BM
          JOIN COMMON_CODE_GROUP CCG ON BM.GROUP_CODE = CCG.GROUP_CODE
         ORDER BY CCG.SORT_ORDER ASC, BM.BOARD_CODE ASC /* 그룹 순서대로 정렬 */
 {executed in 5 msec}
[2026-05-05 17:49:50.595] [INFO ] [http-nio-8881-exec-1] jdbc.sqltiming - SELECT /*  boardMapper.getCategoryListByBoardCode 특정 게시판(boardCode)에 소속된 카테고리 목록 조회 */
               CCD.CODE_ID AS categoryId
             , CCD.CODE_NAME AS categoryName
          FROM BOARD_MASTER BM
    INNER JOIN COMMON_CODE_DETAIL CCD
            ON BM.GROUP_CODE = CCD.GROUP_CODE
         WHERE BM.BOARD_CODE = 'B_NOTICE_01'
           AND BM.USE_YN = 'Y'
      ORDER BY CCD.SORT_ORDER ASC
 {executed in 4 msec}
[2026-05-05 17:49:50.601] [INFO ] [http-nio-8881-exec-1] jdbc.sqltiming - SELECT /*  boardMapper.getCategoryListByBoardCode 특정 게시판(boardCode)에 소속된 카테고리 목록 조회 */
               CCD.CODE_ID AS categoryId
             , CCD.CODE_NAME AS categoryName
          FROM BOARD_MASTER BM
    INNER JOIN COMMON_CODE_DETAIL CCD
            ON BM.GROUP_CODE = CCD.GROUP_CODE
         WHERE BM.BOARD_CODE = 'B_SQLD_01'
           AND BM.USE_YN = 'Y'
      ORDER BY CCD.SORT_ORDER ASC
 {executed in 5 msec}
[2026-05-05 17:49:50.608] [INFO ] [http-nio-8881-exec-1] jdbc.sqltiming - SELECT /*  boardMapper.getCategoryListByBoardCode 특정 게시판(boardCode)에 소속된 카테고리 목록 조회 */
               CCD.CODE_ID AS categoryId
             , CCD.CODE_NAME AS categoryName
          FROM BOARD_MASTER BM
    INNER JOIN COMMON_CODE_DETAIL CCD
            ON BM.GROUP_CODE = CCD.GROUP_CODE
         WHERE BM.BOARD_CODE = 'B_GREETING_01'
           AND BM.USE_YN = 'Y'
      ORDER BY CCD.SORT_ORDER ASC
 {executed in 5 msec}
[2026-05-05 17:49:54.881] [INFO ] [http-nio-8881-exec-2] jdbc.sqltiming - SELECT /* MemberMapper.readMemberByMemberId (memberId를 통한 회원 정보 조회) */
               MEMBER_ID
             , USER_ID
             , USER_PASS
             , USER_NAME
             , USER_EMAIL
             , EMAIL_VERIFIED
             , USER_ROLE
             , USER_STATUS
             , PROFILE_IMAGE
             , CREATE_AT
             , UPDATE_AT
             , LAST_LOG_AT
          FROM MEMBER_INFO
        WHERE MEMBER_ID = 'MEMBER_20260423_004'
 {executed in 8 msec}
[2026-05-05 17:49:54.904] [INFO ] [http-nio-8881-exec-2] jdbc.sqltiming - SELECT /* CommonCodeGroupMapper.getGroupCode (그룹코드 조회) */
               GROUP_CODE
             , GROUP_NAME
             , USE_YN
             , SORT_ORDER
             , CREATE_AT
          FROM COMMON_CODE_GROUP
      ORDER BY SORT_ORDER ASC
 {executed in 7 msec}
[2026-05-05 17:49:57.749] [INFO ] [http-nio-8881-exec-3] jdbc.sqltiming - SELECT /* MemberMapper.readMemberByMemberId (memberId를 통한 회원 정보 조회) */
               MEMBER_ID
             , USER_ID
             , USER_PASS
             , USER_NAME
             , USER_EMAIL
             , EMAIL_VERIFIED
             , USER_ROLE
             , USER_STATUS
             , PROFILE_IMAGE
             , CREATE_AT
             , UPDATE_AT
             , LAST_LOG_AT
          FROM MEMBER_INFO
        WHERE MEMBER_ID = 'MEMBER_20260423_004'
 {executed in 14 msec}
[2026-05-05 17:49:57.769] [INFO ] [http-nio-8881-exec-3] jdbc.sqltiming - SELECT  /* BoardMasterMapper.getBoardConfig 특정 게시판의 설정(이름, 카테고리 그룹, 기능 여부) 전체 리스트 조회 */
               BM.BOARD_CODE
             , BM.BOARD_NAME
             , BM.GROUP_CODE
             , BM.USE_YN
             , BM.FILE_YN
             , BM.REPLY_YN
             , BM.TAG_YN
             , CCG.SORT_ORDER
             , BM.CREATE_AT
             , BM.UPDATE_AT
          FROM BOARD_MASTER BM
          JOIN COMMON_CODE_GROUP CCG ON BM.GROUP_CODE = CCG.GROUP_CODE
         ORDER BY CCG.SORT_ORDER ASC, BM.BOARD_CODE ASC /* 그룹 순서대로 정렬 */
 {executed in 5 msec}
[2026-05-05 17:49:57.776] [INFO ] [http-nio-8881-exec-3] jdbc.sqltiming - SELECT /*  boardMapper.getCategoryListByBoardCode 특정 게시판(boardCode)에 소속된 카테고리 목록 조회 */
               CCD.CODE_ID AS categoryId
             , CCD.CODE_NAME AS categoryName
          FROM BOARD_MASTER BM
    INNER JOIN COMMON_CODE_DETAIL CCD
            ON BM.GROUP_CODE = CCD.GROUP_CODE
         WHERE BM.BOARD_CODE = 'B_NOTICE_01'
           AND BM.USE_YN = 'Y'
      ORDER BY CCD.SORT_ORDER ASC
 {executed in 5 msec}
[2026-05-05 17:49:57.782] [INFO ] [http-nio-8881-exec-3] jdbc.sqltiming - SELECT /*  boardMapper.getCategoryListByBoardCode 특정 게시판(boardCode)에 소속된 카테고리 목록 조회 */
               CCD.CODE_ID AS categoryId
             , CCD.CODE_NAME AS categoryName
          FROM BOARD_MASTER BM
    INNER JOIN COMMON_CODE_DETAIL CCD
            ON BM.GROUP_CODE = CCD.GROUP_CODE
         WHERE BM.BOARD_CODE = 'B_SQLD_01'
           AND BM.USE_YN = 'Y'
      ORDER BY CCD.SORT_ORDER ASC
 {executed in 5 msec}
[2026-05-05 17:49:57.788] [INFO ] [http-nio-8881-exec-3] jdbc.sqltiming - SELECT /*  boardMapper.getCategoryListByBoardCode 특정 게시판(boardCode)에 소속된 카테고리 목록 조회 */
               CCD.CODE_ID AS categoryId
             , CCD.CODE_NAME AS categoryName
          FROM BOARD_MASTER BM
    INNER JOIN COMMON_CODE_DETAIL CCD
            ON BM.GROUP_CODE = CCD.GROUP_CODE
         WHERE BM.BOARD_CODE = 'B_GREETING_01'
           AND BM.USE_YN = 'Y'
      ORDER BY CCD.SORT_ORDER ASC
 {executed in 5 msec}
[2026-05-05 17:49:59.504] [INFO ] [http-nio-8881-exec-10] jdbc.sqltiming - SELECT /* MemberMapper.readMemberByMemberId (memberId를 통한 회원 정보 조회) */
               MEMBER_ID
             , USER_ID
             , USER_PASS
             , USER_NAME
             , USER_EMAIL
             , EMAIL_VERIFIED
             , USER_ROLE
             , USER_STATUS
             , PROFILE_IMAGE
             , CREATE_AT
             , UPDATE_AT
             , LAST_LOG_AT
          FROM MEMBER_INFO
        WHERE MEMBER_ID = 'MEMBER_20260423_004'
 {executed in 9 msec}
[2026-05-05 17:49:59.517] [INFO ] [http-nio-8881-exec-10] jdbc.sqltiming - SELECT  /* BoardMapper.getBoardList (게시판 목록 전체를 조회하는 쿼리 (사용자 정보 JOIN))*/
               B.BOARD_ID
             , B.TITLE
             , B.CONTENT
             , M.USER_ID
             , M.USER_NAME
             , B.MEMBER_ID
             , B.BOARD_CODE
             , B.CATEGORY_ID
             , B.VIEW_COUNT
             , B.LIKE_COUNT
             ,(SELECT COUNT(*)
                 FROM COMMENT_MANAGEMENT CM
                WHERE CM.BOARD_ID = B.BOARD_ID
                  AND CM.DELETE_YN = 'N') AS commentCount /* 댓글 작성 수 */
             , M.PROFILE_IMAGE
             , B.CREATE_AT
             , B.UPDATE_AT
             , B.TAG_NAME
        FROM
            BOARD B
        LEFT JOIN MEMBER_INFO M ON B.MEMBER_ID = M.MEMBER_ID
        WHERE B.DELETE_YN = 'N'
        ORDER BY
            B.CREATE_AT DESC
 {executed in 5 msec}
[2026-05-05 17:50:00.032] [INFO ] [MessageBroker-3] c.s.s.c.s.BoardViewCountScheduler - >>> Redis 조회수 DB 동기화 시작
[2026-05-05 17:50:00.057] [INFO ] [MessageBroker-3] jdbc.sqltiming - UPDATE BOARD
           SET VIEW_COUNT = VIEW_COUNT + 2
         WHERE BOARD_ID = 2
 {executed in 11 msec}
[2026-05-05 17:50:00.060] [INFO ] [MessageBroker-3] c.s.s.c.s.BoardViewCountScheduler - >>> Redias 조회수 DB 동기화 완료 (처리 건수: 1)
[2026-05-05 17:50:04.974] [INFO ] [http-nio-8881-exec-6] jdbc.sqltiming - SELECT /* MemberMapper.readMemberByMemberId (memberId를 통한 회원 정보 조회) */
               MEMBER_ID
             , USER_ID
             , USER_PASS
             , USER_NAME
             , USER_EMAIL
             , EMAIL_VERIFIED
             , USER_ROLE
             , USER_STATUS
             , PROFILE_IMAGE
             , CREATE_AT
             , UPDATE_AT
             , LAST_LOG_AT
          FROM MEMBER_INFO
        WHERE MEMBER_ID = 'MEMBER_20260423_004'
 {executed in 6 msec}
[2026-05-05 17:50:04.992] [INFO ] [http-nio-8881-exec-6] jdbc.sqltiming - SELECT /* Member.readMemberSimpleInfo (로그인 후, 회원 간편 정보 조회) */
               USER_ID                                  /* 사용자 아이디 */
             , USER_NAME                                /* 사용자 명    */
             , USER_EMAIL                               /* 사용자 이메일 */
             , USER_ROLE                                /* 사용자 권한  */
             , PROFILE_IMAGE                            /* 사용자 프로필  */
             , (SELECT COUNT(*)
                  FROM BOARD B
                 WHERE B.MEMBER_ID = M.MEMBER_ID
                   AND DELETE_YN='N') AS postCount      /* 게시글 수 */
             , (SELECT COUNT(*)
                  FROM COMMENT_MANAGEMENT CM
                 WHERE CM.MEMBER_ID = M.MEMBER_ID
                   AND DELETE_YN = 'N') AS commentCount /* 댓글 작성 수 */
             , LAST_LOG_AT  /* 최근 접속 시간 */
        FROM MEMBER_INFO M
        WHERE MEMBER_ID = 'MEMBER_20260423_004'
 {executed in 7 msec}
[2026-05-05 17:50:06.132] [INFO ] [http-nio-8881-exec-9] jdbc.sqltiming - SELECT /* MemberMapper.readMemberByMemberId (memberId를 통한 회원 정보 조회) */
               MEMBER_ID
             , USER_ID
             , USER_PASS
             , USER_NAME
             , USER_EMAIL
             , EMAIL_VERIFIED
             , USER_ROLE
             , USER_STATUS
             , PROFILE_IMAGE
             , CREATE_AT
             , UPDATE_AT
             , LAST_LOG_AT
          FROM MEMBER_INFO
        WHERE MEMBER_ID = 'MEMBER_20260423_004'
 {executed in 5 msec}
[2026-05-05 17:50:06.151] [INFO ] [http-nio-8881-exec-9] jdbc.sqltiming - SELECT /* BoardMapper.searchScrapMyPage (스크랩된 마이 페이지 조회) */
               B.BOARD_ID
             , B.TITLE
             , B.CONTENT
             , B.MEMBER_ID
             , B.BOARD_CODE
             , B.CATEGORY_ID
             , B.VIEW_COUNT
             , B.LIKE_COUNT
             , B.CREATE_AT
             , B.UPDATE_AT
             , B.TAG_NAME
             , BS.SCRAP_ID /* 스크랩 고유 ID */
             , (SELECT COUNT(*)
                  FROM COMMENT_MANAGEMENT CM
                 WHERE CM.BOARD_ID = B.BOARD_ID
                   AND CM.DELETE_YN = 'N') AS commentCount /* 댓글 작성 수 */
          FROM BOARD B
    INNER JOIN BOARD_SCRAP BS ON B.BOARD_ID = BS.BOARD_ID
         WHERE BS.MEMBER_ID = 'MEMBER_20260423_004'
           AND B.DELETE_YN = 'N'
        /* 검색 키워드가 있을 때만 검색 조건 추가 searchScrapMyPage */

        ORDER BY BS.SCRAP_ID DESC
        LIMIT 10 OFFSET 0 /* 페이징 처리 추가 */
 {executed in 5 msec}
[2026-05-05 17:50:06.178] [INFO ] [http-nio-8881-exec-9] jdbc.sqltiming - SELECT /* BoardMapper.getSearchScrapTotalCount 스크랩 페이지 총개수 조회*/
               COUNT(*)
          FROM BOARD_SCRAP BS
    INNER JOIN BOARD B ON BS.BOARD_ID = B.BOARD_ID
         WHERE BS.MEMBER_ID = 'MEMBER_20260423_004'
           AND B.DELETE_YN = 'N'
 {executed in 25 msec}
[2026-05-05 17:50:08.474] [INFO ] [http-nio-8881-exec-4] jdbc.sqltiming - SELECT /* MemberMapper.readMemberByMemberId (memberId를 통한 회원 정보 조회) */
               MEMBER_ID
             , USER_ID
             , USER_PASS
             , USER_NAME
             , USER_EMAIL
             , EMAIL_VERIFIED
             , USER_ROLE
             , USER_STATUS
             , PROFILE_IMAGE
             , CREATE_AT
             , UPDATE_AT
             , LAST_LOG_AT
          FROM MEMBER_INFO
        WHERE MEMBER_ID = 'MEMBER_20260423_004'
 {executed in 7 msec}
[2026-05-05 17:50:08.490] [INFO ] [http-nio-8881-exec-4] jdbc.sqltiming - SELECT /* BoardMapper.getBoardListWithPaging (페이징 처리된 게시판 목록 조회 (지연 조인 최적화 적용)) */
               B.BOARD_ID
             , B.TITLE
             , B.CONTENT
             , M.USER_ID
             , M.USER_NAME
             , B.MEMBER_ID
             , B.BOARD_CODE
             , B.CATEGORY_ID
             , B.VIEW_COUNT
             , B.LIKE_COUNT
             ,(SELECT COUNT(*)
                 FROM COMMENT_MANAGEMENT CM
                 WHERE CM.BOARD_ID = B.BOARD_ID
                   AND CM.DELETE_YN = 'N') AS commentCount /* 댓글 작성 수 */
             , M.PROFILE_IMAGE
             , B.CREATE_AT
             , B.UPDATE_AT
             , B.TAG_NAME
          FROM BOARD B
    INNER JOIN ( /* 인덱스만 사용하여 필요한 ID들만 빠르게 추출 */
                SELECT BOARD_ID
                  FROM BOARD
             WHERE DELETE_YN = 'N'

                    AND MEMBER_ID = 'MEMBER_20260423_004' 
            ORDER BY CREATE_AT DESC
            LIMIT 10 OFFSET 0
        ) AS temp ON B.BOARD_ID = temp.BOARD_ID
        LEFT JOIN MEMBER_INFO M ON B.MEMBER_ID = M.MEMBER_ID
        ORDER BY B.CREATE_AT DESC
 {executed in 6 msec}
[2026-05-05 17:50:08.534] [INFO ] [http-nio-8881-exec-4] jdbc.sqltiming - SELECT /* BoardMapper.getgetBoardTotalCount (게시글 총 개수 조회) */
               COUNT(*)
          FROM BOARD
         WHERE DELETE_YN = 'N'

                AND MEMBER_ID = 'MEMBER_20260423_004'
 {executed in 4 msec}
[2026-05-05 17:50:18.954] [INFO ] [http-nio-8881-exec-7] jdbc.sqltiming - SELECT /* MemberMapper.readMemberByMemberId (memberId를 통한 회원 정보 조회) */
               MEMBER_ID
             , USER_ID
             , USER_PASS
             , USER_NAME
             , USER_EMAIL
             , EMAIL_VERIFIED
             , USER_ROLE
             , USER_STATUS
             , PROFILE_IMAGE
             , CREATE_AT
             , UPDATE_AT
             , LAST_LOG_AT
          FROM MEMBER_INFO
        WHERE MEMBER_ID = 'MEMBER_20260423_004'
 {executed in 10 msec}
[2026-05-05 17:50:18.968] [INFO ] [http-nio-8881-exec-7] jdbc.sqltiming - SELECT  /* BoardMapper.getBoardList (게시판 목록 전체를 조회하는 쿼리 (사용자 정보 JOIN))*/
               B.BOARD_ID
             , B.TITLE
             , B.CONTENT
             , M.USER_ID
             , M.USER_NAME
             , B.MEMBER_ID
             , B.BOARD_CODE
             , B.CATEGORY_ID
             , B.VIEW_COUNT
             , B.LIKE_COUNT
             ,(SELECT COUNT(*)
                 FROM COMMENT_MANAGEMENT CM
                WHERE CM.BOARD_ID = B.BOARD_ID
                  AND CM.DELETE_YN = 'N') AS commentCount /* 댓글 작성 수 */
             , M.PROFILE_IMAGE
             , B.CREATE_AT
             , B.UPDATE_AT
             , B.TAG_NAME
        FROM
            BOARD B
        LEFT JOIN MEMBER_INFO M ON B.MEMBER_ID = M.MEMBER_ID
        WHERE B.DELETE_YN = 'N'
        ORDER BY
            B.CREATE_AT DESC
 {executed in 6 msec}
[2026-05-05 17:50:23.067] [INFO ] [MessageBroker-4] o.s.w.s.c.WebSocketMessageBrokerStats - WebSocketSession[1 current WS(1)-HttpStream(0)-HttpPoll(0), 1 total, 0 closed abnormally (0 connect failure, 0 send limit, 0 transport error)], stompSubProtocol[processed CONNECT(1)-CONNECTED(1)-DISCONNECT(0)], stompBrokerRelay[null], inboundChannel[pool size = 15, active threads = 0, queued tasks = 0, completed tasks = 15], outboundChannel[pool size = 3, active threads = 0, queued tasks = 0, completed tasks = 3], sockJsScheduler[pool size = 8, active threads = 1, queued tasks = 6, completed tasks = 11]
[2026-05-05 17:50:29.227] [INFO ] [http-nio-8881-exec-1] jdbc.sqltiming - SELECT /* MemberMapper.readMemberByMemberId (memberId를 통한 회원 정보 조회) */
               MEMBER_ID
             , USER_ID
             , USER_PASS
             , USER_NAME
             , USER_EMAIL
             , EMAIL_VERIFIED
             , USER_ROLE
             , USER_STATUS
             , PROFILE_IMAGE
             , CREATE_AT
             , UPDATE_AT
             , LAST_LOG_AT
          FROM MEMBER_INFO
        WHERE MEMBER_ID = 'MEMBER_20260423_004'
 {executed in 6 msec}
[2026-05-05 17:50:29.228] [INFO ] [http-nio-8881-exec-8] jdbc.sqltiming - SELECT /* MemberMapper.readMemberByMemberId (memberId를 통한 회원 정보 조회) */
               MEMBER_ID
             , USER_ID
             , USER_PASS
             , USER_NAME
             , USER_EMAIL
             , EMAIL_VERIFIED
             , USER_ROLE
             , USER_STATUS
             , PROFILE_IMAGE
             , CREATE_AT
             , UPDATE_AT
             , LAST_LOG_AT
          FROM MEMBER_INFO
        WHERE MEMBER_ID = 'MEMBER_20260423_004'
 {executed in 7 msec}
[2026-05-05 17:50:29.228] [INFO ] [http-nio-8881-exec-5] jdbc.sqltiming - SELECT /* MemberMapper.readMemberByMemberId (memberId를 통한 회원 정보 조회) */
               MEMBER_ID
             , USER_ID
             , USER_PASS
             , USER_NAME
             , USER_EMAIL
             , EMAIL_VERIFIED
             , USER_ROLE
             , USER_STATUS
             , PROFILE_IMAGE
             , CREATE_AT
             , UPDATE_AT
             , LAST_LOG_AT
          FROM MEMBER_INFO
        WHERE MEMBER_ID = 'MEMBER_20260423_004'
 {executed in 6 msec}
[2026-05-05 17:50:29.229] [INFO ] [http-nio-8881-exec-2] jdbc.sqltiming - SELECT /* MemberMapper.readMemberByMemberId (memberId를 통한 회원 정보 조회) */
               MEMBER_ID
             , USER_ID
             , USER_PASS
             , USER_NAME
             , USER_EMAIL
             , EMAIL_VERIFIED
             , USER_ROLE
             , USER_STATUS
             , PROFILE_IMAGE
             , CREATE_AT
             , UPDATE_AT
             , LAST_LOG_AT
          FROM MEMBER_INFO
        WHERE MEMBER_ID = 'MEMBER_20260423_004'
 {executed in 7 msec}
[2026-05-05 17:50:29.239] [INFO ] [http-nio-8881-exec-8] jdbc.sqltiming - SELECT /* BoardMapper.existBoardContent */
               COUNT(1)
          FROM BOARD
         WHERE BOARD_ID = 1
           AND DELETE_YN = 'N'
 {executed in 4 msec}
[2026-05-05 17:50:29.241] [INFO ] [http-nio-8881-exec-2] jdbc.sqltiming - SELECT /* BoardMapper.getBoardListWithPaging (페이징 처리된 게시판 목록 조회 (지연 조인 최적화 적용)) */
               B.BOARD_ID
             , B.TITLE
             , B.CONTENT
             , M.USER_ID
             , M.USER_NAME
             , B.MEMBER_ID
             , B.BOARD_CODE
             , B.CATEGORY_ID
             , B.VIEW_COUNT
             , B.LIKE_COUNT
             ,(SELECT COUNT(*)
                 FROM COMMENT_MANAGEMENT CM
                 WHERE CM.BOARD_ID = B.BOARD_ID
                   AND CM.DELETE_YN = 'N') AS commentCount /* 댓글 작성 수 */
             , M.PROFILE_IMAGE
             , B.CREATE_AT
             , B.UPDATE_AT
             , B.TAG_NAME
          FROM BOARD B
    INNER JOIN ( /* 인덱스만 사용하여 필요한 ID들만 빠르게 추출 */
                SELECT BOARD_ID
                  FROM BOARD
             WHERE DELETE_YN = 'N'

                    AND BOARD_CODE = 'S' 
            ORDER BY CREATE_AT DESC
            LIMIT 20 OFFSET 0
        ) AS temp ON B.BOARD_ID = temp.BOARD_ID
        LEFT JOIN MEMBER_INFO M ON B.MEMBER_ID = M.MEMBER_ID
        ORDER BY B.CREATE_AT DESC
 {executed in 6 msec}
[2026-05-05 17:50:29.244] [INFO ] [http-nio-8881-exec-5] jdbc.sqltiming - SELECT /* commentMapper.getChildCommentCount (자식 대댓글 유무 확인)*/
               C.COMMENT_ID
             , C.BOARD_ID
             , C.MEMBER_ID
             , C.USER_ID
             , M.USER_NAME
             , C.CONTENT
             , C.PARENT_COMMENT_ID
             , C.LIKE_COUNT
             , C.CREATE_AT
             , C.UPDATE_AT
             , C.DELETE_YN
        FROM comment_management C
                 LEFT JOIN MEMBER_INFO M ON C.MEMBER_ID = M.MEMBER_ID
        WHERE C.BOARD_ID = 1
          AND C.DELETE_YN = 'N'
        ORDER BY C.CREATE_AT ASC
 {executed in 4 msec}
[2026-05-05 17:50:29.245] [INFO ] [http-nio-8881-exec-8] jdbc.sqltiming - SELECT /* BoardMapper.getSearchBoard (게시판 글 단건조회 (사용자 정보 JOIN)) */
               B.BOARD_ID
             , B.TITLE
             , B.CONTENT
             , M.USER_ID
             , M.USER_NAME
             , B.MEMBER_ID
             , B.BOARD_CODE
             , B.CATEGORY_ID
             , B.VIEW_COUNT
             , B.LIKE_COUNT
             , M.PROFILE_IMAGE
             , B.CREATE_AT
             , B.UPDATE_AT
             , B.TAG_NAME
             , BS.SCRAP_ID /* 스크랩 고유 ID */
          FROM BOARD B
          LEFT JOIN MEMBER_INFO M ON B.MEMBER_ID = M.MEMBER_ID
          LEFT JOIN BOARD_SCRAP BS ON B.BOARD_ID = BS.BOARD_ID AND BS.MEMBER_ID = 'MEMBER_20260423_004'
         WHERE B.BOARD_ID = 1
           AND B.DELETE_YN = 'N'
 {executed in 4 msec}
[2026-05-05 17:50:29.246] [INFO ] [http-nio-8881-exec-2] jdbc.sqltiming - SELECT /* BoardMapper.getgetBoardTotalCount (게시글 총 개수 조회) */
               COUNT(*)
          FROM BOARD
         WHERE DELETE_YN = 'N'

                AND BOARD_CODE = 'S'
 {executed in 4 msec}
[2026-05-05 17:50:29.251] [INFO ] [http-nio-8881-exec-8] jdbc.sqltiming - SELECT /* BoardMapper.getBoardFileList (게시글에 첨부된 파일 리스트 조회) */
               FILE_ID
             , BOARD_ID
             , ORIGIN_NAME
             , SAVE_NAME
             , FILE_PATH
             , FILE_SIZE
             , CREATE_AT
          FROM BOARD_FILE
         WHERE BOARD_ID = 1
 {executed in 4 msec}
[2026-05-05 17:50:29.257] [INFO ] [http-nio-8881-exec-8] jdbc.sqltiming - SELECT COUNT(*)
        FROM board_like
        WHERE BOARD_ID = 1 AND MEMBER_ID = 'MEMBER_20260423_004'
 {executed in 5 msec}
[2026-05-05 17:50:29.262] [INFO ] [http-nio-8881-exec-8] jdbc.sqltiming - SELECT /* BoardMapper.checkBoardScrap (페이지 스크랩 여부  확인) */
               COUNT(*)
          FROM BOARD_SCRAP
         WHERE BOARD_ID = 1
           AND MEMBER_ID = 'MEMBER_20260423_004'
 {executed in 4 msec}
[2026-05-05 17:50:31.907] [INFO ] [http-nio-8881-exec-3] jdbc.sqltiming - SELECT /* MemberMapper.readMemberByMemberId (memberId를 통한 회원 정보 조회) */
               MEMBER_ID
             , USER_ID
             , USER_PASS
             , USER_NAME
             , USER_EMAIL
             , EMAIL_VERIFIED
             , USER_ROLE
             , USER_STATUS
             , PROFILE_IMAGE
             , CREATE_AT
             , UPDATE_AT
             , LAST_LOG_AT
          FROM MEMBER_INFO
        WHERE MEMBER_ID = 'MEMBER_20260423_004'
 {executed in 5 msec}
[2026-05-05 17:50:31.917] [INFO ] [http-nio-8881-exec-3] jdbc.sqltiming - SELECT /* BoardMapper.existBoardContent */
               COUNT(1)
          FROM BOARD
         WHERE BOARD_ID = 1
           AND DELETE_YN = 'N'
 {executed in 4 msec}
[2026-05-05 17:50:31.924] [INFO ] [http-nio-8881-exec-3] jdbc.sqltiming - SELECT /* BoardMapper.getSearchBoard (게시판 글 단건조회 (사용자 정보 JOIN)) */
               B.BOARD_ID
             , B.TITLE
             , B.CONTENT
             , M.USER_ID
             , M.USER_NAME
             , B.MEMBER_ID
             , B.BOARD_CODE
             , B.CATEGORY_ID
             , B.VIEW_COUNT
             , B.LIKE_COUNT
             , M.PROFILE_IMAGE
             , B.CREATE_AT
             , B.UPDATE_AT
             , B.TAG_NAME
             , BS.SCRAP_ID /* 스크랩 고유 ID */
          FROM BOARD B
          LEFT JOIN MEMBER_INFO M ON B.MEMBER_ID = M.MEMBER_ID
          LEFT JOIN BOARD_SCRAP BS ON B.BOARD_ID = BS.BOARD_ID AND BS.MEMBER_ID = 'MEMBER_20260423_004'
         WHERE B.BOARD_ID = 1
           AND B.DELETE_YN = 'N'
 {executed in 4 msec}
[2026-05-05 17:50:31.934] [INFO ] [http-nio-8881-exec-3] jdbc.sqltiming - SELECT /* BoardMapper.getBoardFileList (게시글에 첨부된 파일 리스트 조회) */
               FILE_ID
             , BOARD_ID
             , ORIGIN_NAME
             , SAVE_NAME
             , FILE_PATH
             , FILE_SIZE
             , CREATE_AT
          FROM BOARD_FILE
         WHERE BOARD_ID = 1
 {executed in 5 msec}
[2026-05-05 17:50:31.940] [INFO ] [http-nio-8881-exec-3] jdbc.sqltiming - SELECT COUNT(*)
        FROM board_like
        WHERE BOARD_ID = 1 AND MEMBER_ID = 'MEMBER_20260423_004'
 {executed in 5 msec}
[2026-05-05 17:50:31.945] [INFO ] [http-nio-8881-exec-3] jdbc.sqltiming - SELECT /* BoardMapper.checkBoardScrap (페이지 스크랩 여부  확인) */
               COUNT(*)
          FROM BOARD_SCRAP
         WHERE BOARD_ID = 1
           AND MEMBER_ID = 'MEMBER_20260423_004'
 {executed in 4 msec}
[2026-05-05 17:50:40.542] [INFO ] [http-nio-8881-exec-9] jdbc.sqltiming - SELECT /* MemberMapper.readMemberByMemberId (memberId를 통한 회원 정보 조회) */
               MEMBER_ID
             , USER_ID
             , USER_PASS
             , USER_NAME
             , USER_EMAIL
             , EMAIL_VERIFIED
             , USER_ROLE
             , USER_STATUS
             , PROFILE_IMAGE
             , CREATE_AT
             , UPDATE_AT
             , LAST_LOG_AT
          FROM MEMBER_INFO
        WHERE MEMBER_ID = 'MEMBER_20260423_004'
 {executed in 8 msec}
[2026-05-05 17:50:40.542] [INFO ] [http-nio-8881-exec-10] jdbc.sqltiming - SELECT /* MemberMapper.readMemberByMemberId (memberId를 통한 회원 정보 조회) */
               MEMBER_ID
             , USER_ID
             , USER_PASS
             , USER_NAME
             , USER_EMAIL
             , EMAIL_VERIFIED
             , USER_ROLE
             , USER_STATUS
             , PROFILE_IMAGE
             , CREATE_AT
             , UPDATE_AT
             , LAST_LOG_AT
          FROM MEMBER_INFO
        WHERE MEMBER_ID = 'MEMBER_20260423_004'
 {executed in 8 msec}
[2026-05-05 17:50:40.542] [INFO ] [http-nio-8881-exec-6] jdbc.sqltiming - SELECT /* MemberMapper.readMemberByMemberId (memberId를 통한 회원 정보 조회) */
               MEMBER_ID
             , USER_ID
             , USER_PASS
             , USER_NAME
             , USER_EMAIL
             , EMAIL_VERIFIED
             , USER_ROLE
             , USER_STATUS
             , PROFILE_IMAGE
             , CREATE_AT
             , UPDATE_AT
             , LAST_LOG_AT
          FROM MEMBER_INFO
        WHERE MEMBER_ID = 'MEMBER_20260423_004'
 {executed in 8 msec}
[2026-05-05 17:50:40.553] [INFO ] [http-nio-8881-exec-6] c.s.s.service.board.BoardServiceImpl - 인기 게시물 조회를 위해 DB에 접근한다. (캐시 미적용 시에만 출력)
[2026-05-05 17:50:40.559] [INFO ] [http-nio-8881-exec-6] jdbc.sqltiming - SELECT /* BoardMapper.getPopularBoards (최근 15일 인기 게시글 조회) */
               B.BOARD_ID
             , B.TITLE
             , B.VIEW_COUNT
             , B.LIKE_COUNT
             , B.CREATE_AT
             , M.USER_NAME
             , M.PROFILE_IMAGE
        FROM BOARD B
        LEFT JOIN MEMBER_INFO M ON B.MEMBER_ID = M.MEMBER_ID
        WHERE B.CREATE_AT >= DATE_SUB(NOW(), INTERVAL 15 DAY)
          AND B.DELETE_YN = 'N'
        ORDER BY B.LIKE_COUNT DESC, B.VIEW_COUNT DESC
        LIMIT 5
 {executed in 5 msec}
[2026-05-05 17:50:40.559] [INFO ] [http-nio-8881-exec-9] jdbc.sqltiming - SELECT /* BoardMapper.getBoardListWithPaging (페이징 처리된 게시판 목록 조회 (지연 조인 최적화 적용)) */
               B.BOARD_ID
             , B.TITLE
             , B.CONTENT
             , M.USER_ID
             , M.USER_NAME
             , B.MEMBER_ID
             , B.BOARD_CODE
             , B.CATEGORY_ID
             , B.VIEW_COUNT
             , B.LIKE_COUNT
             ,(SELECT COUNT(*)
                 FROM COMMENT_MANAGEMENT CM
                 WHERE CM.BOARD_ID = B.BOARD_ID
                   AND CM.DELETE_YN = 'N') AS commentCount /* 댓글 작성 수 */
             , M.PROFILE_IMAGE
             , B.CREATE_AT
             , B.UPDATE_AT
             , B.TAG_NAME
          FROM BOARD B
    INNER JOIN ( /* 인덱스만 사용하여 필요한 ID들만 빠르게 추출 */
                SELECT BOARD_ID
                  FROM BOARD
             WHERE DELETE_YN = 'N'

                    AND BOARD_CODE = 'S' 
            ORDER BY CREATE_AT DESC
            LIMIT 30 OFFSET 0
        ) AS temp ON B.BOARD_ID = temp.BOARD_ID
        LEFT JOIN MEMBER_INFO M ON B.MEMBER_ID = M.MEMBER_ID
        ORDER BY B.CREATE_AT DESC
 {executed in 5 msec}
[2026-05-05 17:50:40.559] [INFO ] [http-nio-8881-exec-10] jdbc.sqltiming - SELECT /* BoardMapper.getBoardListWithPaging (페이징 처리된 게시판 목록 조회 (지연 조인 최적화 적용)) */
               B.BOARD_ID
             , B.TITLE
             , B.CONTENT
             , M.USER_ID
             , M.USER_NAME
             , B.MEMBER_ID
             , B.BOARD_CODE
             , B.CATEGORY_ID
             , B.VIEW_COUNT
             , B.LIKE_COUNT
             ,(SELECT COUNT(*)
                 FROM COMMENT_MANAGEMENT CM
                 WHERE CM.BOARD_ID = B.BOARD_ID
                   AND CM.DELETE_YN = 'N') AS commentCount /* 댓글 작성 수 */
             , M.PROFILE_IMAGE
             , B.CREATE_AT
             , B.UPDATE_AT
             , B.TAG_NAME
          FROM BOARD B
    INNER JOIN ( /* 인덱스만 사용하여 필요한 ID들만 빠르게 추출 */
                SELECT BOARD_ID
                  FROM BOARD
             WHERE DELETE_YN = 'N'

                    AND BOARD_CODE = 'B_SQLD_01' 
            ORDER BY CREATE_AT DESC
            LIMIT 10 OFFSET 0
        ) AS temp ON B.BOARD_ID = temp.BOARD_ID
        LEFT JOIN MEMBER_INFO M ON B.MEMBER_ID = M.MEMBER_ID
        ORDER BY B.CREATE_AT DESC
 {executed in 5 msec}
[2026-05-05 17:50:40.564] [INFO ] [http-nio-8881-exec-9] jdbc.sqltiming - SELECT /* BoardMapper.getgetBoardTotalCount (게시글 총 개수 조회) */
               COUNT(*)
          FROM BOARD
         WHERE DELETE_YN = 'N'

                AND BOARD_CODE = 'S'
 {executed in 4 msec}
[2026-05-05 17:50:40.565] [INFO ] [http-nio-8881-exec-10] jdbc.sqltiming - SELECT /* BoardMapper.getgetBoardTotalCount (게시글 총 개수 조회) */
               COUNT(*)
          FROM BOARD
         WHERE DELETE_YN = 'N'

                AND BOARD_CODE = 'B_SQLD_01'
 {executed in 3 msec}
[2026-05-05 17:50:41.987] [INFO ] [http-nio-8881-exec-1] jdbc.sqltiming - SELECT /* MemberMapper.readMemberByMemberId (memberId를 통한 회원 정보 조회) */
               MEMBER_ID
             , USER_ID
             , USER_PASS
             , USER_NAME
             , USER_EMAIL
             , EMAIL_VERIFIED
             , USER_ROLE
             , USER_STATUS
             , PROFILE_IMAGE
             , CREATE_AT
             , UPDATE_AT
             , LAST_LOG_AT
          FROM MEMBER_INFO
        WHERE MEMBER_ID = 'MEMBER_20260423_004'
 {executed in 8 msec}
[2026-05-05 17:50:41.987] [INFO ] [http-nio-8881-exec-4] jdbc.sqltiming - SELECT /* MemberMapper.readMemberByMemberId (memberId를 통한 회원 정보 조회) */
               MEMBER_ID
             , USER_ID
             , USER_PASS
             , USER_NAME
             , USER_EMAIL
             , EMAIL_VERIFIED
             , USER_ROLE
             , USER_STATUS
             , PROFILE_IMAGE
             , CREATE_AT
             , UPDATE_AT
             , LAST_LOG_AT
          FROM MEMBER_INFO
        WHERE MEMBER_ID = 'MEMBER_20260423_004'
 {executed in 8 msec}
[2026-05-05 17:50:41.987] [INFO ] [http-nio-8881-exec-7] jdbc.sqltiming - SELECT /* MemberMapper.readMemberByMemberId (memberId를 통한 회원 정보 조회) */
               MEMBER_ID
             , USER_ID
             , USER_PASS
             , USER_NAME
             , USER_EMAIL
             , EMAIL_VERIFIED
             , USER_ROLE
             , USER_STATUS
             , PROFILE_IMAGE
             , CREATE_AT
             , UPDATE_AT
             , LAST_LOG_AT
          FROM MEMBER_INFO
        WHERE MEMBER_ID = 'MEMBER_20260423_004'
 {executed in 8 msec}
[2026-05-05 17:50:41.999] [INFO ] [http-nio-8881-exec-4] jdbc.sqltiming - SELECT /* BoardMapper.getBoardListWithPaging (페이징 처리된 게시판 목록 조회 (지연 조인 최적화 적용)) */
               B.BOARD_ID
             , B.TITLE
             , B.CONTENT
             , M.USER_ID
             , M.USER_NAME
             , B.MEMBER_ID
             , B.BOARD_CODE
             , B.CATEGORY_ID
             , B.VIEW_COUNT
             , B.LIKE_COUNT
             ,(SELECT COUNT(*)
                 FROM COMMENT_MANAGEMENT CM
                 WHERE CM.BOARD_ID = B.BOARD_ID
                   AND CM.DELETE_YN = 'N') AS commentCount /* 댓글 작성 수 */
             , M.PROFILE_IMAGE
             , B.CREATE_AT
             , B.UPDATE_AT
             , B.TAG_NAME
          FROM BOARD B
    INNER JOIN ( /* 인덱스만 사용하여 필요한 ID들만 빠르게 추출 */
                SELECT BOARD_ID
                  FROM BOARD
             WHERE DELETE_YN = 'N'

                    AND BOARD_CODE = 'B_GREETING_01' 
            ORDER BY CREATE_AT DESC
            LIMIT 10 OFFSET 0
        ) AS temp ON B.BOARD_ID = temp.BOARD_ID
        LEFT JOIN MEMBER_INFO M ON B.MEMBER_ID = M.MEMBER_ID
        ORDER BY B.CREATE_AT DESC
 {executed in 4 msec}
[2026-05-05 17:50:41.999] [INFO ] [http-nio-8881-exec-1] jdbc.sqltiming - SELECT /* BoardMapper.getBoardListWithPaging (페이징 처리된 게시판 목록 조회 (지연 조인 최적화 적용)) */
               B.BOARD_ID
             , B.TITLE
             , B.CONTENT
             , M.USER_ID
             , M.USER_NAME
             , B.MEMBER_ID
             , B.BOARD_CODE
             , B.CATEGORY_ID
             , B.VIEW_COUNT
             , B.LIKE_COUNT
             ,(SELECT COUNT(*)
                 FROM COMMENT_MANAGEMENT CM
                 WHERE CM.BOARD_ID = B.BOARD_ID
                   AND CM.DELETE_YN = 'N') AS commentCount /* 댓글 작성 수 */
             , M.PROFILE_IMAGE
             , B.CREATE_AT
             , B.UPDATE_AT
             , B.TAG_NAME
          FROM BOARD B
    INNER JOIN ( /* 인덱스만 사용하여 필요한 ID들만 빠르게 추출 */
                SELECT BOARD_ID
                  FROM BOARD
             WHERE DELETE_YN = 'N'

                    AND BOARD_CODE = 'S' 
            ORDER BY CREATE_AT DESC
            LIMIT 30 OFFSET 0
        ) AS temp ON B.BOARD_ID = temp.BOARD_ID
        LEFT JOIN MEMBER_INFO M ON B.MEMBER_ID = M.MEMBER_ID
        ORDER BY B.CREATE_AT DESC
 {executed in 5 msec}
[2026-05-05 17:50:42.004] [INFO ] [http-nio-8881-exec-1] jdbc.sqltiming - SELECT /* BoardMapper.getgetBoardTotalCount (게시글 총 개수 조회) */
               COUNT(*)
          FROM BOARD
         WHERE DELETE_YN = 'N'

                AND BOARD_CODE = 'S'
 {executed in 4 msec}
[2026-05-05 17:50:42.004] [INFO ] [http-nio-8881-exec-4] jdbc.sqltiming - SELECT /* BoardMapper.getgetBoardTotalCount (게시글 총 개수 조회) */
               COUNT(*)
          FROM BOARD
         WHERE DELETE_YN = 'N'

                AND BOARD_CODE = 'B_GREETING_01'
 {executed in 4 msec}
[2026-05-05 17:50:42.787] [INFO ] [http-nio-8881-exec-5] jdbc.sqltiming - SELECT /* MemberMapper.readMemberByMemberId (memberId를 통한 회원 정보 조회) */
               MEMBER_ID
             , USER_ID
             , USER_PASS
             , USER_NAME
             , USER_EMAIL
             , EMAIL_VERIFIED
             , USER_ROLE
             , USER_STATUS
             , PROFILE_IMAGE
             , CREATE_AT
             , UPDATE_AT
             , LAST_LOG_AT
          FROM MEMBER_INFO
        WHERE MEMBER_ID = 'MEMBER_20260423_004'
 {executed in 9 msec}
[2026-05-05 17:50:42.787] [INFO ] [http-nio-8881-exec-8] jdbc.sqltiming - SELECT /* MemberMapper.readMemberByMemberId (memberId를 통한 회원 정보 조회) */
               MEMBER_ID
             , USER_ID
             , USER_PASS
             , USER_NAME
             , USER_EMAIL
             , EMAIL_VERIFIED
             , USER_ROLE
             , USER_STATUS
             , PROFILE_IMAGE
             , CREATE_AT
             , UPDATE_AT
             , LAST_LOG_AT
          FROM MEMBER_INFO
        WHERE MEMBER_ID = 'MEMBER_20260423_004'
 {executed in 9 msec}
[2026-05-05 17:50:42.787] [INFO ] [http-nio-8881-exec-2] jdbc.sqltiming - SELECT /* MemberMapper.readMemberByMemberId (memberId를 통한 회원 정보 조회) */
               MEMBER_ID
             , USER_ID
             , USER_PASS
             , USER_NAME
             , USER_EMAIL
             , EMAIL_VERIFIED
             , USER_ROLE
             , USER_STATUS
             , PROFILE_IMAGE
             , CREATE_AT
             , UPDATE_AT
             , LAST_LOG_AT
          FROM MEMBER_INFO
        WHERE MEMBER_ID = 'MEMBER_20260423_004'
 {executed in 9 msec}
[2026-05-05 17:50:42.800] [INFO ] [http-nio-8881-exec-2] jdbc.sqltiming - SELECT /* BoardMapper.getBoardListWithPaging (페이징 처리된 게시판 목록 조회 (지연 조인 최적화 적용)) */
               B.BOARD_ID
             , B.TITLE
             , B.CONTENT
             , M.USER_ID
             , M.USER_NAME
             , B.MEMBER_ID
             , B.BOARD_CODE
             , B.CATEGORY_ID
             , B.VIEW_COUNT
             , B.LIKE_COUNT
             ,(SELECT COUNT(*)
                 FROM COMMENT_MANAGEMENT CM
                 WHERE CM.BOARD_ID = B.BOARD_ID
                   AND CM.DELETE_YN = 'N') AS commentCount /* 댓글 작성 수 */
             , M.PROFILE_IMAGE
             , B.CREATE_AT
             , B.UPDATE_AT
             , B.TAG_NAME
          FROM BOARD B
    INNER JOIN ( /* 인덱스만 사용하여 필요한 ID들만 빠르게 추출 */
                SELECT BOARD_ID
                  FROM BOARD
             WHERE DELETE_YN = 'N'

                    AND BOARD_CODE = 'B_NOTICE_01' 
            ORDER BY CREATE_AT DESC
            LIMIT 10 OFFSET 0
        ) AS temp ON B.BOARD_ID = temp.BOARD_ID
        LEFT JOIN MEMBER_INFO M ON B.MEMBER_ID = M.MEMBER_ID
        ORDER BY B.CREATE_AT DESC
 {executed in 5 msec}
[2026-05-05 17:50:42.800] [INFO ] [http-nio-8881-exec-8] jdbc.sqltiming - SELECT /* BoardMapper.getBoardListWithPaging (페이징 처리된 게시판 목록 조회 (지연 조인 최적화 적용)) */
               B.BOARD_ID
             , B.TITLE
             , B.CONTENT
             , M.USER_ID
             , M.USER_NAME
             , B.MEMBER_ID
             , B.BOARD_CODE
             , B.CATEGORY_ID
             , B.VIEW_COUNT
             , B.LIKE_COUNT
             ,(SELECT COUNT(*)
                 FROM COMMENT_MANAGEMENT CM
                 WHERE CM.BOARD_ID = B.BOARD_ID
                   AND CM.DELETE_YN = 'N') AS commentCount /* 댓글 작성 수 */
             , M.PROFILE_IMAGE
             , B.CREATE_AT
             , B.UPDATE_AT
             , B.TAG_NAME
          FROM BOARD B
    INNER JOIN ( /* 인덱스만 사용하여 필요한 ID들만 빠르게 추출 */
                SELECT BOARD_ID
                  FROM BOARD
             WHERE DELETE_YN = 'N'

                    AND BOARD_CODE = 'S' 
            ORDER BY CREATE_AT DESC
            LIMIT 30 OFFSET 0
        ) AS temp ON B.BOARD_ID = temp.BOARD_ID
        LEFT JOIN MEMBER_INFO M ON B.MEMBER_ID = M.MEMBER_ID
        ORDER BY B.CREATE_AT DESC
 {executed in 5 msec}
[2026-05-05 17:50:42.806] [INFO ] [http-nio-8881-exec-8] jdbc.sqltiming - SELECT /* BoardMapper.getgetBoardTotalCount (게시글 총 개수 조회) */
               COUNT(*)
          FROM BOARD
         WHERE DELETE_YN = 'N'

                AND BOARD_CODE = 'S'
 {executed in 4 msec}
[2026-05-05 17:50:42.807] [INFO ] [http-nio-8881-exec-2] jdbc.sqltiming - SELECT /* BoardMapper.getgetBoardTotalCount (게시글 총 개수 조회) */
               COUNT(*)
          FROM BOARD
         WHERE DELETE_YN = 'N'

                AND BOARD_CODE = 'B_NOTICE_01'
 {executed in 3 msec}
[2026-05-05 17:50:48.761] [INFO ] [http-nio-8881-exec-3] jdbc.sqltiming - SELECT /* MemberMapper.readMemberByMemberId (memberId를 통한 회원 정보 조회) */
               MEMBER_ID
             , USER_ID
             , USER_PASS
             , USER_NAME
             , USER_EMAIL
             , EMAIL_VERIFIED
             , USER_ROLE
             , USER_STATUS
             , PROFILE_IMAGE
             , CREATE_AT
             , UPDATE_AT
             , LAST_LOG_AT
          FROM MEMBER_INFO
        WHERE MEMBER_ID = 'MEMBER_20260423_004'
 {executed in 4 msec}
[2026-05-05 17:50:48.775] [INFO ] [http-nio-8881-exec-3] jdbc.sqltiming - SELECT /* AdminMapper.getMemberList */
               MEMBER_ID
             , USER_ID
             , USER_PASS
             , USER_NAME
             , USER_EMAIL
             , EMAIL_VERIFIED
             , USER_ROLE
             , USER_STATUS
             , PROFILE_IMAGE
             , CREATE_AT
             , UPDATE_AT
             , LAST_LOG_AT
          FROM MEMBER_INFO
         WHERE USER_ROLE != 'SUPER_ADMIN'
         ORDER BY CREATE_AT DESC
 {executed in 5 msec}
[2026-05-05 17:50:52.779] [INFO ] [http-nio-8881-exec-9] jdbc.sqltiming - SELECT /* MemberMapper.readMemberByMemberId (memberId를 통한 회원 정보 조회) */
               MEMBER_ID
             , USER_ID
             , USER_PASS
             , USER_NAME
             , USER_EMAIL
             , EMAIL_VERIFIED
             , USER_ROLE
             , USER_STATUS
             , PROFILE_IMAGE
             , CREATE_AT
             , UPDATE_AT
             , LAST_LOG_AT
          FROM MEMBER_INFO
        WHERE MEMBER_ID = 'MEMBER_20260423_004'
 {executed in 5 msec}
[2026-05-05 17:50:52.795] [INFO ] [http-nio-8881-exec-9] jdbc.sqltiming - SELECT  /* BoardMasterMapper.getBoardConfig 특정 게시판의 설정(이름, 카테고리 그룹, 기능 여부) 전체 리스트 조회 */
               BM.BOARD_CODE
             , BM.BOARD_NAME
             , BM.GROUP_CODE
             , BM.USE_YN
             , BM.FILE_YN
             , BM.REPLY_YN
             , BM.TAG_YN
             , CCG.SORT_ORDER
             , BM.CREATE_AT
             , BM.UPDATE_AT
          FROM BOARD_MASTER BM
          JOIN COMMON_CODE_GROUP CCG ON BM.GROUP_CODE = CCG.GROUP_CODE
         ORDER BY CCG.SORT_ORDER ASC, BM.BOARD_CODE ASC /* 그룹 순서대로 정렬 */
 {executed in 5 msec}
[2026-05-05 17:50:52.801] [INFO ] [http-nio-8881-exec-9] jdbc.sqltiming - SELECT /*  boardMapper.getCategoryListByBoardCode 특정 게시판(boardCode)에 소속된 카테고리 목록 조회 */
               CCD.CODE_ID AS categoryId
             , CCD.CODE_NAME AS categoryName
          FROM BOARD_MASTER BM
    INNER JOIN COMMON_CODE_DETAIL CCD
            ON BM.GROUP_CODE = CCD.GROUP_CODE
         WHERE BM.BOARD_CODE = 'B_NOTICE_01'
           AND BM.USE_YN = 'Y'
      ORDER BY CCD.SORT_ORDER ASC
 {executed in 5 msec}
[2026-05-05 17:50:52.806] [INFO ] [http-nio-8881-exec-9] jdbc.sqltiming - SELECT /*  boardMapper.getCategoryListByBoardCode 특정 게시판(boardCode)에 소속된 카테고리 목록 조회 */
               CCD.CODE_ID AS categoryId
             , CCD.CODE_NAME AS categoryName
          FROM BOARD_MASTER BM
    INNER JOIN COMMON_CODE_DETAIL CCD
            ON BM.GROUP_CODE = CCD.GROUP_CODE
         WHERE BM.BOARD_CODE = 'B_SQLD_01'
           AND BM.USE_YN = 'Y'
      ORDER BY CCD.SORT_ORDER ASC
 {executed in 4 msec}
[2026-05-05 17:50:52.813] [INFO ] [http-nio-8881-exec-9] jdbc.sqltiming - SELECT /*  boardMapper.getCategoryListByBoardCode 특정 게시판(boardCode)에 소속된 카테고리 목록 조회 */
               CCD.CODE_ID AS categoryId
             , CCD.CODE_NAME AS categoryName
          FROM BOARD_MASTER BM
    INNER JOIN COMMON_CODE_DETAIL CCD
            ON BM.GROUP_CODE = CCD.GROUP_CODE
         WHERE BM.BOARD_CODE = 'B_GREETING_01'
           AND BM.USE_YN = 'Y'
      ORDER BY CCD.SORT_ORDER ASC
 {executed in 5 msec}
[2026-05-05 17:50:54.005] [INFO ] [http-nio-8881-exec-6] jdbc.sqltiming - SELECT /* MemberMapper.readMemberByMemberId (memberId를 통한 회원 정보 조회) */
               MEMBER_ID
             , USER_ID
             , USER_PASS
             , USER_NAME
             , USER_EMAIL
             , EMAIL_VERIFIED
             , USER_ROLE
             , USER_STATUS
             , PROFILE_IMAGE
             , CREATE_AT
             , UPDATE_AT
             , LAST_LOG_AT
          FROM MEMBER_INFO
        WHERE MEMBER_ID = 'MEMBER_20260423_004'
 {executed in 5 msec}
[2026-05-05 17:50:54.020] [INFO ] [http-nio-8881-exec-6] jdbc.sqltiming - SELECT /* CommonCodeGroupMapper.getGroupCode (그룹코드 조회) */
               GROUP_CODE
             , GROUP_NAME
             , USE_YN
             , SORT_ORDER
             , CREATE_AT
          FROM COMMON_CODE_GROUP
      ORDER BY SORT_ORDER ASC
 {executed in 4 msec}
[2026-05-05 17:51:03.390] [INFO ] [http-nio-8881-exec-10] jdbc.sqltiming - SELECT /* MemberMapper.readMemberByMemberId (memberId를 통한 회원 정보 조회) */
               MEMBER_ID
             , USER_ID
             , USER_PASS
             , USER_NAME
             , USER_EMAIL
             , EMAIL_VERIFIED
             , USER_ROLE
             , USER_STATUS
             , PROFILE_IMAGE
             , CREATE_AT
             , UPDATE_AT
             , LAST_LOG_AT
          FROM MEMBER_INFO
        WHERE MEMBER_ID = 'MEMBER_20260423_004'
 {executed in 8 msec}
[2026-05-05 17:51:03.419] [INFO ] [http-nio-8881-exec-10] jdbc.sqltiming - SELECT /* Member.readMemberSimpleInfo (로그인 후, 회원 간편 정보 조회) */
               USER_ID                                  /* 사용자 아이디 */
             , USER_NAME                                /* 사용자 명    */
             , USER_EMAIL                               /* 사용자 이메일 */
             , USER_ROLE                                /* 사용자 권한  */
             , PROFILE_IMAGE                            /* 사용자 프로필  */
             , (SELECT COUNT(*)
                  FROM BOARD B
                 WHERE B.MEMBER_ID = M.MEMBER_ID
                   AND DELETE_YN='N') AS postCount      /* 게시글 수 */
             , (SELECT COUNT(*)
                  FROM COMMENT_MANAGEMENT CM
                 WHERE CM.MEMBER_ID = M.MEMBER_ID
                   AND DELETE_YN = 'N') AS commentCount /* 댓글 작성 수 */
             , LAST_LOG_AT  /* 최근 접속 시간 */
        FROM MEMBER_INFO M
        WHERE MEMBER_ID = 'MEMBER_20260423_004'
 {executed in 4 msec}
[2026-05-05 17:51:05.081] [INFO ] [http-nio-8881-exec-7] jdbc.sqltiming - SELECT /* MemberMapper.readMemberByMemberId (memberId를 통한 회원 정보 조회) */
               MEMBER_ID
             , USER_ID
             , USER_PASS
             , USER_NAME
             , USER_EMAIL
             , EMAIL_VERIFIED
             , USER_ROLE
             , USER_STATUS
             , PROFILE_IMAGE
             , CREATE_AT
             , UPDATE_AT
             , LAST_LOG_AT
          FROM MEMBER_INFO
        WHERE MEMBER_ID = 'MEMBER_20260423_004'
 {executed in 7 msec}
[2026-05-05 17:51:05.110] [INFO ] [http-nio-8881-exec-7] jdbc.sqltiming - SELECT /* Member.readMemberSimpleInfo (로그인 후, 회원 간편 정보 조회) */
               USER_ID                                  /* 사용자 아이디 */
             , USER_NAME                                /* 사용자 명    */
             , USER_EMAIL                               /* 사용자 이메일 */
             , USER_ROLE                                /* 사용자 권한  */
             , PROFILE_IMAGE                            /* 사용자 프로필  */
             , (SELECT COUNT(*)
                  FROM BOARD B
                 WHERE B.MEMBER_ID = M.MEMBER_ID
                   AND DELETE_YN='N') AS postCount      /* 게시글 수 */
             , (SELECT COUNT(*)
                  FROM COMMENT_MANAGEMENT CM
                 WHERE CM.MEMBER_ID = M.MEMBER_ID
                   AND DELETE_YN = 'N') AS commentCount /* 댓글 작성 수 */
             , LAST_LOG_AT  /* 최근 접속 시간 */
        FROM MEMBER_INFO M
        WHERE MEMBER_ID = 'MEMBER_20260423_004'
 {executed in 9 msec}
[2026-05-05 17:51:19.218] [INFO ] [http-nio-8881-exec-4] jdbc.sqltiming - SELECT  /* BoardMapper.getBoardList (게시판 목록 전체를 조회하는 쿼리 (사용자 정보 JOIN))*/
               B.BOARD_ID
             , B.TITLE
             , B.CONTENT
             , M.USER_ID
             , M.USER_NAME
             , B.MEMBER_ID
             , B.BOARD_CODE
             , B.CATEGORY_ID
             , B.VIEW_COUNT
             , B.LIKE_COUNT
             ,(SELECT COUNT(*)
                 FROM COMMENT_MANAGEMENT CM
                WHERE CM.BOARD_ID = B.BOARD_ID
                  AND CM.DELETE_YN = 'N') AS commentCount /* 댓글 작성 수 */
             , M.PROFILE_IMAGE
             , B.CREATE_AT
             , B.UPDATE_AT
             , B.TAG_NAME
        FROM
            BOARD B
        LEFT JOIN MEMBER_INFO M ON B.MEMBER_ID = M.MEMBER_ID
        WHERE B.DELETE_YN = 'N'
        ORDER BY
            B.CREATE_AT DESC
 {executed in 6 msec}
[2026-05-05 17:51:19.220] [INFO ] [http-nio-8881-exec-1] jdbc.sqltiming - SELECT  /* BoardMasterMapper.getBoardConfig 특정 게시판의 설정(이름, 카테고리 그룹, 기능 여부) 전체 리스트 조회 */
               BM.BOARD_CODE
             , BM.BOARD_NAME
             , BM.GROUP_CODE
             , BM.USE_YN
             , BM.FILE_YN
             , BM.REPLY_YN
             , BM.TAG_YN
             , CCG.SORT_ORDER
             , BM.CREATE_AT
             , BM.UPDATE_AT
          FROM BOARD_MASTER BM
          JOIN COMMON_CODE_GROUP CCG ON BM.GROUP_CODE = CCG.GROUP_CODE
         ORDER BY CCG.SORT_ORDER ASC, BM.BOARD_CODE ASC /* 그룹 순서대로 정렬 */
 {executed in 5 msec}
[2026-05-05 17:51:19.226] [INFO ] [http-nio-8881-exec-1] jdbc.sqltiming - SELECT /*  boardMapper.getCategoryListByBoardCode 특정 게시판(boardCode)에 소속된 카테고리 목록 조회 */
               CCD.CODE_ID AS categoryId
             , CCD.CODE_NAME AS categoryName
          FROM BOARD_MASTER BM
    INNER JOIN COMMON_CODE_DETAIL CCD
            ON BM.GROUP_CODE = CCD.GROUP_CODE
         WHERE BM.BOARD_CODE = 'B_NOTICE_01'
           AND BM.USE_YN = 'Y'
      ORDER BY CCD.SORT_ORDER ASC
 {executed in 4 msec}
[2026-05-05 17:51:19.234] [INFO ] [http-nio-8881-exec-1] jdbc.sqltiming - SELECT /*  boardMapper.getCategoryListByBoardCode 특정 게시판(boardCode)에 소속된 카테고리 목록 조회 */
               CCD.CODE_ID AS categoryId
             , CCD.CODE_NAME AS categoryName
          FROM BOARD_MASTER BM
    INNER JOIN COMMON_CODE_DETAIL CCD
            ON BM.GROUP_CODE = CCD.GROUP_CODE
         WHERE BM.BOARD_CODE = 'B_SQLD_01'
           AND BM.USE_YN = 'Y'
      ORDER BY CCD.SORT_ORDER ASC
 {executed in 6 msec}
[2026-05-05 17:51:19.239] [INFO ] [http-nio-8881-exec-1] jdbc.sqltiming - SELECT /*  boardMapper.getCategoryListByBoardCode 특정 게시판(boardCode)에 소속된 카테고리 목록 조회 */
               CCD.CODE_ID AS categoryId
             , CCD.CODE_NAME AS categoryName
          FROM BOARD_MASTER BM
    INNER JOIN COMMON_CODE_DETAIL CCD
            ON BM.GROUP_CODE = CCD.GROUP_CODE
         WHERE BM.BOARD_CODE = 'B_GREETING_01'
           AND BM.USE_YN = 'Y'
      ORDER BY CCD.SORT_ORDER ASC
 {executed in 5 msec}
[2026-05-05 17:51:29.921] [INFO ] [http-nio-8881-exec-2] jdbc.sqltiming - SELECT MEMBER_ID
             , USER_ID
             , USER_PASS
             , USER_NAME
             , USER_EMAIL
             , EMAIL_VERIFIED
             , USER_ROLE
             , USER_STATUS
             , PROFILE_IMAGE
             , CREATE_AT
             , UPDATE_AT
             , LAST_LOG_AT
          FROM MEMBER_INFO
         WHERE USER_ID = 'Admin'
         LIMIT 1
 {executed in 4 msec}
[2026-05-05 17:51:30.076] [INFO ] [http-nio-8881-exec-2] c.s.sqld.exception.ExceptionAdvice - SignInFailureException
com.sqld_board.sqld.exception.common.InvalidCredentialsException: null
	at com.sqld_board.sqld.service.sign.SignServiceImpl.signIn(SignServiceImpl.java:328)
	at java.base/jdk.internal.reflect.NativeMethodAccessorImpl.invoke0(Native Method)
	at java.base/jdk.internal.reflect.NativeMethodAccessorImpl.invoke(NativeMethodAccessorImpl.java:77)
	at java.base/jdk.internal.reflect.DelegatingMethodAccessorImpl.invoke(DelegatingMethodAccessorImpl.java:43)
	at java.base/java.lang.reflect.Method.invoke(Method.java:568)
	at org.springframework.aop.support.AopUtils.invokeJoinpointUsingReflection(AopUtils.java:360)
	at org.springframework.aop.framework.ReflectiveMethodInvocation.invokeJoinpoint(ReflectiveMethodInvocation.java:196)
	at org.springframework.aop.framework.ReflectiveMethodInvocation.proceed(ReflectiveMethodInvocation.java:163)
	at org.springframework.transaction.interceptor.TransactionAspectSupport.invokeWithinTransaction(TransactionAspectSupport.java:380)
	at org.springframework.transaction.interceptor.TransactionInterceptor.invoke(TransactionInterceptor.java:119)
	at org.springframework.aop.framework.ReflectiveMethodInvocation.proceed(ReflectiveMethodInvocation.java:184)
	at org.springframework.aop.framework.CglibAopProxy$DynamicAdvisedInterceptor.intercept(CglibAopProxy.java:728)
	at com.sqld_board.sqld.service.sign.SignServiceImpl$$SpringCGLIB$$0.signIn(<generated>)
	at com.sqld_board.sqld.controller.sign.SignController.signIn(SignController.java:171)
	at java.base/jdk.internal.reflect.NativeMethodAccessorImpl.invoke0(Native Method)
	at java.base/jdk.internal.reflect.NativeMethodAccessorImpl.invoke(NativeMethodAccessorImpl.java:77)
	at java.base/jdk.internal.reflect.DelegatingMethodAccessorImpl.invoke(DelegatingMethodAccessorImpl.java:43)
	at java.base/java.lang.reflect.Method.invoke(Method.java:568)
	at org.springframework.web.method.support.InvocableHandlerMethod.doInvoke(InvocableHandlerMethod.java:258)
	at org.springframework.web.method.support.InvocableHandlerMethod.invokeForRequest(InvocableHandlerMethod.java:191)
	at org.springframework.web.servlet.mvc.method.annotation.ServletInvocableHandlerMethod.invokeAndHandle(ServletInvocableHandlerMethod.java:118)
	at org.springframework.web.servlet.mvc.method.annotation.RequestMappingHandlerAdapter.invokeHandlerMethod(RequestMappingHandlerAdapter.java:991)
	at org.springframework.web.servlet.mvc.method.annotation.RequestMappingHandlerAdapter.handleInternal(RequestMappingHandlerAdapter.java:896)
	at org.springframework.web.servlet.mvc.method.AbstractHandlerMethodAdapter.handle(AbstractHandlerMethodAdapter.java:87)
	at org.springframework.web.servlet.DispatcherServlet.doDispatch(DispatcherServlet.java:1089)
	at org.springframework.web.servlet.DispatcherServlet.doService(DispatcherServlet.java:979)
	at org.springframework.web.servlet.FrameworkServlet.processRequest(FrameworkServlet.java:1014)
	at org.springframework.web.servlet.FrameworkServlet.doPost(FrameworkServlet.java:914)
	at jakarta.servlet.http.HttpServlet.service(HttpServlet.java:590)
	at org.springframework.web.servlet.FrameworkServlet.service(FrameworkServlet.java:885)
	at jakarta.servlet.http.HttpServlet.service(HttpServlet.java:658)
	at org.apache.catalina.core.ApplicationFilterChain.internalDoFilter(ApplicationFilterChain.java:195)
	at org.apache.catalina.core.ApplicationFilterChain.doFilter(ApplicationFilterChain.java:140)
	at org.apache.tomcat.websocket.server.WsFilter.doFilter(WsFilter.java:51)
	at org.apache.catalina.core.ApplicationFilterChain.internalDoFilter(ApplicationFilterChain.java:164)
	at org.apache.catalina.core.ApplicationFilterChain.doFilter(ApplicationFilterChain.java:140)
	at org.springframework.web.filter.OncePerRequestFilter.doFilter(OncePerRequestFilter.java:110)
	at org.apache.catalina.core.ApplicationFilterChain.internalDoFilter(ApplicationFilterChain.java:164)
	at org.apache.catalina.core.ApplicationFilterChain.doFilter(ApplicationFilterChain.java:140)
	at org.springframework.web.filter.CompositeFilter$VirtualFilterChain.doFilter(CompositeFilter.java:108)
	at org.springframework.web.filter.CompositeFilter$VirtualFilterChain.doFilter(CompositeFilter.java:108)
	at org.springframework.security.web.FilterChainProxy.lambda$doFilterInternal$3(FilterChainProxy.java:231)
	at org.springframework.security.web.FilterChainProxy$VirtualFilterChain.doFilter(FilterChainProxy.java:365)
	at org.springframework.security.web.access.intercept.AuthorizationFilter.doFilter(AuthorizationFilter.java:101)
	at org.springframework.security.web.FilterChainProxy$VirtualFilterChain.doFilter(FilterChainProxy.java:374)
	at org.springframework.security.web.access.ExceptionTranslationFilter.doFilter(ExceptionTranslationFilter.java:125)
	at org.springframework.security.web.access.ExceptionTranslationFilter.doFilter(ExceptionTranslationFilter.java:119)
	at org.springframework.security.web.FilterChainProxy$VirtualFilterChain.doFilter(FilterChainProxy.java:374)
	at org.springframework.security.web.session.SessionManagementFilter.doFilter(SessionManagementFilter.java:131)
	at org.springframework.security.web.session.SessionManagementFilter.doFilter(SessionManagementFilter.java:85)
	at org.springframework.security.web.FilterChainProxy$VirtualFilterChain.doFilter(FilterChainProxy.java:374)
	at org.springframework.security.web.authentication.AnonymousAuthenticationFilter.doFilter(AnonymousAuthenticationFilter.java:100)
	at org.springframework.security.web.FilterChainProxy$VirtualFilterChain.doFilter(FilterChainProxy.java:374)
	at org.springframework.security.web.servletapi.SecurityContextHolderAwareRequestFilter.doFilter(SecurityContextHolderAwareRequestFilter.java:179)
	at org.springframework.security.web.FilterChainProxy$VirtualFilterChain.doFilter(FilterChainProxy.java:374)
	at org.springframework.security.web.savedrequest.RequestCacheAwareFilter.doFilter(RequestCacheAwareFilter.java:63)
	at org.springframework.security.web.FilterChainProxy$VirtualFilterChain.doFilter(FilterChainProxy.java:374)
	at com.sqld_board.sqld.config.security.JwtAuthenticationFilter.doFilterInternal(JwtAuthenticationFilter.java:62)
	at org.springframework.web.filter.OncePerRequestFilter.doFilter(OncePerRequestFilter.java:116)
	at org.springframework.security.web.FilterChainProxy$VirtualFilterChain.doFilter(FilterChainProxy.java:374)
	at org.springframework.security.web.authentication.logout.LogoutFilter.doFilter(LogoutFilter.java:107)
	at org.springframework.security.web.authentication.logout.LogoutFilter.doFilter(LogoutFilter.java:93)
	at org.springframework.security.web.FilterChainProxy$VirtualFilterChain.doFilter(FilterChainProxy.java:374)
	at org.springframework.web.filter.CorsFilter.doFilterInternal(CorsFilter.java:91)
	at org.springframework.web.filter.OncePerRequestFilter.doFilter(OncePerRequestFilter.java:116)
	at org.springframework.security.web.FilterChainProxy$VirtualFilterChain.doFilter(FilterChainProxy.java:374)
	at org.springframework.security.web.header.HeaderWriterFilter.doHeadersAfter(HeaderWriterFilter.java:90)
	at org.springframework.security.web.header.HeaderWriterFilter.doFilterInternal(HeaderWriterFilter.java:75)
	at org.springframework.web.filter.OncePerRequestFilter.doFilter(OncePerRequestFilter.java:116)
	at org.springframework.security.web.FilterChainProxy$VirtualFilterChain.doFilter(FilterChainProxy.java:374)
	at org.springframework.security.web.context.SecurityContextHolderFilter.doFilter(SecurityContextHolderFilter.java:82)
	at org.springframework.security.web.context.SecurityContextHolderFilter.doFilter(SecurityContextHolderFilter.java:69)
	at org.springframework.security.web.FilterChainProxy$VirtualFilterChain.doFilter(FilterChainProxy.java:374)
	at org.springframework.security.web.context.request.async.WebAsyncManagerIntegrationFilter.doFilterInternal(WebAsyncManagerIntegrationFilter.java:62)
	at org.springframework.web.filter.OncePerRequestFilter.doFilter(OncePerRequestFilter.java:116)
	at org.springframework.security.web.FilterChainProxy$VirtualFilterChain.doFilter(FilterChainProxy.java:374)
	at org.springframework.security.web.session.DisableEncodeUrlFilter.doFilterInternal(DisableEncodeUrlFilter.java:42)
	at org.springframework.web.filter.OncePerRequestFilter.doFilter(OncePerRequestFilter.java:116)
	at org.springframework.security.web.FilterChainProxy$VirtualFilterChain.doFilter(FilterChainProxy.java:374)
	at org.springframework.security.web.FilterChainProxy.doFilterInternal(FilterChainProxy.java:233)
	at org.springframework.security.web.FilterChainProxy.doFilter(FilterChainProxy.java:191)
	at org.springframework.web.filter.CompositeFilter$VirtualFilterChain.doFilter(CompositeFilter.java:113)
	at org.springframework.web.filter.ServletRequestPathFilter.doFilter(ServletRequestPathFilter.java:52)
	at org.springframework.web.filter.CompositeFilter$VirtualFilterChain.doFilter(CompositeFilter.java:113)
	at org.springframework.web.filter.CompositeFilter.doFilter(CompositeFilter.java:74)
	at org.springframework.security.config.annotation.web.configuration.WebSecurityConfiguration$CompositeFilterChainProxy.doFilter(WebSecurityConfiguration.java:319)
	at org.springframework.web.filter.CompositeFilter$VirtualFilterChain.doFilter(CompositeFilter.java:113)
	at org.springframework.web.servlet.handler.HandlerMappingIntrospector.lambda$createCacheFilter$4(HandlerMappingIntrospector.java:267)
	at org.springframework.web.filter.CompositeFilter$VirtualFilterChain.doFilter(CompositeFilter.java:113)
	at org.springframework.web.filter.CompositeFilter.doFilter(CompositeFilter.java:74)
	at org.springframework.security.config.annotation.web.configuration.WebMvcSecurityConfiguration$CompositeFilterChainProxy.doFilter(WebMvcSecurityConfiguration.java:240)
	at org.springframework.web.filter.DelegatingFilterProxy.invokeDelegate(DelegatingFilterProxy.java:362)
	at org.springframework.web.filter.DelegatingFilterProxy.doFilter(DelegatingFilterProxy.java:278)
	at org.apache.catalina.core.ApplicationFilterChain.internalDoFilter(ApplicationFilterChain.java:164)
	at org.apache.catalina.core.ApplicationFilterChain.doFilter(ApplicationFilterChain.java:140)
	at org.springframework.web.filter.RequestContextFilter.doFilterInternal(RequestContextFilter.java:100)
	at org.springframework.web.filter.OncePerRequestFilter.doFilter(OncePerRequestFilter.java:116)
	at org.apache.catalina.core.ApplicationFilterChain.internalDoFilter(ApplicationFilterChain.java:164)
	at org.apache.catalina.core.ApplicationFilterChain.doFilter(ApplicationFilterChain.java:140)
	at org.springframework.web.filter.FormContentFilter.doFilterInternal(FormContentFilter.java:93)
	at org.springframework.web.filter.OncePerRequestFilter.doFilter(OncePerRequestFilter.java:116)
	at org.apache.catalina.core.ApplicationFilterChain.internalDoFilter(ApplicationFilterChain.java:164)
	at org.apache.catalina.core.ApplicationFilterChain.doFilter(ApplicationFilterChain.java:140)
	at org.springframework.web.filter.CharacterEncodingFilter.doFilterInternal(CharacterEncodingFilter.java:201)
	at org.springframework.web.filter.OncePerRequestFilter.doFilter(OncePerRequestFilter.java:116)
	at org.apache.catalina.core.ApplicationFilterChain.internalDoFilter(ApplicationFilterChain.java:164)
	at org.apache.catalina.core.ApplicationFilterChain.doFilter(ApplicationFilterChain.java:140)
	at org.apache.catalina.core.StandardWrapperValve.invoke(StandardWrapperValve.java:167)
	at org.apache.catalina.core.StandardContextValve.invoke(StandardContextValve.java:90)
	at org.apache.catalina.authenticator.AuthenticatorBase.invoke(AuthenticatorBase.java:483)
	at org.apache.catalina.core.StandardHostValve.invoke(StandardHostValve.java:116)
	at org.apache.catalina.valves.ErrorReportValve.invoke(ErrorReportValve.java:93)
	at org.apache.catalina.core.StandardEngineValve.invoke(StandardEngineValve.java:74)
	at org.apache.catalina.connector.CoyoteAdapter.service(CoyoteAdapter.java:344)
	at org.apache.coyote.http11.Http11Processor.service(Http11Processor.java:398)
	at org.apache.coyote.AbstractProcessorLight.process(AbstractProcessorLight.java:63)
	at org.apache.coyote.AbstractProtocol$ConnectionHandler.process(AbstractProtocol.java:903)
	at org.apache.tomcat.util.net.NioEndpoint$SocketProcessor.doRun(NioEndpoint.java:1776)
	at org.apache.tomcat.util.net.SocketProcessorBase.run(SocketProcessorBase.java:52)
	at org.apache.tomcat.util.threads.ThreadPoolExecutor.runWorker(ThreadPoolExecutor.java:975)
	at org.apache.tomcat.util.threads.ThreadPoolExecutor$Worker.run(ThreadPoolExecutor.java:493)
	at org.apache.tomcat.util.threads.TaskThread$WrappingRunnable.run(TaskThread.java:63)
	at java.base/java.lang.Thread.run(Thread.java:840)
[2026-05-05 17:51:30.084] [WARN ] [http-nio-8881-exec-2] o.s.w.s.m.m.a.ExceptionHandlerExceptionResolver - Resolved [com.sqld_board.sqld.exception.common.InvalidCredentialsException]
[2026-05-05 17:51:33.969] [INFO ] [http-nio-8881-exec-8] jdbc.sqltiming - SELECT MEMBER_ID
             , USER_ID
             , USER_PASS
             , USER_NAME
             , USER_EMAIL
             , EMAIL_VERIFIED
             , USER_ROLE
             , USER_STATUS
             , PROFILE_IMAGE
             , CREATE_AT
             , UPDATE_AT
             , LAST_LOG_AT
          FROM MEMBER_INFO
         WHERE USER_ID = 'Admin'
         LIMIT 1
 {executed in 4 msec}
[2026-05-05 17:51:34.122] [INFO ] [http-nio-8881-exec-8] jdbc.sqltiming - UPDATE MEMBER_INFO
        SET LAST_LOG_AT = NOW()
        WHERE MEMBER_ID = 'MEMBER_20260423_004'
 {executed in 20 msec}
[2026-05-05 17:51:34.142] [INFO ] [http-nio-8881-exec-8] jdbc.sqltiming - DELETE FROM refresh_token WHERE MEMBER_ID = 'MEMBER_20260423_004'
 {executed in 17 msec}
[2026-05-05 17:51:34.191] [INFO ] [http-nio-8881-exec-8] jdbc.sqltiming - INSERT INTO refresh_token (MEMBER_ID, R_TOKEN, EXPIRY_DATE)
        VALUES ('MEMBER_20260423_004', 'e6ad1424-8803-4cc7-82e8-ae333fd69ef8', '05/12/2026 17:51:34.142')
 {executed in 49 msec}
[2026-05-05 17:51:34.271] [INFO ] [http-nio-8881-exec-9] jdbc.sqltiming - SELECT /* MemberMapper.readMemberByMemberId (memberId를 통한 회원 정보 조회) */
               MEMBER_ID
             , USER_ID
             , USER_PASS
             , USER_NAME
             , USER_EMAIL
             , EMAIL_VERIFIED
             , USER_ROLE
             , USER_STATUS
             , PROFILE_IMAGE
             , CREATE_AT
             , UPDATE_AT
             , LAST_LOG_AT
          FROM MEMBER_INFO
        WHERE MEMBER_ID = 'MEMBER_20260423_004'
 {executed in 5 msec}
[2026-05-05 17:51:34.274] [INFO ] [http-nio-8881-exec-3] jdbc.sqltiming - SELECT /* MemberMapper.readMemberByMemberId (memberId를 통한 회원 정보 조회) */
               MEMBER_ID
             , USER_ID
             , USER_PASS
             , USER_NAME
             , USER_EMAIL
             , EMAIL_VERIFIED
             , USER_ROLE
             , USER_STATUS
             , PROFILE_IMAGE
             , CREATE_AT
             , UPDATE_AT
             , LAST_LOG_AT
          FROM MEMBER_INFO
        WHERE MEMBER_ID = 'MEMBER_20260423_004'
 {executed in 3 msec}
[2026-05-05 17:51:34.285] [INFO ] [http-nio-8881-exec-9] jdbc.sqltiming - SELECT  /* BoardMapper.getBoardList (게시판 목록 전체를 조회하는 쿼리 (사용자 정보 JOIN))*/
               B.BOARD_ID
             , B.TITLE
             , B.CONTENT
             , M.USER_ID
             , M.USER_NAME
             , B.MEMBER_ID
             , B.BOARD_CODE
             , B.CATEGORY_ID
             , B.VIEW_COUNT
             , B.LIKE_COUNT
             ,(SELECT COUNT(*)
                 FROM COMMENT_MANAGEMENT CM
                WHERE CM.BOARD_ID = B.BOARD_ID
                  AND CM.DELETE_YN = 'N') AS commentCount /* 댓글 작성 수 */
             , M.PROFILE_IMAGE
             , B.CREATE_AT
             , B.UPDATE_AT
             , B.TAG_NAME
        FROM
            BOARD B
        LEFT JOIN MEMBER_INFO M ON B.MEMBER_ID = M.MEMBER_ID
        WHERE B.DELETE_YN = 'N'
        ORDER BY
            B.CREATE_AT DESC
 {executed in 9 msec}
[2026-05-05 17:51:34.292] [INFO ] [http-nio-8881-exec-7] jdbc.sqltiming - SELECT /* MemberMapper.readMemberByMemberId (memberId를 통한 회원 정보 조회) */
               MEMBER_ID
             , USER_ID
             , USER_PASS
             , USER_NAME
             , USER_EMAIL
             , EMAIL_VERIFIED
             , USER_ROLE
             , USER_STATUS
             , PROFILE_IMAGE
             , CREATE_AT
             , UPDATE_AT
             , LAST_LOG_AT
          FROM MEMBER_INFO
        WHERE MEMBER_ID = 'MEMBER_20260423_004'
 {executed in 6 msec}
[2026-05-05 17:51:34.296] [INFO ] [http-nio-8881-exec-3] jdbc.sqltiming - SELECT /* WebSocketMapper.searchNotification */
               NOTI_ID
             , RECEIVER_ID
             , SENDER_ID
             , NOTI_TYPE
             , MESSAGE
             , IS_READ
             , CREATE_AT
             , TARGET_URL
        FROM NOTIFICATION
        WHERE RECEIVER_ID = 'MEMBER_20260423_004'
 {executed in 5 msec}
[2026-05-05 17:51:34.305] [INFO ] [http-nio-8881-exec-4] c.s.s.s.w.WebSocketServiceImpl - [Presence] User 관리자 joined room OPEN_CHAT
[2026-05-05 17:51:34.312] [INFO ] [http-nio-8881-exec-4] c.s.s.c.w.WebSocketEventListener - [Presence] User 관리자 joined room OPEN_CHAT
[2026-05-05 17:51:34.341] [INFO ] [http-nio-8881-exec-4] c.s.s.c.w.WebSocketEventListener - [Presence] Room OPEN_CHAT  updated. Count: 1
[2026-05-05 17:51:34.368] [INFO ] [http-nio-8881-exec-4] c.s.s.c.w.WebSocketEventListener - [Presence] Room OPEN_CHAT  updated. Count: 1
[2026-05-05 17:51:34.826] [INFO ] [clientInboundChannel-28] jdbc.sqltiming - SELECT /* MemberMapper.readMemberByMemberId (memberId를 통한 회원 정보 조회) */
               MEMBER_ID
             , USER_ID
             , USER_PASS
             , USER_NAME
             , USER_EMAIL
             , EMAIL_VERIFIED
             , USER_ROLE
             , USER_STATUS
             , PROFILE_IMAGE
             , CREATE_AT
             , UPDATE_AT
             , LAST_LOG_AT
          FROM MEMBER_INFO
        WHERE MEMBER_ID = 'MEMBER_20260423_004'
 {executed in 7 msec}
[2026-05-05 17:51:34.837] [INFO ] [clientInboundChannel-28] jdbc.sqltiming - INSERT INTO CHAT_MESSAGE( /* WebSocketMapper.insertChatMessage (채팅 저장) */
                    ROOM_ID
                  , SENDER_ID
                  , CONTENT
                  , SEND_TIME
                  , CHAT_TYPE
        )    VALUES(
                    'OPEN_CHAT'
                  , 'MEMBER_20260423_004'
                  , '관리자님이 입장하셨습니다.'
                  , 2026-05-05T17:51:34.827354
                  , 'ENTER'
               )
 {executed in 9 msec}
[2026-05-05 17:51:34.837] [INFO ] [clientInboundChannel-28] jdbc.sqltiming - getGeneratedKeys on query: INSERT INTO CHAT_MESSAGE( /* WebSocketMapper.insertChatMessage (채팅 저장) */
                    ROOM_ID
                  , SENDER_ID
                  , CONTENT
                  , SEND_TIME
                  , CHAT_TYPE
        )    VALUES(
                    'OPEN_CHAT'
                  , 'MEMBER_20260423_004'
                  , '관리자님이 입장하셨습니다.'
                  , 2026-05-05T17:51:34.827354
                  , 'ENTER'
               )
 {executed in 0 msec}
[2026-05-05 17:51:34.838] [INFO ] [clientInboundChannel-28] c.s.s.s.w.WebSocketServiceImpl - JSON Message to Redis: {"notiId":null,"senderName":"관리자","type":"ENTER","roomId":"OPEN_CHAT","senderId":"MEMBER_20260423_004","targetId":null,"content":"관리자님이 입장하셨습니다.","timestamp":"2026-05-05 17:51:34","targetUrl":null}
[2026-05-05 17:51:34.840] [INFO ] [redisContainer-2] c.s.s.s.redisConfig.RedisSubscriber - Redis Subscribe - Message Received: {"notiId":null,"senderName":"관리자","type":"ENTER","roomId":"OPEN_CHAT","senderId":"MEMBER_20260423_004","targetId":null,"content":"관리자님이 입장하셨습니다.","timestamp":"2026-05-05 17:51:34","targetUrl":null}
[2026-05-05 17:51:46.489] [INFO ] [clientInboundChannel-31] jdbc.sqltiming - SELECT /* MemberMapper.readMemberByMemberId (memberId를 통한 회원 정보 조회) */
               MEMBER_ID
             , USER_ID
             , USER_PASS
             , USER_NAME
             , USER_EMAIL
             , EMAIL_VERIFIED
             , USER_ROLE
             , USER_STATUS
             , PROFILE_IMAGE
             , CREATE_AT
             , UPDATE_AT
             , LAST_LOG_AT
          FROM MEMBER_INFO
        WHERE MEMBER_ID = 'MEMBER_20260423_004'
 {executed in 6 msec}
[2026-05-05 17:51:46.505] [INFO ] [clientInboundChannel-31] jdbc.sqltiming - INSERT INTO CHAT_MESSAGE( /* WebSocketMapper.insertChatMessage (채팅 저장) */
                    ROOM_ID
                  , SENDER_ID
                  , CONTENT
                  , SEND_TIME
                  , CHAT_TYPE
        )    VALUES(
                    'OPEN_CHAT'
                  , 'MEMBER_20260423_004'
                  , 'asdn'
                  , 2026-05-05T17:51:46.494316
                  , 'TALK'
               )
 {executed in 10 msec}
[2026-05-05 17:51:46.505] [INFO ] [clientInboundChannel-31] jdbc.sqltiming - getGeneratedKeys on query: INSERT INTO CHAT_MESSAGE( /* WebSocketMapper.insertChatMessage (채팅 저장) */
                    ROOM_ID
                  , SENDER_ID
                  , CONTENT
                  , SEND_TIME
                  , CHAT_TYPE
        )    VALUES(
                    'OPEN_CHAT'
                  , 'MEMBER_20260423_004'
                  , 'asdn'
                  , 2026-05-05T17:51:46.494316
                  , 'TALK'
               )
 {executed in 0 msec}
[2026-05-05 17:51:46.506] [INFO ] [clientInboundChannel-31] c.s.s.s.w.WebSocketServiceImpl - JSON Message to Redis: {"notiId":null,"senderName":"관리자","type":"TALK","roomId":"OPEN_CHAT","senderId":"MEMBER_20260423_004","targetId":null,"content":"asdn","timestamp":"2026-05-05 17:51:46","targetUrl":null}
[2026-05-05 17:51:46.511] [INFO ] [redisContainer-3] c.s.s.s.redisConfig.RedisSubscriber - Redis Subscribe - Message Received: {"notiId":null,"senderName":"관리자","type":"TALK","roomId":"OPEN_CHAT","senderId":"MEMBER_20260423_004","targetId":null,"content":"asdn","timestamp":"2026-05-05 17:51:46","targetUrl":null}
[2026-05-05 17:51:47.496] [INFO ] [clientInboundChannel-17] jdbc.sqltiming - SELECT /* MemberMapper.readMemberByMemberId (memberId를 통한 회원 정보 조회) */
               MEMBER_ID
             , USER_ID
             , USER_PASS
             , USER_NAME
             , USER_EMAIL
             , EMAIL_VERIFIED
             , USER_ROLE
             , USER_STATUS
             , PROFILE_IMAGE
             , CREATE_AT
             , UPDATE_AT
             , LAST_LOG_AT
          FROM MEMBER_INFO
        WHERE MEMBER_ID = 'MEMBER_20260423_004'
 {executed in 5 msec}
[2026-05-05 17:51:47.508] [INFO ] [clientInboundChannel-17] jdbc.sqltiming - INSERT INTO CHAT_MESSAGE( /* WebSocketMapper.insertChatMessage (채팅 저장) */
                    ROOM_ID
                  , SENDER_ID
                  , CONTENT
                  , SEND_TIME
                  , CHAT_TYPE
        )    VALUES(
                    'OPEN_CHAT'
                  , 'MEMBER_20260423_004'
                  , 'kmsd'
                  , 2026-05-05T17:51:47.497232
                  , 'TALK'
               )
 {executed in 10 msec}
[2026-05-05 17:51:47.509] [INFO ] [clientInboundChannel-17] jdbc.sqltiming - getGeneratedKeys on query: INSERT INTO CHAT_MESSAGE( /* WebSocketMapper.insertChatMessage (채팅 저장) */
                    ROOM_ID
                  , SENDER_ID
                  , CONTENT
                  , SEND_TIME
                  , CHAT_TYPE
        )    VALUES(
                    'OPEN_CHAT'
                  , 'MEMBER_20260423_004'
                  , 'kmsd'
                  , 2026-05-05T17:51:47.497232
                  , 'TALK'
               )
 {executed in 0 msec}
[2026-05-05 17:51:47.509] [INFO ] [clientInboundChannel-17] c.s.s.s.w.WebSocketServiceImpl - JSON Message to Redis: {"notiId":null,"senderName":"관리자","type":"TALK","roomId":"OPEN_CHAT","senderId":"MEMBER_20260423_004","targetId":null,"content":"kmsd","timestamp":"2026-05-05 17:51:47","targetUrl":null}
[2026-05-05 17:51:47.511] [INFO ] [redisContainer-4] c.s.s.s.redisConfig.RedisSubscriber - Redis Subscribe - Message Received: {"notiId":null,"senderName":"관리자","type":"TALK","roomId":"OPEN_CHAT","senderId":"MEMBER_20260423_004","targetId":null,"content":"kmsd","timestamp":"2026-05-05 17:51:47","targetUrl":null}
[2026-05-05 17:51:48.191] [INFO ] [clientInboundChannel-20] jdbc.sqltiming - SELECT /* MemberMapper.readMemberByMemberId (memberId를 통한 회원 정보 조회) */
               MEMBER_ID
             , USER_ID
             , USER_PASS
             , USER_NAME
             , USER_EMAIL
             , EMAIL_VERIFIED
             , USER_ROLE
             , USER_STATUS
             , PROFILE_IMAGE
             , CREATE_AT
             , UPDATE_AT
             , LAST_LOG_AT
          FROM MEMBER_INFO
        WHERE MEMBER_ID = 'MEMBER_20260423_004'
 {executed in 21 msec}
[2026-05-05 17:51:48.214] [INFO ] [clientInboundChannel-20] jdbc.sqltiming - INSERT INTO CHAT_MESSAGE( /* WebSocketMapper.insertChatMessage (채팅 저장) */
                    ROOM_ID
                  , SENDER_ID
                  , CONTENT
                  , SEND_TIME
                  , CHAT_TYPE
        )    VALUES(
                    'OPEN_CHAT'
                  , 'MEMBER_20260423_004'
                  , 'm'
                  , 2026-05-05T17:51:48.192846
                  , 'TALK'
               )
 {executed in 21 msec}
[2026-05-05 17:51:48.215] [INFO ] [clientInboundChannel-20] jdbc.sqltiming - getGeneratedKeys on query: INSERT INTO CHAT_MESSAGE( /* WebSocketMapper.insertChatMessage (채팅 저장) */
                    ROOM_ID
                  , SENDER_ID
                  , CONTENT
                  , SEND_TIME
                  , CHAT_TYPE
        )    VALUES(
                    'OPEN_CHAT'
                  , 'MEMBER_20260423_004'
                  , 'm'
                  , 2026-05-05T17:51:48.192846
                  , 'TALK'
               )
 {executed in 1 msec}
[2026-05-05 17:51:48.216] [INFO ] [clientInboundChannel-20] c.s.s.s.w.WebSocketServiceImpl - JSON Message to Redis: {"notiId":null,"senderName":"관리자","type":"TALK","roomId":"OPEN_CHAT","senderId":"MEMBER_20260423_004","targetId":null,"content":"m","timestamp":"2026-05-05 17:51:48","targetUrl":null}
[2026-05-05 17:51:48.219] [INFO ] [redisContainer-5] c.s.s.s.redisConfig.RedisSubscriber - Redis Subscribe - Message Received: {"notiId":null,"senderName":"관리자","type":"TALK","roomId":"OPEN_CHAT","senderId":"MEMBER_20260423_004","targetId":null,"content":"m","timestamp":"2026-05-05 17:51:48","targetUrl":null}
[2026-05-05 17:51:48.832] [INFO ] [clientInboundChannel-24] jdbc.sqltiming - SELECT /* MemberMapper.readMemberByMemberId (memberId를 통한 회원 정보 조회) */
               MEMBER_ID
             , USER_ID
             , USER_PASS
             , USER_NAME
             , USER_EMAIL
             , EMAIL_VERIFIED
             , USER_ROLE
             , USER_STATUS
             , PROFILE_IMAGE
             , CREATE_AT
             , UPDATE_AT
             , LAST_LOG_AT
          FROM MEMBER_INFO
        WHERE MEMBER_ID = 'MEMBER_20260423_004'
 {executed in 6 msec}
[2026-05-05 17:51:48.860] [INFO ] [clientInboundChannel-24] jdbc.sqltiming - INSERT INTO CHAT_MESSAGE( /* WebSocketMapper.insertChatMessage (채팅 저장) */
                    ROOM_ID
                  , SENDER_ID
                  , CONTENT
                  , SEND_TIME
                  , CHAT_TYPE
        )    VALUES(
                    'OPEN_CHAT'
                  , 'MEMBER_20260423_004'
                  , ';sd'
                  , 2026-05-05T17:51:48.833552
                  , 'TALK'
               )
 {executed in 26 msec}
[2026-05-05 17:51:48.860] [INFO ] [clientInboundChannel-24] jdbc.sqltiming - getGeneratedKeys on query: INSERT INTO CHAT_MESSAGE( /* WebSocketMapper.insertChatMessage (채팅 저장) */
                    ROOM_ID
                  , SENDER_ID
                  , CONTENT
                  , SEND_TIME
                  , CHAT_TYPE
        )    VALUES(
                    'OPEN_CHAT'
                  , 'MEMBER_20260423_004'
                  , ';sd'
                  , 2026-05-05T17:51:48.833552
                  , 'TALK'
               )
 {executed in 0 msec}
[2026-05-05 17:51:48.860] [INFO ] [clientInboundChannel-24] c.s.s.s.w.WebSocketServiceImpl - JSON Message to Redis: {"notiId":null,"senderName":"관리자","type":"TALK","roomId":"OPEN_CHAT","senderId":"MEMBER_20260423_004","targetId":null,"content":";sd","timestamp":"2026-05-05 17:51:48","targetUrl":null}
[2026-05-05 17:51:48.862] [INFO ] [redisContainer-6] c.s.s.s.redisConfig.RedisSubscriber - Redis Subscribe - Message Received: {"notiId":null,"senderName":"관리자","type":"TALK","roomId":"OPEN_CHAT","senderId":"MEMBER_20260423_004","targetId":null,"content":";sd","timestamp":"2026-05-05 17:51:48","targetUrl":null}
[2026-05-05 17:51:51.349] [INFO ] [http-nio-8881-exec-7] jdbc.sqltiming - SELECT /* MemberMapper.readMemberByMemberId (memberId를 통한 회원 정보 조회) */
               MEMBER_ID
             , USER_ID
             , USER_PASS
             , USER_NAME
             , USER_EMAIL
             , EMAIL_VERIFIED
             , USER_ROLE
             , USER_STATUS
             , PROFILE_IMAGE
             , CREATE_AT
             , UPDATE_AT
             , LAST_LOG_AT
          FROM MEMBER_INFO
        WHERE MEMBER_ID = 'MEMBER_20260423_004'
 {executed in 4 msec}
[2026-05-05 17:51:51.349] [INFO ] [http-nio-8881-exec-9] jdbc.sqltiming - SELECT /* MemberMapper.readMemberByMemberId (memberId를 통한 회원 정보 조회) */
               MEMBER_ID
             , USER_ID
             , USER_PASS
             , USER_NAME
             , USER_EMAIL
             , EMAIL_VERIFIED
             , USER_ROLE
             , USER_STATUS
             , PROFILE_IMAGE
             , CREATE_AT
             , UPDATE_AT
             , LAST_LOG_AT
          FROM MEMBER_INFO
        WHERE MEMBER_ID = 'MEMBER_20260423_004'
 {executed in 5 msec}
[2026-05-05 17:51:51.351] [INFO ] [http-nio-8881-exec-10] jdbc.sqltiming - SELECT /* MemberMapper.readMemberByMemberId (memberId를 통한 회원 정보 조회) */
               MEMBER_ID
             , USER_ID
             , USER_PASS
             , USER_NAME
             , USER_EMAIL
             , EMAIL_VERIFIED
             , USER_ROLE
             , USER_STATUS
             , PROFILE_IMAGE
             , CREATE_AT
             , UPDATE_AT
             , LAST_LOG_AT
          FROM MEMBER_INFO
        WHERE MEMBER_ID = 'MEMBER_20260423_004'
 {executed in 6 msec}
[2026-05-05 17:51:51.356] [INFO ] [http-nio-8881-exec-7] c.s.s.service.board.BoardServiceImpl - 인기 게시물 조회를 위해 DB에 접근한다. (캐시 미적용 시에만 출력)
[2026-05-05 17:51:51.361] [INFO ] [http-nio-8881-exec-7] jdbc.sqltiming - SELECT /* BoardMapper.getPopularBoards (최근 15일 인기 게시글 조회) */
               B.BOARD_ID
             , B.TITLE
             , B.VIEW_COUNT
             , B.LIKE_COUNT
             , B.CREATE_AT
             , M.USER_NAME
             , M.PROFILE_IMAGE
        FROM BOARD B
        LEFT JOIN MEMBER_INFO M ON B.MEMBER_ID = M.MEMBER_ID
        WHERE B.CREATE_AT >= DATE_SUB(NOW(), INTERVAL 15 DAY)
          AND B.DELETE_YN = 'N'
        ORDER BY B.LIKE_COUNT DESC, B.VIEW_COUNT DESC
        LIMIT 5
 {executed in 5 msec}
[2026-05-05 17:51:51.361] [INFO ] [http-nio-8881-exec-10] jdbc.sqltiming - SELECT /* BoardMapper.getBoardListWithPaging (페이징 처리된 게시판 목록 조회 (지연 조인 최적화 적용)) */
               B.BOARD_ID
             , B.TITLE
             , B.CONTENT
             , M.USER_ID
             , M.USER_NAME
             , B.MEMBER_ID
             , B.BOARD_CODE
             , B.CATEGORY_ID
             , B.VIEW_COUNT
             , B.LIKE_COUNT
             ,(SELECT COUNT(*)
                 FROM COMMENT_MANAGEMENT CM
                 WHERE CM.BOARD_ID = B.BOARD_ID
                   AND CM.DELETE_YN = 'N') AS commentCount /* 댓글 작성 수 */
             , M.PROFILE_IMAGE
             , B.CREATE_AT
             , B.UPDATE_AT
             , B.TAG_NAME
          FROM BOARD B
    INNER JOIN ( /* 인덱스만 사용하여 필요한 ID들만 빠르게 추출 */
                SELECT BOARD_ID
                  FROM BOARD
             WHERE DELETE_YN = 'N'

                    AND BOARD_CODE = 'B_SQLD_01' 
            ORDER BY CREATE_AT DESC
            LIMIT 10 OFFSET 0
        ) AS temp ON B.BOARD_ID = temp.BOARD_ID
        LEFT JOIN MEMBER_INFO M ON B.MEMBER_ID = M.MEMBER_ID
        ORDER BY B.CREATE_AT DESC
 {executed in 6 msec}
[2026-05-05 17:51:51.361] [INFO ] [http-nio-8881-exec-9] jdbc.sqltiming - SELECT /* BoardMapper.getBoardListWithPaging (페이징 처리된 게시판 목록 조회 (지연 조인 최적화 적용)) */
               B.BOARD_ID
             , B.TITLE
             , B.CONTENT
             , M.USER_ID
             , M.USER_NAME
             , B.MEMBER_ID
             , B.BOARD_CODE
             , B.CATEGORY_ID
             , B.VIEW_COUNT
             , B.LIKE_COUNT
             ,(SELECT COUNT(*)
                 FROM COMMENT_MANAGEMENT CM
                 WHERE CM.BOARD_ID = B.BOARD_ID
                   AND CM.DELETE_YN = 'N') AS commentCount /* 댓글 작성 수 */
             , M.PROFILE_IMAGE
             , B.CREATE_AT
             , B.UPDATE_AT
             , B.TAG_NAME
          FROM BOARD B
    INNER JOIN ( /* 인덱스만 사용하여 필요한 ID들만 빠르게 추출 */
                SELECT BOARD_ID
                  FROM BOARD
             WHERE DELETE_YN = 'N'

                    AND BOARD_CODE = 'S' 
            ORDER BY CREATE_AT DESC
            LIMIT 30 OFFSET 0
        ) AS temp ON B.BOARD_ID = temp.BOARD_ID
        LEFT JOIN MEMBER_INFO M ON B.MEMBER_ID = M.MEMBER_ID
        ORDER BY B.CREATE_AT DESC
 {executed in 6 msec}
[2026-05-05 17:51:51.365] [INFO ] [http-nio-8881-exec-9] jdbc.sqltiming - SELECT /* BoardMapper.getgetBoardTotalCount (게시글 총 개수 조회) */
               COUNT(*)
          FROM BOARD
         WHERE DELETE_YN = 'N'

                AND BOARD_CODE = 'S'
 {executed in 3 msec}
[2026-05-05 17:51:51.366] [INFO ] [http-nio-8881-exec-10] jdbc.sqltiming - SELECT /* BoardMapper.getgetBoardTotalCount (게시글 총 개수 조회) */
               COUNT(*)
          FROM BOARD
         WHERE DELETE_YN = 'N'

                AND BOARD_CODE = 'B_SQLD_01'
 {executed in 3 msec}
[2026-05-05 17:52:24.420] [INFO ] [clientInboundChannel-27] jdbc.sqltiming - SELECT /* MemberMapper.readMemberByMemberId (memberId를 통한 회원 정보 조회) */
               MEMBER_ID
             , USER_ID
             , USER_PASS
             , USER_NAME
             , USER_EMAIL
             , EMAIL_VERIFIED
             , USER_ROLE
             , USER_STATUS
             , PROFILE_IMAGE
             , CREATE_AT
             , UPDATE_AT
             , LAST_LOG_AT
          FROM MEMBER_INFO
        WHERE MEMBER_ID = 'MEMBER_20260423_004'
 {executed in 5 msec}
[2026-05-05 17:52:24.435] [INFO ] [clientInboundChannel-27] jdbc.sqltiming - INSERT INTO CHAT_MESSAGE( /* WebSocketMapper.insertChatMessage (채팅 저장) */
                    ROOM_ID
                  , SENDER_ID
                  , CONTENT
                  , SEND_TIME
                  , CHAT_TYPE
        )    VALUES(
                    'OPEN_CHAT'
                  , 'MEMBER_20260423_004'
                  , 'klsfkldsf'
                  , 2026-05-05T17:52:24.423458
                  , 'TALK'
               )
 {executed in 10 msec}
[2026-05-05 17:52:24.446] [INFO ] [clientInboundChannel-27] jdbc.sqltiming - getGeneratedKeys on query: INSERT INTO CHAT_MESSAGE( /* WebSocketMapper.insertChatMessage (채팅 저장) */
                    ROOM_ID
                  , SENDER_ID
                  , CONTENT
                  , SEND_TIME
                  , CHAT_TYPE
        )    VALUES(
                    'OPEN_CHAT'
                  , 'MEMBER_20260423_004'
                  , 'klsfkldsf'
                  , 2026-05-05T17:52:24.423458
                  , 'TALK'
               )
 {executed in 0 msec}
[2026-05-05 17:52:24.446] [INFO ] [clientInboundChannel-27] c.s.s.s.w.WebSocketServiceImpl - JSON Message to Redis: {"notiId":null,"senderName":"관리자","type":"TALK","roomId":"OPEN_CHAT","senderId":"MEMBER_20260423_004","targetId":null,"content":"klsfkldsf","timestamp":"2026-05-05 17:52:24","targetUrl":null}
[2026-05-05 17:52:24.448] [INFO ] [redisContainer-7] c.s.s.s.redisConfig.RedisSubscriber - Redis Subscribe - Message Received: {"notiId":null,"senderName":"관리자","type":"TALK","roomId":"OPEN_CHAT","senderId":"MEMBER_20260423_004","targetId":null,"content":"klsfkldsf","timestamp":"2026-05-05 17:52:24","targetUrl":null}
[2026-05-05 17:52:25.141] [INFO ] [clientInboundChannel-28] jdbc.sqltiming - SELECT /* MemberMapper.readMemberByMemberId (memberId를 통한 회원 정보 조회) */
               MEMBER_ID
             , USER_ID
             , USER_PASS
             , USER_NAME
             , USER_EMAIL
             , EMAIL_VERIFIED
             , USER_ROLE
             , USER_STATUS
             , PROFILE_IMAGE
             , CREATE_AT
             , UPDATE_AT
             , LAST_LOG_AT
          FROM MEMBER_INFO
        WHERE MEMBER_ID = 'MEMBER_20260423_004'
 {executed in 6 msec}
[2026-05-05 17:52:25.170] [INFO ] [clientInboundChannel-28] jdbc.sqltiming - INSERT INTO CHAT_MESSAGE( /* WebSocketMapper.insertChatMessage (채팅 저장) */
                    ROOM_ID
                  , SENDER_ID
                  , CONTENT
                  , SEND_TIME
                  , CHAT_TYPE
        )    VALUES(
                    'OPEN_CHAT'
                  , 'MEMBER_20260423_004'
                  , 'mdskfm'
                  , 2026-05-05T17:52:25.142249
                  , 'TALK'
               )
 {executed in 28 msec}
[2026-05-05 17:52:25.170] [INFO ] [clientInboundChannel-28] jdbc.sqltiming - getGeneratedKeys on query: INSERT INTO CHAT_MESSAGE( /* WebSocketMapper.insertChatMessage (채팅 저장) */
                    ROOM_ID
                  , SENDER_ID
                  , CONTENT
                  , SEND_TIME
                  , CHAT_TYPE
        )    VALUES(
                    'OPEN_CHAT'
                  , 'MEMBER_20260423_004'
                  , 'mdskfm'
                  , 2026-05-05T17:52:25.142249
                  , 'TALK'
               )
 {executed in 0 msec}
[2026-05-05 17:52:25.171] [INFO ] [clientInboundChannel-28] c.s.s.s.w.WebSocketServiceImpl - JSON Message to Redis: {"notiId":null,"senderName":"관리자","type":"TALK","roomId":"OPEN_CHAT","senderId":"MEMBER_20260423_004","targetId":null,"content":"mdskfm","timestamp":"2026-05-05 17:52:25","targetUrl":null}
[2026-05-05 17:52:25.176] [INFO ] [redisContainer-8] c.s.s.s.redisConfig.RedisSubscriber - Redis Subscribe - Message Received: {"notiId":null,"senderName":"관리자","type":"TALK","roomId":"OPEN_CHAT","senderId":"MEMBER_20260423_004","targetId":null,"content":"mdskfm","timestamp":"2026-05-05 17:52:25","targetUrl":null}
[2026-05-05 17:52:25.815] [INFO ] [clientInboundChannel-31] jdbc.sqltiming - SELECT /* MemberMapper.readMemberByMemberId (memberId를 통한 회원 정보 조회) */
               MEMBER_ID
             , USER_ID
             , USER_PASS
             , USER_NAME
             , USER_EMAIL
             , EMAIL_VERIFIED
             , USER_ROLE
             , USER_STATUS
             , PROFILE_IMAGE
             , CREATE_AT
             , UPDATE_AT
             , LAST_LOG_AT
          FROM MEMBER_INFO
        WHERE MEMBER_ID = 'MEMBER_20260423_004'
 {executed in 7 msec}
[2026-05-05 17:52:25.829] [INFO ] [clientInboundChannel-31] jdbc.sqltiming - INSERT INTO CHAT_MESSAGE( /* WebSocketMapper.insertChatMessage (채팅 저장) */
                    ROOM_ID
                  , SENDER_ID
                  , CONTENT
                  , SEND_TIME
                  , CHAT_TYPE
        )    VALUES(
                    'OPEN_CHAT'
                  , 'MEMBER_20260423_004'
                  , 'mkdsf'
                  , 2026-05-05T17:52:25.816721
                  , 'TALK'
               )
 {executed in 11 msec}
[2026-05-05 17:52:25.829] [INFO ] [clientInboundChannel-31] jdbc.sqltiming - getGeneratedKeys on query: INSERT INTO CHAT_MESSAGE( /* WebSocketMapper.insertChatMessage (채팅 저장) */
                    ROOM_ID
                  , SENDER_ID
                  , CONTENT
                  , SEND_TIME
                  , CHAT_TYPE
        )    VALUES(
                    'OPEN_CHAT'
                  , 'MEMBER_20260423_004'
                  , 'mkdsf'
                  , 2026-05-05T17:52:25.816721
                  , 'TALK'
               )
 {executed in 0 msec}
[2026-05-05 17:52:25.831] [INFO ] [clientInboundChannel-31] c.s.s.s.w.WebSocketServiceImpl - JSON Message to Redis: {"notiId":null,"senderName":"관리자","type":"TALK","roomId":"OPEN_CHAT","senderId":"MEMBER_20260423_004","targetId":null,"content":"mkdsf","timestamp":"2026-05-05 17:52:25","targetUrl":null}
[2026-05-05 17:52:25.833] [INFO ] [redisContainer-9] c.s.s.s.redisConfig.RedisSubscriber - Redis Subscribe - Message Received: {"notiId":null,"senderName":"관리자","type":"TALK","roomId":"OPEN_CHAT","senderId":"MEMBER_20260423_004","targetId":null,"content":"mkdsf","timestamp":"2026-05-05 17:52:25","targetUrl":null}
[2026-05-05 17:52:26.387] [INFO ] [clientInboundChannel-17] jdbc.sqltiming - SELECT /* MemberMapper.readMemberByMemberId (memberId를 통한 회원 정보 조회) */
               MEMBER_ID
             , USER_ID
             , USER_PASS
             , USER_NAME
             , USER_EMAIL
             , EMAIL_VERIFIED
             , USER_ROLE
             , USER_STATUS
             , PROFILE_IMAGE
             , CREATE_AT
             , UPDATE_AT
             , LAST_LOG_AT
          FROM MEMBER_INFO
        WHERE MEMBER_ID = 'MEMBER_20260423_004'
 {executed in 6 msec}
[2026-05-05 17:52:26.402] [INFO ] [clientInboundChannel-17] jdbc.sqltiming - INSERT INTO CHAT_MESSAGE( /* WebSocketMapper.insertChatMessage (채팅 저장) */
                    ROOM_ID
                  , SENDER_ID
                  , CONTENT
                  , SEND_TIME
                  , CHAT_TYPE
        )    VALUES(
                    'OPEN_CHAT'
                  , 'MEMBER_20260423_004'
                  , ',ml'
                  , 2026-05-05T17:52:26.389093
                  , 'TALK'
               )
 {executed in 13 msec}
[2026-05-05 17:52:26.403] [INFO ] [clientInboundChannel-17] jdbc.sqltiming - getGeneratedKeys on query: INSERT INTO CHAT_MESSAGE( /* WebSocketMapper.insertChatMessage (채팅 저장) */
                    ROOM_ID
                  , SENDER_ID
                  , CONTENT
                  , SEND_TIME
                  , CHAT_TYPE
        )    VALUES(
                    'OPEN_CHAT'
                  , 'MEMBER_20260423_004'
                  , ',ml'
                  , 2026-05-05T17:52:26.389093
                  , 'TALK'
               )
 {executed in 0 msec}
[2026-05-05 17:52:26.404] [INFO ] [clientInboundChannel-17] c.s.s.s.w.WebSocketServiceImpl - JSON Message to Redis: {"notiId":null,"senderName":"관리자","type":"TALK","roomId":"OPEN_CHAT","senderId":"MEMBER_20260423_004","targetId":null,"content":",ml","timestamp":"2026-05-05 17:52:26","targetUrl":null}
[2026-05-05 17:52:26.408] [INFO ] [redisContainer-10] c.s.s.s.redisConfig.RedisSubscriber - Redis Subscribe - Message Received: {"notiId":null,"senderName":"관리자","type":"TALK","roomId":"OPEN_CHAT","senderId":"MEMBER_20260423_004","targetId":null,"content":",ml","timestamp":"2026-05-05 17:52:26","targetUrl":null}
[2026-05-05 17:52:26.931] [INFO ] [clientInboundChannel-20] jdbc.sqltiming - SELECT /* MemberMapper.readMemberByMemberId (memberId를 통한 회원 정보 조회) */
               MEMBER_ID
             , USER_ID
             , USER_PASS
             , USER_NAME
             , USER_EMAIL
             , EMAIL_VERIFIED
             , USER_ROLE
             , USER_STATUS
             , PROFILE_IMAGE
             , CREATE_AT
             , UPDATE_AT
             , LAST_LOG_AT
          FROM MEMBER_INFO
        WHERE MEMBER_ID = 'MEMBER_20260423_004'
 {executed in 5 msec}
[2026-05-05 17:52:26.974] [INFO ] [clientInboundChannel-20] jdbc.sqltiming - INSERT INTO CHAT_MESSAGE( /* WebSocketMapper.insertChatMessage (채팅 저장) */
                    ROOM_ID
                  , SENDER_ID
                  , CONTENT
                  , SEND_TIME
                  , CHAT_TYPE
        )    VALUES(
                    'OPEN_CHAT'
                  , 'MEMBER_20260423_004'
                  , 'dsf,l'
                  , 2026-05-05T17:52:26.933174
                  , 'TALK'
               )
 {executed in 40 msec}
[2026-05-05 17:52:26.975] [INFO ] [clientInboundChannel-20] jdbc.sqltiming - getGeneratedKeys on query: INSERT INTO CHAT_MESSAGE( /* WebSocketMapper.insertChatMessage (채팅 저장) */
                    ROOM_ID
                  , SENDER_ID
                  , CONTENT
                  , SEND_TIME
                  , CHAT_TYPE
        )    VALUES(
                    'OPEN_CHAT'
                  , 'MEMBER_20260423_004'
                  , 'dsf,l'
                  , 2026-05-05T17:52:26.933174
                  , 'TALK'
               )
 {executed in 0 msec}
[2026-05-05 17:52:26.976] [INFO ] [clientInboundChannel-20] c.s.s.s.w.WebSocketServiceImpl - JSON Message to Redis: {"notiId":null,"senderName":"관리자","type":"TALK","roomId":"OPEN_CHAT","senderId":"MEMBER_20260423_004","targetId":null,"content":"dsf,l","timestamp":"2026-05-05 17:52:26","targetUrl":null}
[2026-05-05 17:52:26.978] [INFO ] [redisContainer-11] c.s.s.s.redisConfig.RedisSubscriber - Redis Subscribe - Message Received: {"notiId":null,"senderName":"관리자","type":"TALK","roomId":"OPEN_CHAT","senderId":"MEMBER_20260423_004","targetId":null,"content":"dsf,l","timestamp":"2026-05-05 17:52:26","targetUrl":null}
[2026-05-05 17:52:27.964] [INFO ] [clientInboundChannel-24] jdbc.sqltiming - SELECT /* MemberMapper.readMemberByMemberId (memberId를 통한 회원 정보 조회) */
               MEMBER_ID
             , USER_ID
             , USER_PASS
             , USER_NAME
             , USER_EMAIL
             , EMAIL_VERIFIED
             , USER_ROLE
             , USER_STATUS
             , PROFILE_IMAGE
             , CREATE_AT
             , UPDATE_AT
             , LAST_LOG_AT
          FROM MEMBER_INFO
        WHERE MEMBER_ID = 'MEMBER_20260423_004'
 {executed in 6 msec}
[2026-05-05 17:52:27.977] [INFO ] [clientInboundChannel-24] jdbc.sqltiming - INSERT INTO CHAT_MESSAGE( /* WebSocketMapper.insertChatMessage (채팅 저장) */
                    ROOM_ID
                  , SENDER_ID
                  , CONTENT
                  , SEND_TIME
                  , CHAT_TYPE
        )    VALUES(
                    'OPEN_CHAT'
                  , 'MEMBER_20260423_004'
                  , ',lsdf'
                  , 2026-05-05T17:52:27.965862
                  , 'TALK'
               )
 {executed in 11 msec}
[2026-05-05 17:52:27.977] [INFO ] [clientInboundChannel-24] jdbc.sqltiming - getGeneratedKeys on query: INSERT INTO CHAT_MESSAGE( /* WebSocketMapper.insertChatMessage (채팅 저장) */
                    ROOM_ID
                  , SENDER_ID
                  , CONTENT
                  , SEND_TIME
                  , CHAT_TYPE
        )    VALUES(
                    'OPEN_CHAT'
                  , 'MEMBER_20260423_004'
                  , ',lsdf'
                  , 2026-05-05T17:52:27.965862
                  , 'TALK'
               )
 {executed in 0 msec}
[2026-05-05 17:52:27.978] [INFO ] [clientInboundChannel-24] c.s.s.s.w.WebSocketServiceImpl - JSON Message to Redis: {"notiId":null,"senderName":"관리자","type":"TALK","roomId":"OPEN_CHAT","senderId":"MEMBER_20260423_004","targetId":null,"content":",lsdf","timestamp":"2026-05-05 17:52:27","targetUrl":null}
[2026-05-05 17:52:27.980] [INFO ] [redisContainer-12] c.s.s.s.redisConfig.RedisSubscriber - Redis Subscribe - Message Received: {"notiId":null,"senderName":"관리자","type":"TALK","roomId":"OPEN_CHAT","senderId":"MEMBER_20260423_004","targetId":null,"content":",lsdf","timestamp":"2026-05-05 17:52:27","targetUrl":null}
[2026-05-05 17:52:28.741] [INFO ] [clientInboundChannel-27] jdbc.sqltiming - SELECT /* MemberMapper.readMemberByMemberId (memberId를 통한 회원 정보 조회) */
               MEMBER_ID
             , USER_ID
             , USER_PASS
             , USER_NAME
             , USER_EMAIL
             , EMAIL_VERIFIED
             , USER_ROLE
             , USER_STATUS
             , PROFILE_IMAGE
             , CREATE_AT
             , UPDATE_AT
             , LAST_LOG_AT
          FROM MEMBER_INFO
        WHERE MEMBER_ID = 'MEMBER_20260423_004'
 {executed in 7 msec}
[2026-05-05 17:52:28.773] [INFO ] [clientInboundChannel-27] jdbc.sqltiming - INSERT INTO CHAT_MESSAGE( /* WebSocketMapper.insertChatMessage (채팅 저장) */
                    ROOM_ID
                  , SENDER_ID
                  , CONTENT
                  , SEND_TIME
                  , CHAT_TYPE
        )    VALUES(
                    'OPEN_CHAT'
                  , 'MEMBER_20260423_004'
                  , 'mkdsmf'
                  , 2026-05-05T17:52:28.742789
                  , 'TALK'
               )
 {executed in 30 msec}
[2026-05-05 17:52:28.774] [INFO ] [clientInboundChannel-27] jdbc.sqltiming - getGeneratedKeys on query: INSERT INTO CHAT_MESSAGE( /* WebSocketMapper.insertChatMessage (채팅 저장) */
                    ROOM_ID
                  , SENDER_ID
                  , CONTENT
                  , SEND_TIME
                  , CHAT_TYPE
        )    VALUES(
                    'OPEN_CHAT'
                  , 'MEMBER_20260423_004'
                  , 'mkdsmf'
                  , 2026-05-05T17:52:28.742789
                  , 'TALK'
               )
 {executed in 0 msec}
[2026-05-05 17:52:28.775] [INFO ] [clientInboundChannel-27] c.s.s.s.w.WebSocketServiceImpl - JSON Message to Redis: {"notiId":null,"senderName":"관리자","type":"TALK","roomId":"OPEN_CHAT","senderId":"MEMBER_20260423_004","targetId":null,"content":"mkdsmf","timestamp":"2026-05-05 17:52:28","targetUrl":null}
[2026-05-05 17:52:28.777] [INFO ] [redisContainer-13] c.s.s.s.redisConfig.RedisSubscriber - Redis Subscribe - Message Received: {"notiId":null,"senderName":"관리자","type":"TALK","roomId":"OPEN_CHAT","senderId":"MEMBER_20260423_004","targetId":null,"content":"mkdsmf","timestamp":"2026-05-05 17:52:28","targetUrl":null}
[2026-05-05 17:52:43.934] [INFO ] [http-nio-8881-exec-7] jdbc.sqltiming - SELECT /* MemberMapper.readMemberByMemberId (memberId를 통한 회원 정보 조회) */
               MEMBER_ID
             , USER_ID
             , USER_PASS
             , USER_NAME
             , USER_EMAIL
             , EMAIL_VERIFIED
             , USER_ROLE
             , USER_STATUS
             , PROFILE_IMAGE
             , CREATE_AT
             , UPDATE_AT
             , LAST_LOG_AT
          FROM MEMBER_INFO
        WHERE MEMBER_ID = 'MEMBER_20260423_004'
 {executed in 4 msec}
[2026-05-05 17:52:43.951] [INFO ] [http-nio-8881-exec-7] jdbc.sqltiming - SELECT /* Member.readMemberSimpleInfo (로그인 후, 회원 간편 정보 조회) */
               USER_ID                                  /* 사용자 아이디 */
             , USER_NAME                                /* 사용자 명    */
             , USER_EMAIL                               /* 사용자 이메일 */
             , USER_ROLE                                /* 사용자 권한  */
             , PROFILE_IMAGE                            /* 사용자 프로필  */
             , (SELECT COUNT(*)
                  FROM BOARD B
                 WHERE B.MEMBER_ID = M.MEMBER_ID
                   AND DELETE_YN='N') AS postCount      /* 게시글 수 */
             , (SELECT COUNT(*)
                  FROM COMMENT_MANAGEMENT CM
                 WHERE CM.MEMBER_ID = M.MEMBER_ID
                   AND DELETE_YN = 'N') AS commentCount /* 댓글 작성 수 */
             , LAST_LOG_AT  /* 최근 접속 시간 */
        FROM MEMBER_INFO M
        WHERE MEMBER_ID = 'MEMBER_20260423_004'
 {executed in 5 msec}
[2026-05-05 17:52:45.418] [INFO ] [http-nio-8881-exec-9] jdbc.sqltiming - SELECT /* MemberMapper.readMemberByMemberId (memberId를 통한 회원 정보 조회) */
               MEMBER_ID
             , USER_ID
             , USER_PASS
             , USER_NAME
             , USER_EMAIL
             , EMAIL_VERIFIED
             , USER_ROLE
             , USER_STATUS
             , PROFILE_IMAGE
             , CREATE_AT
             , UPDATE_AT
             , LAST_LOG_AT
          FROM MEMBER_INFO
        WHERE MEMBER_ID = 'MEMBER_20260423_004'
 {executed in 6 msec}
[2026-05-05 17:52:45.434] [INFO ] [http-nio-8881-exec-9] jdbc.sqltiming - DELETE FROM refresh_token WHERE MEMBER_ID = 'MEMBER_20260423_004'
 {executed in 9 msec}
[2026-05-05 17:52:45.435] [INFO ] [http-nio-8881-exec-9] c.s.s.service.sign.SignServiceImpl - User logged out and refresh token deleted for userId: MEMBER_20260423_004
[2026-05-05 17:52:45.597] [INFO ] [http-nio-8881-exec-1] jdbc.sqltiming - SELECT /* BoardMapper.getBoardListWithPaging (페이징 처리된 게시판 목록 조회 (지연 조인 최적화 적용)) */
               B.BOARD_ID
             , B.TITLE
             , B.CONTENT
             , M.USER_ID
             , M.USER_NAME
             , B.MEMBER_ID
             , B.BOARD_CODE
             , B.CATEGORY_ID
             , B.VIEW_COUNT
             , B.LIKE_COUNT
             ,(SELECT COUNT(*)
                 FROM COMMENT_MANAGEMENT CM
                 WHERE CM.BOARD_ID = B.BOARD_ID
                   AND CM.DELETE_YN = 'N') AS commentCount /* 댓글 작성 수 */
             , M.PROFILE_IMAGE
             , B.CREATE_AT
             , B.UPDATE_AT
             , B.TAG_NAME
          FROM BOARD B
    INNER JOIN ( /* 인덱스만 사용하여 필요한 ID들만 빠르게 추출 */
                SELECT BOARD_ID
                  FROM BOARD
             WHERE DELETE_YN = 'N'

                    AND BOARD_CODE = 'S' 
            ORDER BY CREATE_AT DESC
            LIMIT 30 OFFSET 0
        ) AS temp ON B.BOARD_ID = temp.BOARD_ID
        LEFT JOIN MEMBER_INFO M ON B.MEMBER_ID = M.MEMBER_ID
        ORDER BY B.CREATE_AT DESC
 {executed in 46 msec}
[2026-05-05 17:52:45.598] [INFO ] [http-nio-8881-exec-3] jdbc.sqltiming - SELECT /* BoardMapper.getBoardListWithPaging (페이징 처리된 게시판 목록 조회 (지연 조인 최적화 적용)) */
               B.BOARD_ID
             , B.TITLE
             , B.CONTENT
             , M.USER_ID
             , M.USER_NAME
             , B.MEMBER_ID
             , B.BOARD_CODE
             , B.CATEGORY_ID
             , B.VIEW_COUNT
             , B.LIKE_COUNT
             ,(SELECT COUNT(*)
                 FROM COMMENT_MANAGEMENT CM
                 WHERE CM.BOARD_ID = B.BOARD_ID
                   AND CM.DELETE_YN = 'N') AS commentCount /* 댓글 작성 수 */
             , M.PROFILE_IMAGE
             , B.CREATE_AT
             , B.UPDATE_AT
             , B.TAG_NAME
          FROM BOARD B
    INNER JOIN ( /* 인덱스만 사용하여 필요한 ID들만 빠르게 추출 */
                SELECT BOARD_ID
                  FROM BOARD
             WHERE DELETE_YN = 'N'

                    AND BOARD_CODE = 'B_SQLD_01' 
            ORDER BY CREATE_AT DESC
            LIMIT 10 OFFSET 0
        ) AS temp ON B.BOARD_ID = temp.BOARD_ID
        LEFT JOIN MEMBER_INFO M ON B.MEMBER_ID = M.MEMBER_ID
        ORDER BY B.CREATE_AT DESC
 {executed in 52 msec}
[2026-05-05 17:52:45.603] [INFO ] [http-nio-8881-exec-5] c.s.s.s.w.WebSocketServiceImpl - [Presence] User 관리자 left room OPEN_CHAT
[2026-05-05 17:52:45.603] [INFO ] [http-nio-8881-exec-1] jdbc.sqltiming - SELECT /* BoardMapper.getgetBoardTotalCount (게시글 총 개수 조회) */
               COUNT(*)
          FROM BOARD
         WHERE DELETE_YN = 'N'

                AND BOARD_CODE = 'S'
 {executed in 4 msec}
[2026-05-05 17:52:45.608] [INFO ] [http-nio-8881-exec-3] jdbc.sqltiming - SELECT /* BoardMapper.getgetBoardTotalCount (게시글 총 개수 조회) */
               COUNT(*)
          FROM BOARD
         WHERE DELETE_YN = 'N'

                AND BOARD_CODE = 'B_SQLD_01'
 {executed in 4 msec}
[2026-05-05 17:52:45.642] [INFO ] [http-nio-8881-exec-5] c.s.s.c.w.WebSocketEventListener - [Presence] Room OPEN_CHAT  updated. Count: 0
[2026-05-05 17:52:45.647] [INFO ] [redisContainer-14] c.s.s.s.redisConfig.RedisSubscriber - Redis Subscribe - Message Received: {"notiId":null,"senderName":"관리자","type":"QUIT","roomId":"OPEN_CHAT","senderId":"MEMBER_20260423_004","targetId":null,"content":"관리자님이 퇴장하셨습니다.","timestamp":"2026-05-05 17:52:45","targetUrl":null}
[2026-05-05 17:52:45.804] [INFO ] [http-nio-8881-exec-2] jdbc.sqltiming - SELECT  /* BoardMapper.getBoardList (게시판 목록 전체를 조회하는 쿼리 (사용자 정보 JOIN))*/
               B.BOARD_ID
             , B.TITLE
             , B.CONTENT
             , M.USER_ID
             , M.USER_NAME
             , B.MEMBER_ID
             , B.BOARD_CODE
             , B.CATEGORY_ID
             , B.VIEW_COUNT
             , B.LIKE_COUNT
             ,(SELECT COUNT(*)
                 FROM COMMENT_MANAGEMENT CM
                WHERE CM.BOARD_ID = B.BOARD_ID
                  AND CM.DELETE_YN = 'N') AS commentCount /* 댓글 작성 수 */
             , M.PROFILE_IMAGE
             , B.CREATE_AT
             , B.UPDATE_AT
             , B.TAG_NAME
        FROM
            BOARD B
        LEFT JOIN MEMBER_INFO M ON B.MEMBER_ID = M.MEMBER_ID
        WHERE B.DELETE_YN = 'N'
        ORDER BY
            B.CREATE_AT DESC
 {executed in 13 msec}
[2026-05-05 17:52:45.815] [INFO ] [http-nio-8881-exec-8] jdbc.sqltiming - SELECT  /* BoardMasterMapper.getBoardConfig 특정 게시판의 설정(이름, 카테고리 그룹, 기능 여부) 전체 리스트 조회 */
               BM.BOARD_CODE
             , BM.BOARD_NAME
             , BM.GROUP_CODE
             , BM.USE_YN
             , BM.FILE_YN
             , BM.REPLY_YN
             , BM.TAG_YN
             , CCG.SORT_ORDER
             , BM.CREATE_AT
             , BM.UPDATE_AT
          FROM BOARD_MASTER BM
          JOIN COMMON_CODE_GROUP CCG ON BM.GROUP_CODE = CCG.GROUP_CODE
         ORDER BY CCG.SORT_ORDER ASC, BM.BOARD_CODE ASC /* 그룹 순서대로 정렬 */
 {executed in 12 msec}
[2026-05-05 17:52:45.820] [INFO ] [http-nio-8881-exec-8] jdbc.sqltiming - SELECT /*  boardMapper.getCategoryListByBoardCode 특정 게시판(boardCode)에 소속된 카테고리 목록 조회 */
               CCD.CODE_ID AS categoryId
             , CCD.CODE_NAME AS categoryName
          FROM BOARD_MASTER BM
    INNER JOIN COMMON_CODE_DETAIL CCD
            ON BM.GROUP_CODE = CCD.GROUP_CODE
         WHERE BM.BOARD_CODE = 'B_NOTICE_01'
           AND BM.USE_YN = 'Y'
      ORDER BY CCD.SORT_ORDER ASC
 {executed in 3 msec}
[2026-05-05 17:52:45.825] [INFO ] [http-nio-8881-exec-8] jdbc.sqltiming - SELECT /*  boardMapper.getCategoryListByBoardCode 특정 게시판(boardCode)에 소속된 카테고리 목록 조회 */
               CCD.CODE_ID AS categoryId
             , CCD.CODE_NAME AS categoryName
          FROM BOARD_MASTER BM
    INNER JOIN COMMON_CODE_DETAIL CCD
            ON BM.GROUP_CODE = CCD.GROUP_CODE
         WHERE BM.BOARD_CODE = 'B_SQLD_01'
           AND BM.USE_YN = 'Y'
      ORDER BY CCD.SORT_ORDER ASC
 {executed in 4 msec}
[2026-05-05 17:52:45.831] [INFO ] [http-nio-8881-exec-8] jdbc.sqltiming - SELECT /*  boardMapper.getCategoryListByBoardCode 특정 게시판(boardCode)에 소속된 카테고리 목록 조회 */
               CCD.CODE_ID AS categoryId
             , CCD.CODE_NAME AS categoryName
          FROM BOARD_MASTER BM
    INNER JOIN COMMON_CODE_DETAIL CCD
            ON BM.GROUP_CODE = CCD.GROUP_CODE
         WHERE BM.BOARD_CODE = 'B_GREETING_01'
           AND BM.USE_YN = 'Y'
      ORDER BY CCD.SORT_ORDER ASC
 {executed in 5 msec}
[2026-05-05 17:53:01.621] [INFO ] [http-nio-8881-exec-10] c.s.s.service.board.BoardServiceImpl - 인기 게시물 조회를 위해 DB에 접근한다. (캐시 미적용 시에만 출력)
[2026-05-05 17:53:01.626] [INFO ] [http-nio-8881-exec-7] jdbc.sqltiming - SELECT /* BoardMapper.existBoardContent */
               COUNT(1)
          FROM BOARD
         WHERE BOARD_ID = 3
           AND DELETE_YN = 'N'
 {executed in 5 msec}
[2026-05-05 17:53:01.626] [INFO ] [http-nio-8881-exec-10] jdbc.sqltiming - SELECT /* BoardMapper.getPopularBoards (최근 15일 인기 게시글 조회) */
               B.BOARD_ID
             , B.TITLE
             , B.VIEW_COUNT
             , B.LIKE_COUNT
             , B.CREATE_AT
             , M.USER_NAME
             , M.PROFILE_IMAGE
        FROM BOARD B
        LEFT JOIN MEMBER_INFO M ON B.MEMBER_ID = M.MEMBER_ID
        WHERE B.CREATE_AT >= DATE_SUB(NOW(), INTERVAL 15 DAY)
          AND B.DELETE_YN = 'N'
        ORDER BY B.LIKE_COUNT DESC, B.VIEW_COUNT DESC
        LIMIT 5
 {executed in 5 msec}
[2026-05-05 17:53:01.637] [INFO ] [http-nio-8881-exec-9] jdbc.sqltiming - SELECT /* commentMapper.getChildCommentCount (자식 대댓글 유무 확인)*/
               C.COMMENT_ID
             , C.BOARD_ID
             , C.MEMBER_ID
             , C.USER_ID
             , M.USER_NAME
             , C.CONTENT
             , C.PARENT_COMMENT_ID
             , C.LIKE_COUNT
             , C.CREATE_AT
             , C.UPDATE_AT
             , C.DELETE_YN
        FROM comment_management C
                 LEFT JOIN MEMBER_INFO M ON C.MEMBER_ID = M.MEMBER_ID
        WHERE C.BOARD_ID = 3
          AND C.DELETE_YN = 'N'
        ORDER BY C.CREATE_AT ASC
 {executed in 10 msec}
[2026-05-05 17:53:01.637] [INFO ] [http-nio-8881-exec-7] jdbc.sqltiming - SELECT /* BoardMapper.getSearchBoard (게시판 글 단건조회 (사용자 정보 JOIN)) */
               B.BOARD_ID
             , B.TITLE
             , B.CONTENT
             , M.USER_ID
             , M.USER_NAME
             , B.MEMBER_ID
             , B.BOARD_CODE
             , B.CATEGORY_ID
             , B.VIEW_COUNT
             , B.LIKE_COUNT
             , M.PROFILE_IMAGE
             , B.CREATE_AT
             , B.UPDATE_AT
             , B.TAG_NAME
             , BS.SCRAP_ID /* 스크랩 고유 ID */
          FROM BOARD B
          LEFT JOIN MEMBER_INFO M ON B.MEMBER_ID = M.MEMBER_ID
          LEFT JOIN BOARD_SCRAP BS ON B.BOARD_ID = BS.BOARD_ID AND BS.MEMBER_ID = NULL
         WHERE B.BOARD_ID = 3
           AND B.DELETE_YN = 'N'
 {executed in 8 msec}
[2026-05-05 17:53:01.640] [INFO ] [http-nio-8881-exec-4] jdbc.sqltiming - SELECT /* BoardMapper.getBoardListWithPaging (페이징 처리된 게시판 목록 조회 (지연 조인 최적화 적용)) */
               B.BOARD_ID
             , B.TITLE
             , B.CONTENT
             , M.USER_ID
             , M.USER_NAME
             , B.MEMBER_ID
             , B.BOARD_CODE
             , B.CATEGORY_ID
             , B.VIEW_COUNT
             , B.LIKE_COUNT
             ,(SELECT COUNT(*)
                 FROM COMMENT_MANAGEMENT CM
                 WHERE CM.BOARD_ID = B.BOARD_ID
                   AND CM.DELETE_YN = 'N') AS commentCount /* 댓글 작성 수 */
             , M.PROFILE_IMAGE
             , B.CREATE_AT
             , B.UPDATE_AT
             , B.TAG_NAME
          FROM BOARD B
    INNER JOIN ( /* 인덱스만 사용하여 필요한 ID들만 빠르게 추출 */
                SELECT BOARD_ID
                  FROM BOARD
             WHERE DELETE_YN = 'N'

                    AND BOARD_CODE = 'S' 
            ORDER BY CREATE_AT DESC
            LIMIT 20 OFFSET 0
        ) AS temp ON B.BOARD_ID = temp.BOARD_ID
        LEFT JOIN MEMBER_INFO M ON B.MEMBER_ID = M.MEMBER_ID
        ORDER BY B.CREATE_AT DESC
 {executed in 7 msec}
[2026-05-05 17:53:01.642] [INFO ] [http-nio-8881-exec-7] jdbc.sqltiming - SELECT /* BoardMapper.getBoardFileList (게시글에 첨부된 파일 리스트 조회) */
               FILE_ID
             , BOARD_ID
             , ORIGIN_NAME
             , SAVE_NAME
             , FILE_PATH
             , FILE_SIZE
             , CREATE_AT
          FROM BOARD_FILE
         WHERE BOARD_ID = 3
 {executed in 3 msec}
[2026-05-05 17:53:01.646] [INFO ] [http-nio-8881-exec-4] jdbc.sqltiming - SELECT /* BoardMapper.getgetBoardTotalCount (게시글 총 개수 조회) */
               COUNT(*)
          FROM BOARD
         WHERE DELETE_YN = 'N'

                AND BOARD_CODE = 'S'
 {executed in 5 msec}
[2026-05-05 17:53:06.420] [INFO ] [http-nio-8881-exec-1] jdbc.sqltiming - SELECT  /* BoardMapper.getBoardList (게시판 목록 전체를 조회하는 쿼리 (사용자 정보 JOIN))*/
               B.BOARD_ID
             , B.TITLE
             , B.CONTENT
             , M.USER_ID
             , M.USER_NAME
             , B.MEMBER_ID
             , B.BOARD_CODE
             , B.CATEGORY_ID
             , B.VIEW_COUNT
             , B.LIKE_COUNT
             ,(SELECT COUNT(*)
                 FROM COMMENT_MANAGEMENT CM
                WHERE CM.BOARD_ID = B.BOARD_ID
                  AND CM.DELETE_YN = 'N') AS commentCount /* 댓글 작성 수 */
             , M.PROFILE_IMAGE
             , B.CREATE_AT
             , B.UPDATE_AT
             , B.TAG_NAME
        FROM
            BOARD B
        LEFT JOIN MEMBER_INFO M ON B.MEMBER_ID = M.MEMBER_ID
        WHERE B.DELETE_YN = 'N'
        ORDER BY
            B.CREATE_AT DESC
 {executed in 6 msec}
[2026-05-05 17:53:08.215] [INFO ] [http-nio-8881-exec-3] jdbc.sqltiming - SELECT /* BoardMapper.getBoardListWithPaging (페이징 처리된 게시판 목록 조회 (지연 조인 최적화 적용)) */
               B.BOARD_ID
             , B.TITLE
             , B.CONTENT
             , M.USER_ID
             , M.USER_NAME
             , B.MEMBER_ID
             , B.BOARD_CODE
             , B.CATEGORY_ID
             , B.VIEW_COUNT
             , B.LIKE_COUNT
             ,(SELECT COUNT(*)
                 FROM COMMENT_MANAGEMENT CM
                 WHERE CM.BOARD_ID = B.BOARD_ID
                   AND CM.DELETE_YN = 'N') AS commentCount /* 댓글 작성 수 */
             , M.PROFILE_IMAGE
             , B.CREATE_AT
             , B.UPDATE_AT
             , B.TAG_NAME
          FROM BOARD B
    INNER JOIN ( /* 인덱스만 사용하여 필요한 ID들만 빠르게 추출 */
                SELECT BOARD_ID
                  FROM BOARD
             WHERE DELETE_YN = 'N'

                    AND BOARD_CODE = 'B_NOTICE_01' 
            ORDER BY CREATE_AT DESC
            LIMIT 10 OFFSET 0
        ) AS temp ON B.BOARD_ID = temp.BOARD_ID
        LEFT JOIN MEMBER_INFO M ON B.MEMBER_ID = M.MEMBER_ID
        ORDER BY B.CREATE_AT DESC
 {executed in 7 msec}
[2026-05-05 17:53:08.215] [INFO ] [http-nio-8881-exec-2] jdbc.sqltiming - SELECT /* BoardMapper.getBoardListWithPaging (페이징 처리된 게시판 목록 조회 (지연 조인 최적화 적용)) */
               B.BOARD_ID
             , B.TITLE
             , B.CONTENT
             , M.USER_ID
             , M.USER_NAME
             , B.MEMBER_ID
             , B.BOARD_CODE
             , B.CATEGORY_ID
             , B.VIEW_COUNT
             , B.LIKE_COUNT
             ,(SELECT COUNT(*)
                 FROM COMMENT_MANAGEMENT CM
                 WHERE CM.BOARD_ID = B.BOARD_ID
                   AND CM.DELETE_YN = 'N') AS commentCount /* 댓글 작성 수 */
             , M.PROFILE_IMAGE
             , B.CREATE_AT
             , B.UPDATE_AT
             , B.TAG_NAME
          FROM BOARD B
    INNER JOIN ( /* 인덱스만 사용하여 필요한 ID들만 빠르게 추출 */
                SELECT BOARD_ID
                  FROM BOARD
             WHERE DELETE_YN = 'N'

                    AND BOARD_CODE = 'S' 
            ORDER BY CREATE_AT DESC
            LIMIT 30 OFFSET 0
        ) AS temp ON B.BOARD_ID = temp.BOARD_ID
        LEFT JOIN MEMBER_INFO M ON B.MEMBER_ID = M.MEMBER_ID
        ORDER BY B.CREATE_AT DESC
 {executed in 6 msec}
[2026-05-05 17:53:08.224] [INFO ] [http-nio-8881-exec-3] jdbc.sqltiming - SELECT /* BoardMapper.getgetBoardTotalCount (게시글 총 개수 조회) */
               COUNT(*)
          FROM BOARD
         WHERE DELETE_YN = 'N'

                AND BOARD_CODE = 'B_NOTICE_01'
 {executed in 6 msec}
[2026-05-05 17:53:08.224] [INFO ] [http-nio-8881-exec-2] jdbc.sqltiming - SELECT /* BoardMapper.getgetBoardTotalCount (게시글 총 개수 조회) */
               COUNT(*)
          FROM BOARD
         WHERE DELETE_YN = 'N'

                AND BOARD_CODE = 'S'
 {executed in 7 msec}
[2026-05-05 17:53:12.447] [INFO ] [http-nio-8881-exec-8] jdbc.sqltiming - SELECT /* BoardMapper.getBoardListWithPaging (페이징 처리된 게시판 목록 조회 (지연 조인 최적화 적용)) */
               B.BOARD_ID
             , B.TITLE
             , B.CONTENT
             , M.USER_ID
             , M.USER_NAME
             , B.MEMBER_ID
             , B.BOARD_CODE
             , B.CATEGORY_ID
             , B.VIEW_COUNT
             , B.LIKE_COUNT
             ,(SELECT COUNT(*)
                 FROM COMMENT_MANAGEMENT CM
                 WHERE CM.BOARD_ID = B.BOARD_ID
                   AND CM.DELETE_YN = 'N') AS commentCount /* 댓글 작성 수 */
             , M.PROFILE_IMAGE
             , B.CREATE_AT
             , B.UPDATE_AT
             , B.TAG_NAME
          FROM BOARD B
    INNER JOIN ( /* 인덱스만 사용하여 필요한 ID들만 빠르게 추출 */
                SELECT BOARD_ID
                  FROM BOARD
             WHERE DELETE_YN = 'N'

                    AND BOARD_CODE = 'B_NOTICE_01'

                    AND CATEGORY_ID = 'N001' 
            ORDER BY CREATE_AT DESC
            LIMIT 10 OFFSET 0
        ) AS temp ON B.BOARD_ID = temp.BOARD_ID
        LEFT JOIN MEMBER_INFO M ON B.MEMBER_ID = M.MEMBER_ID
        ORDER BY B.CREATE_AT DESC
 {executed in 6 msec}
[2026-05-05 17:53:12.447] [INFO ] [http-nio-8881-exec-10] jdbc.sqltiming - SELECT /* BoardMapper.getBoardListWithPaging (페이징 처리된 게시판 목록 조회 (지연 조인 최적화 적용)) */
               B.BOARD_ID
             , B.TITLE
             , B.CONTENT
             , M.USER_ID
             , M.USER_NAME
             , B.MEMBER_ID
             , B.BOARD_CODE
             , B.CATEGORY_ID
             , B.VIEW_COUNT
             , B.LIKE_COUNT
             ,(SELECT COUNT(*)
                 FROM COMMENT_MANAGEMENT CM
                 WHERE CM.BOARD_ID = B.BOARD_ID
                   AND CM.DELETE_YN = 'N') AS commentCount /* 댓글 작성 수 */
             , M.PROFILE_IMAGE
             , B.CREATE_AT
             , B.UPDATE_AT
             , B.TAG_NAME
          FROM BOARD B
    INNER JOIN ( /* 인덱스만 사용하여 필요한 ID들만 빠르게 추출 */
                SELECT BOARD_ID
                  FROM BOARD
             WHERE DELETE_YN = 'N'

                    AND BOARD_CODE = 'S' 
            ORDER BY CREATE_AT DESC
            LIMIT 30 OFFSET 0
        ) AS temp ON B.BOARD_ID = temp.BOARD_ID
        LEFT JOIN MEMBER_INFO M ON B.MEMBER_ID = M.MEMBER_ID
        ORDER BY B.CREATE_AT DESC
 {executed in 6 msec}
[2026-05-05 17:53:12.453] [INFO ] [http-nio-8881-exec-10] jdbc.sqltiming - SELECT /* BoardMapper.getgetBoardTotalCount (게시글 총 개수 조회) */
               COUNT(*)
          FROM BOARD
         WHERE DELETE_YN = 'N'

                AND BOARD_CODE = 'S'
 {executed in 5 msec}
[2026-05-05 17:53:12.453] [INFO ] [http-nio-8881-exec-8] jdbc.sqltiming - SELECT /* BoardMapper.getgetBoardTotalCount (게시글 총 개수 조회) */
               COUNT(*)
          FROM BOARD
         WHERE DELETE_YN = 'N'

                AND BOARD_CODE = 'B_NOTICE_01'

                AND CATEGORY_ID = 'N001'
 {executed in 4 msec}
[2026-05-05 17:53:13.953] [INFO ] [http-nio-8881-exec-9] jdbc.sqltiming - SELECT  /* BoardMapper.getBoardList (게시판 목록 전체를 조회하는 쿼리 (사용자 정보 JOIN))*/
               B.BOARD_ID
             , B.TITLE
             , B.CONTENT
             , M.USER_ID
             , M.USER_NAME
             , B.MEMBER_ID
             , B.BOARD_CODE
             , B.CATEGORY_ID
             , B.VIEW_COUNT
             , B.LIKE_COUNT
             ,(SELECT COUNT(*)
                 FROM COMMENT_MANAGEMENT CM
                WHERE CM.BOARD_ID = B.BOARD_ID
                  AND CM.DELETE_YN = 'N') AS commentCount /* 댓글 작성 수 */
             , M.PROFILE_IMAGE
             , B.CREATE_AT
             , B.UPDATE_AT
             , B.TAG_NAME
        FROM
            BOARD B
        LEFT JOIN MEMBER_INFO M ON B.MEMBER_ID = M.MEMBER_ID
        WHERE B.DELETE_YN = 'N'
        ORDER BY
            B.CREATE_AT DESC
 {executed in 9 msec}
[2026-05-05 17:53:29.093] [INFO ] [http-nio-8881-exec-7] jdbc.sqltiming - SELECT /* BoardMapper.getBoardListWithPaging (페이징 처리된 게시판 목록 조회 (지연 조인 최적화 적용)) */
               B.BOARD_ID
             , B.TITLE
             , B.CONTENT
             , M.USER_ID
             , M.USER_NAME
             , B.MEMBER_ID
             , B.BOARD_CODE
             , B.CATEGORY_ID
             , B.VIEW_COUNT
             , B.LIKE_COUNT
             ,(SELECT COUNT(*)
                 FROM COMMENT_MANAGEMENT CM
                 WHERE CM.BOARD_ID = B.BOARD_ID
                   AND CM.DELETE_YN = 'N') AS commentCount /* 댓글 작성 수 */
             , M.PROFILE_IMAGE
             , B.CREATE_AT
             , B.UPDATE_AT
             , B.TAG_NAME
          FROM BOARD B
    INNER JOIN ( /* 인덱스만 사용하여 필요한 ID들만 빠르게 추출 */
                SELECT BOARD_ID
                  FROM BOARD
             WHERE DELETE_YN = 'N'

                    AND BOARD_CODE = 'B_SQLD_01' 
            ORDER BY CREATE_AT DESC
            LIMIT 10 OFFSET 0
        ) AS temp ON B.BOARD_ID = temp.BOARD_ID
        LEFT JOIN MEMBER_INFO M ON B.MEMBER_ID = M.MEMBER_ID
        ORDER BY B.CREATE_AT DESC
 {executed in 5 msec}
[2026-05-05 17:53:29.093] [INFO ] [http-nio-8881-exec-1] jdbc.sqltiming - SELECT /* BoardMapper.getBoardListWithPaging (페이징 처리된 게시판 목록 조회 (지연 조인 최적화 적용)) */
               B.BOARD_ID
             , B.TITLE
             , B.CONTENT
             , M.USER_ID
             , M.USER_NAME
             , B.MEMBER_ID
             , B.BOARD_CODE
             , B.CATEGORY_ID
             , B.VIEW_COUNT
             , B.LIKE_COUNT
             ,(SELECT COUNT(*)
                 FROM COMMENT_MANAGEMENT CM
                 WHERE CM.BOARD_ID = B.BOARD_ID
                   AND CM.DELETE_YN = 'N') AS commentCount /* 댓글 작성 수 */
             , M.PROFILE_IMAGE
             , B.CREATE_AT
             , B.UPDATE_AT
             , B.TAG_NAME
          FROM BOARD B
    INNER JOIN ( /* 인덱스만 사용하여 필요한 ID들만 빠르게 추출 */
                SELECT BOARD_ID
                  FROM BOARD
             WHERE DELETE_YN = 'N'

                    AND BOARD_CODE = 'S' 
            ORDER BY CREATE_AT DESC
            LIMIT 30 OFFSET 0
        ) AS temp ON B.BOARD_ID = temp.BOARD_ID
        LEFT JOIN MEMBER_INFO M ON B.MEMBER_ID = M.MEMBER_ID
        ORDER BY B.CREATE_AT DESC
 {executed in 5 msec}
[2026-05-05 17:53:29.097] [INFO ] [http-nio-8881-exec-1] jdbc.sqltiming - SELECT /* BoardMapper.getgetBoardTotalCount (게시글 총 개수 조회) */
               COUNT(*)
          FROM BOARD
         WHERE DELETE_YN = 'N'

                AND BOARD_CODE = 'S'
 {executed in 2 msec}
[2026-05-05 17:53:29.097] [INFO ] [http-nio-8881-exec-7] jdbc.sqltiming - SELECT /* BoardMapper.getgetBoardTotalCount (게시글 총 개수 조회) */
               COUNT(*)
          FROM BOARD
         WHERE DELETE_YN = 'N'

                AND BOARD_CODE = 'B_SQLD_01'
 {executed in 3 msec}
[2026-05-05 17:53:30.304] [INFO ] [http-nio-8881-exec-3] jdbc.sqltiming - SELECT /* BoardMapper.getBoardListWithPaging (페이징 처리된 게시판 목록 조회 (지연 조인 최적화 적용)) */
               B.BOARD_ID
             , B.TITLE
             , B.CONTENT
             , M.USER_ID
             , M.USER_NAME
             , B.MEMBER_ID
             , B.BOARD_CODE
             , B.CATEGORY_ID
             , B.VIEW_COUNT
             , B.LIKE_COUNT
             ,(SELECT COUNT(*)
                 FROM COMMENT_MANAGEMENT CM
                 WHERE CM.BOARD_ID = B.BOARD_ID
                   AND CM.DELETE_YN = 'N') AS commentCount /* 댓글 작성 수 */
             , M.PROFILE_IMAGE
             , B.CREATE_AT
             , B.UPDATE_AT
             , B.TAG_NAME
          FROM BOARD B
    INNER JOIN ( /* 인덱스만 사용하여 필요한 ID들만 빠르게 추출 */
                SELECT BOARD_ID
                  FROM BOARD
             WHERE DELETE_YN = 'N'

                    AND BOARD_CODE = 'S' 
            ORDER BY CREATE_AT DESC
            LIMIT 30 OFFSET 0
        ) AS temp ON B.BOARD_ID = temp.BOARD_ID
        LEFT JOIN MEMBER_INFO M ON B.MEMBER_ID = M.MEMBER_ID
        ORDER BY B.CREATE_AT DESC
 {executed in 8 msec}
[2026-05-05 17:53:30.304] [INFO ] [http-nio-8881-exec-5] jdbc.sqltiming - SELECT /* BoardMapper.getBoardListWithPaging (페이징 처리된 게시판 목록 조회 (지연 조인 최적화 적용)) */
               B.BOARD_ID
             , B.TITLE
             , B.CONTENT
             , M.USER_ID
             , M.USER_NAME
             , B.MEMBER_ID
             , B.BOARD_CODE
             , B.CATEGORY_ID
             , B.VIEW_COUNT
             , B.LIKE_COUNT
             ,(SELECT COUNT(*)
                 FROM COMMENT_MANAGEMENT CM
                 WHERE CM.BOARD_ID = B.BOARD_ID
                   AND CM.DELETE_YN = 'N') AS commentCount /* 댓글 작성 수 */
             , M.PROFILE_IMAGE
             , B.CREATE_AT
             , B.UPDATE_AT
             , B.TAG_NAME
          FROM BOARD B
    INNER JOIN ( /* 인덱스만 사용하여 필요한 ID들만 빠르게 추출 */
                SELECT BOARD_ID
                  FROM BOARD
             WHERE DELETE_YN = 'N'

                    AND BOARD_CODE = 'B_NOTICE_01' 
            ORDER BY CREATE_AT DESC
            LIMIT 10 OFFSET 0
        ) AS temp ON B.BOARD_ID = temp.BOARD_ID
        LEFT JOIN MEMBER_INFO M ON B.MEMBER_ID = M.MEMBER_ID
        ORDER BY B.CREATE_AT DESC
 {executed in 8 msec}
[2026-05-05 17:53:30.310] [INFO ] [http-nio-8881-exec-3] jdbc.sqltiming - SELECT /* BoardMapper.getgetBoardTotalCount (게시글 총 개수 조회) */
               COUNT(*)
          FROM BOARD
         WHERE DELETE_YN = 'N'

                AND BOARD_CODE = 'S'
 {executed in 5 msec}
[2026-05-05 17:53:30.311] [INFO ] [http-nio-8881-exec-5] jdbc.sqltiming - SELECT /* BoardMapper.getgetBoardTotalCount (게시글 총 개수 조회) */
               COUNT(*)
          FROM BOARD
         WHERE DELETE_YN = 'N'

                AND BOARD_CODE = 'B_NOTICE_01'
 {executed in 5 msec}
[2026-05-05 17:53:36.077] [INFO ] [http-nio-8881-exec-6] jdbc.sqltiming - SELECT MEMBER_ID
             , USER_ID
             , USER_PASS
             , USER_NAME
             , USER_EMAIL
             , EMAIL_VERIFIED
             , USER_ROLE
             , USER_STATUS
             , PROFILE_IMAGE
             , CREATE_AT
             , UPDATE_AT
             , LAST_LOG_AT
          FROM MEMBER_INFO
         WHERE USER_ID = 'Admin'
         LIMIT 1
 {executed in 7 msec}
[2026-05-05 17:53:36.216] [INFO ] [http-nio-8881-exec-6] c.s.sqld.exception.ExceptionAdvice - SignInFailureException
com.sqld_board.sqld.exception.common.InvalidCredentialsException: null
	at com.sqld_board.sqld.service.sign.SignServiceImpl.signIn(SignServiceImpl.java:328)
	at java.base/jdk.internal.reflect.NativeMethodAccessorImpl.invoke0(Native Method)
	at java.base/jdk.internal.reflect.NativeMethodAccessorImpl.invoke(NativeMethodAccessorImpl.java:77)
	at java.base/jdk.internal.reflect.DelegatingMethodAccessorImpl.invoke(DelegatingMethodAccessorImpl.java:43)
	at java.base/java.lang.reflect.Method.invoke(Method.java:568)
	at org.springframework.aop.support.AopUtils.invokeJoinpointUsingReflection(AopUtils.java:360)
	at org.springframework.aop.framework.ReflectiveMethodInvocation.invokeJoinpoint(ReflectiveMethodInvocation.java:196)
	at org.springframework.aop.framework.ReflectiveMethodInvocation.proceed(ReflectiveMethodInvocation.java:163)
	at org.springframework.transaction.interceptor.TransactionAspectSupport.invokeWithinTransaction(TransactionAspectSupport.java:380)
	at org.springframework.transaction.interceptor.TransactionInterceptor.invoke(TransactionInterceptor.java:119)
	at org.springframework.aop.framework.ReflectiveMethodInvocation.proceed(ReflectiveMethodInvocation.java:184)
	at org.springframework.aop.framework.CglibAopProxy$DynamicAdvisedInterceptor.intercept(CglibAopProxy.java:728)
	at com.sqld_board.sqld.service.sign.SignServiceImpl$$SpringCGLIB$$0.signIn(<generated>)
	at com.sqld_board.sqld.controller.sign.SignController.signIn(SignController.java:171)
	at java.base/jdk.internal.reflect.NativeMethodAccessorImpl.invoke0(Native Method)
	at java.base/jdk.internal.reflect.NativeMethodAccessorImpl.invoke(NativeMethodAccessorImpl.java:77)
	at java.base/jdk.internal.reflect.DelegatingMethodAccessorImpl.invoke(DelegatingMethodAccessorImpl.java:43)
	at java.base/java.lang.reflect.Method.invoke(Method.java:568)
	at org.springframework.web.method.support.InvocableHandlerMethod.doInvoke(InvocableHandlerMethod.java:258)
	at org.springframework.web.method.support.InvocableHandlerMethod.invokeForRequest(InvocableHandlerMethod.java:191)
	at org.springframework.web.servlet.mvc.method.annotation.ServletInvocableHandlerMethod.invokeAndHandle(ServletInvocableHandlerMethod.java:118)
	at org.springframework.web.servlet.mvc.method.annotation.RequestMappingHandlerAdapter.invokeHandlerMethod(RequestMappingHandlerAdapter.java:991)
	at org.springframework.web.servlet.mvc.method.annotation.RequestMappingHandlerAdapter.handleInternal(RequestMappingHandlerAdapter.java:896)
	at org.springframework.web.servlet.mvc.method.AbstractHandlerMethodAdapter.handle(AbstractHandlerMethodAdapter.java:87)
	at org.springframework.web.servlet.DispatcherServlet.doDispatch(DispatcherServlet.java:1089)
	at org.springframework.web.servlet.DispatcherServlet.doService(DispatcherServlet.java:979)
	at org.springframework.web.servlet.FrameworkServlet.processRequest(FrameworkServlet.java:1014)
	at org.springframework.web.servlet.FrameworkServlet.doPost(FrameworkServlet.java:914)
	at jakarta.servlet.http.HttpServlet.service(HttpServlet.java:590)
	at org.springframework.web.servlet.FrameworkServlet.service(FrameworkServlet.java:885)
	at jakarta.servlet.http.HttpServlet.service(HttpServlet.java:658)
	at org.apache.catalina.core.ApplicationFilterChain.internalDoFilter(ApplicationFilterChain.java:195)
	at org.apache.catalina.core.ApplicationFilterChain.doFilter(ApplicationFilterChain.java:140)
	at org.apache.tomcat.websocket.server.WsFilter.doFilter(WsFilter.java:51)
	at org.apache.catalina.core.ApplicationFilterChain.internalDoFilter(ApplicationFilterChain.java:164)
	at org.apache.catalina.core.ApplicationFilterChain.doFilter(ApplicationFilterChain.java:140)
	at org.springframework.web.filter.OncePerRequestFilter.doFilter(OncePerRequestFilter.java:110)
	at org.apache.catalina.core.ApplicationFilterChain.internalDoFilter(ApplicationFilterChain.java:164)
	at org.apache.catalina.core.ApplicationFilterChain.doFilter(ApplicationFilterChain.java:140)
	at org.springframework.web.filter.CompositeFilter$VirtualFilterChain.doFilter(CompositeFilter.java:108)
	at org.springframework.web.filter.CompositeFilter$VirtualFilterChain.doFilter(CompositeFilter.java:108)
	at org.springframework.security.web.FilterChainProxy.lambda$doFilterInternal$3(FilterChainProxy.java:231)
	at org.springframework.security.web.FilterChainProxy$VirtualFilterChain.doFilter(FilterChainProxy.java:365)
	at org.springframework.security.web.access.intercept.AuthorizationFilter.doFilter(AuthorizationFilter.java:101)
	at org.springframework.security.web.FilterChainProxy$VirtualFilterChain.doFilter(FilterChainProxy.java:374)
	at org.springframework.security.web.access.ExceptionTranslationFilter.doFilter(ExceptionTranslationFilter.java:125)
	at org.springframework.security.web.access.ExceptionTranslationFilter.doFilter(ExceptionTranslationFilter.java:119)
	at org.springframework.security.web.FilterChainProxy$VirtualFilterChain.doFilter(FilterChainProxy.java:374)
	at org.springframework.security.web.session.SessionManagementFilter.doFilter(SessionManagementFilter.java:131)
	at org.springframework.security.web.session.SessionManagementFilter.doFilter(SessionManagementFilter.java:85)
	at org.springframework.security.web.FilterChainProxy$VirtualFilterChain.doFilter(FilterChainProxy.java:374)
	at org.springframework.security.web.authentication.AnonymousAuthenticationFilter.doFilter(AnonymousAuthenticationFilter.java:100)
	at org.springframework.security.web.FilterChainProxy$VirtualFilterChain.doFilter(FilterChainProxy.java:374)
	at org.springframework.security.web.servletapi.SecurityContextHolderAwareRequestFilter.doFilter(SecurityContextHolderAwareRequestFilter.java:179)
	at org.springframework.security.web.FilterChainProxy$VirtualFilterChain.doFilter(FilterChainProxy.java:374)
	at org.springframework.security.web.savedrequest.RequestCacheAwareFilter.doFilter(RequestCacheAwareFilter.java:63)
	at org.springframework.security.web.FilterChainProxy$VirtualFilterChain.doFilter(FilterChainProxy.java:374)
	at com.sqld_board.sqld.config.security.JwtAuthenticationFilter.doFilterInternal(JwtAuthenticationFilter.java:62)
	at org.springframework.web.filter.OncePerRequestFilter.doFilter(OncePerRequestFilter.java:116)
	at org.springframework.security.web.FilterChainProxy$VirtualFilterChain.doFilter(FilterChainProxy.java:374)
	at org.springframework.security.web.authentication.logout.LogoutFilter.doFilter(LogoutFilter.java:107)
	at org.springframework.security.web.authentication.logout.LogoutFilter.doFilter(LogoutFilter.java:93)
	at org.springframework.security.web.FilterChainProxy$VirtualFilterChain.doFilter(FilterChainProxy.java:374)
	at org.springframework.web.filter.CorsFilter.doFilterInternal(CorsFilter.java:91)
	at org.springframework.web.filter.OncePerRequestFilter.doFilter(OncePerRequestFilter.java:116)
	at org.springframework.security.web.FilterChainProxy$VirtualFilterChain.doFilter(FilterChainProxy.java:374)
	at org.springframework.security.web.header.HeaderWriterFilter.doHeadersAfter(HeaderWriterFilter.java:90)
	at org.springframework.security.web.header.HeaderWriterFilter.doFilterInternal(HeaderWriterFilter.java:75)
	at org.springframework.web.filter.OncePerRequestFilter.doFilter(OncePerRequestFilter.java:116)
	at org.springframework.security.web.FilterChainProxy$VirtualFilterChain.doFilter(FilterChainProxy.java:374)
	at org.springframework.security.web.context.SecurityContextHolderFilter.doFilter(SecurityContextHolderFilter.java:82)
	at org.springframework.security.web.context.SecurityContextHolderFilter.doFilter(SecurityContextHolderFilter.java:69)
	at org.springframework.security.web.FilterChainProxy$VirtualFilterChain.doFilter(FilterChainProxy.java:374)
	at org.springframework.security.web.context.request.async.WebAsyncManagerIntegrationFilter.doFilterInternal(WebAsyncManagerIntegrationFilter.java:62)
	at org.springframework.web.filter.OncePerRequestFilter.doFilter(OncePerRequestFilter.java:116)
	at org.springframework.security.web.FilterChainProxy$VirtualFilterChain.doFilter(FilterChainProxy.java:374)
	at org.springframework.security.web.session.DisableEncodeUrlFilter.doFilterInternal(DisableEncodeUrlFilter.java:42)
	at org.springframework.web.filter.OncePerRequestFilter.doFilter(OncePerRequestFilter.java:116)
	at org.springframework.security.web.FilterChainProxy$VirtualFilterChain.doFilter(FilterChainProxy.java:374)
	at org.springframework.security.web.FilterChainProxy.doFilterInternal(FilterChainProxy.java:233)
	at org.springframework.security.web.FilterChainProxy.doFilter(FilterChainProxy.java:191)
	at org.springframework.web.filter.CompositeFilter$VirtualFilterChain.doFilter(CompositeFilter.java:113)
	at org.springframework.web.filter.ServletRequestPathFilter.doFilter(ServletRequestPathFilter.java:52)
	at org.springframework.web.filter.CompositeFilter$VirtualFilterChain.doFilter(CompositeFilter.java:113)
	at org.springframework.web.filter.CompositeFilter.doFilter(CompositeFilter.java:74)
	at org.springframework.security.config.annotation.web.configuration.WebSecurityConfiguration$CompositeFilterChainProxy.doFilter(WebSecurityConfiguration.java:319)
	at org.springframework.web.filter.CompositeFilter$VirtualFilterChain.doFilter(CompositeFilter.java:113)
	at org.springframework.web.servlet.handler.HandlerMappingIntrospector.lambda$createCacheFilter$4(HandlerMappingIntrospector.java:267)
	at org.springframework.web.filter.CompositeFilter$VirtualFilterChain.doFilter(CompositeFilter.java:113)
	at org.springframework.web.filter.CompositeFilter.doFilter(CompositeFilter.java:74)
	at org.springframework.security.config.annotation.web.configuration.WebMvcSecurityConfiguration$CompositeFilterChainProxy.doFilter(WebMvcSecurityConfiguration.java:240)
	at org.springframework.web.filter.DelegatingFilterProxy.invokeDelegate(DelegatingFilterProxy.java:362)
	at org.springframework.web.filter.DelegatingFilterProxy.doFilter(DelegatingFilterProxy.java:278)
	at org.apache.catalina.core.ApplicationFilterChain.internalDoFilter(ApplicationFilterChain.java:164)
	at org.apache.catalina.core.ApplicationFilterChain.doFilter(ApplicationFilterChain.java:140)
	at org.springframework.web.filter.RequestContextFilter.doFilterInternal(RequestContextFilter.java:100)
	at org.springframework.web.filter.OncePerRequestFilter.doFilter(OncePerRequestFilter.java:116)
	at org.apache.catalina.core.ApplicationFilterChain.internalDoFilter(ApplicationFilterChain.java:164)
	at org.apache.catalina.core.ApplicationFilterChain.doFilter(ApplicationFilterChain.java:140)
	at org.springframework.web.filter.FormContentFilter.doFilterInternal(FormContentFilter.java:93)
	at org.springframework.web.filter.OncePerRequestFilter.doFilter(OncePerRequestFilter.java:116)
	at org.apache.catalina.core.ApplicationFilterChain.internalDoFilter(ApplicationFilterChain.java:164)
	at org.apache.catalina.core.ApplicationFilterChain.doFilter(ApplicationFilterChain.java:140)
	at org.springframework.web.filter.CharacterEncodingFilter.doFilterInternal(CharacterEncodingFilter.java:201)
	at org.springframework.web.filter.OncePerRequestFilter.doFilter(OncePerRequestFilter.java:116)
	at org.apache.catalina.core.ApplicationFilterChain.internalDoFilter(ApplicationFilterChain.java:164)
	at org.apache.catalina.core.ApplicationFilterChain.doFilter(ApplicationFilterChain.java:140)
	at org.apache.catalina.core.StandardWrapperValve.invoke(StandardWrapperValve.java:167)
	at org.apache.catalina.core.StandardContextValve.invoke(StandardContextValve.java:90)
	at org.apache.catalina.authenticator.AuthenticatorBase.invoke(AuthenticatorBase.java:483)
	at org.apache.catalina.core.StandardHostValve.invoke(StandardHostValve.java:116)
	at org.apache.catalina.valves.ErrorReportValve.invoke(ErrorReportValve.java:93)
	at org.apache.catalina.core.StandardEngineValve.invoke(StandardEngineValve.java:74)
	at org.apache.catalina.connector.CoyoteAdapter.service(CoyoteAdapter.java:344)
	at org.apache.coyote.http11.Http11Processor.service(Http11Processor.java:398)
	at org.apache.coyote.AbstractProcessorLight.process(AbstractProcessorLight.java:63)
	at org.apache.coyote.AbstractProtocol$ConnectionHandler.process(AbstractProtocol.java:903)
	at org.apache.tomcat.util.net.NioEndpoint$SocketProcessor.doRun(NioEndpoint.java:1776)
	at org.apache.tomcat.util.net.SocketProcessorBase.run(SocketProcessorBase.java:52)
	at org.apache.tomcat.util.threads.ThreadPoolExecutor.runWorker(ThreadPoolExecutor.java:975)
	at org.apache.tomcat.util.threads.ThreadPoolExecutor$Worker.run(ThreadPoolExecutor.java:493)
	at org.apache.tomcat.util.threads.TaskThread$WrappingRunnable.run(TaskThread.java:63)
	at java.base/java.lang.Thread.run(Thread.java:840)
[2026-05-05 17:53:36.217] [WARN ] [http-nio-8881-exec-6] o.s.w.s.m.m.a.ExceptionHandlerExceptionResolver - Resolved [com.sqld_board.sqld.exception.common.InvalidCredentialsException]
[2026-05-05 17:53:39.933] [INFO ] [http-nio-8881-exec-8] jdbc.sqltiming - SELECT MEMBER_ID
             , USER_ID
             , USER_PASS
             , USER_NAME
             , USER_EMAIL
             , EMAIL_VERIFIED
             , USER_ROLE
             , USER_STATUS
             , PROFILE_IMAGE
             , CREATE_AT
             , UPDATE_AT
             , LAST_LOG_AT
          FROM MEMBER_INFO
         WHERE USER_ID = 'Admin'
         LIMIT 1
 {executed in 10 msec}
[2026-05-05 17:53:40.077] [INFO ] [http-nio-8881-exec-8] jdbc.sqltiming - UPDATE MEMBER_INFO
        SET LAST_LOG_AT = NOW()
        WHERE MEMBER_ID = 'MEMBER_20260423_004'
 {executed in 12 msec}
[2026-05-05 17:53:40.089] [INFO ] [http-nio-8881-exec-8] jdbc.sqltiming - DELETE FROM refresh_token WHERE MEMBER_ID = 'MEMBER_20260423_004'
 {executed in 8 msec}
[2026-05-05 17:53:40.098] [INFO ] [http-nio-8881-exec-8] jdbc.sqltiming - INSERT INTO refresh_token (MEMBER_ID, R_TOKEN, EXPIRY_DATE)
        VALUES ('MEMBER_20260423_004', '58c82c71-d187-4aa6-b53e-a0863a50ae3f', '05/12/2026 17:53:40.089')
 {executed in 9 msec}
[2026-05-05 17:53:40.205] [INFO ] [http-nio-8881-exec-9] jdbc.sqltiming - SELECT /* MemberMapper.readMemberByMemberId (memberId를 통한 회원 정보 조회) */
               MEMBER_ID
             , USER_ID
             , USER_PASS
             , USER_NAME
             , USER_EMAIL
             , EMAIL_VERIFIED
             , USER_ROLE
             , USER_STATUS
             , PROFILE_IMAGE
             , CREATE_AT
             , UPDATE_AT
             , LAST_LOG_AT
          FROM MEMBER_INFO
        WHERE MEMBER_ID = 'MEMBER_20260423_004'
 {executed in 19 msec}
[2026-05-05 17:53:40.208] [INFO ] [http-nio-8881-exec-1] jdbc.sqltiming - SELECT /* MemberMapper.readMemberByMemberId (memberId를 통한 회원 정보 조회) */
               MEMBER_ID
             , USER_ID
             , USER_PASS
             , USER_NAME
             , USER_EMAIL
             , EMAIL_VERIFIED
             , USER_ROLE
             , USER_STATUS
             , PROFILE_IMAGE
             , CREATE_AT
             , UPDATE_AT
             , LAST_LOG_AT
          FROM MEMBER_INFO
        WHERE MEMBER_ID = 'MEMBER_20260423_004'
 {executed in 18 msec}
[2026-05-05 17:53:40.209] [INFO ] [http-nio-8881-exec-10] jdbc.sqltiming - SELECT /* MemberMapper.readMemberByMemberId (memberId를 통한 회원 정보 조회) */
               MEMBER_ID
             , USER_ID
             , USER_PASS
             , USER_NAME
             , USER_EMAIL
             , EMAIL_VERIFIED
             , USER_ROLE
             , USER_STATUS
             , PROFILE_IMAGE
             , CREATE_AT
             , UPDATE_AT
             , LAST_LOG_AT
          FROM MEMBER_INFO
        WHERE MEMBER_ID = 'MEMBER_20260423_004'
 {executed in 18 msec}
[2026-05-05 17:53:40.209] [INFO ] [http-nio-8881-exec-4] jdbc.sqltiming - SELECT /* MemberMapper.readMemberByMemberId (memberId를 통한 회원 정보 조회) */
               MEMBER_ID
             , USER_ID
             , USER_PASS
             , USER_NAME
             , USER_EMAIL
             , EMAIL_VERIFIED
             , USER_ROLE
             , USER_STATUS
             , PROFILE_IMAGE
             , CREATE_AT
             , UPDATE_AT
             , LAST_LOG_AT
          FROM MEMBER_INFO
        WHERE MEMBER_ID = 'MEMBER_20260423_004'
 {executed in 19 msec}
[2026-05-05 17:53:40.215] [INFO ] [http-nio-8881-exec-3] jdbc.sqltiming - SELECT /* MemberMapper.readMemberByMemberId (memberId를 통한 회원 정보 조회) */
               MEMBER_ID
             , USER_ID
             , USER_PASS
             , USER_NAME
             , USER_EMAIL
             , EMAIL_VERIFIED
             , USER_ROLE
             , USER_STATUS
             , PROFILE_IMAGE
             , CREATE_AT
             , UPDATE_AT
             , LAST_LOG_AT
          FROM MEMBER_INFO
        WHERE MEMBER_ID = 'MEMBER_20260423_004'
 {executed in 6 msec}
[2026-05-05 17:53:40.216] [INFO ] [http-nio-8881-exec-9] jdbc.sqltiming - SELECT /* BoardMapper.getBoardListWithPaging (페이징 처리된 게시판 목록 조회 (지연 조인 최적화 적용)) */
               B.BOARD_ID
             , B.TITLE
             , B.CONTENT
             , M.USER_ID
             , M.USER_NAME
             , B.MEMBER_ID
             , B.BOARD_CODE
             , B.CATEGORY_ID
             , B.VIEW_COUNT
             , B.LIKE_COUNT
             ,(SELECT COUNT(*)
                 FROM COMMENT_MANAGEMENT CM
                 WHERE CM.BOARD_ID = B.BOARD_ID
                   AND CM.DELETE_YN = 'N') AS commentCount /* 댓글 작성 수 */
             , M.PROFILE_IMAGE
             , B.CREATE_AT
             , B.UPDATE_AT
             , B.TAG_NAME
          FROM BOARD B
    INNER JOIN ( /* 인덱스만 사용하여 필요한 ID들만 빠르게 추출 */
                SELECT BOARD_ID
                  FROM BOARD
             WHERE DELETE_YN = 'N'

                    AND BOARD_CODE = 'B_NOTICE_01' 
            ORDER BY CREATE_AT DESC
            LIMIT 10 OFFSET 0
        ) AS temp ON B.BOARD_ID = temp.BOARD_ID
        LEFT JOIN MEMBER_INFO M ON B.MEMBER_ID = M.MEMBER_ID
        ORDER BY B.CREATE_AT DESC
 {executed in 6 msec}
[2026-05-05 17:53:40.219] [INFO ] [http-nio-8881-exec-4] jdbc.sqltiming - SELECT /* BoardMapper.getBoardListWithPaging (페이징 처리된 게시판 목록 조회 (지연 조인 최적화 적용)) */
               B.BOARD_ID
             , B.TITLE
             , B.CONTENT
             , M.USER_ID
             , M.USER_NAME
             , B.MEMBER_ID
             , B.BOARD_CODE
             , B.CATEGORY_ID
             , B.VIEW_COUNT
             , B.LIKE_COUNT
             ,(SELECT COUNT(*)
                 FROM COMMENT_MANAGEMENT CM
                 WHERE CM.BOARD_ID = B.BOARD_ID
                   AND CM.DELETE_YN = 'N') AS commentCount /* 댓글 작성 수 */
             , M.PROFILE_IMAGE
             , B.CREATE_AT
             , B.UPDATE_AT
             , B.TAG_NAME
          FROM BOARD B
    INNER JOIN ( /* 인덱스만 사용하여 필요한 ID들만 빠르게 추출 */
                SELECT BOARD_ID
                  FROM BOARD
             WHERE DELETE_YN = 'N'

                    AND BOARD_CODE = 'S' 
            ORDER BY CREATE_AT DESC
            LIMIT 30 OFFSET 0
        ) AS temp ON B.BOARD_ID = temp.BOARD_ID
        LEFT JOIN MEMBER_INFO M ON B.MEMBER_ID = M.MEMBER_ID
        ORDER BY B.CREATE_AT DESC
 {executed in 4 msec}
[2026-05-05 17:53:40.222] [INFO ] [http-nio-8881-exec-1] jdbc.sqltiming - SELECT /* WebSocketMapper.searchNotification */
               NOTI_ID
             , RECEIVER_ID
             , SENDER_ID
             , NOTI_TYPE
             , MESSAGE
             , IS_READ
             , CREATE_AT
             , TARGET_URL
        FROM NOTIFICATION
        WHERE RECEIVER_ID = 'MEMBER_20260423_004'
 {executed in 4 msec}
[2026-05-05 17:53:40.231] [INFO ] [http-nio-8881-exec-9] jdbc.sqltiming - SELECT /* BoardMapper.getgetBoardTotalCount (게시글 총 개수 조회) */
               COUNT(*)
          FROM BOARD
         WHERE DELETE_YN = 'N'

                AND BOARD_CODE = 'B_NOTICE_01'
 {executed in 11 msec}
[2026-05-05 17:53:40.231] [INFO ] [http-nio-8881-exec-4] jdbc.sqltiming - SELECT /* BoardMapper.getgetBoardTotalCount (게시글 총 개수 조회) */
               COUNT(*)
          FROM BOARD
         WHERE DELETE_YN = 'N'

                AND BOARD_CODE = 'S'
 {executed in 12 msec}
[2026-05-05 17:53:40.238] [INFO ] [http-nio-8881-exec-5] c.s.s.s.w.WebSocketServiceImpl - [Presence] User 관리자 joined room OPEN_CHAT
[2026-05-05 17:53:40.250] [INFO ] [http-nio-8881-exec-5] c.s.s.c.w.WebSocketEventListener - [Presence] User 관리자 joined room OPEN_CHAT
[2026-05-05 17:53:40.276] [INFO ] [http-nio-8881-exec-5] c.s.s.c.w.WebSocketEventListener - [Presence] Room OPEN_CHAT  updated. Count: 1
[2026-05-05 17:53:40.303] [INFO ] [http-nio-8881-exec-5] c.s.s.c.w.WebSocketEventListener - [Presence] Room OPEN_CHAT  updated. Count: 1
[2026-05-05 17:53:40.735] [INFO ] [clientInboundChannel-33] jdbc.sqltiming - SELECT /* MemberMapper.readMemberByMemberId (memberId를 통한 회원 정보 조회) */
               MEMBER_ID
             , USER_ID
             , USER_PASS
             , USER_NAME
             , USER_EMAIL
             , EMAIL_VERIFIED
             , USER_ROLE
             , USER_STATUS
             , PROFILE_IMAGE
             , CREATE_AT
             , UPDATE_AT
             , LAST_LOG_AT
          FROM MEMBER_INFO
        WHERE MEMBER_ID = 'MEMBER_20260423_004'
 {executed in 5 msec}
[2026-05-05 17:53:40.776] [INFO ] [clientInboundChannel-33] jdbc.sqltiming - INSERT INTO CHAT_MESSAGE( /* WebSocketMapper.insertChatMessage (채팅 저장) */
                    ROOM_ID
                  , SENDER_ID
                  , CONTENT
                  , SEND_TIME
                  , CHAT_TYPE
        )    VALUES(
                    'OPEN_CHAT'
                  , 'MEMBER_20260423_004'
                  , '관리자님이 입장하셨습니다.'
                  , 2026-05-05T17:53:40.736667
                  , 'ENTER'
               )
 {executed in 39 msec}
[2026-05-05 17:53:40.776] [INFO ] [clientInboundChannel-33] jdbc.sqltiming - getGeneratedKeys on query: INSERT INTO CHAT_MESSAGE( /* WebSocketMapper.insertChatMessage (채팅 저장) */
                    ROOM_ID
                  , SENDER_ID
                  , CONTENT
                  , SEND_TIME
                  , CHAT_TYPE
        )    VALUES(
                    'OPEN_CHAT'
                  , 'MEMBER_20260423_004'
                  , '관리자님이 입장하셨습니다.'
                  , 2026-05-05T17:53:40.736667
                  , 'ENTER'
               )
 {executed in 0 msec}
[2026-05-05 17:53:40.777] [INFO ] [clientInboundChannel-33] c.s.s.s.w.WebSocketServiceImpl - JSON Message to Redis: {"notiId":null,"senderName":"관리자","type":"ENTER","roomId":"OPEN_CHAT","senderId":"MEMBER_20260423_004","targetId":null,"content":"관리자님이 입장하셨습니다.","timestamp":"2026-05-05 17:53:40","targetUrl":null}
[2026-05-05 17:53:40.794] [INFO ] [redisContainer-15] c.s.s.s.redisConfig.RedisSubscriber - Redis Subscribe - Message Received: {"notiId":null,"senderName":"관리자","type":"ENTER","roomId":"OPEN_CHAT","senderId":"MEMBER_20260423_004","targetId":null,"content":"관리자님이 입장하셨습니다.","timestamp":"2026-05-05 17:53:40","targetUrl":null}
[2026-05-05 17:53:41.850] [INFO ] [http-nio-8881-exec-8] jdbc.sqltiming - SELECT /* MemberMapper.readMemberByMemberId (memberId를 통한 회원 정보 조회) */
               MEMBER_ID
             , USER_ID
             , USER_PASS
             , USER_NAME
             , USER_EMAIL
             , EMAIL_VERIFIED
             , USER_ROLE
             , USER_STATUS
             , PROFILE_IMAGE
             , CREATE_AT
             , UPDATE_AT
             , LAST_LOG_AT
          FROM MEMBER_INFO
        WHERE MEMBER_ID = 'MEMBER_20260423_004'
 {executed in 5 msec}
[2026-05-05 17:53:41.861] [INFO ] [http-nio-8881-exec-8] jdbc.sqltiming - SELECT /* AdminMapper.getMemberList */
               MEMBER_ID
             , USER_ID
             , USER_PASS
             , USER_NAME
             , USER_EMAIL
             , EMAIL_VERIFIED
             , USER_ROLE
             , USER_STATUS
             , PROFILE_IMAGE
             , CREATE_AT
             , UPDATE_AT
             , LAST_LOG_AT
          FROM MEMBER_INFO
         WHERE USER_ROLE != 'SUPER_ADMIN'
         ORDER BY CREATE_AT DESC
 {executed in 5 msec}
[2026-05-05 17:53:43.182] [INFO ] [http-nio-8881-exec-7] jdbc.sqltiming - SELECT /* MemberMapper.readMemberByMemberId (memberId를 통한 회원 정보 조회) */
               MEMBER_ID
             , USER_ID
             , USER_PASS
             , USER_NAME
             , USER_EMAIL
             , EMAIL_VERIFIED
             , USER_ROLE
             , USER_STATUS
             , PROFILE_IMAGE
             , CREATE_AT
             , UPDATE_AT
             , LAST_LOG_AT
          FROM MEMBER_INFO
        WHERE MEMBER_ID = 'MEMBER_20260423_004'
 {executed in 4 msec}
[2026-05-05 17:53:43.231] [INFO ] [http-nio-8881-exec-7] jdbc.sqltiming - SELECT  /* BoardMasterMapper.getBoardConfig 특정 게시판의 설정(이름, 카테고리 그룹, 기능 여부) 전체 리스트 조회 */
               BM.BOARD_CODE
             , BM.BOARD_NAME
             , BM.GROUP_CODE
             , BM.USE_YN
             , BM.FILE_YN
             , BM.REPLY_YN
             , BM.TAG_YN
             , CCG.SORT_ORDER
             , BM.CREATE_AT
             , BM.UPDATE_AT
          FROM BOARD_MASTER BM
          JOIN COMMON_CODE_GROUP CCG ON BM.GROUP_CODE = CCG.GROUP_CODE
         ORDER BY CCG.SORT_ORDER ASC, BM.BOARD_CODE ASC /* 그룹 순서대로 정렬 */
 {executed in 5 msec}
[2026-05-05 17:53:43.238] [INFO ] [http-nio-8881-exec-7] jdbc.sqltiming - SELECT /*  boardMapper.getCategoryListByBoardCode 특정 게시판(boardCode)에 소속된 카테고리 목록 조회 */
               CCD.CODE_ID AS categoryId
             , CCD.CODE_NAME AS categoryName
          FROM BOARD_MASTER BM
    INNER JOIN COMMON_CODE_DETAIL CCD
            ON BM.GROUP_CODE = CCD.GROUP_CODE
         WHERE BM.BOARD_CODE = 'B_NOTICE_01'
           AND BM.USE_YN = 'Y'
      ORDER BY CCD.SORT_ORDER ASC
 {executed in 6 msec}
[2026-05-05 17:53:43.248] [INFO ] [http-nio-8881-exec-7] jdbc.sqltiming - SELECT /*  boardMapper.getCategoryListByBoardCode 특정 게시판(boardCode)에 소속된 카테고리 목록 조회 */
               CCD.CODE_ID AS categoryId
             , CCD.CODE_NAME AS categoryName
          FROM BOARD_MASTER BM
    INNER JOIN COMMON_CODE_DETAIL CCD
            ON BM.GROUP_CODE = CCD.GROUP_CODE
         WHERE BM.BOARD_CODE = 'B_SQLD_01'
           AND BM.USE_YN = 'Y'
      ORDER BY CCD.SORT_ORDER ASC
 {executed in 8 msec}
[2026-05-05 17:53:43.254] [INFO ] [http-nio-8881-exec-7] jdbc.sqltiming - SELECT /*  boardMapper.getCategoryListByBoardCode 특정 게시판(boardCode)에 소속된 카테고리 목록 조회 */
               CCD.CODE_ID AS categoryId
             , CCD.CODE_NAME AS categoryName
          FROM BOARD_MASTER BM
    INNER JOIN COMMON_CODE_DETAIL CCD
            ON BM.GROUP_CODE = CCD.GROUP_CODE
         WHERE BM.BOARD_CODE = 'B_GREETING_01'
           AND BM.USE_YN = 'Y'
      ORDER BY CCD.SORT_ORDER ASC
 {executed in 5 msec}
[2026-05-05 17:53:46.086] [INFO ] [http-nio-8881-exec-2] jdbc.sqltiming - SELECT /* MemberMapper.readMemberByMemberId (memberId를 통한 회원 정보 조회) */
               MEMBER_ID
             , USER_ID
             , USER_PASS
             , USER_NAME
             , USER_EMAIL
             , EMAIL_VERIFIED
             , USER_ROLE
             , USER_STATUS
             , PROFILE_IMAGE
             , CREATE_AT
             , UPDATE_AT
             , LAST_LOG_AT
          FROM MEMBER_INFO
        WHERE MEMBER_ID = 'MEMBER_20260423_004'
 {executed in 5 msec}
[2026-05-05 17:53:46.107] [INFO ] [http-nio-8881-exec-2] jdbc.sqltiming - SELECT  /* BoardMasterMapper.readBoardMasterDetail 특정 게시판의 설정(이름, 카테고리 그룹, 기능 여부) 상세 조회 */
               BM.BOARD_CODE
             , BM.BOARD_NAME
             , BM.GROUP_CODE
             , BM.USE_YN
             , BM.FILE_YN
             , BM.REPLY_YN
             , BM.TAG_YN
             , CCD.SORT_ORDER
             , BM.CREATE_AT
             , BM.UPDATE_AT
          FROM BOARD_MASTER BM
    INNER JOIN COMMON_CODE_GROUP CCD ON BM.GROUP_CODE = CCD.GROUP_CODE
         WHERE BOARD_CODE = 'B_NOTICE_01'
 {executed in 5 msec}
[2026-05-05 17:53:46.119] [INFO ] [http-nio-8881-exec-2] jdbc.sqltiming - SELECT /*  boardMapper.getCategoryListByBoardCode 특정 게시판(boardCode)에 소속된 카테고리 목록 조회 */
               CCD.CODE_ID AS categoryId
             , CCD.CODE_NAME AS categoryName
          FROM BOARD_MASTER BM
    INNER JOIN COMMON_CODE_DETAIL CCD
            ON BM.GROUP_CODE = CCD.GROUP_CODE
         WHERE BM.BOARD_CODE = 'B_NOTICE_01'
           AND BM.USE_YN = 'Y'
      ORDER BY CCD.SORT_ORDER ASC
 {executed in 9 msec}
[2026-05-05 17:53:51.825] [INFO ] [http-nio-8881-exec-3] jdbc.sqltiming - SELECT /* MemberMapper.readMemberByMemberId (memberId를 통한 회원 정보 조회) */
               MEMBER_ID
             , USER_ID
             , USER_PASS
             , USER_NAME
             , USER_EMAIL
             , EMAIL_VERIFIED
             , USER_ROLE
             , USER_STATUS
             , PROFILE_IMAGE
             , CREATE_AT
             , UPDATE_AT
             , LAST_LOG_AT
          FROM MEMBER_INFO
        WHERE MEMBER_ID = 'MEMBER_20260423_004'
 {executed in 5 msec}
[2026-05-05 17:53:51.825] [INFO ] [http-nio-8881-exec-10] jdbc.sqltiming - SELECT /* MemberMapper.readMemberByMemberId (memberId를 통한 회원 정보 조회) */
               MEMBER_ID
             , USER_ID
             , USER_PASS
             , USER_NAME
             , USER_EMAIL
             , EMAIL_VERIFIED
             , USER_ROLE
             , USER_STATUS
             , PROFILE_IMAGE
             , CREATE_AT
             , UPDATE_AT
             , LAST_LOG_AT
          FROM MEMBER_INFO
        WHERE MEMBER_ID = 'MEMBER_20260423_004'
 {executed in 5 msec}
[2026-05-05 17:53:51.825] [INFO ] [http-nio-8881-exec-4] jdbc.sqltiming - SELECT /* MemberMapper.readMemberByMemberId (memberId를 통한 회원 정보 조회) */
               MEMBER_ID
             , USER_ID
             , USER_PASS
             , USER_NAME
             , USER_EMAIL
             , EMAIL_VERIFIED
             , USER_ROLE
             , USER_STATUS
             , PROFILE_IMAGE
             , CREATE_AT
             , UPDATE_AT
             , LAST_LOG_AT
          FROM MEMBER_INFO
        WHERE MEMBER_ID = 'MEMBER_20260423_004'
 {executed in 5 msec}
[2026-05-05 17:53:51.838] [INFO ] [http-nio-8881-exec-3] jdbc.sqltiming - SELECT /* BoardMapper.getBoardListWithPaging (페이징 처리된 게시판 목록 조회 (지연 조인 최적화 적용)) */
               B.BOARD_ID
             , B.TITLE
             , B.CONTENT
             , M.USER_ID
             , M.USER_NAME
             , B.MEMBER_ID
             , B.BOARD_CODE
             , B.CATEGORY_ID
             , B.VIEW_COUNT
             , B.LIKE_COUNT
             ,(SELECT COUNT(*)
                 FROM COMMENT_MANAGEMENT CM
                 WHERE CM.BOARD_ID = B.BOARD_ID
                   AND CM.DELETE_YN = 'N') AS commentCount /* 댓글 작성 수 */
             , M.PROFILE_IMAGE
             , B.CREATE_AT
             , B.UPDATE_AT
             , B.TAG_NAME
          FROM BOARD B
    INNER JOIN ( /* 인덱스만 사용하여 필요한 ID들만 빠르게 추출 */
                SELECT BOARD_ID
                  FROM BOARD
             WHERE DELETE_YN = 'N'

                    AND BOARD_CODE = 'S' 
            ORDER BY CREATE_AT DESC
            LIMIT 30 OFFSET 0
        ) AS temp ON B.BOARD_ID = temp.BOARD_ID
        LEFT JOIN MEMBER_INFO M ON B.MEMBER_ID = M.MEMBER_ID
        ORDER BY B.CREATE_AT DESC
 {executed in 6 msec}
[2026-05-05 17:53:51.838] [INFO ] [http-nio-8881-exec-10] jdbc.sqltiming - SELECT /* BoardMapper.getBoardListWithPaging (페이징 처리된 게시판 목록 조회 (지연 조인 최적화 적용)) */
               B.BOARD_ID
             , B.TITLE
             , B.CONTENT
             , M.USER_ID
             , M.USER_NAME
             , B.MEMBER_ID
             , B.BOARD_CODE
             , B.CATEGORY_ID
             , B.VIEW_COUNT
             , B.LIKE_COUNT
             ,(SELECT COUNT(*)
                 FROM COMMENT_MANAGEMENT CM
                 WHERE CM.BOARD_ID = B.BOARD_ID
                   AND CM.DELETE_YN = 'N') AS commentCount /* 댓글 작성 수 */
             , M.PROFILE_IMAGE
             , B.CREATE_AT
             , B.UPDATE_AT
             , B.TAG_NAME
          FROM BOARD B
    INNER JOIN ( /* 인덱스만 사용하여 필요한 ID들만 빠르게 추출 */
                SELECT BOARD_ID
                  FROM BOARD
             WHERE DELETE_YN = 'N'

                    AND BOARD_CODE = 'B_SQLD_01' 
            ORDER BY CREATE_AT DESC
            LIMIT 10 OFFSET 0
        ) AS temp ON B.BOARD_ID = temp.BOARD_ID
        LEFT JOIN MEMBER_INFO M ON B.MEMBER_ID = M.MEMBER_ID
        ORDER BY B.CREATE_AT DESC
 {executed in 6 msec}
[2026-05-05 17:53:51.856] [INFO ] [http-nio-8881-exec-3] jdbc.sqltiming - SELECT /* BoardMapper.getgetBoardTotalCount (게시글 총 개수 조회) */
               COUNT(*)
          FROM BOARD
         WHERE DELETE_YN = 'N'

                AND BOARD_CODE = 'S'
 {executed in 17 msec}
[2026-05-05 17:53:51.856] [INFO ] [http-nio-8881-exec-10] jdbc.sqltiming - SELECT /* BoardMapper.getgetBoardTotalCount (게시글 총 개수 조회) */
               COUNT(*)
          FROM BOARD
         WHERE DELETE_YN = 'N'

                AND BOARD_CODE = 'B_SQLD_01'
 {executed in 16 msec}
[2026-05-05 17:53:52.334] [INFO ] [http-nio-8881-exec-9] jdbc.sqltiming - SELECT /* MemberMapper.readMemberByMemberId (memberId를 통한 회원 정보 조회) */
               MEMBER_ID
             , USER_ID
             , USER_PASS
             , USER_NAME
             , USER_EMAIL
             , EMAIL_VERIFIED
             , USER_ROLE
             , USER_STATUS
             , PROFILE_IMAGE
             , CREATE_AT
             , UPDATE_AT
             , LAST_LOG_AT
          FROM MEMBER_INFO
        WHERE MEMBER_ID = 'MEMBER_20260423_004'
 {executed in 6 msec}
[2026-05-05 17:53:52.346] [INFO ] [http-nio-8881-exec-9] jdbc.sqltiming - SELECT  /* BoardMapper.getBoardList (게시판 목록 전체를 조회하는 쿼리 (사용자 정보 JOIN))*/
               B.BOARD_ID
             , B.TITLE
             , B.CONTENT
             , M.USER_ID
             , M.USER_NAME
             , B.MEMBER_ID
             , B.BOARD_CODE
             , B.CATEGORY_ID
             , B.VIEW_COUNT
             , B.LIKE_COUNT
             ,(SELECT COUNT(*)
                 FROM COMMENT_MANAGEMENT CM
                WHERE CM.BOARD_ID = B.BOARD_ID
                  AND CM.DELETE_YN = 'N') AS commentCount /* 댓글 작성 수 */
             , M.PROFILE_IMAGE
             , B.CREATE_AT
             , B.UPDATE_AT
             , B.TAG_NAME
        FROM
            BOARD B
        LEFT JOIN MEMBER_INFO M ON B.MEMBER_ID = M.MEMBER_ID
        WHERE B.DELETE_YN = 'N'
        ORDER BY
            B.CREATE_AT DESC
 {executed in 5 msec}
[2026-05-05 17:53:58.071] [INFO ] [http-nio-8881-exec-6] jdbc.sqltiming - SELECT /* MemberMapper.readMemberByMemberId (memberId를 통한 회원 정보 조회) */
               MEMBER_ID
             , USER_ID
             , USER_PASS
             , USER_NAME
             , USER_EMAIL
             , EMAIL_VERIFIED
             , USER_ROLE
             , USER_STATUS
             , PROFILE_IMAGE
             , CREATE_AT
             , UPDATE_AT
             , LAST_LOG_AT
          FROM MEMBER_INFO
        WHERE MEMBER_ID = 'MEMBER_20260423_004'
 {executed in 6 msec}
[2026-05-05 17:53:58.072] [INFO ] [http-nio-8881-exec-5] jdbc.sqltiming - SELECT /* MemberMapper.readMemberByMemberId (memberId를 통한 회원 정보 조회) */
               MEMBER_ID
             , USER_ID
             , USER_PASS
             , USER_NAME
             , USER_EMAIL
             , EMAIL_VERIFIED
             , USER_ROLE
             , USER_STATUS
             , PROFILE_IMAGE
             , CREATE_AT
             , UPDATE_AT
             , LAST_LOG_AT
          FROM MEMBER_INFO
        WHERE MEMBER_ID = 'MEMBER_20260423_004'
 {executed in 6 msec}
[2026-05-05 17:53:58.072] [INFO ] [http-nio-8881-exec-1] jdbc.sqltiming - SELECT /* MemberMapper.readMemberByMemberId (memberId를 통한 회원 정보 조회) */
               MEMBER_ID
             , USER_ID
             , USER_PASS
             , USER_NAME
             , USER_EMAIL
             , EMAIL_VERIFIED
             , USER_ROLE
             , USER_STATUS
             , PROFILE_IMAGE
             , CREATE_AT
             , UPDATE_AT
             , LAST_LOG_AT
          FROM MEMBER_INFO
        WHERE MEMBER_ID = 'MEMBER_20260423_004'
 {executed in 7 msec}
[2026-05-05 17:53:58.082] [INFO ] [http-nio-8881-exec-6] jdbc.sqltiming - SELECT /* BoardMapper.getBoardListWithPaging (페이징 처리된 게시판 목록 조회 (지연 조인 최적화 적용)) */
               B.BOARD_ID
             , B.TITLE
             , B.CONTENT
             , M.USER_ID
             , M.USER_NAME
             , B.MEMBER_ID
             , B.BOARD_CODE
             , B.CATEGORY_ID
             , B.VIEW_COUNT
             , B.LIKE_COUNT
             ,(SELECT COUNT(*)
                 FROM COMMENT_MANAGEMENT CM
                 WHERE CM.BOARD_ID = B.BOARD_ID
                   AND CM.DELETE_YN = 'N') AS commentCount /* 댓글 작성 수 */
             , M.PROFILE_IMAGE
             , B.CREATE_AT
             , B.UPDATE_AT
             , B.TAG_NAME
          FROM BOARD B
    INNER JOIN ( /* 인덱스만 사용하여 필요한 ID들만 빠르게 추출 */
                SELECT BOARD_ID
                  FROM BOARD
             WHERE DELETE_YN = 'N'

                    AND BOARD_CODE = 'S' 
            ORDER BY CREATE_AT DESC
            LIMIT 30 OFFSET 0
        ) AS temp ON B.BOARD_ID = temp.BOARD_ID
        LEFT JOIN MEMBER_INFO M ON B.MEMBER_ID = M.MEMBER_ID
        ORDER BY B.CREATE_AT DESC
 {executed in 6 msec}
[2026-05-05 17:53:58.085] [INFO ] [http-nio-8881-exec-1] jdbc.sqltiming - SELECT /* BoardMapper.getBoardListWithPaging (페이징 처리된 게시판 목록 조회 (지연 조인 최적화 적용)) */
               B.BOARD_ID
             , B.TITLE
             , B.CONTENT
             , M.USER_ID
             , M.USER_NAME
             , B.MEMBER_ID
             , B.BOARD_CODE
             , B.CATEGORY_ID
             , B.VIEW_COUNT
             , B.LIKE_COUNT
             ,(SELECT COUNT(*)
                 FROM COMMENT_MANAGEMENT CM
                 WHERE CM.BOARD_ID = B.BOARD_ID
                   AND CM.DELETE_YN = 'N') AS commentCount /* 댓글 작성 수 */
             , M.PROFILE_IMAGE
             , B.CREATE_AT
             , B.UPDATE_AT
             , B.TAG_NAME
          FROM BOARD B
    INNER JOIN ( /* 인덱스만 사용하여 필요한 ID들만 빠르게 추출 */
                SELECT BOARD_ID
                  FROM BOARD
             WHERE DELETE_YN = 'N'

                    AND BOARD_CODE = 'B_SQLD_01'

                    AND CATEGORY_ID = 'faq' 
            ORDER BY CREATE_AT DESC
            LIMIT 10 OFFSET 0
        ) AS temp ON B.BOARD_ID = temp.BOARD_ID
        LEFT JOIN MEMBER_INFO M ON B.MEMBER_ID = M.MEMBER_ID
        ORDER BY B.CREATE_AT DESC
 {executed in 8 msec}
[2026-05-05 17:53:58.087] [INFO ] [http-nio-8881-exec-6] jdbc.sqltiming - SELECT /* BoardMapper.getgetBoardTotalCount (게시글 총 개수 조회) */
               COUNT(*)
          FROM BOARD
         WHERE DELETE_YN = 'N'

                AND BOARD_CODE = 'S'
 {executed in 4 msec}
[2026-05-05 17:53:58.090] [INFO ] [http-nio-8881-exec-1] jdbc.sqltiming - SELECT /* BoardMapper.getgetBoardTotalCount (게시글 총 개수 조회) */
               COUNT(*)
          FROM BOARD
         WHERE DELETE_YN = 'N'

                AND BOARD_CODE = 'B_SQLD_01'

                AND CATEGORY_ID = 'faq'
 {executed in 4 msec}
[2026-05-05 17:54:00.031] [INFO ] [http-nio-8881-exec-8] jdbc.sqltiming - SELECT /* MemberMapper.readMemberByMemberId (memberId를 통한 회원 정보 조회) */
               MEMBER_ID
             , USER_ID
             , USER_PASS
             , USER_NAME
             , USER_EMAIL
             , EMAIL_VERIFIED
             , USER_ROLE
             , USER_STATUS
             , PROFILE_IMAGE
             , CREATE_AT
             , UPDATE_AT
             , LAST_LOG_AT
          FROM MEMBER_INFO
        WHERE MEMBER_ID = 'MEMBER_20260423_004'
 {executed in 6 msec}
[2026-05-05 17:54:00.031] [INFO ] [http-nio-8881-exec-7] jdbc.sqltiming - SELECT /* MemberMapper.readMemberByMemberId (memberId를 통한 회원 정보 조회) */
               MEMBER_ID
             , USER_ID
             , USER_PASS
             , USER_NAME
             , USER_EMAIL
             , EMAIL_VERIFIED
             , USER_ROLE
             , USER_STATUS
             , PROFILE_IMAGE
             , CREATE_AT
             , UPDATE_AT
             , LAST_LOG_AT
          FROM MEMBER_INFO
        WHERE MEMBER_ID = 'MEMBER_20260423_004'
 {executed in 6 msec}
[2026-05-05 17:54:00.031] [INFO ] [http-nio-8881-exec-2] jdbc.sqltiming - SELECT /* MemberMapper.readMemberByMemberId (memberId를 통한 회원 정보 조회) */
               MEMBER_ID
             , USER_ID
             , USER_PASS
             , USER_NAME
             , USER_EMAIL
             , EMAIL_VERIFIED
             , USER_ROLE
             , USER_STATUS
             , PROFILE_IMAGE
             , CREATE_AT
             , UPDATE_AT
             , LAST_LOG_AT
          FROM MEMBER_INFO
        WHERE MEMBER_ID = 'MEMBER_20260423_004'
 {executed in 6 msec}
[2026-05-05 17:54:00.058] [INFO ] [http-nio-8881-exec-8] jdbc.sqltiming - SELECT /* BoardMapper.getBoardListWithPaging (페이징 처리된 게시판 목록 조회 (지연 조인 최적화 적용)) */
               B.BOARD_ID
             , B.TITLE
             , B.CONTENT
             , M.USER_ID
             , M.USER_NAME
             , B.MEMBER_ID
             , B.BOARD_CODE
             , B.CATEGORY_ID
             , B.VIEW_COUNT
             , B.LIKE_COUNT
             ,(SELECT COUNT(*)
                 FROM COMMENT_MANAGEMENT CM
                 WHERE CM.BOARD_ID = B.BOARD_ID
                   AND CM.DELETE_YN = 'N') AS commentCount /* 댓글 작성 수 */
             , M.PROFILE_IMAGE
             , B.CREATE_AT
             , B.UPDATE_AT
             , B.TAG_NAME
          FROM BOARD B
    INNER JOIN ( /* 인덱스만 사용하여 필요한 ID들만 빠르게 추출 */
                SELECT BOARD_ID
                  FROM BOARD
             WHERE DELETE_YN = 'N'

                    AND BOARD_CODE = 'B_SQLD_01'

                    AND CATEGORY_ID = 'S002' 
            ORDER BY CREATE_AT DESC
            LIMIT 10 OFFSET 0
        ) AS temp ON B.BOARD_ID = temp.BOARD_ID
        LEFT JOIN MEMBER_INFO M ON B.MEMBER_ID = M.MEMBER_ID
        ORDER BY B.CREATE_AT DESC
 {executed in 14 msec}
[2026-05-05 17:54:00.058] [INFO ] [http-nio-8881-exec-2] jdbc.sqltiming - SELECT /* BoardMapper.getBoardListWithPaging (페이징 처리된 게시판 목록 조회 (지연 조인 최적화 적용)) */
               B.BOARD_ID
             , B.TITLE
             , B.CONTENT
             , M.USER_ID
             , M.USER_NAME
             , B.MEMBER_ID
             , B.BOARD_CODE
             , B.CATEGORY_ID
             , B.VIEW_COUNT
             , B.LIKE_COUNT
             ,(SELECT COUNT(*)
                 FROM COMMENT_MANAGEMENT CM
                 WHERE CM.BOARD_ID = B.BOARD_ID
                   AND CM.DELETE_YN = 'N') AS commentCount /* 댓글 작성 수 */
             , M.PROFILE_IMAGE
             , B.CREATE_AT
             , B.UPDATE_AT
             , B.TAG_NAME
          FROM BOARD B
    INNER JOIN ( /* 인덱스만 사용하여 필요한 ID들만 빠르게 추출 */
                SELECT BOARD_ID
                  FROM BOARD
             WHERE DELETE_YN = 'N'

                    AND BOARD_CODE = 'S' 
            ORDER BY CREATE_AT DESC
            LIMIT 30 OFFSET 0
        ) AS temp ON B.BOARD_ID = temp.BOARD_ID
        LEFT JOIN MEMBER_INFO M ON B.MEMBER_ID = M.MEMBER_ID
        ORDER BY B.CREATE_AT DESC
 {executed in 14 msec}
[2026-05-05 17:54:00.062] [INFO ] [http-nio-8881-exec-2] jdbc.sqltiming - SELECT /* BoardMapper.getgetBoardTotalCount (게시글 총 개수 조회) */
               COUNT(*)
          FROM BOARD
         WHERE DELETE_YN = 'N'

                AND BOARD_CODE = 'S'
 {executed in 3 msec}
[2026-05-05 17:54:00.064] [INFO ] [http-nio-8881-exec-8] jdbc.sqltiming - SELECT /* BoardMapper.getgetBoardTotalCount (게시글 총 개수 조회) */
               COUNT(*)
          FROM BOARD
         WHERE DELETE_YN = 'N'

                AND BOARD_CODE = 'B_SQLD_01'

                AND CATEGORY_ID = 'S002'
 {executed in 3 msec}
[2026-05-05 17:54:01.048] [INFO ] [http-nio-8881-exec-3] jdbc.sqltiming - SELECT /* MemberMapper.readMemberByMemberId (memberId를 통한 회원 정보 조회) */
               MEMBER_ID
             , USER_ID
             , USER_PASS
             , USER_NAME
             , USER_EMAIL
             , EMAIL_VERIFIED
             , USER_ROLE
             , USER_STATUS
             , PROFILE_IMAGE
             , CREATE_AT
             , UPDATE_AT
             , LAST_LOG_AT
          FROM MEMBER_INFO
        WHERE MEMBER_ID = 'MEMBER_20260423_004'
 {executed in 8 msec}
[2026-05-05 17:54:01.048] [INFO ] [http-nio-8881-exec-10] jdbc.sqltiming - SELECT /* MemberMapper.readMemberByMemberId (memberId를 통한 회원 정보 조회) */
               MEMBER_ID
             , USER_ID
             , USER_PASS
             , USER_NAME
             , USER_EMAIL
             , EMAIL_VERIFIED
             , USER_ROLE
             , USER_STATUS
             , PROFILE_IMAGE
             , CREATE_AT
             , UPDATE_AT
             , LAST_LOG_AT
          FROM MEMBER_INFO
        WHERE MEMBER_ID = 'MEMBER_20260423_004'
 {executed in 7 msec}
[2026-05-05 17:54:01.048] [INFO ] [http-nio-8881-exec-4] jdbc.sqltiming - SELECT /* MemberMapper.readMemberByMemberId (memberId를 통한 회원 정보 조회) */
               MEMBER_ID
             , USER_ID
             , USER_PASS
             , USER_NAME
             , USER_EMAIL
             , EMAIL_VERIFIED
             , USER_ROLE
             , USER_STATUS
             , PROFILE_IMAGE
             , CREATE_AT
             , UPDATE_AT
             , LAST_LOG_AT
          FROM MEMBER_INFO
        WHERE MEMBER_ID = 'MEMBER_20260423_004'
 {executed in 8 msec}
[2026-05-05 17:54:01.063] [INFO ] [http-nio-8881-exec-10] jdbc.sqltiming - SELECT /* BoardMapper.getBoardListWithPaging (페이징 처리된 게시판 목록 조회 (지연 조인 최적화 적용)) */
               B.BOARD_ID
             , B.TITLE
             , B.CONTENT
             , M.USER_ID
             , M.USER_NAME
             , B.MEMBER_ID
             , B.BOARD_CODE
             , B.CATEGORY_ID
             , B.VIEW_COUNT
             , B.LIKE_COUNT
             ,(SELECT COUNT(*)
                 FROM COMMENT_MANAGEMENT CM
                 WHERE CM.BOARD_ID = B.BOARD_ID
                   AND CM.DELETE_YN = 'N') AS commentCount /* 댓글 작성 수 */
             , M.PROFILE_IMAGE
             , B.CREATE_AT
             , B.UPDATE_AT
             , B.TAG_NAME
          FROM BOARD B
    INNER JOIN ( /* 인덱스만 사용하여 필요한 ID들만 빠르게 추출 */
                SELECT BOARD_ID
                  FROM BOARD
             WHERE DELETE_YN = 'N'

                    AND BOARD_CODE = 'S' 
            ORDER BY CREATE_AT DESC
            LIMIT 30 OFFSET 0
        ) AS temp ON B.BOARD_ID = temp.BOARD_ID
        LEFT JOIN MEMBER_INFO M ON B.MEMBER_ID = M.MEMBER_ID
        ORDER BY B.CREATE_AT DESC
 {executed in 7 msec}
[2026-05-05 17:54:01.063] [INFO ] [http-nio-8881-exec-4] jdbc.sqltiming - SELECT /* BoardMapper.getBoardListWithPaging (페이징 처리된 게시판 목록 조회 (지연 조인 최적화 적용)) */
               B.BOARD_ID
             , B.TITLE
             , B.CONTENT
             , M.USER_ID
             , M.USER_NAME
             , B.MEMBER_ID
             , B.BOARD_CODE
             , B.CATEGORY_ID
             , B.VIEW_COUNT
             , B.LIKE_COUNT
             ,(SELECT COUNT(*)
                 FROM COMMENT_MANAGEMENT CM
                 WHERE CM.BOARD_ID = B.BOARD_ID
                   AND CM.DELETE_YN = 'N') AS commentCount /* 댓글 작성 수 */
             , M.PROFILE_IMAGE
             , B.CREATE_AT
             , B.UPDATE_AT
             , B.TAG_NAME
          FROM BOARD B
    INNER JOIN ( /* 인덱스만 사용하여 필요한 ID들만 빠르게 추출 */
                SELECT BOARD_ID
                  FROM BOARD
             WHERE DELETE_YN = 'N'

                    AND BOARD_CODE = 'B_SQLD_01'

                    AND CATEGORY_ID = 'S001' 
            ORDER BY CREATE_AT DESC
            LIMIT 10 OFFSET 0
        ) AS temp ON B.BOARD_ID = temp.BOARD_ID
        LEFT JOIN MEMBER_INFO M ON B.MEMBER_ID = M.MEMBER_ID
        ORDER BY B.CREATE_AT DESC
 {executed in 7 msec}
[2026-05-05 17:54:01.068] [INFO ] [http-nio-8881-exec-10] jdbc.sqltiming - SELECT /* BoardMapper.getgetBoardTotalCount (게시글 총 개수 조회) */
               COUNT(*)
          FROM BOARD
         WHERE DELETE_YN = 'N'

                AND BOARD_CODE = 'S'
 {executed in 5 msec}
[2026-05-05 17:54:01.068] [INFO ] [http-nio-8881-exec-4] jdbc.sqltiming - SELECT /* BoardMapper.getgetBoardTotalCount (게시글 총 개수 조회) */
               COUNT(*)
          FROM BOARD
         WHERE DELETE_YN = 'N'

                AND BOARD_CODE = 'B_SQLD_01'

                AND CATEGORY_ID = 'S001'
 {executed in 5 msec}
[2026-05-05 17:54:01.657] [INFO ] [http-nio-8881-exec-6] jdbc.sqltiming - SELECT /* MemberMapper.readMemberByMemberId (memberId를 통한 회원 정보 조회) */
               MEMBER_ID
             , USER_ID
             , USER_PASS
             , USER_NAME
             , USER_EMAIL
             , EMAIL_VERIFIED
             , USER_ROLE
             , USER_STATUS
             , PROFILE_IMAGE
             , CREATE_AT
             , UPDATE_AT
             , LAST_LOG_AT
          FROM MEMBER_INFO
        WHERE MEMBER_ID = 'MEMBER_20260423_004'
 {executed in 5 msec}
[2026-05-05 17:54:01.657] [INFO ] [http-nio-8881-exec-5] jdbc.sqltiming - SELECT /* MemberMapper.readMemberByMemberId (memberId를 통한 회원 정보 조회) */
               MEMBER_ID
             , USER_ID
             , USER_PASS
             , USER_NAME
             , USER_EMAIL
             , EMAIL_VERIFIED
             , USER_ROLE
             , USER_STATUS
             , PROFILE_IMAGE
             , CREATE_AT
             , UPDATE_AT
             , LAST_LOG_AT
          FROM MEMBER_INFO
        WHERE MEMBER_ID = 'MEMBER_20260423_004'
 {executed in 5 msec}
[2026-05-05 17:54:01.657] [INFO ] [http-nio-8881-exec-9] jdbc.sqltiming - SELECT /* MemberMapper.readMemberByMemberId (memberId를 통한 회원 정보 조회) */
               MEMBER_ID
             , USER_ID
             , USER_PASS
             , USER_NAME
             , USER_EMAIL
             , EMAIL_VERIFIED
             , USER_ROLE
             , USER_STATUS
             , PROFILE_IMAGE
             , CREATE_AT
             , UPDATE_AT
             , LAST_LOG_AT
          FROM MEMBER_INFO
        WHERE MEMBER_ID = 'MEMBER_20260423_004'
 {executed in 5 msec}
[2026-05-05 17:54:01.663] [INFO ] [http-nio-8881-exec-5] c.s.s.service.board.BoardServiceImpl - 인기 게시물 조회를 위해 DB에 접근한다. (캐시 미적용 시에만 출력)
[2026-05-05 17:54:01.669] [INFO ] [http-nio-8881-exec-5] jdbc.sqltiming - SELECT /* BoardMapper.getPopularBoards (최근 15일 인기 게시글 조회) */
               B.BOARD_ID
             , B.TITLE
             , B.VIEW_COUNT
             , B.LIKE_COUNT
             , B.CREATE_AT
             , M.USER_NAME
             , M.PROFILE_IMAGE
        FROM BOARD B
        LEFT JOIN MEMBER_INFO M ON B.MEMBER_ID = M.MEMBER_ID
        WHERE B.CREATE_AT >= DATE_SUB(NOW(), INTERVAL 15 DAY)
          AND B.DELETE_YN = 'N'
        ORDER BY B.LIKE_COUNT DESC, B.VIEW_COUNT DESC
        LIMIT 5
 {executed in 6 msec}
[2026-05-05 17:54:01.669] [INFO ] [http-nio-8881-exec-9] jdbc.sqltiming - SELECT /* BoardMapper.getBoardListWithPaging (페이징 처리된 게시판 목록 조회 (지연 조인 최적화 적용)) */
               B.BOARD_ID
             , B.TITLE
             , B.CONTENT
             , M.USER_ID
             , M.USER_NAME
             , B.MEMBER_ID
             , B.BOARD_CODE
             , B.CATEGORY_ID
             , B.VIEW_COUNT
             , B.LIKE_COUNT
             ,(SELECT COUNT(*)
                 FROM COMMENT_MANAGEMENT CM
                 WHERE CM.BOARD_ID = B.BOARD_ID
                   AND CM.DELETE_YN = 'N') AS commentCount /* 댓글 작성 수 */
             , M.PROFILE_IMAGE
             , B.CREATE_AT
             , B.UPDATE_AT
             , B.TAG_NAME
          FROM BOARD B
    INNER JOIN ( /* 인덱스만 사용하여 필요한 ID들만 빠르게 추출 */
                SELECT BOARD_ID
                  FROM BOARD
             WHERE DELETE_YN = 'N'

                    AND BOARD_CODE = 'B_SQLD_01' 
            ORDER BY CREATE_AT DESC
            LIMIT 10 OFFSET 0
        ) AS temp ON B.BOARD_ID = temp.BOARD_ID
        LEFT JOIN MEMBER_INFO M ON B.MEMBER_ID = M.MEMBER_ID
        ORDER BY B.CREATE_AT DESC
 {executed in 6 msec}
[2026-05-05 17:54:01.669] [INFO ] [http-nio-8881-exec-6] jdbc.sqltiming - SELECT /* BoardMapper.getBoardListWithPaging (페이징 처리된 게시판 목록 조회 (지연 조인 최적화 적용)) */
               B.BOARD_ID
             , B.TITLE
             , B.CONTENT
             , M.USER_ID
             , M.USER_NAME
             , B.MEMBER_ID
             , B.BOARD_CODE
             , B.CATEGORY_ID
             , B.VIEW_COUNT
             , B.LIKE_COUNT
             ,(SELECT COUNT(*)
                 FROM COMMENT_MANAGEMENT CM
                 WHERE CM.BOARD_ID = B.BOARD_ID
                   AND CM.DELETE_YN = 'N') AS commentCount /* 댓글 작성 수 */
             , M.PROFILE_IMAGE
             , B.CREATE_AT
             , B.UPDATE_AT
             , B.TAG_NAME
          FROM BOARD B
    INNER JOIN ( /* 인덱스만 사용하여 필요한 ID들만 빠르게 추출 */
                SELECT BOARD_ID
                  FROM BOARD
             WHERE DELETE_YN = 'N'

                    AND BOARD_CODE = 'S' 
            ORDER BY CREATE_AT DESC
            LIMIT 30 OFFSET 0
        ) AS temp ON B.BOARD_ID = temp.BOARD_ID
        LEFT JOIN MEMBER_INFO M ON B.MEMBER_ID = M.MEMBER_ID
        ORDER BY B.CREATE_AT DESC
 {executed in 7 msec}
[2026-05-05 17:54:01.677] [INFO ] [http-nio-8881-exec-6] jdbc.sqltiming - SELECT /* BoardMapper.getgetBoardTotalCount (게시글 총 개수 조회) */
               COUNT(*)
          FROM BOARD
         WHERE DELETE_YN = 'N'

                AND BOARD_CODE = 'S'
 {executed in 7 msec}
[2026-05-05 17:54:01.677] [INFO ] [http-nio-8881-exec-9] jdbc.sqltiming - SELECT /* BoardMapper.getgetBoardTotalCount (게시글 총 개수 조회) */
               COUNT(*)
          FROM BOARD
         WHERE DELETE_YN = 'N'

                AND BOARD_CODE = 'B_SQLD_01'
 {executed in 7 msec}
[2026-05-05 17:54:02.922] [INFO ] [http-nio-8881-exec-8] jdbc.sqltiming - SELECT /* MemberMapper.readMemberByMemberId (memberId를 통한 회원 정보 조회) */
               MEMBER_ID
             , USER_ID
             , USER_PASS
             , USER_NAME
             , USER_EMAIL
             , EMAIL_VERIFIED
             , USER_ROLE
             , USER_STATUS
             , PROFILE_IMAGE
             , CREATE_AT
             , UPDATE_AT
             , LAST_LOG_AT
          FROM MEMBER_INFO
        WHERE MEMBER_ID = 'MEMBER_20260423_004'
 {executed in 5 msec}
[2026-05-05 17:54:02.922] [INFO ] [http-nio-8881-exec-7] jdbc.sqltiming - SELECT /* MemberMapper.readMemberByMemberId (memberId를 통한 회원 정보 조회) */
               MEMBER_ID
             , USER_ID
             , USER_PASS
             , USER_NAME
             , USER_EMAIL
             , EMAIL_VERIFIED
             , USER_ROLE
             , USER_STATUS
             , PROFILE_IMAGE
             , CREATE_AT
             , UPDATE_AT
             , LAST_LOG_AT
          FROM MEMBER_INFO
        WHERE MEMBER_ID = 'MEMBER_20260423_004'
 {executed in 5 msec}
[2026-05-05 17:54:02.922] [INFO ] [http-nio-8881-exec-1] jdbc.sqltiming - SELECT /* MemberMapper.readMemberByMemberId (memberId를 통한 회원 정보 조회) */
               MEMBER_ID
             , USER_ID
             , USER_PASS
             , USER_NAME
             , USER_EMAIL
             , EMAIL_VERIFIED
             , USER_ROLE
             , USER_STATUS
             , PROFILE_IMAGE
             , CREATE_AT
             , UPDATE_AT
             , LAST_LOG_AT
          FROM MEMBER_INFO
        WHERE MEMBER_ID = 'MEMBER_20260423_004'
 {executed in 5 msec}
[2026-05-05 17:54:02.933] [INFO ] [http-nio-8881-exec-7] jdbc.sqltiming - SELECT /* BoardMapper.getBoardListWithPaging (페이징 처리된 게시판 목록 조회 (지연 조인 최적화 적용)) */
               B.BOARD_ID
             , B.TITLE
             , B.CONTENT
             , M.USER_ID
             , M.USER_NAME
             , B.MEMBER_ID
             , B.BOARD_CODE
             , B.CATEGORY_ID
             , B.VIEW_COUNT
             , B.LIKE_COUNT
             ,(SELECT COUNT(*)
                 FROM COMMENT_MANAGEMENT CM
                 WHERE CM.BOARD_ID = B.BOARD_ID
                   AND CM.DELETE_YN = 'N') AS commentCount /* 댓글 작성 수 */
             , M.PROFILE_IMAGE
             , B.CREATE_AT
             , B.UPDATE_AT
             , B.TAG_NAME
          FROM BOARD B
    INNER JOIN ( /* 인덱스만 사용하여 필요한 ID들만 빠르게 추출 */
                SELECT BOARD_ID
                  FROM BOARD
             WHERE DELETE_YN = 'N'

                    AND BOARD_CODE = 'S' 
            ORDER BY CREATE_AT DESC
            LIMIT 30 OFFSET 0
        ) AS temp ON B.BOARD_ID = temp.BOARD_ID
        LEFT JOIN MEMBER_INFO M ON B.MEMBER_ID = M.MEMBER_ID
        ORDER BY B.CREATE_AT DESC
 {executed in 5 msec}
[2026-05-05 17:54:02.934] [INFO ] [http-nio-8881-exec-1] jdbc.sqltiming - SELECT /* BoardMapper.getBoardListWithPaging (페이징 처리된 게시판 목록 조회 (지연 조인 최적화 적용)) */
               B.BOARD_ID
             , B.TITLE
             , B.CONTENT
             , M.USER_ID
             , M.USER_NAME
             , B.MEMBER_ID
             , B.BOARD_CODE
             , B.CATEGORY_ID
             , B.VIEW_COUNT
             , B.LIKE_COUNT
             ,(SELECT COUNT(*)
                 FROM COMMENT_MANAGEMENT CM
                 WHERE CM.BOARD_ID = B.BOARD_ID
                   AND CM.DELETE_YN = 'N') AS commentCount /* 댓글 작성 수 */
             , M.PROFILE_IMAGE
             , B.CREATE_AT
             , B.UPDATE_AT
             , B.TAG_NAME
          FROM BOARD B
    INNER JOIN ( /* 인덱스만 사용하여 필요한 ID들만 빠르게 추출 */
                SELECT BOARD_ID
                  FROM BOARD
             WHERE DELETE_YN = 'N'

                    AND BOARD_CODE = 'B_NOTICE_01' 
            ORDER BY CREATE_AT DESC
            LIMIT 10 OFFSET 0
        ) AS temp ON B.BOARD_ID = temp.BOARD_ID
        LEFT JOIN MEMBER_INFO M ON B.MEMBER_ID = M.MEMBER_ID
        ORDER BY B.CREATE_AT DESC
 {executed in 5 msec}
[2026-05-05 17:54:02.941] [INFO ] [http-nio-8881-exec-7] jdbc.sqltiming - SELECT /* BoardMapper.getgetBoardTotalCount (게시글 총 개수 조회) */
               COUNT(*)
          FROM BOARD
         WHERE DELETE_YN = 'N'

                AND BOARD_CODE = 'S'
 {executed in 7 msec}
[2026-05-05 17:54:02.941] [INFO ] [http-nio-8881-exec-1] jdbc.sqltiming - SELECT /* BoardMapper.getgetBoardTotalCount (게시글 총 개수 조회) */
               COUNT(*)
          FROM BOARD
         WHERE DELETE_YN = 'N'

                AND BOARD_CODE = 'B_NOTICE_01'
 {executed in 5 msec}
[2026-05-05 17:54:05.077] [INFO ] [http-nio-8881-exec-2] jdbc.sqltiming - SELECT /* MemberMapper.readMemberByMemberId (memberId를 통한 회원 정보 조회) */
               MEMBER_ID
             , USER_ID
             , USER_PASS
             , USER_NAME
             , USER_EMAIL
             , EMAIL_VERIFIED
             , USER_ROLE
             , USER_STATUS
             , PROFILE_IMAGE
             , CREATE_AT
             , UPDATE_AT
             , LAST_LOG_AT
          FROM MEMBER_INFO
        WHERE MEMBER_ID = 'MEMBER_20260423_004'
 {executed in 37 msec}
[2026-05-05 17:54:05.077] [INFO ] [http-nio-8881-exec-3] jdbc.sqltiming - SELECT /* MemberMapper.readMemberByMemberId (memberId를 통한 회원 정보 조회) */
               MEMBER_ID
             , USER_ID
             , USER_PASS
             , USER_NAME
             , USER_EMAIL
             , EMAIL_VERIFIED
             , USER_ROLE
             , USER_STATUS
             , PROFILE_IMAGE
             , CREATE_AT
             , UPDATE_AT
             , LAST_LOG_AT
          FROM MEMBER_INFO
        WHERE MEMBER_ID = 'MEMBER_20260423_004'
 {executed in 37 msec}
[2026-05-05 17:54:05.077] [INFO ] [http-nio-8881-exec-4] jdbc.sqltiming - SELECT /* MemberMapper.readMemberByMemberId (memberId를 통한 회원 정보 조회) */
               MEMBER_ID
             , USER_ID
             , USER_PASS
             , USER_NAME
             , USER_EMAIL
             , EMAIL_VERIFIED
             , USER_ROLE
             , USER_STATUS
             , PROFILE_IMAGE
             , CREATE_AT
             , UPDATE_AT
             , LAST_LOG_AT
          FROM MEMBER_INFO
        WHERE MEMBER_ID = 'MEMBER_20260423_004'
 {executed in 37 msec}
[2026-05-05 17:54:05.093] [INFO ] [http-nio-8881-exec-4] jdbc.sqltiming - SELECT /* BoardMapper.getBoardListWithPaging (페이징 처리된 게시판 목록 조회 (지연 조인 최적화 적용)) */
               B.BOARD_ID
             , B.TITLE
             , B.CONTENT
             , M.USER_ID
             , M.USER_NAME
             , B.MEMBER_ID
             , B.BOARD_CODE
             , B.CATEGORY_ID
             , B.VIEW_COUNT
             , B.LIKE_COUNT
             ,(SELECT COUNT(*)
                 FROM COMMENT_MANAGEMENT CM
                 WHERE CM.BOARD_ID = B.BOARD_ID
                   AND CM.DELETE_YN = 'N') AS commentCount /* 댓글 작성 수 */
             , M.PROFILE_IMAGE
             , B.CREATE_AT
             , B.UPDATE_AT
             , B.TAG_NAME
          FROM BOARD B
    INNER JOIN ( /* 인덱스만 사용하여 필요한 ID들만 빠르게 추출 */
                SELECT BOARD_ID
                  FROM BOARD
             WHERE DELETE_YN = 'N'

                    AND BOARD_CODE = 'S' 
            ORDER BY CREATE_AT DESC
            LIMIT 30 OFFSET 0
        ) AS temp ON B.BOARD_ID = temp.BOARD_ID
        LEFT JOIN MEMBER_INFO M ON B.MEMBER_ID = M.MEMBER_ID
        ORDER BY B.CREATE_AT DESC
 {executed in 10 msec}
[2026-05-05 17:54:05.093] [INFO ] [http-nio-8881-exec-2] jdbc.sqltiming - SELECT /* BoardMapper.getBoardListWithPaging (페이징 처리된 게시판 목록 조회 (지연 조인 최적화 적용)) */
               B.BOARD_ID
             , B.TITLE
             , B.CONTENT
             , M.USER_ID
             , M.USER_NAME
             , B.MEMBER_ID
             , B.BOARD_CODE
             , B.CATEGORY_ID
             , B.VIEW_COUNT
             , B.LIKE_COUNT
             ,(SELECT COUNT(*)
                 FROM COMMENT_MANAGEMENT CM
                 WHERE CM.BOARD_ID = B.BOARD_ID
                   AND CM.DELETE_YN = 'N') AS commentCount /* 댓글 작성 수 */
             , M.PROFILE_IMAGE
             , B.CREATE_AT
             , B.UPDATE_AT
             , B.TAG_NAME
          FROM BOARD B
    INNER JOIN ( /* 인덱스만 사용하여 필요한 ID들만 빠르게 추출 */
                SELECT BOARD_ID
                  FROM BOARD
             WHERE DELETE_YN = 'N'

                    AND BOARD_CODE = 'B_NOTICE_01'

                    AND CATEGORY_ID = 'N001' 
            ORDER BY CREATE_AT DESC
            LIMIT 10 OFFSET 0
        ) AS temp ON B.BOARD_ID = temp.BOARD_ID
        LEFT JOIN MEMBER_INFO M ON B.MEMBER_ID = M.MEMBER_ID
        ORDER BY B.CREATE_AT DESC
 {executed in 9 msec}
[2026-05-05 17:54:05.101] [INFO ] [http-nio-8881-exec-4] jdbc.sqltiming - SELECT /* BoardMapper.getgetBoardTotalCount (게시글 총 개수 조회) */
               COUNT(*)
          FROM BOARD
         WHERE DELETE_YN = 'N'

                AND BOARD_CODE = 'S'
 {executed in 4 msec}
[2026-05-05 17:54:05.102] [INFO ] [http-nio-8881-exec-2] jdbc.sqltiming - SELECT /* BoardMapper.getgetBoardTotalCount (게시글 총 개수 조회) */
               COUNT(*)
          FROM BOARD
         WHERE DELETE_YN = 'N'

                AND BOARD_CODE = 'B_NOTICE_01'

                AND CATEGORY_ID = 'N001'
 {executed in 3 msec}
[2026-05-05 17:54:06.611] [INFO ] [http-nio-8881-exec-9] jdbc.sqltiming - SELECT /* MemberMapper.readMemberByMemberId (memberId를 통한 회원 정보 조회) */
               MEMBER_ID
             , USER_ID
             , USER_PASS
             , USER_NAME
             , USER_EMAIL
             , EMAIL_VERIFIED
             , USER_ROLE
             , USER_STATUS
             , PROFILE_IMAGE
             , CREATE_AT
             , UPDATE_AT
             , LAST_LOG_AT
          FROM MEMBER_INFO
        WHERE MEMBER_ID = 'MEMBER_20260423_004'
 {executed in 6 msec}
[2026-05-05 17:54:06.611] [INFO ] [http-nio-8881-exec-6] jdbc.sqltiming - SELECT /* MemberMapper.readMemberByMemberId (memberId를 통한 회원 정보 조회) */
               MEMBER_ID
             , USER_ID
             , USER_PASS
             , USER_NAME
             , USER_EMAIL
             , EMAIL_VERIFIED
             , USER_ROLE
             , USER_STATUS
             , PROFILE_IMAGE
             , CREATE_AT
             , UPDATE_AT
             , LAST_LOG_AT
          FROM MEMBER_INFO
        WHERE MEMBER_ID = 'MEMBER_20260423_004'
 {executed in 6 msec}
[2026-05-05 17:54:06.611] [INFO ] [http-nio-8881-exec-5] jdbc.sqltiming - SELECT /* MemberMapper.readMemberByMemberId (memberId를 통한 회원 정보 조회) */
               MEMBER_ID
             , USER_ID
             , USER_PASS
             , USER_NAME
             , USER_EMAIL
             , EMAIL_VERIFIED
             , USER_ROLE
             , USER_STATUS
             , PROFILE_IMAGE
             , CREATE_AT
             , UPDATE_AT
             , LAST_LOG_AT
          FROM MEMBER_INFO
        WHERE MEMBER_ID = 'MEMBER_20260423_004'
 {executed in 6 msec}
[2026-05-05 17:54:06.611] [INFO ] [http-nio-8881-exec-10] jdbc.sqltiming - SELECT /* MemberMapper.readMemberByMemberId (memberId를 통한 회원 정보 조회) */
               MEMBER_ID
             , USER_ID
             , USER_PASS
             , USER_NAME
             , USER_EMAIL
             , EMAIL_VERIFIED
             , USER_ROLE
             , USER_STATUS
             , PROFILE_IMAGE
             , CREATE_AT
             , UPDATE_AT
             , LAST_LOG_AT
          FROM MEMBER_INFO
        WHERE MEMBER_ID = 'MEMBER_20260423_004'
 {executed in 6 msec}
[2026-05-05 17:54:06.623] [INFO ] [http-nio-8881-exec-10] jdbc.sqltiming - SELECT /* BoardMapper.existBoardContent */
               COUNT(1)
          FROM BOARD
         WHERE BOARD_ID = 2
           AND DELETE_YN = 'N'
 {executed in 4 msec}
[2026-05-05 17:54:06.625] [INFO ] [http-nio-8881-exec-6] jdbc.sqltiming - SELECT /* BoardMapper.getBoardListWithPaging (페이징 처리된 게시판 목록 조회 (지연 조인 최적화 적용)) */
               B.BOARD_ID
             , B.TITLE
             , B.CONTENT
             , M.USER_ID
             , M.USER_NAME
             , B.MEMBER_ID
             , B.BOARD_CODE
             , B.CATEGORY_ID
             , B.VIEW_COUNT
             , B.LIKE_COUNT
             ,(SELECT COUNT(*)
                 FROM COMMENT_MANAGEMENT CM
                 WHERE CM.BOARD_ID = B.BOARD_ID
                   AND CM.DELETE_YN = 'N') AS commentCount /* 댓글 작성 수 */
             , M.PROFILE_IMAGE
             , B.CREATE_AT
             , B.UPDATE_AT
             , B.TAG_NAME
          FROM BOARD B
    INNER JOIN ( /* 인덱스만 사용하여 필요한 ID들만 빠르게 추출 */
                SELECT BOARD_ID
                  FROM BOARD
             WHERE DELETE_YN = 'N'

                    AND BOARD_CODE = 'S' 
            ORDER BY CREATE_AT DESC
            LIMIT 20 OFFSET 0
        ) AS temp ON B.BOARD_ID = temp.BOARD_ID
        LEFT JOIN MEMBER_INFO M ON B.MEMBER_ID = M.MEMBER_ID
        ORDER BY B.CREATE_AT DESC
 {executed in 6 msec}
[2026-05-05 17:54:06.626] [INFO ] [http-nio-8881-exec-5] jdbc.sqltiming - SELECT /* commentMapper.getChildCommentCount (자식 대댓글 유무 확인)*/
               C.COMMENT_ID
             , C.BOARD_ID
             , C.MEMBER_ID
             , C.USER_ID
             , M.USER_NAME
             , C.CONTENT
             , C.PARENT_COMMENT_ID
             , C.LIKE_COUNT
             , C.CREATE_AT
             , C.UPDATE_AT
             , C.DELETE_YN
        FROM comment_management C
                 LEFT JOIN MEMBER_INFO M ON C.MEMBER_ID = M.MEMBER_ID
        WHERE C.BOARD_ID = 2
          AND C.DELETE_YN = 'N'
        ORDER BY C.CREATE_AT ASC
 {executed in 5 msec}
[2026-05-05 17:54:06.628] [INFO ] [http-nio-8881-exec-6] jdbc.sqltiming - SELECT /* BoardMapper.getgetBoardTotalCount (게시글 총 개수 조회) */
               COUNT(*)
          FROM BOARD
         WHERE DELETE_YN = 'N'

                AND BOARD_CODE = 'S'
 {executed in 3 msec}
[2026-05-05 17:54:06.629] [INFO ] [http-nio-8881-exec-10] jdbc.sqltiming - SELECT /* BoardMapper.getSearchBoard (게시판 글 단건조회 (사용자 정보 JOIN)) */
               B.BOARD_ID
             , B.TITLE
             , B.CONTENT
             , M.USER_ID
             , M.USER_NAME
             , B.MEMBER_ID
             , B.BOARD_CODE
             , B.CATEGORY_ID
             , B.VIEW_COUNT
             , B.LIKE_COUNT
             , M.PROFILE_IMAGE
             , B.CREATE_AT
             , B.UPDATE_AT
             , B.TAG_NAME
             , BS.SCRAP_ID /* 스크랩 고유 ID */
          FROM BOARD B
          LEFT JOIN MEMBER_INFO M ON B.MEMBER_ID = M.MEMBER_ID
          LEFT JOIN BOARD_SCRAP BS ON B.BOARD_ID = BS.BOARD_ID AND BS.MEMBER_ID = 'MEMBER_20260423_004'
         WHERE B.BOARD_ID = 2
           AND B.DELETE_YN = 'N'
 {executed in 4 msec}
[2026-05-05 17:54:06.636] [INFO ] [http-nio-8881-exec-10] jdbc.sqltiming - SELECT /* BoardMapper.getBoardFileList (게시글에 첨부된 파일 리스트 조회) */
               FILE_ID
             , BOARD_ID
             , ORIGIN_NAME
             , SAVE_NAME
             , FILE_PATH
             , FILE_SIZE
             , CREATE_AT
          FROM BOARD_FILE
         WHERE BOARD_ID = 2
 {executed in 6 msec}
[2026-05-05 17:54:06.640] [INFO ] [http-nio-8881-exec-10] jdbc.sqltiming - SELECT COUNT(*)
        FROM board_like
        WHERE BOARD_ID = 2 AND MEMBER_ID = 'MEMBER_20260423_004'
 {executed in 4 msec}
[2026-05-05 17:54:06.647] [INFO ] [http-nio-8881-exec-10] jdbc.sqltiming - SELECT /* BoardMapper.checkBoardScrap (페이지 스크랩 여부  확인) */
               COUNT(*)
          FROM BOARD_SCRAP
         WHERE BOARD_ID = 2
           AND MEMBER_ID = 'MEMBER_20260423_004'
 {executed in 7 msec}
[2026-05-05 17:54:09.875] [INFO ] [http-nio-8881-exec-8] jdbc.sqltiming - SELECT /* MemberMapper.readMemberByMemberId (memberId를 통한 회원 정보 조회) */
               MEMBER_ID
             , USER_ID
             , USER_PASS
             , USER_NAME
             , USER_EMAIL
             , EMAIL_VERIFIED
             , USER_ROLE
             , USER_STATUS
             , PROFILE_IMAGE
             , CREATE_AT
             , UPDATE_AT
             , LAST_LOG_AT
          FROM MEMBER_INFO
        WHERE MEMBER_ID = 'MEMBER_20260423_004'
 {executed in 6 msec}
[2026-05-05 17:54:09.878] [INFO ] [http-nio-8881-exec-7] jdbc.sqltiming - SELECT /* MemberMapper.readMemberByMemberId (memberId를 통한 회원 정보 조회) */
               MEMBER_ID
             , USER_ID
             , USER_PASS
             , USER_NAME
             , USER_EMAIL
             , EMAIL_VERIFIED
             , USER_ROLE
             , USER_STATUS
             , PROFILE_IMAGE
             , CREATE_AT
             , UPDATE_AT
             , LAST_LOG_AT
          FROM MEMBER_INFO
        WHERE MEMBER_ID = 'MEMBER_20260423_004'
 {executed in 12 msec}
[2026-05-05 17:54:09.878] [INFO ] [http-nio-8881-exec-1] jdbc.sqltiming - SELECT /* MemberMapper.readMemberByMemberId (memberId를 통한 회원 정보 조회) */
               MEMBER_ID
             , USER_ID
             , USER_PASS
             , USER_NAME
             , USER_EMAIL
             , EMAIL_VERIFIED
             , USER_ROLE
             , USER_STATUS
             , PROFILE_IMAGE
             , CREATE_AT
             , UPDATE_AT
             , LAST_LOG_AT
          FROM MEMBER_INFO
        WHERE MEMBER_ID = 'MEMBER_20260423_004'
 {executed in 9 msec}
[2026-05-05 17:54:09.887] [INFO ] [http-nio-8881-exec-8] jdbc.sqltiming - SELECT /* BoardMapper.getBoardListWithPaging (페이징 처리된 게시판 목록 조회 (지연 조인 최적화 적용)) */
               B.BOARD_ID
             , B.TITLE
             , B.CONTENT
             , M.USER_ID
             , M.USER_NAME
             , B.MEMBER_ID
             , B.BOARD_CODE
             , B.CATEGORY_ID
             , B.VIEW_COUNT
             , B.LIKE_COUNT
             ,(SELECT COUNT(*)
                 FROM COMMENT_MANAGEMENT CM
                 WHERE CM.BOARD_ID = B.BOARD_ID
                   AND CM.DELETE_YN = 'N') AS commentCount /* 댓글 작성 수 */
             , M.PROFILE_IMAGE
             , B.CREATE_AT
             , B.UPDATE_AT
             , B.TAG_NAME
          FROM BOARD B
    INNER JOIN ( /* 인덱스만 사용하여 필요한 ID들만 빠르게 추출 */
                SELECT BOARD_ID
                  FROM BOARD
             WHERE DELETE_YN = 'N'

                    AND BOARD_CODE = 'B_NOTICE_01' 
            ORDER BY CREATE_AT DESC
            LIMIT 10 OFFSET 0
        ) AS temp ON B.BOARD_ID = temp.BOARD_ID
        LEFT JOIN MEMBER_INFO M ON B.MEMBER_ID = M.MEMBER_ID
        ORDER BY B.CREATE_AT DESC
 {executed in 5 msec}
[2026-05-05 17:54:09.888] [INFO ] [http-nio-8881-exec-1] jdbc.sqltiming - SELECT /* BoardMapper.getBoardListWithPaging (페이징 처리된 게시판 목록 조회 (지연 조인 최적화 적용)) */
               B.BOARD_ID
             , B.TITLE
             , B.CONTENT
             , M.USER_ID
             , M.USER_NAME
             , B.MEMBER_ID
             , B.BOARD_CODE
             , B.CATEGORY_ID
             , B.VIEW_COUNT
             , B.LIKE_COUNT
             ,(SELECT COUNT(*)
                 FROM COMMENT_MANAGEMENT CM
                 WHERE CM.BOARD_ID = B.BOARD_ID
                   AND CM.DELETE_YN = 'N') AS commentCount /* 댓글 작성 수 */
             , M.PROFILE_IMAGE
             , B.CREATE_AT
             , B.UPDATE_AT
             , B.TAG_NAME
          FROM BOARD B
    INNER JOIN ( /* 인덱스만 사용하여 필요한 ID들만 빠르게 추출 */
                SELECT BOARD_ID
                  FROM BOARD
             WHERE DELETE_YN = 'N'

                    AND BOARD_CODE = 'S' 
            ORDER BY CREATE_AT DESC
            LIMIT 30 OFFSET 0
        ) AS temp ON B.BOARD_ID = temp.BOARD_ID
        LEFT JOIN MEMBER_INFO M ON B.MEMBER_ID = M.MEMBER_ID
        ORDER BY B.CREATE_AT DESC
 {executed in 5 msec}
[2026-05-05 17:54:09.893] [INFO ] [http-nio-8881-exec-8] jdbc.sqltiming - SELECT /* BoardMapper.getgetBoardTotalCount (게시글 총 개수 조회) */
               COUNT(*)
          FROM BOARD
         WHERE DELETE_YN = 'N'

                AND BOARD_CODE = 'B_NOTICE_01'
 {executed in 4 msec}
[2026-05-05 17:54:09.893] [INFO ] [http-nio-8881-exec-1] jdbc.sqltiming - SELECT /* BoardMapper.getgetBoardTotalCount (게시글 총 개수 조회) */
               COUNT(*)
          FROM BOARD
         WHERE DELETE_YN = 'N'

                AND BOARD_CODE = 'S'
 {executed in 4 msec}
[2026-05-05 17:55:00.010] [INFO ] [MessageBroker-1] c.s.s.c.s.BoardViewCountScheduler - >>> Redis 조회수 DB 동기화 시작
[2026-05-05 17:55:00.031] [INFO ] [MessageBroker-1] jdbc.sqltiming - UPDATE BOARD
           SET VIEW_COUNT = VIEW_COUNT + 2
         WHERE BOARD_ID = 1
 {executed in 11 msec}
[2026-05-05 17:55:00.046] [INFO ] [MessageBroker-1] jdbc.sqltiming - UPDATE BOARD
           SET VIEW_COUNT = VIEW_COUNT + 1
         WHERE BOARD_ID = 2
 {executed in 13 msec}
[2026-05-05 17:55:00.057] [INFO ] [MessageBroker-1] jdbc.sqltiming - UPDATE BOARD
           SET VIEW_COUNT = VIEW_COUNT + 1
         WHERE BOARD_ID = 3
 {executed in 9 msec}
[2026-05-05 17:55:00.058] [INFO ] [MessageBroker-1] c.s.s.c.s.BoardViewCountScheduler - >>> Redias 조회수 DB 동기화 완료 (처리 건수: 3)
[2026-05-05 17:55:00.291] [INFO ] [http-nio-8881-exec-4] jdbc.sqltiming - SELECT /* MemberMapper.readMemberByMemberId (memberId를 통한 회원 정보 조회) */
               MEMBER_ID
             , USER_ID
             , USER_PASS
             , USER_NAME
             , USER_EMAIL
             , EMAIL_VERIFIED
             , USER_ROLE
             , USER_STATUS
             , PROFILE_IMAGE
             , CREATE_AT
             , UPDATE_AT
             , LAST_LOG_AT
          FROM MEMBER_INFO
        WHERE MEMBER_ID = 'MEMBER_20260423_004'
 {executed in 4 msec}
[2026-05-05 17:55:00.294] [INFO ] [http-nio-8881-exec-2] jdbc.sqltiming - SELECT /* MemberMapper.readMemberByMemberId (memberId를 통한 회원 정보 조회) */
               MEMBER_ID
             , USER_ID
             , USER_PASS
             , USER_NAME
             , USER_EMAIL
             , EMAIL_VERIFIED
             , USER_ROLE
             , USER_STATUS
             , PROFILE_IMAGE
             , CREATE_AT
             , UPDATE_AT
             , LAST_LOG_AT
          FROM MEMBER_INFO
        WHERE MEMBER_ID = 'MEMBER_20260423_004'
 {executed in 5 msec}
[2026-05-05 17:55:00.295] [INFO ] [http-nio-8881-exec-3] jdbc.sqltiming - SELECT /* MemberMapper.readMemberByMemberId (memberId를 통한 회원 정보 조회) */
               MEMBER_ID
             , USER_ID
             , USER_PASS
             , USER_NAME
             , USER_EMAIL
             , EMAIL_VERIFIED
             , USER_ROLE
             , USER_STATUS
             , PROFILE_IMAGE
             , CREATE_AT
             , UPDATE_AT
             , LAST_LOG_AT
          FROM MEMBER_INFO
        WHERE MEMBER_ID = 'MEMBER_20260423_004'
 {executed in 4 msec}
[2026-05-05 17:55:00.316] [INFO ] [http-nio-8881-exec-3] jdbc.sqltiming - SELECT /* BoardMapper.getBoardListWithPaging (페이징 처리된 게시판 목록 조회 (지연 조인 최적화 적용)) */
               B.BOARD_ID
             , B.TITLE
             , B.CONTENT
             , M.USER_ID
             , M.USER_NAME
             , B.MEMBER_ID
             , B.BOARD_CODE
             , B.CATEGORY_ID
             , B.VIEW_COUNT
             , B.LIKE_COUNT
             ,(SELECT COUNT(*)
                 FROM COMMENT_MANAGEMENT CM
                 WHERE CM.BOARD_ID = B.BOARD_ID
                   AND CM.DELETE_YN = 'N') AS commentCount /* 댓글 작성 수 */
             , M.PROFILE_IMAGE
             , B.CREATE_AT
             , B.UPDATE_AT
             , B.TAG_NAME
          FROM BOARD B
    INNER JOIN ( /* 인덱스만 사용하여 필요한 ID들만 빠르게 추출 */
                SELECT BOARD_ID
                  FROM BOARD
             WHERE DELETE_YN = 'N'

                    AND BOARD_CODE = 'B_NOTICE_01'

                    AND CATEGORY_ID = 'N001' 
            ORDER BY CREATE_AT DESC
            LIMIT 10 OFFSET 0
        ) AS temp ON B.BOARD_ID = temp.BOARD_ID
        LEFT JOIN MEMBER_INFO M ON B.MEMBER_ID = M.MEMBER_ID
        ORDER BY B.CREATE_AT DESC
 {executed in 7 msec}
[2026-05-05 17:55:00.316] [INFO ] [http-nio-8881-exec-2] jdbc.sqltiming - SELECT /* BoardMapper.getBoardListWithPaging (페이징 처리된 게시판 목록 조회 (지연 조인 최적화 적용)) */
               B.BOARD_ID
             , B.TITLE
             , B.CONTENT
             , M.USER_ID
             , M.USER_NAME
             , B.MEMBER_ID
             , B.BOARD_CODE
             , B.CATEGORY_ID
             , B.VIEW_COUNT
             , B.LIKE_COUNT
             ,(SELECT COUNT(*)
                 FROM COMMENT_MANAGEMENT CM
                 WHERE CM.BOARD_ID = B.BOARD_ID
                   AND CM.DELETE_YN = 'N') AS commentCount /* 댓글 작성 수 */
             , M.PROFILE_IMAGE
             , B.CREATE_AT
             , B.UPDATE_AT
             , B.TAG_NAME
          FROM BOARD B
    INNER JOIN ( /* 인덱스만 사용하여 필요한 ID들만 빠르게 추출 */
                SELECT BOARD_ID
                  FROM BOARD
             WHERE DELETE_YN = 'N'

                    AND BOARD_CODE = 'S' 
            ORDER BY CREATE_AT DESC
            LIMIT 30 OFFSET 0
        ) AS temp ON B.BOARD_ID = temp.BOARD_ID
        LEFT JOIN MEMBER_INFO M ON B.MEMBER_ID = M.MEMBER_ID
        ORDER BY B.CREATE_AT DESC
 {executed in 7 msec}
[2026-05-05 17:55:00.322] [INFO ] [http-nio-8881-exec-3] jdbc.sqltiming - SELECT /* BoardMapper.getgetBoardTotalCount (게시글 총 개수 조회) */
               COUNT(*)
          FROM BOARD
         WHERE DELETE_YN = 'N'

                AND BOARD_CODE = 'B_NOTICE_01'

                AND CATEGORY_ID = 'N001'
 {executed in 4 msec}
[2026-05-05 17:55:00.322] [INFO ] [http-nio-8881-exec-2] jdbc.sqltiming - SELECT /* BoardMapper.getgetBoardTotalCount (게시글 총 개수 조회) */
               COUNT(*)
          FROM BOARD
         WHERE DELETE_YN = 'N'

                AND BOARD_CODE = 'S'
 {executed in 5 msec}
[2026-05-05 17:55:08.493] [INFO ] [http-nio-8881-exec-9] jdbc.sqltiming - SELECT /* MemberMapper.readMemberByMemberId (memberId를 통한 회원 정보 조회) */
               MEMBER_ID
             , USER_ID
             , USER_PASS
             , USER_NAME
             , USER_EMAIL
             , EMAIL_VERIFIED
             , USER_ROLE
             , USER_STATUS
             , PROFILE_IMAGE
             , CREATE_AT
             , UPDATE_AT
             , LAST_LOG_AT
          FROM MEMBER_INFO
        WHERE MEMBER_ID = 'MEMBER_20260423_004'
 {executed in 6 msec}
[2026-05-05 17:55:08.514] [INFO ] [http-nio-8881-exec-9] jdbc.sqltiming - SELECT /* AdminMapper.getMemberList */
               MEMBER_ID
             , USER_ID
             , USER_PASS
             , USER_NAME
             , USER_EMAIL
             , EMAIL_VERIFIED
             , USER_ROLE
             , USER_STATUS
             , PROFILE_IMAGE
             , CREATE_AT
             , UPDATE_AT
             , LAST_LOG_AT
          FROM MEMBER_INFO
         WHERE USER_ROLE != 'SUPER_ADMIN'
         ORDER BY CREATE_AT DESC
 {executed in 5 msec}
[2026-05-05 17:55:11.462] [INFO ] [http-nio-8881-exec-6] jdbc.sqltiming - SELECT /* MemberMapper.readMemberByMemberId (memberId를 통한 회원 정보 조회) */
               MEMBER_ID
             , USER_ID
             , USER_PASS
             , USER_NAME
             , USER_EMAIL
             , EMAIL_VERIFIED
             , USER_ROLE
             , USER_STATUS
             , PROFILE_IMAGE
             , CREATE_AT
             , UPDATE_AT
             , LAST_LOG_AT
          FROM MEMBER_INFO
        WHERE MEMBER_ID = 'MEMBER_20260423_004'
 {executed in 4 msec}
[2026-05-05 17:55:11.484] [INFO ] [http-nio-8881-exec-6] jdbc.sqltiming - SELECT  /* BoardMasterMapper.getBoardConfig 특정 게시판의 설정(이름, 카테고리 그룹, 기능 여부) 전체 리스트 조회 */
               BM.BOARD_CODE
             , BM.BOARD_NAME
             , BM.GROUP_CODE
             , BM.USE_YN
             , BM.FILE_YN
             , BM.REPLY_YN
             , BM.TAG_YN
             , CCG.SORT_ORDER
             , BM.CREATE_AT
             , BM.UPDATE_AT
          FROM BOARD_MASTER BM
          JOIN COMMON_CODE_GROUP CCG ON BM.GROUP_CODE = CCG.GROUP_CODE
         ORDER BY CCG.SORT_ORDER ASC, BM.BOARD_CODE ASC /* 그룹 순서대로 정렬 */
 {executed in 6 msec}
[2026-05-05 17:55:11.488] [INFO ] [http-nio-8881-exec-6] jdbc.sqltiming - SELECT /*  boardMapper.getCategoryListByBoardCode 특정 게시판(boardCode)에 소속된 카테고리 목록 조회 */
               CCD.CODE_ID AS categoryId
             , CCD.CODE_NAME AS categoryName
          FROM BOARD_MASTER BM
    INNER JOIN COMMON_CODE_DETAIL CCD
            ON BM.GROUP_CODE = CCD.GROUP_CODE
         WHERE BM.BOARD_CODE = 'B_NOTICE_01'
           AND BM.USE_YN = 'Y'
      ORDER BY CCD.SORT_ORDER ASC
 {executed in 4 msec}
[2026-05-05 17:55:11.493] [INFO ] [http-nio-8881-exec-6] jdbc.sqltiming - SELECT /*  boardMapper.getCategoryListByBoardCode 특정 게시판(boardCode)에 소속된 카테고리 목록 조회 */
               CCD.CODE_ID AS categoryId
             , CCD.CODE_NAME AS categoryName
          FROM BOARD_MASTER BM
    INNER JOIN COMMON_CODE_DETAIL CCD
            ON BM.GROUP_CODE = CCD.GROUP_CODE
         WHERE BM.BOARD_CODE = 'B_SQLD_01'
           AND BM.USE_YN = 'Y'
      ORDER BY CCD.SORT_ORDER ASC
 {executed in 4 msec}
[2026-05-05 17:55:11.500] [INFO ] [http-nio-8881-exec-6] jdbc.sqltiming - SELECT /*  boardMapper.getCategoryListByBoardCode 특정 게시판(boardCode)에 소속된 카테고리 목록 조회 */
               CCD.CODE_ID AS categoryId
             , CCD.CODE_NAME AS categoryName
          FROM BOARD_MASTER BM
    INNER JOIN COMMON_CODE_DETAIL CCD
            ON BM.GROUP_CODE = CCD.GROUP_CODE
         WHERE BM.BOARD_CODE = 'B_GREETING_01'
           AND BM.USE_YN = 'Y'
      ORDER BY CCD.SORT_ORDER ASC
 {executed in 6 msec}
[2026-05-05 17:55:22.882] [INFO ] [http-nio-8881-exec-5] jdbc.sqltiming - SELECT /* MemberMapper.readMemberByMemberId (memberId를 통한 회원 정보 조회) */
               MEMBER_ID
             , USER_ID
             , USER_PASS
             , USER_NAME
             , USER_EMAIL
             , EMAIL_VERIFIED
             , USER_ROLE
             , USER_STATUS
             , PROFILE_IMAGE
             , CREATE_AT
             , UPDATE_AT
             , LAST_LOG_AT
          FROM MEMBER_INFO
        WHERE MEMBER_ID = 'MEMBER_20260423_004'
 {executed in 7 msec}
[2026-05-05 17:55:22.899] [INFO ] [http-nio-8881-exec-5] jdbc.sqltiming - SELECT /* CommonCodeGroupMapper.getGroupCode (그룹코드 조회) */
               GROUP_CODE
             , GROUP_NAME
             , USE_YN
             , SORT_ORDER
             , CREATE_AT
          FROM COMMON_CODE_GROUP
      ORDER BY SORT_ORDER ASC
 {executed in 6 msec}
[2026-05-05 17:55:23.983] [INFO ] [http-nio-8881-exec-10] jdbc.sqltiming - SELECT /* MemberMapper.readMemberByMemberId (memberId를 통한 회원 정보 조회) */
               MEMBER_ID
             , USER_ID
             , USER_PASS
             , USER_NAME
             , USER_EMAIL
             , EMAIL_VERIFIED
             , USER_ROLE
             , USER_STATUS
             , PROFILE_IMAGE
             , CREATE_AT
             , UPDATE_AT
             , LAST_LOG_AT
          FROM MEMBER_INFO
        WHERE MEMBER_ID = 'MEMBER_20260423_004'
 {executed in 4 msec}
[2026-05-05 17:55:24.001] [INFO ] [http-nio-8881-exec-10] jdbc.sqltiming - SELECT  /* BoardMasterMapper.getBoardConfig 특정 게시판의 설정(이름, 카테고리 그룹, 기능 여부) 전체 리스트 조회 */
               BM.BOARD_CODE
             , BM.BOARD_NAME
             , BM.GROUP_CODE
             , BM.USE_YN
             , BM.FILE_YN
             , BM.REPLY_YN
             , BM.TAG_YN
             , CCG.SORT_ORDER
             , BM.CREATE_AT
             , BM.UPDATE_AT
          FROM BOARD_MASTER BM
          JOIN COMMON_CODE_GROUP CCG ON BM.GROUP_CODE = CCG.GROUP_CODE
         ORDER BY CCG.SORT_ORDER ASC, BM.BOARD_CODE ASC /* 그룹 순서대로 정렬 */
 {executed in 5 msec}
[2026-05-05 17:55:24.008] [INFO ] [http-nio-8881-exec-10] jdbc.sqltiming - SELECT /*  boardMapper.getCategoryListByBoardCode 특정 게시판(boardCode)에 소속된 카테고리 목록 조회 */
               CCD.CODE_ID AS categoryId
             , CCD.CODE_NAME AS categoryName
          FROM BOARD_MASTER BM
    INNER JOIN COMMON_CODE_DETAIL CCD
            ON BM.GROUP_CODE = CCD.GROUP_CODE
         WHERE BM.BOARD_CODE = 'B_NOTICE_01'
           AND BM.USE_YN = 'Y'
      ORDER BY CCD.SORT_ORDER ASC
 {executed in 6 msec}
[2026-05-05 17:55:24.014] [INFO ] [http-nio-8881-exec-10] jdbc.sqltiming - SELECT /*  boardMapper.getCategoryListByBoardCode 특정 게시판(boardCode)에 소속된 카테고리 목록 조회 */
               CCD.CODE_ID AS categoryId
             , CCD.CODE_NAME AS categoryName
          FROM BOARD_MASTER BM
    INNER JOIN COMMON_CODE_DETAIL CCD
            ON BM.GROUP_CODE = CCD.GROUP_CODE
         WHERE BM.BOARD_CODE = 'B_SQLD_01'
           AND BM.USE_YN = 'Y'
      ORDER BY CCD.SORT_ORDER ASC
 {executed in 4 msec}
[2026-05-05 17:55:24.019] [INFO ] [http-nio-8881-exec-10] jdbc.sqltiming - SELECT /*  boardMapper.getCategoryListByBoardCode 특정 게시판(boardCode)에 소속된 카테고리 목록 조회 */
               CCD.CODE_ID AS categoryId
             , CCD.CODE_NAME AS categoryName
          FROM BOARD_MASTER BM
    INNER JOIN COMMON_CODE_DETAIL CCD
            ON BM.GROUP_CODE = CCD.GROUP_CODE
         WHERE BM.BOARD_CODE = 'B_GREETING_01'
           AND BM.USE_YN = 'Y'
      ORDER BY CCD.SORT_ORDER ASC
 {executed in 4 msec}
[2026-05-05 17:55:25.135] [INFO ] [http-nio-8881-exec-7] jdbc.sqltiming - SELECT /* MemberMapper.readMemberByMemberId (memberId를 통한 회원 정보 조회) */
               MEMBER_ID
             , USER_ID
             , USER_PASS
             , USER_NAME
             , USER_EMAIL
             , EMAIL_VERIFIED
             , USER_ROLE
             , USER_STATUS
             , PROFILE_IMAGE
             , CREATE_AT
             , UPDATE_AT
             , LAST_LOG_AT
          FROM MEMBER_INFO
        WHERE MEMBER_ID = 'MEMBER_20260423_004'
 {executed in 8 msec}
[2026-05-05 17:55:25.175] [INFO ] [http-nio-8881-exec-7] jdbc.sqltiming - SELECT /* CommonCodeGroupMapper.getGroupCode (그룹코드 조회) */
               GROUP_CODE
             , GROUP_NAME
             , USE_YN
             , SORT_ORDER
             , CREATE_AT
          FROM COMMON_CODE_GROUP
      ORDER BY SORT_ORDER ASC
 {executed in 16 msec}
[2026-05-05 17:55:25.971] [INFO ] [http-nio-8881-exec-1] jdbc.sqltiming - SELECT /* MemberMapper.readMemberByMemberId (memberId를 통한 회원 정보 조회) */
               MEMBER_ID
             , USER_ID
             , USER_PASS
             , USER_NAME
             , USER_EMAIL
             , EMAIL_VERIFIED
             , USER_ROLE
             , USER_STATUS
             , PROFILE_IMAGE
             , CREATE_AT
             , UPDATE_AT
             , LAST_LOG_AT
          FROM MEMBER_INFO
        WHERE MEMBER_ID = 'MEMBER_20260423_004'
 {executed in 6 msec}
[2026-05-05 17:55:25.988] [INFO ] [http-nio-8881-exec-1] jdbc.sqltiming - SELECT  /* BoardMasterMapper.getBoardConfig 특정 게시판의 설정(이름, 카테고리 그룹, 기능 여부) 전체 리스트 조회 */
               BM.BOARD_CODE
             , BM.BOARD_NAME
             , BM.GROUP_CODE
             , BM.USE_YN
             , BM.FILE_YN
             , BM.REPLY_YN
             , BM.TAG_YN
             , CCG.SORT_ORDER
             , BM.CREATE_AT
             , BM.UPDATE_AT
          FROM BOARD_MASTER BM
          JOIN COMMON_CODE_GROUP CCG ON BM.GROUP_CODE = CCG.GROUP_CODE
         ORDER BY CCG.SORT_ORDER ASC, BM.BOARD_CODE ASC /* 그룹 순서대로 정렬 */
 {executed in 6 msec}
[2026-05-05 17:55:25.993] [INFO ] [http-nio-8881-exec-1] jdbc.sqltiming - SELECT /*  boardMapper.getCategoryListByBoardCode 특정 게시판(boardCode)에 소속된 카테고리 목록 조회 */
               CCD.CODE_ID AS categoryId
             , CCD.CODE_NAME AS categoryName
          FROM BOARD_MASTER BM
    INNER JOIN COMMON_CODE_DETAIL CCD
            ON BM.GROUP_CODE = CCD.GROUP_CODE
         WHERE BM.BOARD_CODE = 'B_NOTICE_01'
           AND BM.USE_YN = 'Y'
      ORDER BY CCD.SORT_ORDER ASC
 {executed in 4 msec}
[2026-05-05 17:55:25.999] [INFO ] [http-nio-8881-exec-1] jdbc.sqltiming - SELECT /*  boardMapper.getCategoryListByBoardCode 특정 게시판(boardCode)에 소속된 카테고리 목록 조회 */
               CCD.CODE_ID AS categoryId
             , CCD.CODE_NAME AS categoryName
          FROM BOARD_MASTER BM
    INNER JOIN COMMON_CODE_DETAIL CCD
            ON BM.GROUP_CODE = CCD.GROUP_CODE
         WHERE BM.BOARD_CODE = 'B_SQLD_01'
           AND BM.USE_YN = 'Y'
      ORDER BY CCD.SORT_ORDER ASC
 {executed in 4 msec}
[2026-05-05 17:55:26.008] [INFO ] [http-nio-8881-exec-1] jdbc.sqltiming - SELECT /*  boardMapper.getCategoryListByBoardCode 특정 게시판(boardCode)에 소속된 카테고리 목록 조회 */
               CCD.CODE_ID AS categoryId
             , CCD.CODE_NAME AS categoryName
          FROM BOARD_MASTER BM
    INNER JOIN COMMON_CODE_DETAIL CCD
            ON BM.GROUP_CODE = CCD.GROUP_CODE
         WHERE BM.BOARD_CODE = 'B_GREETING_01'
           AND BM.USE_YN = 'Y'
      ORDER BY CCD.SORT_ORDER ASC
 {executed in 7 msec}
[2026-05-05 17:55:26.787] [INFO ] [http-nio-8881-exec-8] jdbc.sqltiming - SELECT /* MemberMapper.readMemberByMemberId (memberId를 통한 회원 정보 조회) */
               MEMBER_ID
             , USER_ID
             , USER_PASS
             , USER_NAME
             , USER_EMAIL
             , EMAIL_VERIFIED
             , USER_ROLE
             , USER_STATUS
             , PROFILE_IMAGE
             , CREATE_AT
             , UPDATE_AT
             , LAST_LOG_AT
          FROM MEMBER_INFO
        WHERE MEMBER_ID = 'MEMBER_20260423_004'
 {executed in 5 msec}
[2026-05-05 17:55:26.803] [INFO ] [http-nio-8881-exec-8] jdbc.sqltiming - SELECT /* CommonCodeGroupMapper.getGroupCode (그룹코드 조회) */
               GROUP_CODE
             , GROUP_NAME
             , USE_YN
             , SORT_ORDER
             , CREATE_AT
          FROM COMMON_CODE_GROUP
      ORDER BY SORT_ORDER ASC
 {executed in 4 msec}
[2026-05-05 17:55:27.233] [INFO ] [http-nio-8881-exec-4] jdbc.sqltiming - SELECT /* MemberMapper.readMemberByMemberId (memberId를 통한 회원 정보 조회) */
               MEMBER_ID
             , USER_ID
             , USER_PASS
             , USER_NAME
             , USER_EMAIL
             , EMAIL_VERIFIED
             , USER_ROLE
             , USER_STATUS
             , PROFILE_IMAGE
             , CREATE_AT
             , UPDATE_AT
             , LAST_LOG_AT
          FROM MEMBER_INFO
        WHERE MEMBER_ID = 'MEMBER_20260423_004'
 {executed in 13 msec}
[2026-05-05 17:55:27.277] [INFO ] [http-nio-8881-exec-4] jdbc.sqltiming - SELECT  /* BoardMasterMapper.getBoardConfig 특정 게시판의 설정(이름, 카테고리 그룹, 기능 여부) 전체 리스트 조회 */
               BM.BOARD_CODE
             , BM.BOARD_NAME
             , BM.GROUP_CODE
             , BM.USE_YN
             , BM.FILE_YN
             , BM.REPLY_YN
             , BM.TAG_YN
             , CCG.SORT_ORDER
             , BM.CREATE_AT
             , BM.UPDATE_AT
          FROM BOARD_MASTER BM
          JOIN COMMON_CODE_GROUP CCG ON BM.GROUP_CODE = CCG.GROUP_CODE
         ORDER BY CCG.SORT_ORDER ASC, BM.BOARD_CODE ASC /* 그룹 순서대로 정렬 */
 {executed in 20 msec}
[2026-05-05 17:55:27.285] [INFO ] [http-nio-8881-exec-4] jdbc.sqltiming - SELECT /*  boardMapper.getCategoryListByBoardCode 특정 게시판(boardCode)에 소속된 카테고리 목록 조회 */
               CCD.CODE_ID AS categoryId
             , CCD.CODE_NAME AS categoryName
          FROM BOARD_MASTER BM
    INNER JOIN COMMON_CODE_DETAIL CCD
            ON BM.GROUP_CODE = CCD.GROUP_CODE
         WHERE BM.BOARD_CODE = 'B_NOTICE_01'
           AND BM.USE_YN = 'Y'
      ORDER BY CCD.SORT_ORDER ASC
 {executed in 7 msec}
[2026-05-05 17:55:27.292] [INFO ] [http-nio-8881-exec-4] jdbc.sqltiming - SELECT /*  boardMapper.getCategoryListByBoardCode 특정 게시판(boardCode)에 소속된 카테고리 목록 조회 */
               CCD.CODE_ID AS categoryId
             , CCD.CODE_NAME AS categoryName
          FROM BOARD_MASTER BM
    INNER JOIN COMMON_CODE_DETAIL CCD
            ON BM.GROUP_CODE = CCD.GROUP_CODE
         WHERE BM.BOARD_CODE = 'B_SQLD_01'
           AND BM.USE_YN = 'Y'
      ORDER BY CCD.SORT_ORDER ASC
 {executed in 5 msec}
[2026-05-05 17:55:27.297] [INFO ] [http-nio-8881-exec-4] jdbc.sqltiming - SELECT /*  boardMapper.getCategoryListByBoardCode 특정 게시판(boardCode)에 소속된 카테고리 목록 조회 */
               CCD.CODE_ID AS categoryId
             , CCD.CODE_NAME AS categoryName
          FROM BOARD_MASTER BM
    INNER JOIN COMMON_CODE_DETAIL CCD
            ON BM.GROUP_CODE = CCD.GROUP_CODE
         WHERE BM.BOARD_CODE = 'B_GREETING_01'
           AND BM.USE_YN = 'Y'
      ORDER BY CCD.SORT_ORDER ASC
 {executed in 4 msec}
[2026-05-05 17:55:33.812] [INFO ] [http-nio-8881-exec-3] jdbc.sqltiming - SELECT /* MemberMapper.readMemberByMemberId (memberId를 통한 회원 정보 조회) */
               MEMBER_ID
             , USER_ID
             , USER_PASS
             , USER_NAME
             , USER_EMAIL
             , EMAIL_VERIFIED
             , USER_ROLE
             , USER_STATUS
             , PROFILE_IMAGE
             , CREATE_AT
             , UPDATE_AT
             , LAST_LOG_AT
          FROM MEMBER_INFO
        WHERE MEMBER_ID = 'MEMBER_20260423_004'
 {executed in 5 msec}
[2026-05-05 17:55:33.827] [INFO ] [http-nio-8881-exec-3] jdbc.sqltiming - SELECT /* CommonCodeGroupMapper.getGroupCode (그룹코드 조회) */
               GROUP_CODE
             , GROUP_NAME
             , USE_YN
             , SORT_ORDER
             , CREATE_AT
          FROM COMMON_CODE_GROUP
      ORDER BY SORT_ORDER ASC
 {executed in 4 msec}
[2026-05-05 17:55:35.082] [INFO ] [http-nio-8881-exec-2] jdbc.sqltiming - SELECT /* MemberMapper.readMemberByMemberId (memberId를 통한 회원 정보 조회) */
               MEMBER_ID
             , USER_ID
             , USER_PASS
             , USER_NAME
             , USER_EMAIL
             , EMAIL_VERIFIED
             , USER_ROLE
             , USER_STATUS
             , PROFILE_IMAGE
             , CREATE_AT
             , UPDATE_AT
             , LAST_LOG_AT
          FROM MEMBER_INFO
        WHERE MEMBER_ID = 'MEMBER_20260423_004'
 {executed in 5 msec}
[2026-05-05 17:55:35.102] [INFO ] [http-nio-8881-exec-2] jdbc.sqltiming - SELECT /* CommonCodeDetailMapper.readCommonDetailCode (그룹코드 상세 조회) */
               GROUP_CODE
             , CODE_ID
             , CODE_NAME
             , SORT_ORDER
             , USE_YN
             , CREATE_AT
          FROM COMMON_CODE_DETAIL
         WHERE GROUP_CODE = 'G_BRD_NOTICE'
      ORDER BY SORT_ORDER
 {executed in 5 msec}
[2026-05-05 17:55:42.785] [INFO ] [http-nio-8881-exec-9] jdbc.sqltiming - SELECT /* MemberMapper.readMemberByMemberId (memberId를 통한 회원 정보 조회) */
               MEMBER_ID
             , USER_ID
             , USER_PASS
             , USER_NAME
             , USER_EMAIL
             , EMAIL_VERIFIED
             , USER_ROLE
             , USER_STATUS
             , PROFILE_IMAGE
             , CREATE_AT
             , UPDATE_AT
             , LAST_LOG_AT
          FROM MEMBER_INFO
        WHERE MEMBER_ID = 'MEMBER_20260423_004'
 {executed in 4 msec}
[2026-05-05 17:55:42.817] [INFO ] [http-nio-8881-exec-9] jdbc.sqltiming - SELECT /* commonCodeDetailMapper.getMaxSortOrder, groupCode 별, sortOrder Number 최대값 조회 */
               IFNULL(MAX(SORT_ORDER),0)
          FROM COMMON_CODE_DETAIL
         WHERE GROUP_CODE = 'G_BRD_NOTICE'
 {executed in 14 msec}
[2026-05-05 17:55:42.827] [INFO ] [http-nio-8881-exec-9] jdbc.sqltiming - SELECT /* CommonCodeDetailMapper.validateSortOrderDuplicate */
               COUNT(1)
          FROM COMMON_CODE_DETAIL
         WHERE GROUP_CODE = 'G_BRD_NOTICE'
           AND SORT_ORDER = 1

           AND CODE_ID != 'N001'
 {executed in 9 msec}
[2026-05-05 17:55:42.835] [INFO ] [http-nio-8881-exec-9] jdbc.sqltiming - SELECT /* CommonCodeDetailMapper.existsCommonDetailCode (그룹 코드 상세 ID 중복 조회) */
               COUNT(1)
          FROM COMMON_CODE_DETAIL
         WHERE GROUP_CODE = 'G_BRD_NOTICE'
           AND CODE_ID = 'N001'
 {executed in 7 msec}
[2026-05-05 17:55:42.849] [INFO ] [http-nio-8881-exec-9] jdbc.sqltiming - UPDATE /* CommonCodeDetailMapper.updateCommonCodeDetail 그룹 코드 상세 추가 */
               COMMON_CODE_DETAIL
           SET CODE_NAME = '공지사항'
             , SORT_ORDER = 1
             , USE_YN = 'N'
             , UPDATE_AT = CURRENT_TIMESTAMP
         WHERE GROUP_CODE = 'G_BRD_NOTICE'
           AND CODE_ID ='N001'
 {executed in 12 msec}
[2026-05-05 17:55:42.928] [INFO ] [http-nio-8881-exec-6] jdbc.sqltiming - SELECT /* MemberMapper.readMemberByMemberId (memberId를 통한 회원 정보 조회) */
               MEMBER_ID
             , USER_ID
             , USER_PASS
             , USER_NAME
             , USER_EMAIL
             , EMAIL_VERIFIED
             , USER_ROLE
             , USER_STATUS
             , PROFILE_IMAGE
             , CREATE_AT
             , UPDATE_AT
             , LAST_LOG_AT
          FROM MEMBER_INFO
        WHERE MEMBER_ID = 'MEMBER_20260423_004'
 {executed in 5 msec}
[2026-05-05 17:55:42.946] [INFO ] [http-nio-8881-exec-6] jdbc.sqltiming - SELECT  /* BoardMasterMapper.getBoardConfig 특정 게시판의 설정(이름, 카테고리 그룹, 기능 여부) 전체 리스트 조회 */
               BM.BOARD_CODE
             , BM.BOARD_NAME
             , BM.GROUP_CODE
             , BM.USE_YN
             , BM.FILE_YN
             , BM.REPLY_YN
             , BM.TAG_YN
             , CCG.SORT_ORDER
             , BM.CREATE_AT
             , BM.UPDATE_AT
          FROM BOARD_MASTER BM
          JOIN COMMON_CODE_GROUP CCG ON BM.GROUP_CODE = CCG.GROUP_CODE
         ORDER BY CCG.SORT_ORDER ASC, BM.BOARD_CODE ASC /* 그룹 순서대로 정렬 */
 {executed in 5 msec}
[2026-05-05 17:55:42.952] [INFO ] [http-nio-8881-exec-6] jdbc.sqltiming - SELECT /*  boardMapper.getCategoryListByBoardCode 특정 게시판(boardCode)에 소속된 카테고리 목록 조회 */
               CCD.CODE_ID AS categoryId
             , CCD.CODE_NAME AS categoryName
          FROM BOARD_MASTER BM
    INNER JOIN COMMON_CODE_DETAIL CCD
            ON BM.GROUP_CODE = CCD.GROUP_CODE
         WHERE BM.BOARD_CODE = 'B_NOTICE_01'
           AND BM.USE_YN = 'Y'
      ORDER BY CCD.SORT_ORDER ASC
 {executed in 5 msec}
[2026-05-05 17:55:42.958] [INFO ] [http-nio-8881-exec-6] jdbc.sqltiming - SELECT /*  boardMapper.getCategoryListByBoardCode 특정 게시판(boardCode)에 소속된 카테고리 목록 조회 */
               CCD.CODE_ID AS categoryId
             , CCD.CODE_NAME AS categoryName
          FROM BOARD_MASTER BM
    INNER JOIN COMMON_CODE_DETAIL CCD
            ON BM.GROUP_CODE = CCD.GROUP_CODE
         WHERE BM.BOARD_CODE = 'B_SQLD_01'
           AND BM.USE_YN = 'Y'
      ORDER BY CCD.SORT_ORDER ASC
 {executed in 5 msec}
[2026-05-05 17:55:42.963] [INFO ] [http-nio-8881-exec-6] jdbc.sqltiming - SELECT /*  boardMapper.getCategoryListByBoardCode 특정 게시판(boardCode)에 소속된 카테고리 목록 조회 */
               CCD.CODE_ID AS categoryId
             , CCD.CODE_NAME AS categoryName
          FROM BOARD_MASTER BM
    INNER JOIN COMMON_CODE_DETAIL CCD
            ON BM.GROUP_CODE = CCD.GROUP_CODE
         WHERE BM.BOARD_CODE = 'B_GREETING_01'
           AND BM.USE_YN = 'Y'
      ORDER BY CCD.SORT_ORDER ASC
 {executed in 4 msec}
[2026-05-05 17:55:42.997] [INFO ] [http-nio-8881-exec-5] jdbc.sqltiming - SELECT /* MemberMapper.readMemberByMemberId (memberId를 통한 회원 정보 조회) */
               MEMBER_ID
             , USER_ID
             , USER_PASS
             , USER_NAME
             , USER_EMAIL
             , EMAIL_VERIFIED
             , USER_ROLE
             , USER_STATUS
             , PROFILE_IMAGE
             , CREATE_AT
             , UPDATE_AT
             , LAST_LOG_AT
          FROM MEMBER_INFO
        WHERE MEMBER_ID = 'MEMBER_20260423_004'
 {executed in 5 msec}
[2026-05-05 17:55:43.017] [INFO ] [http-nio-8881-exec-5] jdbc.sqltiming - SELECT /* CommonCodeDetailMapper.readCommonDetailCode (그룹코드 상세 조회) */
               GROUP_CODE
             , CODE_ID
             , CODE_NAME
             , SORT_ORDER
             , USE_YN
             , CREATE_AT
          FROM COMMON_CODE_DETAIL
         WHERE GROUP_CODE = 'G_BRD_NOTICE'
      ORDER BY SORT_ORDER
 {executed in 10 msec}
[2026-05-05 17:55:46.258] [INFO ] [http-nio-8881-exec-10] jdbc.sqltiming - SELECT /* MemberMapper.readMemberByMemberId (memberId를 통한 회원 정보 조회) */
               MEMBER_ID
             , USER_ID
             , USER_PASS
             , USER_NAME
             , USER_EMAIL
             , EMAIL_VERIFIED
             , USER_ROLE
             , USER_STATUS
             , PROFILE_IMAGE
             , CREATE_AT
             , UPDATE_AT
             , LAST_LOG_AT
          FROM MEMBER_INFO
        WHERE MEMBER_ID = 'MEMBER_20260423_004'
 {executed in 6 msec}
[2026-05-05 17:55:46.269] [INFO ] [http-nio-8881-exec-10] jdbc.sqltiming - SELECT  /* BoardMapper.getBoardList (게시판 목록 전체를 조회하는 쿼리 (사용자 정보 JOIN))*/
               B.BOARD_ID
             , B.TITLE
             , B.CONTENT
             , M.USER_ID
             , M.USER_NAME
             , B.MEMBER_ID
             , B.BOARD_CODE
             , B.CATEGORY_ID
             , B.VIEW_COUNT
             , B.LIKE_COUNT
             ,(SELECT COUNT(*)
                 FROM COMMENT_MANAGEMENT CM
                WHERE CM.BOARD_ID = B.BOARD_ID
                  AND CM.DELETE_YN = 'N') AS commentCount /* 댓글 작성 수 */
             , M.PROFILE_IMAGE
             , B.CREATE_AT
             , B.UPDATE_AT
             , B.TAG_NAME
        FROM
            BOARD B
        LEFT JOIN MEMBER_INFO M ON B.MEMBER_ID = M.MEMBER_ID
        WHERE B.DELETE_YN = 'N'
        ORDER BY
            B.CREATE_AT DESC
 {executed in 5 msec}
[2026-05-05 17:55:48.516] [INFO ] [http-nio-8881-exec-1] jdbc.sqltiming - SELECT /* MemberMapper.readMemberByMemberId (memberId를 통한 회원 정보 조회) */
               MEMBER_ID
             , USER_ID
             , USER_PASS
             , USER_NAME
             , USER_EMAIL
             , EMAIL_VERIFIED
             , USER_ROLE
             , USER_STATUS
             , PROFILE_IMAGE
             , CREATE_AT
             , UPDATE_AT
             , LAST_LOG_AT
          FROM MEMBER_INFO
        WHERE MEMBER_ID = 'MEMBER_20260423_004'
 {executed in 7 msec}
[2026-05-05 17:55:48.516] [INFO ] [http-nio-8881-exec-8] jdbc.sqltiming - SELECT /* MemberMapper.readMemberByMemberId (memberId를 통한 회원 정보 조회) */
               MEMBER_ID
             , USER_ID
             , USER_PASS
             , USER_NAME
             , USER_EMAIL
             , EMAIL_VERIFIED
             , USER_ROLE
             , USER_STATUS
             , PROFILE_IMAGE
             , CREATE_AT
             , UPDATE_AT
             , LAST_LOG_AT
          FROM MEMBER_INFO
        WHERE MEMBER_ID = 'MEMBER_20260423_004'
 {executed in 7 msec}
[2026-05-05 17:55:48.516] [INFO ] [http-nio-8881-exec-7] jdbc.sqltiming - SELECT /* MemberMapper.readMemberByMemberId (memberId를 통한 회원 정보 조회) */
               MEMBER_ID
             , USER_ID
             , USER_PASS
             , USER_NAME
             , USER_EMAIL
             , EMAIL_VERIFIED
             , USER_ROLE
             , USER_STATUS
             , PROFILE_IMAGE
             , CREATE_AT
             , UPDATE_AT
             , LAST_LOG_AT
          FROM MEMBER_INFO
        WHERE MEMBER_ID = 'MEMBER_20260423_004'
 {executed in 7 msec}
[2026-05-05 17:55:48.523] [INFO ] [http-nio-8881-exec-8] c.s.s.service.board.BoardServiceImpl - 인기 게시물 조회를 위해 DB에 접근한다. (캐시 미적용 시에만 출력)
[2026-05-05 17:55:48.527] [INFO ] [http-nio-8881-exec-8] jdbc.sqltiming - SELECT /* BoardMapper.getPopularBoards (최근 15일 인기 게시글 조회) */
               B.BOARD_ID
             , B.TITLE
             , B.VIEW_COUNT
             , B.LIKE_COUNT
             , B.CREATE_AT
             , M.USER_NAME
             , M.PROFILE_IMAGE
        FROM BOARD B
        LEFT JOIN MEMBER_INFO M ON B.MEMBER_ID = M.MEMBER_ID
        WHERE B.CREATE_AT >= DATE_SUB(NOW(), INTERVAL 15 DAY)
          AND B.DELETE_YN = 'N'
        ORDER BY B.LIKE_COUNT DESC, B.VIEW_COUNT DESC
        LIMIT 5
 {executed in 3 msec}
[2026-05-05 17:55:48.527] [INFO ] [http-nio-8881-exec-1] jdbc.sqltiming - SELECT /* BoardMapper.getBoardListWithPaging (페이징 처리된 게시판 목록 조회 (지연 조인 최적화 적용)) */
               B.BOARD_ID
             , B.TITLE
             , B.CONTENT
             , M.USER_ID
             , M.USER_NAME
             , B.MEMBER_ID
             , B.BOARD_CODE
             , B.CATEGORY_ID
             , B.VIEW_COUNT
             , B.LIKE_COUNT
             ,(SELECT COUNT(*)
                 FROM COMMENT_MANAGEMENT CM
                 WHERE CM.BOARD_ID = B.BOARD_ID
                   AND CM.DELETE_YN = 'N') AS commentCount /* 댓글 작성 수 */
             , M.PROFILE_IMAGE
             , B.CREATE_AT
             , B.UPDATE_AT
             , B.TAG_NAME
          FROM BOARD B
    INNER JOIN ( /* 인덱스만 사용하여 필요한 ID들만 빠르게 추출 */
                SELECT BOARD_ID
                  FROM BOARD
             WHERE DELETE_YN = 'N'

                    AND BOARD_CODE = 'S' 
            ORDER BY CREATE_AT DESC
            LIMIT 30 OFFSET 0
        ) AS temp ON B.BOARD_ID = temp.BOARD_ID
        LEFT JOIN MEMBER_INFO M ON B.MEMBER_ID = M.MEMBER_ID
        ORDER BY B.CREATE_AT DESC
 {executed in 5 msec}
[2026-05-05 17:55:48.529] [INFO ] [http-nio-8881-exec-7] jdbc.sqltiming - SELECT /* BoardMapper.getBoardListWithPaging (페이징 처리된 게시판 목록 조회 (지연 조인 최적화 적용)) */
               B.BOARD_ID
             , B.TITLE
             , B.CONTENT
             , M.USER_ID
             , M.USER_NAME
             , B.MEMBER_ID
             , B.BOARD_CODE
             , B.CATEGORY_ID
             , B.VIEW_COUNT
             , B.LIKE_COUNT
             ,(SELECT COUNT(*)
                 FROM COMMENT_MANAGEMENT CM
                 WHERE CM.BOARD_ID = B.BOARD_ID
                   AND CM.DELETE_YN = 'N') AS commentCount /* 댓글 작성 수 */
             , M.PROFILE_IMAGE
             , B.CREATE_AT
             , B.UPDATE_AT
             , B.TAG_NAME
          FROM BOARD B
    INNER JOIN ( /* 인덱스만 사용하여 필요한 ID들만 빠르게 추출 */
                SELECT BOARD_ID
                  FROM BOARD
             WHERE DELETE_YN = 'N'

                    AND BOARD_CODE = 'B_NOTICE_01' 
            ORDER BY CREATE_AT DESC
            LIMIT 10 OFFSET 0
        ) AS temp ON B.BOARD_ID = temp.BOARD_ID
        LEFT JOIN MEMBER_INFO M ON B.MEMBER_ID = M.MEMBER_ID
        ORDER BY B.CREATE_AT DESC
 {executed in 6 msec}
[2026-05-05 17:55:48.534] [INFO ] [http-nio-8881-exec-7] jdbc.sqltiming - SELECT /* BoardMapper.getgetBoardTotalCount (게시글 총 개수 조회) */
               COUNT(*)
          FROM BOARD
         WHERE DELETE_YN = 'N'

                AND BOARD_CODE = 'B_NOTICE_01'
 {executed in 4 msec}
[2026-05-05 17:55:48.534] [INFO ] [http-nio-8881-exec-1] jdbc.sqltiming - SELECT /* BoardMapper.getgetBoardTotalCount (게시글 총 개수 조회) */
               COUNT(*)
          FROM BOARD
         WHERE DELETE_YN = 'N'

                AND BOARD_CODE = 'S'
 {executed in 5 msec}
[2026-05-05 17:55:50.513] [INFO ] [http-nio-8881-exec-4] jdbc.sqltiming - SELECT /* MemberMapper.readMemberByMemberId (memberId를 통한 회원 정보 조회) */
               MEMBER_ID
             , USER_ID
             , USER_PASS
             , USER_NAME
             , USER_EMAIL
             , EMAIL_VERIFIED
             , USER_ROLE
             , USER_STATUS
             , PROFILE_IMAGE
             , CREATE_AT
             , UPDATE_AT
             , LAST_LOG_AT
          FROM MEMBER_INFO
        WHERE MEMBER_ID = 'MEMBER_20260423_004'
 {executed in 5 msec}
[2026-05-05 17:55:50.529] [INFO ] [http-nio-8881-exec-4] jdbc.sqltiming - SELECT /* AdminMapper.getMemberList */
               MEMBER_ID
             , USER_ID
             , USER_PASS
             , USER_NAME
             , USER_EMAIL
             , EMAIL_VERIFIED
             , USER_ROLE
             , USER_STATUS
             , PROFILE_IMAGE
             , CREATE_AT
             , UPDATE_AT
             , LAST_LOG_AT
          FROM MEMBER_INFO
         WHERE USER_ROLE != 'SUPER_ADMIN'
         ORDER BY CREATE_AT DESC
 {executed in 7 msec}
[2026-05-05 17:55:51.836] [INFO ] [http-nio-8881-exec-3] jdbc.sqltiming - SELECT /* MemberMapper.readMemberByMemberId (memberId를 통한 회원 정보 조회) */
               MEMBER_ID
             , USER_ID
             , USER_PASS
             , USER_NAME
             , USER_EMAIL
             , EMAIL_VERIFIED
             , USER_ROLE
             , USER_STATUS
             , PROFILE_IMAGE
             , CREATE_AT
             , UPDATE_AT
             , LAST_LOG_AT
          FROM MEMBER_INFO
        WHERE MEMBER_ID = 'MEMBER_20260423_004'
 {executed in 5 msec}
[2026-05-05 17:55:51.876] [INFO ] [http-nio-8881-exec-3] jdbc.sqltiming - SELECT /* CommonCodeGroupMapper.getGroupCode (그룹코드 조회) */
               GROUP_CODE
             , GROUP_NAME
             , USE_YN
             , SORT_ORDER
             , CREATE_AT
          FROM COMMON_CODE_GROUP
      ORDER BY SORT_ORDER ASC
 {executed in 19 msec}
[2026-05-05 17:55:52.849] [INFO ] [http-nio-8881-exec-2] jdbc.sqltiming - SELECT /* MemberMapper.readMemberByMemberId (memberId를 통한 회원 정보 조회) */
               MEMBER_ID
             , USER_ID
             , USER_PASS
             , USER_NAME
             , USER_EMAIL
             , EMAIL_VERIFIED
             , USER_ROLE
             , USER_STATUS
             , PROFILE_IMAGE
             , CREATE_AT
             , UPDATE_AT
             , LAST_LOG_AT
          FROM MEMBER_INFO
        WHERE MEMBER_ID = 'MEMBER_20260423_004'
 {executed in 6 msec}
[2026-05-05 17:55:52.865] [INFO ] [http-nio-8881-exec-2] jdbc.sqltiming - SELECT /* CommonCodeDetailMapper.readCommonDetailCode (그룹코드 상세 조회) */
               GROUP_CODE
             , CODE_ID
             , CODE_NAME
             , SORT_ORDER
             , USE_YN
             , CREATE_AT
          FROM COMMON_CODE_DETAIL
         WHERE GROUP_CODE = 'G_BRD_NOTICE'
      ORDER BY SORT_ORDER
 {executed in 3 msec}
[2026-05-05 17:55:59.176] [INFO ] [http-nio-8881-exec-9] jdbc.sqltiming - SELECT /* MemberMapper.readMemberByMemberId (memberId를 통한 회원 정보 조회) */
               MEMBER_ID
             , USER_ID
             , USER_PASS
             , USER_NAME
             , USER_EMAIL
             , EMAIL_VERIFIED
             , USER_ROLE
             , USER_STATUS
             , PROFILE_IMAGE
             , CREATE_AT
             , UPDATE_AT
             , LAST_LOG_AT
          FROM MEMBER_INFO
        WHERE MEMBER_ID = 'MEMBER_20260423_004'
 {executed in 4 msec}
[2026-05-05 17:55:59.190] [INFO ] [http-nio-8881-exec-9] jdbc.sqltiming - SELECT /* commonCodeDetailMapper.getMaxSortOrder, groupCode 별, sortOrder Number 최대값 조회 */
               IFNULL(MAX(SORT_ORDER),0)
          FROM COMMON_CODE_DETAIL
         WHERE GROUP_CODE = 'G_BRD_NOTICE'
 {executed in 4 msec}
[2026-05-05 17:55:59.196] [INFO ] [http-nio-8881-exec-9] jdbc.sqltiming - SELECT /* CommonCodeDetailMapper.validateSortOrderDuplicate */
               COUNT(1)
          FROM COMMON_CODE_DETAIL
         WHERE GROUP_CODE = 'G_BRD_NOTICE'
           AND SORT_ORDER = 1

           AND CODE_ID != 'N001'
 {executed in 6 msec}
[2026-05-05 17:55:59.203] [INFO ] [http-nio-8881-exec-9] jdbc.sqltiming - SELECT /* CommonCodeDetailMapper.existsCommonDetailCode (그룹 코드 상세 ID 중복 조회) */
               COUNT(1)
          FROM COMMON_CODE_DETAIL
         WHERE GROUP_CODE = 'G_BRD_NOTICE'
           AND CODE_ID = 'N001'
 {executed in 6 msec}
[2026-05-05 17:55:59.213] [INFO ] [http-nio-8881-exec-9] jdbc.sqltiming - UPDATE /* CommonCodeDetailMapper.updateCommonCodeDetail 그룹 코드 상세 추가 */
               COMMON_CODE_DETAIL
           SET CODE_NAME = '공지사항'
             , SORT_ORDER = 1
             , USE_YN = 'N'
             , UPDATE_AT = CURRENT_TIMESTAMP
         WHERE GROUP_CODE = 'G_BRD_NOTICE'
           AND CODE_ID ='N001'
 {executed in 9 msec}
[2026-05-05 17:55:59.256] [INFO ] [http-nio-8881-exec-6] jdbc.sqltiming - SELECT /* MemberMapper.readMemberByMemberId (memberId를 통한 회원 정보 조회) */
               MEMBER_ID
             , USER_ID
             , USER_PASS
             , USER_NAME
             , USER_EMAIL
             , EMAIL_VERIFIED
             , USER_ROLE
             , USER_STATUS
             , PROFILE_IMAGE
             , CREATE_AT
             , UPDATE_AT
             , LAST_LOG_AT
          FROM MEMBER_INFO
        WHERE MEMBER_ID = 'MEMBER_20260423_004'
 {executed in 5 msec}
[2026-05-05 17:55:59.274] [INFO ] [http-nio-8881-exec-6] jdbc.sqltiming - SELECT  /* BoardMasterMapper.getBoardConfig 특정 게시판의 설정(이름, 카테고리 그룹, 기능 여부) 전체 리스트 조회 */
               BM.BOARD_CODE
             , BM.BOARD_NAME
             , BM.GROUP_CODE
             , BM.USE_YN
             , BM.FILE_YN
             , BM.REPLY_YN
             , BM.TAG_YN
             , CCG.SORT_ORDER
             , BM.CREATE_AT
             , BM.UPDATE_AT
          FROM BOARD_MASTER BM
          JOIN COMMON_CODE_GROUP CCG ON BM.GROUP_CODE = CCG.GROUP_CODE
         ORDER BY CCG.SORT_ORDER ASC, BM.BOARD_CODE ASC /* 그룹 순서대로 정렬 */
 {executed in 5 msec}
[2026-05-05 17:55:59.279] [INFO ] [http-nio-8881-exec-6] jdbc.sqltiming - SELECT /*  boardMapper.getCategoryListByBoardCode 특정 게시판(boardCode)에 소속된 카테고리 목록 조회 */
               CCD.CODE_ID AS categoryId
             , CCD.CODE_NAME AS categoryName
          FROM BOARD_MASTER BM
    INNER JOIN COMMON_CODE_DETAIL CCD
            ON BM.GROUP_CODE = CCD.GROUP_CODE
         WHERE BM.BOARD_CODE = 'B_NOTICE_01'
           AND BM.USE_YN = 'Y'
      ORDER BY CCD.SORT_ORDER ASC
 {executed in 4 msec}
[2026-05-05 17:55:59.286] [INFO ] [http-nio-8881-exec-6] jdbc.sqltiming - SELECT /*  boardMapper.getCategoryListByBoardCode 특정 게시판(boardCode)에 소속된 카테고리 목록 조회 */
               CCD.CODE_ID AS categoryId
             , CCD.CODE_NAME AS categoryName
          FROM BOARD_MASTER BM
    INNER JOIN COMMON_CODE_DETAIL CCD
            ON BM.GROUP_CODE = CCD.GROUP_CODE
         WHERE BM.BOARD_CODE = 'B_SQLD_01'
           AND BM.USE_YN = 'Y'
      ORDER BY CCD.SORT_ORDER ASC
 {executed in 6 msec}
[2026-05-05 17:55:59.291] [INFO ] [http-nio-8881-exec-6] jdbc.sqltiming - SELECT /*  boardMapper.getCategoryListByBoardCode 특정 게시판(boardCode)에 소속된 카테고리 목록 조회 */
               CCD.CODE_ID AS categoryId
             , CCD.CODE_NAME AS categoryName
          FROM BOARD_MASTER BM
    INNER JOIN COMMON_CODE_DETAIL CCD
            ON BM.GROUP_CODE = CCD.GROUP_CODE
         WHERE BM.BOARD_CODE = 'B_GREETING_01'
           AND BM.USE_YN = 'Y'
      ORDER BY CCD.SORT_ORDER ASC
 {executed in 4 msec}
[2026-05-05 17:55:59.329] [INFO ] [http-nio-8881-exec-5] jdbc.sqltiming - SELECT /* MemberMapper.readMemberByMemberId (memberId를 통한 회원 정보 조회) */
               MEMBER_ID
             , USER_ID
             , USER_PASS
             , USER_NAME
             , USER_EMAIL
             , EMAIL_VERIFIED
             , USER_ROLE
             , USER_STATUS
             , PROFILE_IMAGE
             , CREATE_AT
             , UPDATE_AT
             , LAST_LOG_AT
          FROM MEMBER_INFO
        WHERE MEMBER_ID = 'MEMBER_20260423_004'
 {executed in 6 msec}
[2026-05-05 17:55:59.375] [INFO ] [http-nio-8881-exec-5] jdbc.sqltiming - SELECT /* CommonCodeDetailMapper.readCommonDetailCode (그룹코드 상세 조회) */
               GROUP_CODE
             , CODE_ID
             , CODE_NAME
             , SORT_ORDER
             , USE_YN
             , CREATE_AT
          FROM COMMON_CODE_DETAIL
         WHERE GROUP_CODE = 'G_BRD_NOTICE'
      ORDER BY SORT_ORDER
 {executed in 33 msec}
[2026-05-05 17:56:00.424] [INFO ] [http-nio-8881-exec-10] jdbc.sqltiming - SELECT /* MemberMapper.readMemberByMemberId (memberId를 통한 회원 정보 조회) */
               MEMBER_ID
             , USER_ID
             , USER_PASS
             , USER_NAME
             , USER_EMAIL
             , EMAIL_VERIFIED
             , USER_ROLE
             , USER_STATUS
             , PROFILE_IMAGE
             , CREATE_AT
             , UPDATE_AT
             , LAST_LOG_AT
          FROM MEMBER_INFO
        WHERE MEMBER_ID = 'MEMBER_20260423_004'
 {executed in 7 msec}
[2026-05-05 17:56:00.437] [INFO ] [http-nio-8881-exec-10] jdbc.sqltiming - SELECT  /* BoardMapper.getBoardList (게시판 목록 전체를 조회하는 쿼리 (사용자 정보 JOIN))*/
               B.BOARD_ID
             , B.TITLE
             , B.CONTENT
             , M.USER_ID
             , M.USER_NAME
             , B.MEMBER_ID
             , B.BOARD_CODE
             , B.CATEGORY_ID
             , B.VIEW_COUNT
             , B.LIKE_COUNT
             ,(SELECT COUNT(*)
                 FROM COMMENT_MANAGEMENT CM
                WHERE CM.BOARD_ID = B.BOARD_ID
                  AND CM.DELETE_YN = 'N') AS commentCount /* 댓글 작성 수 */
             , M.PROFILE_IMAGE
             , B.CREATE_AT
             , B.UPDATE_AT
             , B.TAG_NAME
        FROM
            BOARD B
        LEFT JOIN MEMBER_INFO M ON B.MEMBER_ID = M.MEMBER_ID
        WHERE B.DELETE_YN = 'N'
        ORDER BY
            B.CREATE_AT DESC
 {executed in 4 msec}
[2026-05-05 17:56:21.757] [INFO ] [http-nio-8881-exec-8] jdbc.sqltiming - SELECT /* MemberMapper.readMemberByMemberId (memberId를 통한 회원 정보 조회) */
               MEMBER_ID
             , USER_ID
             , USER_PASS
             , USER_NAME
             , USER_EMAIL
             , EMAIL_VERIFIED
             , USER_ROLE
             , USER_STATUS
             , PROFILE_IMAGE
             , CREATE_AT
             , UPDATE_AT
             , LAST_LOG_AT
          FROM MEMBER_INFO
        WHERE MEMBER_ID = 'MEMBER_20260423_004'
 {executed in 4 msec}
[2026-05-05 17:56:21.778] [INFO ] [http-nio-8881-exec-8] jdbc.sqltiming - SELECT /* AdminMapper.getMemberList */
               MEMBER_ID
             , USER_ID
             , USER_PASS
             , USER_NAME
             , USER_EMAIL
             , EMAIL_VERIFIED
             , USER_ROLE
             , USER_STATUS
             , PROFILE_IMAGE
             , CREATE_AT
             , UPDATE_AT
             , LAST_LOG_AT
          FROM MEMBER_INFO
         WHERE USER_ROLE != 'SUPER_ADMIN'
         ORDER BY CREATE_AT DESC
 {executed in 6 msec}
[2026-05-05 17:56:22.817] [INFO ] [http-nio-8881-exec-7] jdbc.sqltiming - SELECT /* MemberMapper.readMemberByMemberId (memberId를 통한 회원 정보 조회) */
               MEMBER_ID
             , USER_ID
             , USER_PASS
             , USER_NAME
             , USER_EMAIL
             , EMAIL_VERIFIED
             , USER_ROLE
             , USER_STATUS
             , PROFILE_IMAGE
             , CREATE_AT
             , UPDATE_AT
             , LAST_LOG_AT
          FROM MEMBER_INFO
        WHERE MEMBER_ID = 'MEMBER_20260423_004'
 {executed in 5 msec}
[2026-05-05 17:56:22.834] [INFO ] [http-nio-8881-exec-7] jdbc.sqltiming - SELECT  /* BoardMasterMapper.getBoardConfig 특정 게시판의 설정(이름, 카테고리 그룹, 기능 여부) 전체 리스트 조회 */
               BM.BOARD_CODE
             , BM.BOARD_NAME
             , BM.GROUP_CODE
             , BM.USE_YN
             , BM.FILE_YN
             , BM.REPLY_YN
             , BM.TAG_YN
             , CCG.SORT_ORDER
             , BM.CREATE_AT
             , BM.UPDATE_AT
          FROM BOARD_MASTER BM
          JOIN COMMON_CODE_GROUP CCG ON BM.GROUP_CODE = CCG.GROUP_CODE
         ORDER BY CCG.SORT_ORDER ASC, BM.BOARD_CODE ASC /* 그룹 순서대로 정렬 */
 {executed in 6 msec}
[2026-05-05 17:56:22.841] [INFO ] [http-nio-8881-exec-7] jdbc.sqltiming - SELECT /*  boardMapper.getCategoryListByBoardCode 특정 게시판(boardCode)에 소속된 카테고리 목록 조회 */
               CCD.CODE_ID AS categoryId
             , CCD.CODE_NAME AS categoryName
          FROM BOARD_MASTER BM
    INNER JOIN COMMON_CODE_DETAIL CCD
            ON BM.GROUP_CODE = CCD.GROUP_CODE
         WHERE BM.BOARD_CODE = 'B_NOTICE_01'
           AND BM.USE_YN = 'Y'
      ORDER BY CCD.SORT_ORDER ASC
 {executed in 5 msec}
[2026-05-05 17:56:22.851] [INFO ] [http-nio-8881-exec-7] jdbc.sqltiming - SELECT /*  boardMapper.getCategoryListByBoardCode 특정 게시판(boardCode)에 소속된 카테고리 목록 조회 */
               CCD.CODE_ID AS categoryId
             , CCD.CODE_NAME AS categoryName
          FROM BOARD_MASTER BM
    INNER JOIN COMMON_CODE_DETAIL CCD
            ON BM.GROUP_CODE = CCD.GROUP_CODE
         WHERE BM.BOARD_CODE = 'B_SQLD_01'
           AND BM.USE_YN = 'Y'
      ORDER BY CCD.SORT_ORDER ASC
 {executed in 8 msec}
[2026-05-05 17:56:22.859] [INFO ] [http-nio-8881-exec-7] jdbc.sqltiming - SELECT /*  boardMapper.getCategoryListByBoardCode 특정 게시판(boardCode)에 소속된 카테고리 목록 조회 */
               CCD.CODE_ID AS categoryId
             , CCD.CODE_NAME AS categoryName
          FROM BOARD_MASTER BM
    INNER JOIN COMMON_CODE_DETAIL CCD
            ON BM.GROUP_CODE = CCD.GROUP_CODE
         WHERE BM.BOARD_CODE = 'B_GREETING_01'
           AND BM.USE_YN = 'Y'
      ORDER BY CCD.SORT_ORDER ASC
 {executed in 7 msec}
[2026-05-05 17:56:25.316] [INFO ] [http-nio-8881-exec-1] jdbc.sqltiming - SELECT /* MemberMapper.readMemberByMemberId (memberId를 통한 회원 정보 조회) */
               MEMBER_ID
             , USER_ID
             , USER_PASS
             , USER_NAME
             , USER_EMAIL
             , EMAIL_VERIFIED
             , USER_ROLE
             , USER_STATUS
             , PROFILE_IMAGE
             , CREATE_AT
             , UPDATE_AT
             , LAST_LOG_AT
          FROM MEMBER_INFO
        WHERE MEMBER_ID = 'MEMBER_20260423_004'
 {executed in 7 msec}
[2026-05-05 17:56:25.340] [INFO ] [http-nio-8881-exec-1] jdbc.sqltiming - SELECT  /* BoardMasterMapper.readBoardMasterDetail 특정 게시판의 설정(이름, 카테고리 그룹, 기능 여부) 상세 조회 */
               BM.BOARD_CODE
             , BM.BOARD_NAME
             , BM.GROUP_CODE
             , BM.USE_YN
             , BM.FILE_YN
             , BM.REPLY_YN
             , BM.TAG_YN
             , CCD.SORT_ORDER
             , BM.CREATE_AT
             , BM.UPDATE_AT
          FROM BOARD_MASTER BM
    INNER JOIN COMMON_CODE_GROUP CCD ON BM.GROUP_CODE = CCD.GROUP_CODE
         WHERE BOARD_CODE = 'B_NOTICE_01'
 {executed in 5 msec}
[2026-05-05 17:56:25.347] [INFO ] [http-nio-8881-exec-1] jdbc.sqltiming - SELECT /*  boardMapper.getCategoryListByBoardCode 특정 게시판(boardCode)에 소속된 카테고리 목록 조회 */
               CCD.CODE_ID AS categoryId
             , CCD.CODE_NAME AS categoryName
          FROM BOARD_MASTER BM
    INNER JOIN COMMON_CODE_DETAIL CCD
            ON BM.GROUP_CODE = CCD.GROUP_CODE
         WHERE BM.BOARD_CODE = 'B_NOTICE_01'
           AND BM.USE_YN = 'Y'
      ORDER BY CCD.SORT_ORDER ASC
 {executed in 5 msec}
[2026-05-05 17:56:28.249] [INFO ] [http-nio-8881-exec-4] jdbc.sqltiming - SELECT /* MemberMapper.readMemberByMemberId (memberId를 통한 회원 정보 조회) */
               MEMBER_ID
             , USER_ID
             , USER_PASS
             , USER_NAME
             , USER_EMAIL
             , EMAIL_VERIFIED
             , USER_ROLE
             , USER_STATUS
             , PROFILE_IMAGE
             , CREATE_AT
             , UPDATE_AT
             , LAST_LOG_AT
          FROM MEMBER_INFO
        WHERE MEMBER_ID = 'MEMBER_20260423_004'
 {executed in 5 msec}
[2026-05-05 17:56:28.285] [INFO ] [http-nio-8881-exec-4] jdbc.sqltiming - SELECT /* BoardMasterMapper.validateBoardCodeExist (boardCode 중복 확인) */
               COUNT(1)
          FROM BOARD_MASTER
         WHERE BOARD_CODE = 'B_NOTICE_01'
 {executed in 7 msec}
[2026-05-05 17:56:28.289] [INFO ] [http-nio-8881-exec-4] jdbc.sqltiming - SELECT /* CommonCodeGroupMapper.existGroupCOde */
               COUNT(1)
          FROM COMMON_CODE_GROUP
         WHERE GROUP_CODE = 'G_BRD_NOTICE'
 {executed in 4 msec}
[2026-05-05 17:56:28.294] [INFO ] [http-nio-8881-exec-4] jdbc.sqltiming - SELECT /* BoardMasterMapper.existsByBoardNameExceptMe boardName 존재 확인 */
               COUNT(1)
          FROM BOARD_MASTER
         WHERE BOARD_NAME = '공지사항'
           AND BOARD_CODE != 'B_NOTICE_01' /* 해당 (boardCode 는 검사 대상에서 제외) */
 {executed in 5 msec}
[2026-05-05 17:56:28.304] [INFO ] [http-nio-8881-exec-4] jdbc.sqltiming - UPDATE BOARD_MASTER /* BoardMasterMapper.updateBoardMaster (게시판 설정 수정) */
           SET USE_YN = 'N'
             , FILE_YN = 'Y'
             , REPLY_YN = 'Y'
             , TAG_YN = 'Y'
             , UPDATE_AT = CURRENT_TIMESTAMP
         WHERE BOARD_CODE = 'B_NOTICE_01'
 {executed in 9 msec}
[2026-05-05 17:56:28.370] [INFO ] [http-nio-8881-exec-3] jdbc.sqltiming - SELECT /* MemberMapper.readMemberByMemberId (memberId를 통한 회원 정보 조회) */
               MEMBER_ID
             , USER_ID
             , USER_PASS
             , USER_NAME
             , USER_EMAIL
             , EMAIL_VERIFIED
             , USER_ROLE
             , USER_STATUS
             , PROFILE_IMAGE
             , CREATE_AT
             , UPDATE_AT
             , LAST_LOG_AT
          FROM MEMBER_INFO
        WHERE MEMBER_ID = 'MEMBER_20260423_004'
 {executed in 6 msec}
[2026-05-05 17:56:28.392] [INFO ] [http-nio-8881-exec-3] jdbc.sqltiming - SELECT  /* BoardMasterMapper.getBoardConfig 특정 게시판의 설정(이름, 카테고리 그룹, 기능 여부) 전체 리스트 조회 */
               BM.BOARD_CODE
             , BM.BOARD_NAME
             , BM.GROUP_CODE
             , BM.USE_YN
             , BM.FILE_YN
             , BM.REPLY_YN
             , BM.TAG_YN
             , CCG.SORT_ORDER
             , BM.CREATE_AT
             , BM.UPDATE_AT
          FROM BOARD_MASTER BM
          JOIN COMMON_CODE_GROUP CCG ON BM.GROUP_CODE = CCG.GROUP_CODE
         ORDER BY CCG.SORT_ORDER ASC, BM.BOARD_CODE ASC /* 그룹 순서대로 정렬 */
 {executed in 5 msec}
[2026-05-05 17:56:28.397] [INFO ] [http-nio-8881-exec-3] jdbc.sqltiming - SELECT /*  boardMapper.getCategoryListByBoardCode 특정 게시판(boardCode)에 소속된 카테고리 목록 조회 */
               CCD.CODE_ID AS categoryId
             , CCD.CODE_NAME AS categoryName
          FROM BOARD_MASTER BM
    INNER JOIN COMMON_CODE_DETAIL CCD
            ON BM.GROUP_CODE = CCD.GROUP_CODE
         WHERE BM.BOARD_CODE = 'B_NOTICE_01'
           AND BM.USE_YN = 'Y'
      ORDER BY CCD.SORT_ORDER ASC
 {executed in 4 msec}
[2026-05-05 17:56:28.402] [INFO ] [http-nio-8881-exec-3] jdbc.sqltiming - SELECT /*  boardMapper.getCategoryListByBoardCode 특정 게시판(boardCode)에 소속된 카테고리 목록 조회 */
               CCD.CODE_ID AS categoryId
             , CCD.CODE_NAME AS categoryName
          FROM BOARD_MASTER BM
    INNER JOIN COMMON_CODE_DETAIL CCD
            ON BM.GROUP_CODE = CCD.GROUP_CODE
         WHERE BM.BOARD_CODE = 'B_SQLD_01'
           AND BM.USE_YN = 'Y'
      ORDER BY CCD.SORT_ORDER ASC
 {executed in 4 msec}
[2026-05-05 17:56:28.412] [INFO ] [http-nio-8881-exec-3] jdbc.sqltiming - SELECT /*  boardMapper.getCategoryListByBoardCode 특정 게시판(boardCode)에 소속된 카테고리 목록 조회 */
               CCD.CODE_ID AS categoryId
             , CCD.CODE_NAME AS categoryName
          FROM BOARD_MASTER BM
    INNER JOIN COMMON_CODE_DETAIL CCD
            ON BM.GROUP_CODE = CCD.GROUP_CODE
         WHERE BM.BOARD_CODE = 'B_GREETING_01'
           AND BM.USE_YN = 'Y'
      ORDER BY CCD.SORT_ORDER ASC
 {executed in 8 msec}
[2026-05-05 17:56:28.442] [INFO ] [http-nio-8881-exec-2] jdbc.sqltiming - SELECT /* MemberMapper.readMemberByMemberId (memberId를 통한 회원 정보 조회) */
               MEMBER_ID
             , USER_ID
             , USER_PASS
             , USER_NAME
             , USER_EMAIL
             , EMAIL_VERIFIED
             , USER_ROLE
             , USER_STATUS
             , PROFILE_IMAGE
             , CREATE_AT
             , UPDATE_AT
             , LAST_LOG_AT
          FROM MEMBER_INFO
        WHERE MEMBER_ID = 'MEMBER_20260423_004'
 {executed in 5 msec}
[2026-05-05 17:56:28.485] [INFO ] [http-nio-8881-exec-2] jdbc.sqltiming - SELECT  /* BoardMasterMapper.getBoardConfig 특정 게시판의 설정(이름, 카테고리 그룹, 기능 여부) 전체 리스트 조회 */
               BM.BOARD_CODE
             , BM.BOARD_NAME
             , BM.GROUP_CODE
             , BM.USE_YN
             , BM.FILE_YN
             , BM.REPLY_YN
             , BM.TAG_YN
             , CCG.SORT_ORDER
             , BM.CREATE_AT
             , BM.UPDATE_AT
          FROM BOARD_MASTER BM
          JOIN COMMON_CODE_GROUP CCG ON BM.GROUP_CODE = CCG.GROUP_CODE
         ORDER BY CCG.SORT_ORDER ASC, BM.BOARD_CODE ASC /* 그룹 순서대로 정렬 */
 {executed in 8 msec}
[2026-05-05 17:56:28.491] [INFO ] [http-nio-8881-exec-2] jdbc.sqltiming - SELECT /*  boardMapper.getCategoryListByBoardCode 특정 게시판(boardCode)에 소속된 카테고리 목록 조회 */
               CCD.CODE_ID AS categoryId
             , CCD.CODE_NAME AS categoryName
          FROM BOARD_MASTER BM
    INNER JOIN COMMON_CODE_DETAIL CCD
            ON BM.GROUP_CODE = CCD.GROUP_CODE
         WHERE BM.BOARD_CODE = 'B_NOTICE_01'
           AND BM.USE_YN = 'Y'
      ORDER BY CCD.SORT_ORDER ASC
 {executed in 6 msec}
[2026-05-05 17:56:28.497] [INFO ] [http-nio-8881-exec-2] jdbc.sqltiming - SELECT /*  boardMapper.getCategoryListByBoardCode 특정 게시판(boardCode)에 소속된 카테고리 목록 조회 */
               CCD.CODE_ID AS categoryId
             , CCD.CODE_NAME AS categoryName
          FROM BOARD_MASTER BM
    INNER JOIN COMMON_CODE_DETAIL CCD
            ON BM.GROUP_CODE = CCD.GROUP_CODE
         WHERE BM.BOARD_CODE = 'B_SQLD_01'
           AND BM.USE_YN = 'Y'
      ORDER BY CCD.SORT_ORDER ASC
 {executed in 5 msec}
[2026-05-05 17:56:28.505] [INFO ] [http-nio-8881-exec-2] jdbc.sqltiming - SELECT /*  boardMapper.getCategoryListByBoardCode 특정 게시판(boardCode)에 소속된 카테고리 목록 조회 */
               CCD.CODE_ID AS categoryId
             , CCD.CODE_NAME AS categoryName
          FROM BOARD_MASTER BM
    INNER JOIN COMMON_CODE_DETAIL CCD
            ON BM.GROUP_CODE = CCD.GROUP_CODE
         WHERE BM.BOARD_CODE = 'B_GREETING_01'
           AND BM.USE_YN = 'Y'
      ORDER BY CCD.SORT_ORDER ASC
 {executed in 7 msec}
[2026-05-05 17:56:30.020] [INFO ] [http-nio-8881-exec-9] jdbc.sqltiming - SELECT /* MemberMapper.readMemberByMemberId (memberId를 통한 회원 정보 조회) */
               MEMBER_ID
             , USER_ID
             , USER_PASS
             , USER_NAME
             , USER_EMAIL
             , EMAIL_VERIFIED
             , USER_ROLE
             , USER_STATUS
             , PROFILE_IMAGE
             , CREATE_AT
             , UPDATE_AT
             , LAST_LOG_AT
          FROM MEMBER_INFO
        WHERE MEMBER_ID = 'MEMBER_20260423_004'
 {executed in 6 msec}
[2026-05-05 17:56:30.030] [INFO ] [http-nio-8881-exec-9] jdbc.sqltiming - SELECT  /* BoardMapper.getBoardList (게시판 목록 전체를 조회하는 쿼리 (사용자 정보 JOIN))*/
               B.BOARD_ID
             , B.TITLE
             , B.CONTENT
             , M.USER_ID
             , M.USER_NAME
             , B.MEMBER_ID
             , B.BOARD_CODE
             , B.CATEGORY_ID
             , B.VIEW_COUNT
             , B.LIKE_COUNT
             ,(SELECT COUNT(*)
                 FROM COMMENT_MANAGEMENT CM
                WHERE CM.BOARD_ID = B.BOARD_ID
                  AND CM.DELETE_YN = 'N') AS commentCount /* 댓글 작성 수 */
             , M.PROFILE_IMAGE
             , B.CREATE_AT
             , B.UPDATE_AT
             , B.TAG_NAME
        FROM
            BOARD B
        LEFT JOIN MEMBER_INFO M ON B.MEMBER_ID = M.MEMBER_ID
        WHERE B.DELETE_YN = 'N'
        ORDER BY
            B.CREATE_AT DESC
 {executed in 5 msec}
[2026-05-05 17:56:39.509] [INFO ] [http-nio-8881-exec-6] jdbc.sqltiming - SELECT /* MemberMapper.readMemberByMemberId (memberId를 통한 회원 정보 조회) */
               MEMBER_ID
             , USER_ID
             , USER_PASS
             , USER_NAME
             , USER_EMAIL
             , EMAIL_VERIFIED
             , USER_ROLE
             , USER_STATUS
             , PROFILE_IMAGE
             , CREATE_AT
             , UPDATE_AT
             , LAST_LOG_AT
          FROM MEMBER_INFO
        WHERE MEMBER_ID = 'MEMBER_20260423_004'
 {executed in 5 msec}
[2026-05-05 17:56:39.523] [INFO ] [http-nio-8881-exec-6] jdbc.sqltiming - SELECT /* AdminMapper.getMemberList */
               MEMBER_ID
             , USER_ID
             , USER_PASS
             , USER_NAME
             , USER_EMAIL
             , EMAIL_VERIFIED
             , USER_ROLE
             , USER_STATUS
             , PROFILE_IMAGE
             , CREATE_AT
             , UPDATE_AT
             , LAST_LOG_AT
          FROM MEMBER_INFO
         WHERE USER_ROLE != 'SUPER_ADMIN'
         ORDER BY CREATE_AT DESC
 {executed in 5 msec}
[2026-05-05 17:56:41.404] [INFO ] [http-nio-8881-exec-5] jdbc.sqltiming - SELECT /* MemberMapper.readMemberByMemberId (memberId를 통한 회원 정보 조회) */
               MEMBER_ID
             , USER_ID
             , USER_PASS
             , USER_NAME
             , USER_EMAIL
             , EMAIL_VERIFIED
             , USER_ROLE
             , USER_STATUS
             , PROFILE_IMAGE
             , CREATE_AT
             , UPDATE_AT
             , LAST_LOG_AT
          FROM MEMBER_INFO
        WHERE MEMBER_ID = 'MEMBER_20260423_004'
 {executed in 9 msec}
[2026-05-05 17:56:41.423] [INFO ] [http-nio-8881-exec-5] jdbc.sqltiming - SELECT  /* BoardMasterMapper.getBoardConfig 특정 게시판의 설정(이름, 카테고리 그룹, 기능 여부) 전체 리스트 조회 */
               BM.BOARD_CODE
             , BM.BOARD_NAME
             , BM.GROUP_CODE
             , BM.USE_YN
             , BM.FILE_YN
             , BM.REPLY_YN
             , BM.TAG_YN
             , CCG.SORT_ORDER
             , BM.CREATE_AT
             , BM.UPDATE_AT
          FROM BOARD_MASTER BM
          JOIN COMMON_CODE_GROUP CCG ON BM.GROUP_CODE = CCG.GROUP_CODE
         ORDER BY CCG.SORT_ORDER ASC, BM.BOARD_CODE ASC /* 그룹 순서대로 정렬 */
 {executed in 5 msec}
[2026-05-05 17:56:41.428] [INFO ] [http-nio-8881-exec-5] jdbc.sqltiming - SELECT /*  boardMapper.getCategoryListByBoardCode 특정 게시판(boardCode)에 소속된 카테고리 목록 조회 */
               CCD.CODE_ID AS categoryId
             , CCD.CODE_NAME AS categoryName
          FROM BOARD_MASTER BM
    INNER JOIN COMMON_CODE_DETAIL CCD
            ON BM.GROUP_CODE = CCD.GROUP_CODE
         WHERE BM.BOARD_CODE = 'B_NOTICE_01'
           AND BM.USE_YN = 'Y'
      ORDER BY CCD.SORT_ORDER ASC
 {executed in 4 msec}
[2026-05-05 17:56:41.433] [INFO ] [http-nio-8881-exec-5] jdbc.sqltiming - SELECT /*  boardMapper.getCategoryListByBoardCode 특정 게시판(boardCode)에 소속된 카테고리 목록 조회 */
               CCD.CODE_ID AS categoryId
             , CCD.CODE_NAME AS categoryName
          FROM BOARD_MASTER BM
    INNER JOIN COMMON_CODE_DETAIL CCD
            ON BM.GROUP_CODE = CCD.GROUP_CODE
         WHERE BM.BOARD_CODE = 'B_SQLD_01'
           AND BM.USE_YN = 'Y'
      ORDER BY CCD.SORT_ORDER ASC
 {executed in 4 msec}
[2026-05-05 17:56:41.437] [INFO ] [http-nio-8881-exec-5] jdbc.sqltiming - SELECT /*  boardMapper.getCategoryListByBoardCode 특정 게시판(boardCode)에 소속된 카테고리 목록 조회 */
               CCD.CODE_ID AS categoryId
             , CCD.CODE_NAME AS categoryName
          FROM BOARD_MASTER BM
    INNER JOIN COMMON_CODE_DETAIL CCD
            ON BM.GROUP_CODE = CCD.GROUP_CODE
         WHERE BM.BOARD_CODE = 'B_GREETING_01'
           AND BM.USE_YN = 'Y'
      ORDER BY CCD.SORT_ORDER ASC
 {executed in 4 msec}
[2026-05-05 17:56:42.744] [INFO ] [http-nio-8881-exec-10] jdbc.sqltiming - SELECT /* MemberMapper.readMemberByMemberId (memberId를 통한 회원 정보 조회) */
               MEMBER_ID
             , USER_ID
             , USER_PASS
             , USER_NAME
             , USER_EMAIL
             , EMAIL_VERIFIED
             , USER_ROLE
             , USER_STATUS
             , PROFILE_IMAGE
             , CREATE_AT
             , UPDATE_AT
             , LAST_LOG_AT
          FROM MEMBER_INFO
        WHERE MEMBER_ID = 'MEMBER_20260423_004'
 {executed in 6 msec}
[2026-05-05 17:56:42.762] [INFO ] [http-nio-8881-exec-10] jdbc.sqltiming - SELECT  /* BoardMasterMapper.readBoardMasterDetail 특정 게시판의 설정(이름, 카테고리 그룹, 기능 여부) 상세 조회 */
               BM.BOARD_CODE
             , BM.BOARD_NAME
             , BM.GROUP_CODE
             , BM.USE_YN
             , BM.FILE_YN
             , BM.REPLY_YN
             , BM.TAG_YN
             , CCD.SORT_ORDER
             , BM.CREATE_AT
             , BM.UPDATE_AT
          FROM BOARD_MASTER BM
    INNER JOIN COMMON_CODE_GROUP CCD ON BM.GROUP_CODE = CCD.GROUP_CODE
         WHERE BOARD_CODE = 'B_NOTICE_01'
 {executed in 5 msec}
[2026-05-05 17:56:42.767] [INFO ] [http-nio-8881-exec-10] jdbc.sqltiming - SELECT /*  boardMapper.getCategoryListByBoardCode 특정 게시판(boardCode)에 소속된 카테고리 목록 조회 */
               CCD.CODE_ID AS categoryId
             , CCD.CODE_NAME AS categoryName
          FROM BOARD_MASTER BM
    INNER JOIN COMMON_CODE_DETAIL CCD
            ON BM.GROUP_CODE = CCD.GROUP_CODE
         WHERE BM.BOARD_CODE = 'B_NOTICE_01'
           AND BM.USE_YN = 'Y'
      ORDER BY CCD.SORT_ORDER ASC
 {executed in 4 msec}
[2026-05-05 17:56:44.312] [INFO ] [http-nio-8881-exec-8] jdbc.sqltiming - SELECT /* MemberMapper.readMemberByMemberId (memberId를 통한 회원 정보 조회) */
               MEMBER_ID
             , USER_ID
             , USER_PASS
             , USER_NAME
             , USER_EMAIL
             , EMAIL_VERIFIED
             , USER_ROLE
             , USER_STATUS
             , PROFILE_IMAGE
             , CREATE_AT
             , UPDATE_AT
             , LAST_LOG_AT
          FROM MEMBER_INFO
        WHERE MEMBER_ID = 'MEMBER_20260423_004'
 {executed in 4 msec}
[2026-05-05 17:56:44.328] [INFO ] [http-nio-8881-exec-8] jdbc.sqltiming - SELECT /* BoardMasterMapper.validateBoardCodeExist (boardCode 중복 확인) */
               COUNT(1)
          FROM BOARD_MASTER
         WHERE BOARD_CODE = 'B_NOTICE_01'
 {executed in 4 msec}
[2026-05-05 17:56:44.332] [INFO ] [http-nio-8881-exec-8] jdbc.sqltiming - SELECT /* CommonCodeGroupMapper.existGroupCOde */
               COUNT(1)
          FROM COMMON_CODE_GROUP
         WHERE GROUP_CODE = 'G_BRD_NOTICE'
 {executed in 3 msec}
[2026-05-05 17:56:44.339] [INFO ] [http-nio-8881-exec-8] jdbc.sqltiming - SELECT /* BoardMasterMapper.existsByBoardNameExceptMe boardName 존재 확인 */
               COUNT(1)
          FROM BOARD_MASTER
         WHERE BOARD_NAME = '공지사항'
           AND BOARD_CODE != 'B_NOTICE_01' /* 해당 (boardCode 는 검사 대상에서 제외) */
 {executed in 6 msec}
[2026-05-05 17:56:44.381] [INFO ] [http-nio-8881-exec-8] jdbc.sqltiming - UPDATE BOARD_MASTER /* BoardMasterMapper.updateBoardMaster (게시판 설정 수정) */
           SET USE_YN = 'Y'
             , FILE_YN = 'Y'
             , REPLY_YN = 'Y'
             , TAG_YN = 'Y'
             , UPDATE_AT = CURRENT_TIMESTAMP
         WHERE BOARD_CODE = 'B_NOTICE_01'
 {executed in 40 msec}
[2026-05-05 17:56:44.443] [INFO ] [http-nio-8881-exec-7] jdbc.sqltiming - SELECT /* MemberMapper.readMemberByMemberId (memberId를 통한 회원 정보 조회) */
               MEMBER_ID
             , USER_ID
             , USER_PASS
             , USER_NAME
             , USER_EMAIL
             , EMAIL_VERIFIED
             , USER_ROLE
             , USER_STATUS
             , PROFILE_IMAGE
             , CREATE_AT
             , UPDATE_AT
             , LAST_LOG_AT
          FROM MEMBER_INFO
        WHERE MEMBER_ID = 'MEMBER_20260423_004'
 {executed in 4 msec}
[2026-05-05 17:56:44.462] [INFO ] [http-nio-8881-exec-7] jdbc.sqltiming - SELECT  /* BoardMasterMapper.getBoardConfig 특정 게시판의 설정(이름, 카테고리 그룹, 기능 여부) 전체 리스트 조회 */
               BM.BOARD_CODE
             , BM.BOARD_NAME
             , BM.GROUP_CODE
             , BM.USE_YN
             , BM.FILE_YN
             , BM.REPLY_YN
             , BM.TAG_YN
             , CCG.SORT_ORDER
             , BM.CREATE_AT
             , BM.UPDATE_AT
          FROM BOARD_MASTER BM
          JOIN COMMON_CODE_GROUP CCG ON BM.GROUP_CODE = CCG.GROUP_CODE
         ORDER BY CCG.SORT_ORDER ASC, BM.BOARD_CODE ASC /* 그룹 순서대로 정렬 */
 {executed in 6 msec}
[2026-05-05 17:56:44.468] [INFO ] [http-nio-8881-exec-7] jdbc.sqltiming - SELECT /*  boardMapper.getCategoryListByBoardCode 특정 게시판(boardCode)에 소속된 카테고리 목록 조회 */
               CCD.CODE_ID AS categoryId
             , CCD.CODE_NAME AS categoryName
          FROM BOARD_MASTER BM
    INNER JOIN COMMON_CODE_DETAIL CCD
            ON BM.GROUP_CODE = CCD.GROUP_CODE
         WHERE BM.BOARD_CODE = 'B_NOTICE_01'
           AND BM.USE_YN = 'Y'
      ORDER BY CCD.SORT_ORDER ASC
 {executed in 5 msec}
[2026-05-05 17:56:44.474] [INFO ] [http-nio-8881-exec-7] jdbc.sqltiming - SELECT /*  boardMapper.getCategoryListByBoardCode 특정 게시판(boardCode)에 소속된 카테고리 목록 조회 */
               CCD.CODE_ID AS categoryId
             , CCD.CODE_NAME AS categoryName
          FROM BOARD_MASTER BM
    INNER JOIN COMMON_CODE_DETAIL CCD
            ON BM.GROUP_CODE = CCD.GROUP_CODE
         WHERE BM.BOARD_CODE = 'B_SQLD_01'
           AND BM.USE_YN = 'Y'
      ORDER BY CCD.SORT_ORDER ASC
 {executed in 4 msec}
[2026-05-05 17:56:44.480] [INFO ] [http-nio-8881-exec-7] jdbc.sqltiming - SELECT /*  boardMapper.getCategoryListByBoardCode 특정 게시판(boardCode)에 소속된 카테고리 목록 조회 */
               CCD.CODE_ID AS categoryId
             , CCD.CODE_NAME AS categoryName
          FROM BOARD_MASTER BM
    INNER JOIN COMMON_CODE_DETAIL CCD
            ON BM.GROUP_CODE = CCD.GROUP_CODE
         WHERE BM.BOARD_CODE = 'B_GREETING_01'
           AND BM.USE_YN = 'Y'
      ORDER BY CCD.SORT_ORDER ASC
 {executed in 4 msec}
[2026-05-05 17:56:44.517] [INFO ] [http-nio-8881-exec-1] jdbc.sqltiming - SELECT /* MemberMapper.readMemberByMemberId (memberId를 통한 회원 정보 조회) */
               MEMBER_ID
             , USER_ID
             , USER_PASS
             , USER_NAME
             , USER_EMAIL
             , EMAIL_VERIFIED
             , USER_ROLE
             , USER_STATUS
             , PROFILE_IMAGE
             , CREATE_AT
             , UPDATE_AT
             , LAST_LOG_AT
          FROM MEMBER_INFO
        WHERE MEMBER_ID = 'MEMBER_20260423_004'
 {executed in 5 msec}
[2026-05-05 17:56:44.534] [INFO ] [http-nio-8881-exec-1] jdbc.sqltiming - SELECT  /* BoardMasterMapper.getBoardConfig 특정 게시판의 설정(이름, 카테고리 그룹, 기능 여부) 전체 리스트 조회 */
               BM.BOARD_CODE
             , BM.BOARD_NAME
             , BM.GROUP_CODE
             , BM.USE_YN
             , BM.FILE_YN
             , BM.REPLY_YN
             , BM.TAG_YN
             , CCG.SORT_ORDER
             , BM.CREATE_AT
             , BM.UPDATE_AT
          FROM BOARD_MASTER BM
          JOIN COMMON_CODE_GROUP CCG ON BM.GROUP_CODE = CCG.GROUP_CODE
         ORDER BY CCG.SORT_ORDER ASC, BM.BOARD_CODE ASC /* 그룹 순서대로 정렬 */
 {executed in 5 msec}
[2026-05-05 17:56:44.538] [INFO ] [http-nio-8881-exec-1] jdbc.sqltiming - SELECT /*  boardMapper.getCategoryListByBoardCode 특정 게시판(boardCode)에 소속된 카테고리 목록 조회 */
               CCD.CODE_ID AS categoryId
             , CCD.CODE_NAME AS categoryName
          FROM BOARD_MASTER BM
    INNER JOIN COMMON_CODE_DETAIL CCD
            ON BM.GROUP_CODE = CCD.GROUP_CODE
         WHERE BM.BOARD_CODE = 'B_NOTICE_01'
           AND BM.USE_YN = 'Y'
      ORDER BY CCD.SORT_ORDER ASC
 {executed in 4 msec}
[2026-05-05 17:56:44.544] [INFO ] [http-nio-8881-exec-1] jdbc.sqltiming - SELECT /*  boardMapper.getCategoryListByBoardCode 특정 게시판(boardCode)에 소속된 카테고리 목록 조회 */
               CCD.CODE_ID AS categoryId
             , CCD.CODE_NAME AS categoryName
          FROM BOARD_MASTER BM
    INNER JOIN COMMON_CODE_DETAIL CCD
            ON BM.GROUP_CODE = CCD.GROUP_CODE
         WHERE BM.BOARD_CODE = 'B_SQLD_01'
           AND BM.USE_YN = 'Y'
      ORDER BY CCD.SORT_ORDER ASC
 {executed in 5 msec}
[2026-05-05 17:56:44.549] [INFO ] [http-nio-8881-exec-1] jdbc.sqltiming - SELECT /*  boardMapper.getCategoryListByBoardCode 특정 게시판(boardCode)에 소속된 카테고리 목록 조회 */
               CCD.CODE_ID AS categoryId
             , CCD.CODE_NAME AS categoryName
          FROM BOARD_MASTER BM
    INNER JOIN COMMON_CODE_DETAIL CCD
            ON BM.GROUP_CODE = CCD.GROUP_CODE
         WHERE BM.BOARD_CODE = 'B_GREETING_01'
           AND BM.USE_YN = 'Y'
      ORDER BY CCD.SORT_ORDER ASC
 {executed in 5 msec}
[2026-05-05 17:56:46.734] [INFO ] [http-nio-8881-exec-4] jdbc.sqltiming - SELECT /* MemberMapper.readMemberByMemberId (memberId를 통한 회원 정보 조회) */
               MEMBER_ID
             , USER_ID
             , USER_PASS
             , USER_NAME
             , USER_EMAIL
             , EMAIL_VERIFIED
             , USER_ROLE
             , USER_STATUS
             , PROFILE_IMAGE
             , CREATE_AT
             , UPDATE_AT
             , LAST_LOG_AT
          FROM MEMBER_INFO
        WHERE MEMBER_ID = 'MEMBER_20260423_004'
 {executed in 6 msec}
[2026-05-05 17:56:46.778] [INFO ] [http-nio-8881-exec-4] jdbc.sqltiming - SELECT /* CommonCodeGroupMapper.getGroupCode (그룹코드 조회) */
               GROUP_CODE
             , GROUP_NAME
             , USE_YN
             , SORT_ORDER
             , CREATE_AT
          FROM COMMON_CODE_GROUP
      ORDER BY SORT_ORDER ASC
 {executed in 6 msec}
[2026-05-05 17:56:47.898] [INFO ] [http-nio-8881-exec-3] jdbc.sqltiming - SELECT /* MemberMapper.readMemberByMemberId (memberId를 통한 회원 정보 조회) */
               MEMBER_ID
             , USER_ID
             , USER_PASS
             , USER_NAME
             , USER_EMAIL
             , EMAIL_VERIFIED
             , USER_ROLE
             , USER_STATUS
             , PROFILE_IMAGE
             , CREATE_AT
             , UPDATE_AT
             , LAST_LOG_AT
          FROM MEMBER_INFO
        WHERE MEMBER_ID = 'MEMBER_20260423_004'
 {executed in 5 msec}
[2026-05-05 17:56:47.920] [INFO ] [http-nio-8881-exec-3] jdbc.sqltiming - SELECT /* CommonCodeDetailMapper.readCommonDetailCode (그룹코드 상세 조회) */
               GROUP_CODE
             , CODE_ID
             , CODE_NAME
             , SORT_ORDER
             , USE_YN
             , CREATE_AT
          FROM COMMON_CODE_DETAIL
         WHERE GROUP_CODE = 'G_BRD_NOTICE'
      ORDER BY SORT_ORDER
 {executed in 4 msec}
[2026-05-05 17:56:54.486] [INFO ] [http-nio-8881-exec-2] jdbc.sqltiming - SELECT /* MemberMapper.readMemberByMemberId (memberId를 통한 회원 정보 조회) */
               MEMBER_ID
             , USER_ID
             , USER_PASS
             , USER_NAME
             , USER_EMAIL
             , EMAIL_VERIFIED
             , USER_ROLE
             , USER_STATUS
             , PROFILE_IMAGE
             , CREATE_AT
             , UPDATE_AT
             , LAST_LOG_AT
          FROM MEMBER_INFO
        WHERE MEMBER_ID = 'MEMBER_20260423_004'
 {executed in 4 msec}
[2026-05-05 17:56:54.502] [INFO ] [http-nio-8881-exec-2] jdbc.sqltiming - SELECT /* commonCodeDetailMapper.getMaxSortOrder, groupCode 별, sortOrder Number 최대값 조회 */
               IFNULL(MAX(SORT_ORDER),0)
          FROM COMMON_CODE_DETAIL
         WHERE GROUP_CODE = 'G_BRD_NOTICE'
 {executed in 4 msec}
[2026-05-05 17:56:54.508] [INFO ] [http-nio-8881-exec-2] jdbc.sqltiming - SELECT /* CommonCodeDetailMapper.validateSortOrderDuplicate */
               COUNT(1)
          FROM COMMON_CODE_DETAIL
         WHERE GROUP_CODE = 'G_BRD_NOTICE'
           AND SORT_ORDER = 1

           AND CODE_ID != 'N001'
 {executed in 5 msec}
[2026-05-05 17:56:54.514] [INFO ] [http-nio-8881-exec-2] jdbc.sqltiming - SELECT /* CommonCodeDetailMapper.existsCommonDetailCode (그룹 코드 상세 ID 중복 조회) */
               COUNT(1)
          FROM COMMON_CODE_DETAIL
         WHERE GROUP_CODE = 'G_BRD_NOTICE'
           AND CODE_ID = 'N001'
 {executed in 6 msec}
[2026-05-05 17:56:54.525] [INFO ] [http-nio-8881-exec-2] jdbc.sqltiming - UPDATE /* CommonCodeDetailMapper.updateCommonCodeDetail 그룹 코드 상세 추가 */
               COMMON_CODE_DETAIL
           SET CODE_NAME = '공지사항'
             , SORT_ORDER = 1
             , USE_YN = 'Y'
             , UPDATE_AT = CURRENT_TIMESTAMP
         WHERE GROUP_CODE = 'G_BRD_NOTICE'
           AND CODE_ID ='N001'
 {executed in 10 msec}
[2026-05-05 17:56:54.594] [INFO ] [http-nio-8881-exec-9] jdbc.sqltiming - SELECT /* MemberMapper.readMemberByMemberId (memberId를 통한 회원 정보 조회) */
               MEMBER_ID
             , USER_ID
             , USER_PASS
             , USER_NAME
             , USER_EMAIL
             , EMAIL_VERIFIED
             , USER_ROLE
             , USER_STATUS
             , PROFILE_IMAGE
             , CREATE_AT
             , UPDATE_AT
             , LAST_LOG_AT
          FROM MEMBER_INFO
        WHERE MEMBER_ID = 'MEMBER_20260423_004'
 {executed in 9 msec}
[2026-05-05 17:56:54.612] [INFO ] [http-nio-8881-exec-9] jdbc.sqltiming - SELECT  /* BoardMasterMapper.getBoardConfig 특정 게시판의 설정(이름, 카테고리 그룹, 기능 여부) 전체 리스트 조회 */
               BM.BOARD_CODE
             , BM.BOARD_NAME
             , BM.GROUP_CODE
             , BM.USE_YN
             , BM.FILE_YN
             , BM.REPLY_YN
             , BM.TAG_YN
             , CCG.SORT_ORDER
             , BM.CREATE_AT
             , BM.UPDATE_AT
          FROM BOARD_MASTER BM
          JOIN COMMON_CODE_GROUP CCG ON BM.GROUP_CODE = CCG.GROUP_CODE
         ORDER BY CCG.SORT_ORDER ASC, BM.BOARD_CODE ASC /* 그룹 순서대로 정렬 */
 {executed in 4 msec}
[2026-05-05 17:56:54.618] [INFO ] [http-nio-8881-exec-9] jdbc.sqltiming - SELECT /*  boardMapper.getCategoryListByBoardCode 특정 게시판(boardCode)에 소속된 카테고리 목록 조회 */
               CCD.CODE_ID AS categoryId
             , CCD.CODE_NAME AS categoryName
          FROM BOARD_MASTER BM
    INNER JOIN COMMON_CODE_DETAIL CCD
            ON BM.GROUP_CODE = CCD.GROUP_CODE
         WHERE BM.BOARD_CODE = 'B_NOTICE_01'
           AND BM.USE_YN = 'Y'
      ORDER BY CCD.SORT_ORDER ASC
 {executed in 5 msec}
[2026-05-05 17:56:54.625] [INFO ] [http-nio-8881-exec-9] jdbc.sqltiming - SELECT /*  boardMapper.getCategoryListByBoardCode 특정 게시판(boardCode)에 소속된 카테고리 목록 조회 */
               CCD.CODE_ID AS categoryId
             , CCD.CODE_NAME AS categoryName
          FROM BOARD_MASTER BM
    INNER JOIN COMMON_CODE_DETAIL CCD
            ON BM.GROUP_CODE = CCD.GROUP_CODE
         WHERE BM.BOARD_CODE = 'B_SQLD_01'
           AND BM.USE_YN = 'Y'
      ORDER BY CCD.SORT_ORDER ASC
 {executed in 6 msec}
[2026-05-05 17:56:54.632] [INFO ] [http-nio-8881-exec-9] jdbc.sqltiming - SELECT /*  boardMapper.getCategoryListByBoardCode 특정 게시판(boardCode)에 소속된 카테고리 목록 조회 */
               CCD.CODE_ID AS categoryId
             , CCD.CODE_NAME AS categoryName
          FROM BOARD_MASTER BM
    INNER JOIN COMMON_CODE_DETAIL CCD
            ON BM.GROUP_CODE = CCD.GROUP_CODE
         WHERE BM.BOARD_CODE = 'B_GREETING_01'
           AND BM.USE_YN = 'Y'
      ORDER BY CCD.SORT_ORDER ASC
 {executed in 6 msec}
[2026-05-05 17:56:54.660] [INFO ] [http-nio-8881-exec-6] jdbc.sqltiming - SELECT /* MemberMapper.readMemberByMemberId (memberId를 통한 회원 정보 조회) */
               MEMBER_ID
             , USER_ID
             , USER_PASS
             , USER_NAME
             , USER_EMAIL
             , EMAIL_VERIFIED
             , USER_ROLE
             , USER_STATUS
             , PROFILE_IMAGE
             , CREATE_AT
             , UPDATE_AT
             , LAST_LOG_AT
          FROM MEMBER_INFO
        WHERE MEMBER_ID = 'MEMBER_20260423_004'
 {executed in 4 msec}
[2026-05-05 17:56:54.676] [INFO ] [http-nio-8881-exec-6] jdbc.sqltiming - SELECT /* CommonCodeDetailMapper.readCommonDetailCode (그룹코드 상세 조회) */
               GROUP_CODE
             , CODE_ID
             , CODE_NAME
             , SORT_ORDER
             , USE_YN
             , CREATE_AT
          FROM COMMON_CODE_DETAIL
         WHERE GROUP_CODE = 'G_BRD_NOTICE'
      ORDER BY SORT_ORDER
 {executed in 4 msec}
[2026-05-05 17:56:56.072] [INFO ] [http-nio-8881-exec-5] jdbc.sqltiming - SELECT /* MemberMapper.readMemberByMemberId (memberId를 통한 회원 정보 조회) */
               MEMBER_ID
             , USER_ID
             , USER_PASS
             , USER_NAME
             , USER_EMAIL
             , EMAIL_VERIFIED
             , USER_ROLE
             , USER_STATUS
             , PROFILE_IMAGE
             , CREATE_AT
             , UPDATE_AT
             , LAST_LOG_AT
          FROM MEMBER_INFO
        WHERE MEMBER_ID = 'MEMBER_20260423_004'
 {executed in 26 msec}
[2026-05-05 17:56:56.090] [INFO ] [http-nio-8881-exec-5] jdbc.sqltiming - SELECT /* CommonCodeDetailMapper.readCommonDetailCode (그룹코드 상세 조회) */
               GROUP_CODE
             , CODE_ID
             , CODE_NAME
             , SORT_ORDER
             , USE_YN
             , CREATE_AT
          FROM COMMON_CODE_DETAIL
         WHERE GROUP_CODE = 'G_BRD_LICENSE'
      ORDER BY SORT_ORDER
 {executed in 5 msec}
[2026-05-05 17:56:56.863] [INFO ] [http-nio-8881-exec-10] jdbc.sqltiming - SELECT /* MemberMapper.readMemberByMemberId (memberId를 통한 회원 정보 조회) */
               MEMBER_ID
             , USER_ID
             , USER_PASS
             , USER_NAME
             , USER_EMAIL
             , EMAIL_VERIFIED
             , USER_ROLE
             , USER_STATUS
             , PROFILE_IMAGE
             , CREATE_AT
             , UPDATE_AT
             , LAST_LOG_AT
          FROM MEMBER_INFO
        WHERE MEMBER_ID = 'MEMBER_20260423_004'
 {executed in 6 msec}
[2026-05-05 17:56:56.880] [INFO ] [http-nio-8881-exec-10] jdbc.sqltiming - SELECT /* CommonCodeDetailMapper.readCommonDetailCode (그룹코드 상세 조회) */
               GROUP_CODE
             , CODE_ID
             , CODE_NAME
             , SORT_ORDER
             , USE_YN
             , CREATE_AT
          FROM COMMON_CODE_DETAIL
         WHERE GROUP_CODE = 'G_BRD_GREETING'
      ORDER BY SORT_ORDER
 {executed in 5 msec}
[2026-05-05 17:56:57.535] [INFO ] [http-nio-8881-exec-8] jdbc.sqltiming - SELECT /* MemberMapper.readMemberByMemberId (memberId를 통한 회원 정보 조회) */
               MEMBER_ID
             , USER_ID
             , USER_PASS
             , USER_NAME
             , USER_EMAIL
             , EMAIL_VERIFIED
             , USER_ROLE
             , USER_STATUS
             , PROFILE_IMAGE
             , CREATE_AT
             , UPDATE_AT
             , LAST_LOG_AT
          FROM MEMBER_INFO
        WHERE MEMBER_ID = 'MEMBER_20260423_004'
 {executed in 5 msec}
[2026-05-05 17:56:57.578] [INFO ] [http-nio-8881-exec-8] jdbc.sqltiming - SELECT /* CommonCodeDetailMapper.readCommonDetailCode (그룹코드 상세 조회) */
               GROUP_CODE
             , CODE_ID
             , CODE_NAME
             , SORT_ORDER
             , USE_YN
             , CREATE_AT
          FROM COMMON_CODE_DETAIL
         WHERE GROUP_CODE = 'G_BRD_LICENSE'
      ORDER BY SORT_ORDER
 {executed in 23 msec}
[2026-05-05 17:56:58.513] [INFO ] [http-nio-8881-exec-7] jdbc.sqltiming - SELECT /* MemberMapper.readMemberByMemberId (memberId를 통한 회원 정보 조회) */
               MEMBER_ID
             , USER_ID
             , USER_PASS
             , USER_NAME
             , USER_EMAIL
             , EMAIL_VERIFIED
             , USER_ROLE
             , USER_STATUS
             , PROFILE_IMAGE
             , CREATE_AT
             , UPDATE_AT
             , LAST_LOG_AT
          FROM MEMBER_INFO
        WHERE MEMBER_ID = 'MEMBER_20260423_004'
 {executed in 5 msec}
[2026-05-05 17:56:58.524] [INFO ] [http-nio-8881-exec-7] jdbc.sqltiming - SELECT  /* BoardMapper.getBoardList (게시판 목록 전체를 조회하는 쿼리 (사용자 정보 JOIN))*/
               B.BOARD_ID
             , B.TITLE
             , B.CONTENT
             , M.USER_ID
             , M.USER_NAME
             , B.MEMBER_ID
             , B.BOARD_CODE
             , B.CATEGORY_ID
             , B.VIEW_COUNT
             , B.LIKE_COUNT
             ,(SELECT COUNT(*)
                 FROM COMMENT_MANAGEMENT CM
                WHERE CM.BOARD_ID = B.BOARD_ID
                  AND CM.DELETE_YN = 'N') AS commentCount /* 댓글 작성 수 */
             , M.PROFILE_IMAGE
             , B.CREATE_AT
             , B.UPDATE_AT
             , B.TAG_NAME
        FROM
            BOARD B
        LEFT JOIN MEMBER_INFO M ON B.MEMBER_ID = M.MEMBER_ID
        WHERE B.DELETE_YN = 'N'
        ORDER BY
            B.CREATE_AT DESC
 {executed in 5 msec}
[2026-05-05 17:57:01.765] [INFO ] [http-nio-8881-exec-1] jdbc.sqltiming - SELECT /* MemberMapper.readMemberByMemberId (memberId를 통한 회원 정보 조회) */
               MEMBER_ID
             , USER_ID
             , USER_PASS
             , USER_NAME
             , USER_EMAIL
             , EMAIL_VERIFIED
             , USER_ROLE
             , USER_STATUS
             , PROFILE_IMAGE
             , CREATE_AT
             , UPDATE_AT
             , LAST_LOG_AT
          FROM MEMBER_INFO
        WHERE MEMBER_ID = 'MEMBER_20260423_004'
 {executed in 23 msec}
[2026-05-05 17:57:01.768] [INFO ] [http-nio-8881-exec-3] jdbc.sqltiming - SELECT /* MemberMapper.readMemberByMemberId (memberId를 통한 회원 정보 조회) */
               MEMBER_ID
             , USER_ID
             , USER_PASS
             , USER_NAME
             , USER_EMAIL
             , EMAIL_VERIFIED
             , USER_ROLE
             , USER_STATUS
             , PROFILE_IMAGE
             , CREATE_AT
             , UPDATE_AT
             , LAST_LOG_AT
          FROM MEMBER_INFO
        WHERE MEMBER_ID = 'MEMBER_20260423_004'
 {executed in 26 msec}
[2026-05-05 17:57:01.768] [INFO ] [http-nio-8881-exec-4] jdbc.sqltiming - SELECT /* MemberMapper.readMemberByMemberId (memberId를 통한 회원 정보 조회) */
               MEMBER_ID
             , USER_ID
             , USER_PASS
             , USER_NAME
             , USER_EMAIL
             , EMAIL_VERIFIED
             , USER_ROLE
             , USER_STATUS
             , PROFILE_IMAGE
             , CREATE_AT
             , UPDATE_AT
             , LAST_LOG_AT
          FROM MEMBER_INFO
        WHERE MEMBER_ID = 'MEMBER_20260423_004'
 {executed in 26 msec}
[2026-05-05 17:57:01.768] [INFO ] [http-nio-8881-exec-2] jdbc.sqltiming - SELECT /* MemberMapper.readMemberByMemberId (memberId를 통한 회원 정보 조회) */
               MEMBER_ID
             , USER_ID
             , USER_PASS
             , USER_NAME
             , USER_EMAIL
             , EMAIL_VERIFIED
             , USER_ROLE
             , USER_STATUS
             , PROFILE_IMAGE
             , CREATE_AT
             , UPDATE_AT
             , LAST_LOG_AT
          FROM MEMBER_INFO
        WHERE MEMBER_ID = 'MEMBER_20260423_004'
 {executed in 26 msec}
[2026-05-05 17:57:01.778] [INFO ] [http-nio-8881-exec-3] c.s.s.service.board.BoardServiceImpl - 인기 게시물 조회를 위해 DB에 접근한다. (캐시 미적용 시에만 출력)
[2026-05-05 17:57:01.786] [INFO ] [http-nio-8881-exec-1] jdbc.sqltiming - SELECT /* BoardMapper.existBoardContent */
               COUNT(1)
          FROM BOARD
         WHERE BOARD_ID = 2
           AND DELETE_YN = 'N'
 {executed in 8 msec}
[2026-05-05 17:57:01.786] [INFO ] [http-nio-8881-exec-3] jdbc.sqltiming - SELECT /* BoardMapper.getPopularBoards (최근 15일 인기 게시글 조회) */
               B.BOARD_ID
             , B.TITLE
             , B.VIEW_COUNT
             , B.LIKE_COUNT
             , B.CREATE_AT
             , M.USER_NAME
             , M.PROFILE_IMAGE
        FROM BOARD B
        LEFT JOIN MEMBER_INFO M ON B.MEMBER_ID = M.MEMBER_ID
        WHERE B.CREATE_AT >= DATE_SUB(NOW(), INTERVAL 15 DAY)
          AND B.DELETE_YN = 'N'
        ORDER BY B.LIKE_COUNT DESC, B.VIEW_COUNT DESC
        LIMIT 5
 {executed in 7 msec}
[2026-05-05 17:57:01.787] [INFO ] [http-nio-8881-exec-2] jdbc.sqltiming - SELECT /* BoardMapper.getBoardListWithPaging (페이징 처리된 게시판 목록 조회 (지연 조인 최적화 적용)) */
               B.BOARD_ID
             , B.TITLE
             , B.CONTENT
             , M.USER_ID
             , M.USER_NAME
             , B.MEMBER_ID
             , B.BOARD_CODE
             , B.CATEGORY_ID
             , B.VIEW_COUNT
             , B.LIKE_COUNT
             ,(SELECT COUNT(*)
                 FROM COMMENT_MANAGEMENT CM
                 WHERE CM.BOARD_ID = B.BOARD_ID
                   AND CM.DELETE_YN = 'N') AS commentCount /* 댓글 작성 수 */
             , M.PROFILE_IMAGE
             , B.CREATE_AT
             , B.UPDATE_AT
             , B.TAG_NAME
          FROM BOARD B
    INNER JOIN ( /* 인덱스만 사용하여 필요한 ID들만 빠르게 추출 */
                SELECT BOARD_ID
                  FROM BOARD
             WHERE DELETE_YN = 'N'

                    AND BOARD_CODE = 'S' 
            ORDER BY CREATE_AT DESC
            LIMIT 20 OFFSET 0
        ) AS temp ON B.BOARD_ID = temp.BOARD_ID
        LEFT JOIN MEMBER_INFO M ON B.MEMBER_ID = M.MEMBER_ID
        ORDER BY B.CREATE_AT DESC
 {executed in 8 msec}
[2026-05-05 17:57:01.790] [INFO ] [http-nio-8881-exec-4] jdbc.sqltiming - SELECT /* commentMapper.getChildCommentCount (자식 대댓글 유무 확인)*/
               C.COMMENT_ID
             , C.BOARD_ID
             , C.MEMBER_ID
             , C.USER_ID
             , M.USER_NAME
             , C.CONTENT
             , C.PARENT_COMMENT_ID
             , C.LIKE_COUNT
             , C.CREATE_AT
             , C.UPDATE_AT
             , C.DELETE_YN
        FROM comment_management C
                 LEFT JOIN MEMBER_INFO M ON C.MEMBER_ID = M.MEMBER_ID
        WHERE C.BOARD_ID = 2
          AND C.DELETE_YN = 'N'
        ORDER BY C.CREATE_AT ASC
 {executed in 4 msec}
[2026-05-05 17:57:01.794] [INFO ] [http-nio-8881-exec-2] jdbc.sqltiming - SELECT /* BoardMapper.getgetBoardTotalCount (게시글 총 개수 조회) */
               COUNT(*)
          FROM BOARD
         WHERE DELETE_YN = 'N'

                AND BOARD_CODE = 'S'
 {executed in 6 msec}
[2026-05-05 17:57:01.818] [INFO ] [http-nio-8881-exec-1] jdbc.sqltiming - SELECT /* BoardMapper.getSearchBoard (게시판 글 단건조회 (사용자 정보 JOIN)) */
               B.BOARD_ID
             , B.TITLE
             , B.CONTENT
             , M.USER_ID
             , M.USER_NAME
             , B.MEMBER_ID
             , B.BOARD_CODE
             , B.CATEGORY_ID
             , B.VIEW_COUNT
             , B.LIKE_COUNT
             , M.PROFILE_IMAGE
             , B.CREATE_AT
             , B.UPDATE_AT
             , B.TAG_NAME
             , BS.SCRAP_ID /* 스크랩 고유 ID */
          FROM BOARD B
          LEFT JOIN MEMBER_INFO M ON B.MEMBER_ID = M.MEMBER_ID
          LEFT JOIN BOARD_SCRAP BS ON B.BOARD_ID = BS.BOARD_ID AND BS.MEMBER_ID = 'MEMBER_20260423_004'
         WHERE B.BOARD_ID = 2
           AND B.DELETE_YN = 'N'
 {executed in 27 msec}
[2026-05-05 17:57:01.824] [INFO ] [http-nio-8881-exec-1] jdbc.sqltiming - SELECT /* BoardMapper.getBoardFileList (게시글에 첨부된 파일 리스트 조회) */
               FILE_ID
             , BOARD_ID
             , ORIGIN_NAME
             , SAVE_NAME
             , FILE_PATH
             , FILE_SIZE
             , CREATE_AT
          FROM BOARD_FILE
         WHERE BOARD_ID = 2
 {executed in 4 msec}
[2026-05-05 17:57:01.831] [INFO ] [http-nio-8881-exec-1] jdbc.sqltiming - SELECT COUNT(*)
        FROM board_like
        WHERE BOARD_ID = 2 AND MEMBER_ID = 'MEMBER_20260423_004'
 {executed in 6 msec}
[2026-05-05 17:57:01.836] [INFO ] [http-nio-8881-exec-1] jdbc.sqltiming - SELECT /* BoardMapper.checkBoardScrap (페이지 스크랩 여부  확인) */
               COUNT(*)
          FROM BOARD_SCRAP
         WHERE BOARD_ID = 2
           AND MEMBER_ID = 'MEMBER_20260423_004'
 {executed in 5 msec}
[2026-05-05 17:57:06.074] [INFO ] [http-nio-8881-exec-9] jdbc.sqltiming - SELECT /* MemberMapper.readMemberByMemberId (memberId를 통한 회원 정보 조회) */
               MEMBER_ID
             , USER_ID
             , USER_PASS
             , USER_NAME
             , USER_EMAIL
             , EMAIL_VERIFIED
             , USER_ROLE
             , USER_STATUS
             , PROFILE_IMAGE
             , CREATE_AT
             , UPDATE_AT
             , LAST_LOG_AT
          FROM MEMBER_INFO
        WHERE MEMBER_ID = 'MEMBER_20260423_004'
 {executed in 4 msec}
[2026-05-05 17:57:06.088] [INFO ] [http-nio-8881-exec-9] jdbc.sqltiming - SELECT  /* BoardMapper.getBoardList (게시판 목록 전체를 조회하는 쿼리 (사용자 정보 JOIN))*/
               B.BOARD_ID
             , B.TITLE
             , B.CONTENT
             , M.USER_ID
             , M.USER_NAME
             , B.MEMBER_ID
             , B.BOARD_CODE
             , B.CATEGORY_ID
             , B.VIEW_COUNT
             , B.LIKE_COUNT
             ,(SELECT COUNT(*)
                 FROM COMMENT_MANAGEMENT CM
                WHERE CM.BOARD_ID = B.BOARD_ID
                  AND CM.DELETE_YN = 'N') AS commentCount /* 댓글 작성 수 */
             , M.PROFILE_IMAGE
             , B.CREATE_AT
             , B.UPDATE_AT
             , B.TAG_NAME
        FROM
            BOARD B
        LEFT JOIN MEMBER_INFO M ON B.MEMBER_ID = M.MEMBER_ID
        WHERE B.DELETE_YN = 'N'
        ORDER BY
            B.CREATE_AT DESC
 {executed in 7 msec}
[2026-05-05 17:57:07.233] [INFO ] [http-nio-8881-exec-10] jdbc.sqltiming - SELECT /* MemberMapper.readMemberByMemberId (memberId를 통한 회원 정보 조회) */
               MEMBER_ID
             , USER_ID
             , USER_PASS
             , USER_NAME
             , USER_EMAIL
             , EMAIL_VERIFIED
             , USER_ROLE
             , USER_STATUS
             , PROFILE_IMAGE
             , CREATE_AT
             , UPDATE_AT
             , LAST_LOG_AT
          FROM MEMBER_INFO
        WHERE MEMBER_ID = 'MEMBER_20260423_004'
 {executed in 5 msec}
[2026-05-05 17:57:07.233] [INFO ] [http-nio-8881-exec-8] jdbc.sqltiming - SELECT /* MemberMapper.readMemberByMemberId (memberId를 통한 회원 정보 조회) */
               MEMBER_ID
             , USER_ID
             , USER_PASS
             , USER_NAME
             , USER_EMAIL
             , EMAIL_VERIFIED
             , USER_ROLE
             , USER_STATUS
             , PROFILE_IMAGE
             , CREATE_AT
             , UPDATE_AT
             , LAST_LOG_AT
          FROM MEMBER_INFO
        WHERE MEMBER_ID = 'MEMBER_20260423_004'
 {executed in 5 msec}
[2026-05-05 17:57:07.233] [INFO ] [http-nio-8881-exec-6] jdbc.sqltiming - SELECT /* MemberMapper.readMemberByMemberId (memberId를 통한 회원 정보 조회) */
               MEMBER_ID
             , USER_ID
             , USER_PASS
             , USER_NAME
             , USER_EMAIL
             , EMAIL_VERIFIED
             , USER_ROLE
             , USER_STATUS
             , PROFILE_IMAGE
             , CREATE_AT
             , UPDATE_AT
             , LAST_LOG_AT
          FROM MEMBER_INFO
        WHERE MEMBER_ID = 'MEMBER_20260423_004'
 {executed in 5 msec}
[2026-05-05 17:57:07.234] [INFO ] [http-nio-8881-exec-5] jdbc.sqltiming - SELECT /* MemberMapper.readMemberByMemberId (memberId를 통한 회원 정보 조회) */
               MEMBER_ID
             , USER_ID
             , USER_PASS
             , USER_NAME
             , USER_EMAIL
             , EMAIL_VERIFIED
             , USER_ROLE
             , USER_STATUS
             , PROFILE_IMAGE
             , CREATE_AT
             , UPDATE_AT
             , LAST_LOG_AT
          FROM MEMBER_INFO
        WHERE MEMBER_ID = 'MEMBER_20260423_004'
 {executed in 4 msec}
[2026-05-05 17:57:07.245] [INFO ] [http-nio-8881-exec-6] jdbc.sqltiming - SELECT /* BoardMapper.existBoardContent */
               COUNT(1)
          FROM BOARD
         WHERE BOARD_ID = 3
           AND DELETE_YN = 'N'
 {executed in 4 msec}
[2026-05-05 17:57:07.247] [INFO ] [http-nio-8881-exec-8] jdbc.sqltiming - SELECT /* BoardMapper.getBoardListWithPaging (페이징 처리된 게시판 목록 조회 (지연 조인 최적화 적용)) */
               B.BOARD_ID
             , B.TITLE
             , B.CONTENT
             , M.USER_ID
             , M.USER_NAME
             , B.MEMBER_ID
             , B.BOARD_CODE
             , B.CATEGORY_ID
             , B.VIEW_COUNT
             , B.LIKE_COUNT
             ,(SELECT COUNT(*)
                 FROM COMMENT_MANAGEMENT CM
                 WHERE CM.BOARD_ID = B.BOARD_ID
                   AND CM.DELETE_YN = 'N') AS commentCount /* 댓글 작성 수 */
             , M.PROFILE_IMAGE
             , B.CREATE_AT
             , B.UPDATE_AT
             , B.TAG_NAME
          FROM BOARD B
    INNER JOIN ( /* 인덱스만 사용하여 필요한 ID들만 빠르게 추출 */
                SELECT BOARD_ID
                  FROM BOARD
             WHERE DELETE_YN = 'N'

                    AND BOARD_CODE = 'S' 
            ORDER BY CREATE_AT DESC
            LIMIT 20 OFFSET 0
        ) AS temp ON B.BOARD_ID = temp.BOARD_ID
        LEFT JOIN MEMBER_INFO M ON B.MEMBER_ID = M.MEMBER_ID
        ORDER BY B.CREATE_AT DESC
 {executed in 6 msec}
[2026-05-05 17:57:07.250] [INFO ] [http-nio-8881-exec-5] jdbc.sqltiming - SELECT /* commentMapper.getChildCommentCount (자식 대댓글 유무 확인)*/
               C.COMMENT_ID
             , C.BOARD_ID
             , C.MEMBER_ID
             , C.USER_ID
             , M.USER_NAME
             , C.CONTENT
             , C.PARENT_COMMENT_ID
             , C.LIKE_COUNT
             , C.CREATE_AT
             , C.UPDATE_AT
             , C.DELETE_YN
        FROM comment_management C
                 LEFT JOIN MEMBER_INFO M ON C.MEMBER_ID = M.MEMBER_ID
        WHERE C.BOARD_ID = 3
          AND C.DELETE_YN = 'N'
        ORDER BY C.CREATE_AT ASC
 {executed in 6 msec}
[2026-05-05 17:57:07.252] [INFO ] [http-nio-8881-exec-6] jdbc.sqltiming - SELECT /* BoardMapper.getSearchBoard (게시판 글 단건조회 (사용자 정보 JOIN)) */
               B.BOARD_ID
             , B.TITLE
             , B.CONTENT
             , M.USER_ID
             , M.USER_NAME
             , B.MEMBER_ID
             , B.BOARD_CODE
             , B.CATEGORY_ID
             , B.VIEW_COUNT
             , B.LIKE_COUNT
             , M.PROFILE_IMAGE
             , B.CREATE_AT
             , B.UPDATE_AT
             , B.TAG_NAME
             , BS.SCRAP_ID /* 스크랩 고유 ID */
          FROM BOARD B
          LEFT JOIN MEMBER_INFO M ON B.MEMBER_ID = M.MEMBER_ID
          LEFT JOIN BOARD_SCRAP BS ON B.BOARD_ID = BS.BOARD_ID AND BS.MEMBER_ID = 'MEMBER_20260423_004'
         WHERE B.BOARD_ID = 3
           AND B.DELETE_YN = 'N'
 {executed in 7 msec}
[2026-05-05 17:57:07.252] [INFO ] [http-nio-8881-exec-8] jdbc.sqltiming - SELECT /* BoardMapper.getgetBoardTotalCount (게시글 총 개수 조회) */
               COUNT(*)
          FROM BOARD
         WHERE DELETE_YN = 'N'

                AND BOARD_CODE = 'S'
 {executed in 5 msec}
[2026-05-05 17:57:07.258] [INFO ] [http-nio-8881-exec-6] jdbc.sqltiming - SELECT /* BoardMapper.getBoardFileList (게시글에 첨부된 파일 리스트 조회) */
               FILE_ID
             , BOARD_ID
             , ORIGIN_NAME
             , SAVE_NAME
             , FILE_PATH
             , FILE_SIZE
             , CREATE_AT
          FROM BOARD_FILE
         WHERE BOARD_ID = 3
 {executed in 5 msec}
[2026-05-05 17:57:07.263] [INFO ] [http-nio-8881-exec-6] jdbc.sqltiming - SELECT COUNT(*)
        FROM board_like
        WHERE BOARD_ID = 3 AND MEMBER_ID = 'MEMBER_20260423_004'
 {executed in 5 msec}
[2026-05-05 17:57:07.268] [INFO ] [http-nio-8881-exec-6] jdbc.sqltiming - SELECT /* BoardMapper.checkBoardScrap (페이지 스크랩 여부  확인) */
               COUNT(*)
          FROM BOARD_SCRAP
         WHERE BOARD_ID = 3
           AND MEMBER_ID = 'MEMBER_20260423_004'
 {executed in 5 msec}
[2026-05-05 17:57:12.123] [INFO ] [http-nio-8881-exec-7] jdbc.sqltiming - SELECT /* MemberMapper.readMemberByMemberId (memberId를 통한 회원 정보 조회) */
               MEMBER_ID
             , USER_ID
             , USER_PASS
             , USER_NAME
             , USER_EMAIL
             , EMAIL_VERIFIED
             , USER_ROLE
             , USER_STATUS
             , PROFILE_IMAGE
             , CREATE_AT
             , UPDATE_AT
             , LAST_LOG_AT
          FROM MEMBER_INFO
        WHERE MEMBER_ID = 'MEMBER_20260423_004'
 {executed in 6 msec}
[2026-05-05 17:57:12.137] [INFO ] [http-nio-8881-exec-7] jdbc.sqltiming - SELECT  /* BoardMapper.getBoardList (게시판 목록 전체를 조회하는 쿼리 (사용자 정보 JOIN))*/
               B.BOARD_ID
             , B.TITLE
             , B.CONTENT
             , M.USER_ID
             , M.USER_NAME
             , B.MEMBER_ID
             , B.BOARD_CODE
             , B.CATEGORY_ID
             , B.VIEW_COUNT
             , B.LIKE_COUNT
             ,(SELECT COUNT(*)
                 FROM COMMENT_MANAGEMENT CM
                WHERE CM.BOARD_ID = B.BOARD_ID
                  AND CM.DELETE_YN = 'N') AS commentCount /* 댓글 작성 수 */
             , M.PROFILE_IMAGE
             , B.CREATE_AT
             , B.UPDATE_AT
             , B.TAG_NAME
        FROM
            BOARD B
        LEFT JOIN MEMBER_INFO M ON B.MEMBER_ID = M.MEMBER_ID
        WHERE B.DELETE_YN = 'N'
        ORDER BY
            B.CREATE_AT DESC
 {executed in 8 msec}
[2026-05-05 17:57:51.099] [INFO ] [http-nio-8881-exec-2] jdbc.sqltiming - SELECT /* MemberMapper.readMemberByMemberId (memberId를 통한 회원 정보 조회) */
               MEMBER_ID
             , USER_ID
             , USER_PASS
             , USER_NAME
             , USER_EMAIL
             , EMAIL_VERIFIED
             , USER_ROLE
             , USER_STATUS
             , PROFILE_IMAGE
             , CREATE_AT
             , UPDATE_AT
             , LAST_LOG_AT
          FROM MEMBER_INFO
        WHERE MEMBER_ID = 'MEMBER_20260423_004'
 {executed in 7 msec}
[2026-05-05 17:57:51.099] [INFO ] [http-nio-8881-exec-3] jdbc.sqltiming - SELECT /* MemberMapper.readMemberByMemberId (memberId를 통한 회원 정보 조회) */
               MEMBER_ID
             , USER_ID
             , USER_PASS
             , USER_NAME
             , USER_EMAIL
             , EMAIL_VERIFIED
             , USER_ROLE
             , USER_STATUS
             , PROFILE_IMAGE
             , CREATE_AT
             , UPDATE_AT
             , LAST_LOG_AT
          FROM MEMBER_INFO
        WHERE MEMBER_ID = 'MEMBER_20260423_004'
 {executed in 7 msec}
[2026-05-05 17:57:51.099] [INFO ] [http-nio-8881-exec-4] jdbc.sqltiming - SELECT /* MemberMapper.readMemberByMemberId (memberId를 통한 회원 정보 조회) */
               MEMBER_ID
             , USER_ID
             , USER_PASS
             , USER_NAME
             , USER_EMAIL
             , EMAIL_VERIFIED
             , USER_ROLE
             , USER_STATUS
             , PROFILE_IMAGE
             , CREATE_AT
             , UPDATE_AT
             , LAST_LOG_AT
          FROM MEMBER_INFO
        WHERE MEMBER_ID = 'MEMBER_20260423_004'
 {executed in 7 msec}
[2026-05-05 17:57:51.121] [INFO ] [http-nio-8881-exec-2] jdbc.sqltiming - SELECT /* BoardMapper.getBoardListWithPaging (페이징 처리된 게시판 목록 조회 (지연 조인 최적화 적용)) */
               B.BOARD_ID
             , B.TITLE
             , B.CONTENT
             , M.USER_ID
             , M.USER_NAME
             , B.MEMBER_ID
             , B.BOARD_CODE
             , B.CATEGORY_ID
             , B.VIEW_COUNT
             , B.LIKE_COUNT
             ,(SELECT COUNT(*)
                 FROM COMMENT_MANAGEMENT CM
                 WHERE CM.BOARD_ID = B.BOARD_ID
                   AND CM.DELETE_YN = 'N') AS commentCount /* 댓글 작성 수 */
             , M.PROFILE_IMAGE
             , B.CREATE_AT
             , B.UPDATE_AT
             , B.TAG_NAME
          FROM BOARD B
    INNER JOIN ( /* 인덱스만 사용하여 필요한 ID들만 빠르게 추출 */
                SELECT BOARD_ID
                  FROM BOARD
             WHERE DELETE_YN = 'N'

                    AND BOARD_CODE = 'S' 
            ORDER BY CREATE_AT DESC
            LIMIT 30 OFFSET 0
        ) AS temp ON B.BOARD_ID = temp.BOARD_ID
        LEFT JOIN MEMBER_INFO M ON B.MEMBER_ID = M.MEMBER_ID
        ORDER BY B.CREATE_AT DESC
 {executed in 11 msec}
[2026-05-05 17:57:51.121] [INFO ] [http-nio-8881-exec-3] jdbc.sqltiming - SELECT /* BoardMapper.getBoardListWithPaging (페이징 처리된 게시판 목록 조회 (지연 조인 최적화 적용)) */
               B.BOARD_ID
             , B.TITLE
             , B.CONTENT
             , M.USER_ID
             , M.USER_NAME
             , B.MEMBER_ID
             , B.BOARD_CODE
             , B.CATEGORY_ID
             , B.VIEW_COUNT
             , B.LIKE_COUNT
             ,(SELECT COUNT(*)
                 FROM COMMENT_MANAGEMENT CM
                 WHERE CM.BOARD_ID = B.BOARD_ID
                   AND CM.DELETE_YN = 'N') AS commentCount /* 댓글 작성 수 */
             , M.PROFILE_IMAGE
             , B.CREATE_AT
             , B.UPDATE_AT
             , B.TAG_NAME
          FROM BOARD B
    INNER JOIN ( /* 인덱스만 사용하여 필요한 ID들만 빠르게 추출 */
                SELECT BOARD_ID
                  FROM BOARD
             WHERE DELETE_YN = 'N'

                    AND BOARD_CODE = 'B_SQLD_01' 
            ORDER BY CREATE_AT DESC
            LIMIT 10 OFFSET 0
        ) AS temp ON B.BOARD_ID = temp.BOARD_ID
        LEFT JOIN MEMBER_INFO M ON B.MEMBER_ID = M.MEMBER_ID
        ORDER BY B.CREATE_AT DESC
 {executed in 11 msec}
[2026-05-05 17:57:51.127] [INFO ] [http-nio-8881-exec-2] jdbc.sqltiming - SELECT /* BoardMapper.getgetBoardTotalCount (게시글 총 개수 조회) */
               COUNT(*)
          FROM BOARD
         WHERE DELETE_YN = 'N'

                AND BOARD_CODE = 'S'
 {executed in 5 msec}
[2026-05-05 17:57:51.127] [INFO ] [http-nio-8881-exec-3] jdbc.sqltiming - SELECT /* BoardMapper.getgetBoardTotalCount (게시글 총 개수 조회) */
               COUNT(*)
          FROM BOARD
         WHERE DELETE_YN = 'N'

                AND BOARD_CODE = 'B_SQLD_01'
 {executed in 4 msec}
[2026-05-05 17:57:55.179] [INFO ] [http-nio-8881-exec-1] jdbc.sqltiming - SELECT /* MemberMapper.readMemberByMemberId (memberId를 통한 회원 정보 조회) */
               MEMBER_ID
             , USER_ID
             , USER_PASS
             , USER_NAME
             , USER_EMAIL
             , EMAIL_VERIFIED
             , USER_ROLE
             , USER_STATUS
             , PROFILE_IMAGE
             , CREATE_AT
             , UPDATE_AT
             , LAST_LOG_AT
          FROM MEMBER_INFO
        WHERE MEMBER_ID = 'MEMBER_20260423_004'
 {executed in 16 msec}
[2026-05-05 17:57:55.179] [INFO ] [http-nio-8881-exec-10] jdbc.sqltiming - SELECT /* MemberMapper.readMemberByMemberId (memberId를 통한 회원 정보 조회) */
               MEMBER_ID
             , USER_ID
             , USER_PASS
             , USER_NAME
             , USER_EMAIL
             , EMAIL_VERIFIED
             , USER_ROLE
             , USER_STATUS
             , PROFILE_IMAGE
             , CREATE_AT
             , UPDATE_AT
             , LAST_LOG_AT
          FROM MEMBER_INFO
        WHERE MEMBER_ID = 'MEMBER_20260423_004'
 {executed in 16 msec}
[2026-05-05 17:57:55.179] [INFO ] [http-nio-8881-exec-9] jdbc.sqltiming - SELECT /* MemberMapper.readMemberByMemberId (memberId를 통한 회원 정보 조회) */
               MEMBER_ID
             , USER_ID
             , USER_PASS
             , USER_NAME
             , USER_EMAIL
             , EMAIL_VERIFIED
             , USER_ROLE
             , USER_STATUS
             , PROFILE_IMAGE
             , CREATE_AT
             , UPDATE_AT
             , LAST_LOG_AT
          FROM MEMBER_INFO
        WHERE MEMBER_ID = 'MEMBER_20260423_004'
 {executed in 16 msec}
[2026-05-05 17:57:55.192] [INFO ] [http-nio-8881-exec-1] jdbc.sqltiming - SELECT /* BoardMapper.getBoardListWithPaging (페이징 처리된 게시판 목록 조회 (지연 조인 최적화 적용)) */
               B.BOARD_ID
             , B.TITLE
             , B.CONTENT
             , M.USER_ID
             , M.USER_NAME
             , B.MEMBER_ID
             , B.BOARD_CODE
             , B.CATEGORY_ID
             , B.VIEW_COUNT
             , B.LIKE_COUNT
             ,(SELECT COUNT(*)
                 FROM COMMENT_MANAGEMENT CM
                 WHERE CM.BOARD_ID = B.BOARD_ID
                   AND CM.DELETE_YN = 'N') AS commentCount /* 댓글 작성 수 */
             , M.PROFILE_IMAGE
             , B.CREATE_AT
             , B.UPDATE_AT
             , B.TAG_NAME
          FROM BOARD B
    INNER JOIN ( /* 인덱스만 사용하여 필요한 ID들만 빠르게 추출 */
                SELECT BOARD_ID
                  FROM BOARD
             WHERE DELETE_YN = 'N'

                    AND BOARD_CODE = 'B_SQLD_01'

                    AND CATEGORY_ID = 'S001' 
            ORDER BY CREATE_AT DESC
            LIMIT 10 OFFSET 0
        ) AS temp ON B.BOARD_ID = temp.BOARD_ID
        LEFT JOIN MEMBER_INFO M ON B.MEMBER_ID = M.MEMBER_ID
        ORDER BY B.CREATE_AT DESC
 {executed in 4 msec}
[2026-05-05 17:57:55.192] [INFO ] [http-nio-8881-exec-10] jdbc.sqltiming - SELECT /* BoardMapper.getBoardListWithPaging (페이징 처리된 게시판 목록 조회 (지연 조인 최적화 적용)) */
               B.BOARD_ID
             , B.TITLE
             , B.CONTENT
             , M.USER_ID
             , M.USER_NAME
             , B.MEMBER_ID
             , B.BOARD_CODE
             , B.CATEGORY_ID
             , B.VIEW_COUNT
             , B.LIKE_COUNT
             ,(SELECT COUNT(*)
                 FROM COMMENT_MANAGEMENT CM
                 WHERE CM.BOARD_ID = B.BOARD_ID
                   AND CM.DELETE_YN = 'N') AS commentCount /* 댓글 작성 수 */
             , M.PROFILE_IMAGE
             , B.CREATE_AT
             , B.UPDATE_AT
             , B.TAG_NAME
          FROM BOARD B
    INNER JOIN ( /* 인덱스만 사용하여 필요한 ID들만 빠르게 추출 */
                SELECT BOARD_ID
                  FROM BOARD
             WHERE DELETE_YN = 'N'

                    AND BOARD_CODE = 'S' 
            ORDER BY CREATE_AT DESC
            LIMIT 30 OFFSET 0
        ) AS temp ON B.BOARD_ID = temp.BOARD_ID
        LEFT JOIN MEMBER_INFO M ON B.MEMBER_ID = M.MEMBER_ID
        ORDER BY B.CREATE_AT DESC
 {executed in 5 msec}
[2026-05-05 17:57:55.197] [INFO ] [http-nio-8881-exec-1] jdbc.sqltiming - SELECT /* BoardMapper.getgetBoardTotalCount (게시글 총 개수 조회) */
               COUNT(*)
          FROM BOARD
         WHERE DELETE_YN = 'N'

                AND BOARD_CODE = 'B_SQLD_01'

                AND CATEGORY_ID = 'S001'
 {executed in 4 msec}
[2026-05-05 17:57:55.197] [INFO ] [http-nio-8881-exec-10] jdbc.sqltiming - SELECT /* BoardMapper.getgetBoardTotalCount (게시글 총 개수 조회) */
               COUNT(*)
          FROM BOARD
         WHERE DELETE_YN = 'N'

                AND BOARD_CODE = 'S'
 {executed in 4 msec}
[2026-05-05 17:58:10.215] [INFO ] [http-nio-8881-exec-6] jdbc.sqltiming - SELECT /* MemberMapper.readMemberByMemberId (memberId를 통한 회원 정보 조회) */
               MEMBER_ID
             , USER_ID
             , USER_PASS
             , USER_NAME
             , USER_EMAIL
             , EMAIL_VERIFIED
             , USER_ROLE
             , USER_STATUS
             , PROFILE_IMAGE
             , CREATE_AT
             , UPDATE_AT
             , LAST_LOG_AT
          FROM MEMBER_INFO
        WHERE MEMBER_ID = 'MEMBER_20260423_004'
 {executed in 5 msec}
[2026-05-05 17:58:10.215] [INFO ] [http-nio-8881-exec-8] jdbc.sqltiming - SELECT /* MemberMapper.readMemberByMemberId (memberId를 통한 회원 정보 조회) */
               MEMBER_ID
             , USER_ID
             , USER_PASS
             , USER_NAME
             , USER_EMAIL
             , EMAIL_VERIFIED
             , USER_ROLE
             , USER_STATUS
             , PROFILE_IMAGE
             , CREATE_AT
             , UPDATE_AT
             , LAST_LOG_AT
          FROM MEMBER_INFO
        WHERE MEMBER_ID = 'MEMBER_20260423_004'
 {executed in 5 msec}
[2026-05-05 17:58:10.215] [INFO ] [http-nio-8881-exec-5] jdbc.sqltiming - SELECT /* MemberMapper.readMemberByMemberId (memberId를 통한 회원 정보 조회) */
               MEMBER_ID
             , USER_ID
             , USER_PASS
             , USER_NAME
             , USER_EMAIL
             , EMAIL_VERIFIED
             , USER_ROLE
             , USER_STATUS
             , PROFILE_IMAGE
             , CREATE_AT
             , UPDATE_AT
             , LAST_LOG_AT
          FROM MEMBER_INFO
        WHERE MEMBER_ID = 'MEMBER_20260423_004'
 {executed in 5 msec}
[2026-05-05 17:58:10.222] [INFO ] [http-nio-8881-exec-5] c.s.s.service.board.BoardServiceImpl - 인기 게시물 조회를 위해 DB에 접근한다. (캐시 미적용 시에만 출력)
[2026-05-05 17:58:10.225] [INFO ] [http-nio-8881-exec-6] jdbc.sqltiming - SELECT /* BoardMapper.getBoardListWithPaging (페이징 처리된 게시판 목록 조회 (지연 조인 최적화 적용)) */
               B.BOARD_ID
             , B.TITLE
             , B.CONTENT
             , M.USER_ID
             , M.USER_NAME
             , B.MEMBER_ID
             , B.BOARD_CODE
             , B.CATEGORY_ID
             , B.VIEW_COUNT
             , B.LIKE_COUNT
             ,(SELECT COUNT(*)
                 FROM COMMENT_MANAGEMENT CM
                 WHERE CM.BOARD_ID = B.BOARD_ID
                   AND CM.DELETE_YN = 'N') AS commentCount /* 댓글 작성 수 */
             , M.PROFILE_IMAGE
             , B.CREATE_AT
             , B.UPDATE_AT
             , B.TAG_NAME
          FROM BOARD B
    INNER JOIN ( /* 인덱스만 사용하여 필요한 ID들만 빠르게 추출 */
                SELECT BOARD_ID
                  FROM BOARD
             WHERE DELETE_YN = 'N'

                    AND BOARD_CODE = 'S' 
            ORDER BY CREATE_AT DESC
            LIMIT 30 OFFSET 0
        ) AS temp ON B.BOARD_ID = temp.BOARD_ID
        LEFT JOIN MEMBER_INFO M ON B.MEMBER_ID = M.MEMBER_ID
        ORDER BY B.CREATE_AT DESC
 {executed in 4 msec}
[2026-05-05 17:58:10.227] [INFO ] [http-nio-8881-exec-5] jdbc.sqltiming - SELECT /* BoardMapper.getPopularBoards (최근 15일 인기 게시글 조회) */
               B.BOARD_ID
             , B.TITLE
             , B.VIEW_COUNT
             , B.LIKE_COUNT
             , B.CREATE_AT
             , M.USER_NAME
             , M.PROFILE_IMAGE
        FROM BOARD B
        LEFT JOIN MEMBER_INFO M ON B.MEMBER_ID = M.MEMBER_ID
        WHERE B.CREATE_AT >= DATE_SUB(NOW(), INTERVAL 15 DAY)
          AND B.DELETE_YN = 'N'
        ORDER BY B.LIKE_COUNT DESC, B.VIEW_COUNT DESC
        LIMIT 5
 {executed in 4 msec}
[2026-05-05 17:58:10.229] [INFO ] [http-nio-8881-exec-6] jdbc.sqltiming - SELECT /* BoardMapper.getgetBoardTotalCount (게시글 총 개수 조회) */
               COUNT(*)
          FROM BOARD
         WHERE DELETE_YN = 'N'

                AND BOARD_CODE = 'S'
 {executed in 3 msec}
[2026-05-05 17:58:10.251] [INFO ] [http-nio-8881-exec-8] jdbc.sqltiming - SELECT /* BoardMapper.searchBoardContent*/
               B.BOARD_ID
             , B.TITLE
             , B.CONTENT
             , M.USER_ID
             , M.USER_NAME
             , B.MEMBER_ID
             , B.BOARD_CODE
             , B.CATEGORY_ID
             , B.VIEW_COUNT
             , B.LIKE_COUNT
             ,(SELECT COUNT(*)
                 FROM COMMENT_MANAGEMENT CM
                WHERE CM.BOARD_ID = B.BOARD_ID
                  AND CM.DELETE_YN = 'N') AS commentCount /* 댓글 작성 수 */
             , M.PROFILE_IMAGE
             , B.CREATE_AT
             , B.UPDATE_AT
             , B.TAG_NAME
          FROM BOARD B
    INNER JOIN /* 여기서 IDaks 빠르게 10개 추출 */
               (SELECT BOARD_ID
                  FROM BOARD
                  WHERE DELETE_YN = 'N'

                         AND MATCH(TITLE, CONTENT) AGAINST('sql*' IN BOOLEAN MODE)

                          AND BOARD_CODE = 'B_SQLD_01' 
              ORDER BY CREATE_AT DESC
                          LIMIT 10
                OFFSET 0
                ) AS temp ON B.BOARD_ID = temp.BOARD_ID
     LEFT JOIN MEMBER_INFO M ON B.MEMBER_ID = M.MEMBER_ID
      ORDER By B.CREATE_AT DESC
 {executed in 23 msec}
[2026-05-05 17:58:10.258] [INFO ] [http-nio-8881-exec-8] jdbc.sqltiming - SELECT COUNT(*)
        FROM BOARD
         WHERE DELETE_YN = 'N'

                AND MATCH(TITLE, CONTENT) AGAINST('sql*' IN BOOLEAN MODE)

                AND BOARD_CODE = 'B_SQLD_01'
 {executed in 6 msec}
[2026-05-05 17:58:13.026] [INFO ] [http-nio-8881-exec-3] jdbc.sqltiming - SELECT /* MemberMapper.readMemberByMemberId (memberId를 통한 회원 정보 조회) */
               MEMBER_ID
             , USER_ID
             , USER_PASS
             , USER_NAME
             , USER_EMAIL
             , EMAIL_VERIFIED
             , USER_ROLE
             , USER_STATUS
             , PROFILE_IMAGE
             , CREATE_AT
             , UPDATE_AT
             , LAST_LOG_AT
          FROM MEMBER_INFO
        WHERE MEMBER_ID = 'MEMBER_20260423_004'
 {executed in 5 msec}
[2026-05-05 17:58:13.026] [INFO ] [http-nio-8881-exec-4] jdbc.sqltiming - SELECT /* MemberMapper.readMemberByMemberId (memberId를 통한 회원 정보 조회) */
               MEMBER_ID
             , USER_ID
             , USER_PASS
             , USER_NAME
             , USER_EMAIL
             , EMAIL_VERIFIED
             , USER_ROLE
             , USER_STATUS
             , PROFILE_IMAGE
             , CREATE_AT
             , UPDATE_AT
             , LAST_LOG_AT
          FROM MEMBER_INFO
        WHERE MEMBER_ID = 'MEMBER_20260423_004'
 {executed in 6 msec}
[2026-05-05 17:58:13.026] [INFO ] [http-nio-8881-exec-7] jdbc.sqltiming - SELECT /* MemberMapper.readMemberByMemberId (memberId를 통한 회원 정보 조회) */
               MEMBER_ID
             , USER_ID
             , USER_PASS
             , USER_NAME
             , USER_EMAIL
             , EMAIL_VERIFIED
             , USER_ROLE
             , USER_STATUS
             , PROFILE_IMAGE
             , CREATE_AT
             , UPDATE_AT
             , LAST_LOG_AT
          FROM MEMBER_INFO
        WHERE MEMBER_ID = 'MEMBER_20260423_004'
 {executed in 6 msec}
[2026-05-05 17:58:13.038] [INFO ] [http-nio-8881-exec-3] jdbc.sqltiming - SELECT /* BoardMapper.getBoardListWithPaging (페이징 처리된 게시판 목록 조회 (지연 조인 최적화 적용)) */
               B.BOARD_ID
             , B.TITLE
             , B.CONTENT
             , M.USER_ID
             , M.USER_NAME
             , B.MEMBER_ID
             , B.BOARD_CODE
             , B.CATEGORY_ID
             , B.VIEW_COUNT
             , B.LIKE_COUNT
             ,(SELECT COUNT(*)
                 FROM COMMENT_MANAGEMENT CM
                 WHERE CM.BOARD_ID = B.BOARD_ID
                   AND CM.DELETE_YN = 'N') AS commentCount /* 댓글 작성 수 */
             , M.PROFILE_IMAGE
             , B.CREATE_AT
             , B.UPDATE_AT
             , B.TAG_NAME
          FROM BOARD B
    INNER JOIN ( /* 인덱스만 사용하여 필요한 ID들만 빠르게 추출 */
                SELECT BOARD_ID
                  FROM BOARD
             WHERE DELETE_YN = 'N'

                    AND BOARD_CODE = 'S' 
            ORDER BY CREATE_AT DESC
            LIMIT 30 OFFSET 0
        ) AS temp ON B.BOARD_ID = temp.BOARD_ID
        LEFT JOIN MEMBER_INFO M ON B.MEMBER_ID = M.MEMBER_ID
        ORDER BY B.CREATE_AT DESC
 {executed in 4 msec}
[2026-05-05 17:58:13.043] [INFO ] [http-nio-8881-exec-3] jdbc.sqltiming - SELECT /* BoardMapper.getgetBoardTotalCount (게시글 총 개수 조회) */
               COUNT(*)
          FROM BOARD
         WHERE DELETE_YN = 'N'

                AND BOARD_CODE = 'S'
 {executed in 5 msec}
[2026-05-05 17:58:13.043] [INFO ] [http-nio-8881-exec-7] jdbc.sqltiming - SELECT /* BoardMapper.searchBoardContent*/
               B.BOARD_ID
             , B.TITLE
             , B.CONTENT
             , M.USER_ID
             , M.USER_NAME
             , B.MEMBER_ID
             , B.BOARD_CODE
             , B.CATEGORY_ID
             , B.VIEW_COUNT
             , B.LIKE_COUNT
             ,(SELECT COUNT(*)
                 FROM COMMENT_MANAGEMENT CM
                WHERE CM.BOARD_ID = B.BOARD_ID
                  AND CM.DELETE_YN = 'N') AS commentCount /* 댓글 작성 수 */
             , M.PROFILE_IMAGE
             , B.CREATE_AT
             , B.UPDATE_AT
             , B.TAG_NAME
          FROM BOARD B
    INNER JOIN /* 여기서 IDaks 빠르게 10개 추출 */
               (SELECT BOARD_ID
                  FROM BOARD
                  WHERE DELETE_YN = 'N'

                         AND MATCH(TITLE, CONTENT) AGAINST('sql*' IN BOOLEAN MODE)

                          AND BOARD_CODE = 'B_SQLD_01' 
              ORDER BY CREATE_AT DESC
                          LIMIT 10
                OFFSET 0
                ) AS temp ON B.BOARD_ID = temp.BOARD_ID
     LEFT JOIN MEMBER_INFO M ON B.MEMBER_ID = M.MEMBER_ID
      ORDER By B.CREATE_AT DESC
 {executed in 5 msec}
[2026-05-05 17:58:13.048] [INFO ] [http-nio-8881-exec-7] jdbc.sqltiming - SELECT COUNT(*)
        FROM BOARD
         WHERE DELETE_YN = 'N'

                AND MATCH(TITLE, CONTENT) AGAINST('sql*' IN BOOLEAN MODE)

                AND BOARD_CODE = 'B_SQLD_01'
 {executed in 5 msec}
[2026-05-05 17:58:14.916] [INFO ] [http-nio-8881-exec-9] jdbc.sqltiming - SELECT /* MemberMapper.readMemberByMemberId (memberId를 통한 회원 정보 조회) */
               MEMBER_ID
             , USER_ID
             , USER_PASS
             , USER_NAME
             , USER_EMAIL
             , EMAIL_VERIFIED
             , USER_ROLE
             , USER_STATUS
             , PROFILE_IMAGE
             , CREATE_AT
             , UPDATE_AT
             , LAST_LOG_AT
          FROM MEMBER_INFO
        WHERE MEMBER_ID = 'MEMBER_20260423_004'
 {executed in 4 msec}
[2026-05-05 17:58:14.916] [INFO ] [http-nio-8881-exec-10] jdbc.sqltiming - SELECT /* MemberMapper.readMemberByMemberId (memberId를 통한 회원 정보 조회) */
               MEMBER_ID
             , USER_ID
             , USER_PASS
             , USER_NAME
             , USER_EMAIL
             , EMAIL_VERIFIED
             , USER_ROLE
             , USER_STATUS
             , PROFILE_IMAGE
             , CREATE_AT
             , UPDATE_AT
             , LAST_LOG_AT
          FROM MEMBER_INFO
        WHERE MEMBER_ID = 'MEMBER_20260423_004'
 {executed in 6 msec}
[2026-05-05 17:58:14.918] [INFO ] [http-nio-8881-exec-2] jdbc.sqltiming - SELECT /* MemberMapper.readMemberByMemberId (memberId를 통한 회원 정보 조회) */
               MEMBER_ID
             , USER_ID
             , USER_PASS
             , USER_NAME
             , USER_EMAIL
             , EMAIL_VERIFIED
             , USER_ROLE
             , USER_STATUS
             , PROFILE_IMAGE
             , CREATE_AT
             , UPDATE_AT
             , LAST_LOG_AT
          FROM MEMBER_INFO
        WHERE MEMBER_ID = 'MEMBER_20260423_004'
 {executed in 6 msec}
[2026-05-05 17:58:14.928] [INFO ] [http-nio-8881-exec-10] jdbc.sqltiming - SELECT /* BoardMapper.getBoardListWithPaging (페이징 처리된 게시판 목록 조회 (지연 조인 최적화 적용)) */
               B.BOARD_ID
             , B.TITLE
             , B.CONTENT
             , M.USER_ID
             , M.USER_NAME
             , B.MEMBER_ID
             , B.BOARD_CODE
             , B.CATEGORY_ID
             , B.VIEW_COUNT
             , B.LIKE_COUNT
             ,(SELECT COUNT(*)
                 FROM COMMENT_MANAGEMENT CM
                 WHERE CM.BOARD_ID = B.BOARD_ID
                   AND CM.DELETE_YN = 'N') AS commentCount /* 댓글 작성 수 */
             , M.PROFILE_IMAGE
             , B.CREATE_AT
             , B.UPDATE_AT
             , B.TAG_NAME
          FROM BOARD B
    INNER JOIN ( /* 인덱스만 사용하여 필요한 ID들만 빠르게 추출 */
                SELECT BOARD_ID
                  FROM BOARD
             WHERE DELETE_YN = 'N'

                    AND BOARD_CODE = 'S' 
            ORDER BY CREATE_AT DESC
            LIMIT 30 OFFSET 0
        ) AS temp ON B.BOARD_ID = temp.BOARD_ID
        LEFT JOIN MEMBER_INFO M ON B.MEMBER_ID = M.MEMBER_ID
        ORDER BY B.CREATE_AT DESC
 {executed in 6 msec}
[2026-05-05 17:58:14.931] [INFO ] [http-nio-8881-exec-2] jdbc.sqltiming - SELECT /* BoardMapper.getBoardListWithPaging (페이징 처리된 게시판 목록 조회 (지연 조인 최적화 적용)) */
               B.BOARD_ID
             , B.TITLE
             , B.CONTENT
             , M.USER_ID
             , M.USER_NAME
             , B.MEMBER_ID
             , B.BOARD_CODE
             , B.CATEGORY_ID
             , B.VIEW_COUNT
             , B.LIKE_COUNT
             ,(SELECT COUNT(*)
                 FROM COMMENT_MANAGEMENT CM
                 WHERE CM.BOARD_ID = B.BOARD_ID
                   AND CM.DELETE_YN = 'N') AS commentCount /* 댓글 작성 수 */
             , M.PROFILE_IMAGE
             , B.CREATE_AT
             , B.UPDATE_AT
             , B.TAG_NAME
          FROM BOARD B
    INNER JOIN ( /* 인덱스만 사용하여 필요한 ID들만 빠르게 추출 */
                SELECT BOARD_ID
                  FROM BOARD
             WHERE DELETE_YN = 'N'

                    AND BOARD_CODE = 'B_SQLD_01'

                    AND CATEGORY_ID = 'S001' 
            ORDER BY CREATE_AT DESC
            LIMIT 10 OFFSET 0
        ) AS temp ON B.BOARD_ID = temp.BOARD_ID
        LEFT JOIN MEMBER_INFO M ON B.MEMBER_ID = M.MEMBER_ID
        ORDER BY B.CREATE_AT DESC
 {executed in 5 msec}
[2026-05-05 17:58:14.932] [INFO ] [http-nio-8881-exec-10] jdbc.sqltiming - SELECT /* BoardMapper.getgetBoardTotalCount (게시글 총 개수 조회) */
               COUNT(*)
          FROM BOARD
         WHERE DELETE_YN = 'N'

                AND BOARD_CODE = 'S'
 {executed in 4 msec}
[2026-05-05 17:58:14.935] [INFO ] [http-nio-8881-exec-2] jdbc.sqltiming - SELECT /* BoardMapper.getgetBoardTotalCount (게시글 총 개수 조회) */
               COUNT(*)
          FROM BOARD
         WHERE DELETE_YN = 'N'

                AND BOARD_CODE = 'B_SQLD_01'

                AND CATEGORY_ID = 'S001'
 {executed in 4 msec}
[2026-05-05 17:58:18.284] [INFO ] [http-nio-8881-exec-6] jdbc.sqltiming - SELECT /* MemberMapper.readMemberByMemberId (memberId를 통한 회원 정보 조회) */
               MEMBER_ID
             , USER_ID
             , USER_PASS
             , USER_NAME
             , USER_EMAIL
             , EMAIL_VERIFIED
             , USER_ROLE
             , USER_STATUS
             , PROFILE_IMAGE
             , CREATE_AT
             , UPDATE_AT
             , LAST_LOG_AT
          FROM MEMBER_INFO
        WHERE MEMBER_ID = 'MEMBER_20260423_004'
 {executed in 5 msec}
[2026-05-05 17:58:18.284] [INFO ] [http-nio-8881-exec-5] jdbc.sqltiming - SELECT /* MemberMapper.readMemberByMemberId (memberId를 통한 회원 정보 조회) */
               MEMBER_ID
             , USER_ID
             , USER_PASS
             , USER_NAME
             , USER_EMAIL
             , EMAIL_VERIFIED
             , USER_ROLE
             , USER_STATUS
             , PROFILE_IMAGE
             , CREATE_AT
             , UPDATE_AT
             , LAST_LOG_AT
          FROM MEMBER_INFO
        WHERE MEMBER_ID = 'MEMBER_20260423_004'
 {executed in 5 msec}
[2026-05-05 17:58:18.284] [INFO ] [http-nio-8881-exec-1] jdbc.sqltiming - SELECT /* MemberMapper.readMemberByMemberId (memberId를 통한 회원 정보 조회) */
               MEMBER_ID
             , USER_ID
             , USER_PASS
             , USER_NAME
             , USER_EMAIL
             , EMAIL_VERIFIED
             , USER_ROLE
             , USER_STATUS
             , PROFILE_IMAGE
             , CREATE_AT
             , UPDATE_AT
             , LAST_LOG_AT
          FROM MEMBER_INFO
        WHERE MEMBER_ID = 'MEMBER_20260423_004'
 {executed in 5 msec}
[2026-05-05 17:58:18.297] [INFO ] [http-nio-8881-exec-1] jdbc.sqltiming - SELECT /* BoardMapper.getBoardListWithPaging (페이징 처리된 게시판 목록 조회 (지연 조인 최적화 적용)) */
               B.BOARD_ID
             , B.TITLE
             , B.CONTENT
             , M.USER_ID
             , M.USER_NAME
             , B.MEMBER_ID
             , B.BOARD_CODE
             , B.CATEGORY_ID
             , B.VIEW_COUNT
             , B.LIKE_COUNT
             ,(SELECT COUNT(*)
                 FROM COMMENT_MANAGEMENT CM
                 WHERE CM.BOARD_ID = B.BOARD_ID
                   AND CM.DELETE_YN = 'N') AS commentCount /* 댓글 작성 수 */
             , M.PROFILE_IMAGE
             , B.CREATE_AT
             , B.UPDATE_AT
             , B.TAG_NAME
          FROM BOARD B
    INNER JOIN ( /* 인덱스만 사용하여 필요한 ID들만 빠르게 추출 */
                SELECT BOARD_ID
                  FROM BOARD
             WHERE DELETE_YN = 'N'

                    AND BOARD_CODE = 'B_SQLD_01' 
            ORDER BY CREATE_AT DESC
            LIMIT 10 OFFSET 0
        ) AS temp ON B.BOARD_ID = temp.BOARD_ID
        LEFT JOIN MEMBER_INFO M ON B.MEMBER_ID = M.MEMBER_ID
        ORDER BY B.CREATE_AT DESC
 {executed in 4 msec}
[2026-05-05 17:58:18.297] [INFO ] [http-nio-8881-exec-5] jdbc.sqltiming - SELECT /* BoardMapper.getBoardListWithPaging (페이징 처리된 게시판 목록 조회 (지연 조인 최적화 적용)) */
               B.BOARD_ID
             , B.TITLE
             , B.CONTENT
             , M.USER_ID
             , M.USER_NAME
             , B.MEMBER_ID
             , B.BOARD_CODE
             , B.CATEGORY_ID
             , B.VIEW_COUNT
             , B.LIKE_COUNT
             ,(SELECT COUNT(*)
                 FROM COMMENT_MANAGEMENT CM
                 WHERE CM.BOARD_ID = B.BOARD_ID
                   AND CM.DELETE_YN = 'N') AS commentCount /* 댓글 작성 수 */
             , M.PROFILE_IMAGE
             , B.CREATE_AT
             , B.UPDATE_AT
             , B.TAG_NAME
          FROM BOARD B
    INNER JOIN ( /* 인덱스만 사용하여 필요한 ID들만 빠르게 추출 */
                SELECT BOARD_ID
                  FROM BOARD
             WHERE DELETE_YN = 'N'

                    AND BOARD_CODE = 'S' 
            ORDER BY CREATE_AT DESC
            LIMIT 30 OFFSET 0
        ) AS temp ON B.BOARD_ID = temp.BOARD_ID
        LEFT JOIN MEMBER_INFO M ON B.MEMBER_ID = M.MEMBER_ID
        ORDER BY B.CREATE_AT DESC
 {executed in 4 msec}
[2026-05-05 17:58:18.302] [INFO ] [http-nio-8881-exec-5] jdbc.sqltiming - SELECT /* BoardMapper.getgetBoardTotalCount (게시글 총 개수 조회) */
               COUNT(*)
          FROM BOARD
         WHERE DELETE_YN = 'N'

                AND BOARD_CODE = 'S'
 {executed in 4 msec}
[2026-05-05 17:58:18.302] [INFO ] [http-nio-8881-exec-1] jdbc.sqltiming - SELECT /* BoardMapper.getgetBoardTotalCount (게시글 총 개수 조회) */
               COUNT(*)
          FROM BOARD
         WHERE DELETE_YN = 'N'

                AND BOARD_CODE = 'B_SQLD_01'
 {executed in 3 msec}
[2026-05-05 17:58:22.098] [INFO ] [http-nio-8881-exec-3] jdbc.sqltiming - SELECT /* MemberMapper.readMemberByMemberId (memberId를 통한 회원 정보 조회) */
               MEMBER_ID
             , USER_ID
             , USER_PASS
             , USER_NAME
             , USER_EMAIL
             , EMAIL_VERIFIED
             , USER_ROLE
             , USER_STATUS
             , PROFILE_IMAGE
             , CREATE_AT
             , UPDATE_AT
             , LAST_LOG_AT
          FROM MEMBER_INFO
        WHERE MEMBER_ID = 'MEMBER_20260423_004'
 {executed in 5 msec}
[2026-05-05 17:58:22.098] [INFO ] [http-nio-8881-exec-4] jdbc.sqltiming - SELECT /* MemberMapper.readMemberByMemberId (memberId를 통한 회원 정보 조회) */
               MEMBER_ID
             , USER_ID
             , USER_PASS
             , USER_NAME
             , USER_EMAIL
             , EMAIL_VERIFIED
             , USER_ROLE
             , USER_STATUS
             , PROFILE_IMAGE
             , CREATE_AT
             , UPDATE_AT
             , LAST_LOG_AT
          FROM MEMBER_INFO
        WHERE MEMBER_ID = 'MEMBER_20260423_004'
 {executed in 5 msec}
[2026-05-05 17:58:22.098] [INFO ] [http-nio-8881-exec-8] jdbc.sqltiming - SELECT /* MemberMapper.readMemberByMemberId (memberId를 통한 회원 정보 조회) */
               MEMBER_ID
             , USER_ID
             , USER_PASS
             , USER_NAME
             , USER_EMAIL
             , EMAIL_VERIFIED
             , USER_ROLE
             , USER_STATUS
             , PROFILE_IMAGE
             , CREATE_AT
             , UPDATE_AT
             , LAST_LOG_AT
          FROM MEMBER_INFO
        WHERE MEMBER_ID = 'MEMBER_20260423_004'
 {executed in 5 msec}
[2026-05-05 17:58:22.107] [INFO ] [http-nio-8881-exec-3] jdbc.sqltiming - SELECT /* BoardMapper.getBoardListWithPaging (페이징 처리된 게시판 목록 조회 (지연 조인 최적화 적용)) */
               B.BOARD_ID
             , B.TITLE
             , B.CONTENT
             , M.USER_ID
             , M.USER_NAME
             , B.MEMBER_ID
             , B.BOARD_CODE
             , B.CATEGORY_ID
             , B.VIEW_COUNT
             , B.LIKE_COUNT
             ,(SELECT COUNT(*)
                 FROM COMMENT_MANAGEMENT CM
                 WHERE CM.BOARD_ID = B.BOARD_ID
                   AND CM.DELETE_YN = 'N') AS commentCount /* 댓글 작성 수 */
             , M.PROFILE_IMAGE
             , B.CREATE_AT
             , B.UPDATE_AT
             , B.TAG_NAME
          FROM BOARD B
    INNER JOIN ( /* 인덱스만 사용하여 필요한 ID들만 빠르게 추출 */
                SELECT BOARD_ID
                  FROM BOARD
             WHERE DELETE_YN = 'N'

                    AND BOARD_CODE = 'S' 
            ORDER BY CREATE_AT DESC
            LIMIT 30 OFFSET 0
        ) AS temp ON B.BOARD_ID = temp.BOARD_ID
        LEFT JOIN MEMBER_INFO M ON B.MEMBER_ID = M.MEMBER_ID
        ORDER BY B.CREATE_AT DESC
 {executed in 3 msec}
[2026-05-05 17:58:22.114] [INFO ] [http-nio-8881-exec-3] jdbc.sqltiming - SELECT /* BoardMapper.getgetBoardTotalCount (게시글 총 개수 조회) */
               COUNT(*)
          FROM BOARD
         WHERE DELETE_YN = 'N'

                AND BOARD_CODE = 'S'
 {executed in 6 msec}
[2026-05-05 17:58:22.116] [INFO ] [http-nio-8881-exec-8] jdbc.sqltiming - SELECT /* BoardMapper.searchBoardContent*/
               B.BOARD_ID
             , B.TITLE
             , B.CONTENT
             , M.USER_ID
             , M.USER_NAME
             , B.MEMBER_ID
             , B.BOARD_CODE
             , B.CATEGORY_ID
             , B.VIEW_COUNT
             , B.LIKE_COUNT
             ,(SELECT COUNT(*)
                 FROM COMMENT_MANAGEMENT CM
                WHERE CM.BOARD_ID = B.BOARD_ID
                  AND CM.DELETE_YN = 'N') AS commentCount /* 댓글 작성 수 */
             , M.PROFILE_IMAGE
             , B.CREATE_AT
             , B.UPDATE_AT
             , B.TAG_NAME
          FROM BOARD B
    INNER JOIN /* 여기서 IDaks 빠르게 10개 추출 */
               (SELECT BOARD_ID
                  FROM BOARD
                  WHERE DELETE_YN = 'N'

                         AND MATCH(TITLE, CONTENT) AGAINST('1*' IN BOOLEAN MODE)

                          AND BOARD_CODE = 'B_SQLD_01' 
              ORDER BY CREATE_AT DESC
                          LIMIT 10
                OFFSET 0
                ) AS temp ON B.BOARD_ID = temp.BOARD_ID
     LEFT JOIN MEMBER_INFO M ON B.MEMBER_ID = M.MEMBER_ID
      ORDER By B.CREATE_AT DESC
 {executed in 8 msec}
[2026-05-05 17:58:22.123] [INFO ] [http-nio-8881-exec-8] jdbc.sqltiming - SELECT COUNT(*)
        FROM BOARD
         WHERE DELETE_YN = 'N'

                AND MATCH(TITLE, CONTENT) AGAINST('1*' IN BOOLEAN MODE)

                AND BOARD_CODE = 'B_SQLD_01'
 {executed in 5 msec}
[2026-05-05 17:58:25.586] [INFO ] [http-nio-8881-exec-7] jdbc.sqltiming - SELECT /* MemberMapper.readMemberByMemberId (memberId를 통한 회원 정보 조회) */
               MEMBER_ID
             , USER_ID
             , USER_PASS
             , USER_NAME
             , USER_EMAIL
             , EMAIL_VERIFIED
             , USER_ROLE
             , USER_STATUS
             , PROFILE_IMAGE
             , CREATE_AT
             , UPDATE_AT
             , LAST_LOG_AT
          FROM MEMBER_INFO
        WHERE MEMBER_ID = 'MEMBER_20260423_004'
 {executed in 6 msec}
[2026-05-05 17:58:25.586] [INFO ] [http-nio-8881-exec-9] jdbc.sqltiming - SELECT /* MemberMapper.readMemberByMemberId (memberId를 통한 회원 정보 조회) */
               MEMBER_ID
             , USER_ID
             , USER_PASS
             , USER_NAME
             , USER_EMAIL
             , EMAIL_VERIFIED
             , USER_ROLE
             , USER_STATUS
             , PROFILE_IMAGE
             , CREATE_AT
             , UPDATE_AT
             , LAST_LOG_AT
          FROM MEMBER_INFO
        WHERE MEMBER_ID = 'MEMBER_20260423_004'
 {executed in 6 msec}
[2026-05-05 17:58:25.586] [INFO ] [http-nio-8881-exec-10] jdbc.sqltiming - SELECT /* MemberMapper.readMemberByMemberId (memberId를 통한 회원 정보 조회) */
               MEMBER_ID
             , USER_ID
             , USER_PASS
             , USER_NAME
             , USER_EMAIL
             , EMAIL_VERIFIED
             , USER_ROLE
             , USER_STATUS
             , PROFILE_IMAGE
             , CREATE_AT
             , UPDATE_AT
             , LAST_LOG_AT
          FROM MEMBER_INFO
        WHERE MEMBER_ID = 'MEMBER_20260423_004'
 {executed in 6 msec}
[2026-05-05 17:58:25.603] [INFO ] [http-nio-8881-exec-10] jdbc.sqltiming - SELECT /* BoardMapper.getBoardListWithPaging (페이징 처리된 게시판 목록 조회 (지연 조인 최적화 적용)) */
               B.BOARD_ID
             , B.TITLE
             , B.CONTENT
             , M.USER_ID
             , M.USER_NAME
             , B.MEMBER_ID
             , B.BOARD_CODE
             , B.CATEGORY_ID
             , B.VIEW_COUNT
             , B.LIKE_COUNT
             ,(SELECT COUNT(*)
                 FROM COMMENT_MANAGEMENT CM
                 WHERE CM.BOARD_ID = B.BOARD_ID
                   AND CM.DELETE_YN = 'N') AS commentCount /* 댓글 작성 수 */
             , M.PROFILE_IMAGE
             , B.CREATE_AT
             , B.UPDATE_AT
             , B.TAG_NAME
          FROM BOARD B
    INNER JOIN ( /* 인덱스만 사용하여 필요한 ID들만 빠르게 추출 */
                SELECT BOARD_ID
                  FROM BOARD
             WHERE DELETE_YN = 'N'

                    AND BOARD_CODE = 'S' 
            ORDER BY CREATE_AT DESC
            LIMIT 30 OFFSET 0
        ) AS temp ON B.BOARD_ID = temp.BOARD_ID
        LEFT JOIN MEMBER_INFO M ON B.MEMBER_ID = M.MEMBER_ID
        ORDER BY B.CREATE_AT DESC
 {executed in 7 msec}
[2026-05-05 17:58:25.603] [INFO ] [http-nio-8881-exec-7] jdbc.sqltiming - SELECT /* BoardMapper.searchBoardContent*/
               B.BOARD_ID
             , B.TITLE
             , B.CONTENT
             , M.USER_ID
             , M.USER_NAME
             , B.MEMBER_ID
             , B.BOARD_CODE
             , B.CATEGORY_ID
             , B.VIEW_COUNT
             , B.LIKE_COUNT
             ,(SELECT COUNT(*)
                 FROM COMMENT_MANAGEMENT CM
                WHERE CM.BOARD_ID = B.BOARD_ID
                  AND CM.DELETE_YN = 'N') AS commentCount /* 댓글 작성 수 */
             , M.PROFILE_IMAGE
             , B.CREATE_AT
             , B.UPDATE_AT
             , B.TAG_NAME
          FROM BOARD B
    INNER JOIN /* 여기서 IDaks 빠르게 10개 추출 */
               (SELECT BOARD_ID
                  FROM BOARD
                  WHERE DELETE_YN = 'N'

                         AND MATCH(TITLE, CONTENT) AGAINST('과*' IN BOOLEAN MODE)

                          AND BOARD_CODE = 'B_SQLD_01' 
              ORDER BY CREATE_AT DESC
                          LIMIT 10
                OFFSET 0
                ) AS temp ON B.BOARD_ID = temp.BOARD_ID
     LEFT JOIN MEMBER_INFO M ON B.MEMBER_ID = M.MEMBER_ID
      ORDER By B.CREATE_AT DESC
 {executed in 6 msec}
[2026-05-05 17:58:25.608] [INFO ] [http-nio-8881-exec-7] jdbc.sqltiming - SELECT COUNT(*)
        FROM BOARD
         WHERE DELETE_YN = 'N'

                AND MATCH(TITLE, CONTENT) AGAINST('과*' IN BOOLEAN MODE)

                AND BOARD_CODE = 'B_SQLD_01'
 {executed in 5 msec}
[2026-05-05 17:58:25.608] [INFO ] [http-nio-8881-exec-10] jdbc.sqltiming - SELECT /* BoardMapper.getgetBoardTotalCount (게시글 총 개수 조회) */
               COUNT(*)
          FROM BOARD
         WHERE DELETE_YN = 'N'

                AND BOARD_CODE = 'S'
 {executed in 5 msec}
[2026-05-05 17:58:28.533] [INFO ] [http-nio-8881-exec-6] jdbc.sqltiming - SELECT /* MemberMapper.readMemberByMemberId (memberId를 통한 회원 정보 조회) */
               MEMBER_ID
             , USER_ID
             , USER_PASS
             , USER_NAME
             , USER_EMAIL
             , EMAIL_VERIFIED
             , USER_ROLE
             , USER_STATUS
             , PROFILE_IMAGE
             , CREATE_AT
             , UPDATE_AT
             , LAST_LOG_AT
          FROM MEMBER_INFO
        WHERE MEMBER_ID = 'MEMBER_20260423_004'
 {executed in 10 msec}
[2026-05-05 17:58:28.533] [INFO ] [http-nio-8881-exec-2] jdbc.sqltiming - SELECT /* MemberMapper.readMemberByMemberId (memberId를 통한 회원 정보 조회) */
               MEMBER_ID
             , USER_ID
             , USER_PASS
             , USER_NAME
             , USER_EMAIL
             , EMAIL_VERIFIED
             , USER_ROLE
             , USER_STATUS
             , PROFILE_IMAGE
             , CREATE_AT
             , UPDATE_AT
             , LAST_LOG_AT
          FROM MEMBER_INFO
        WHERE MEMBER_ID = 'MEMBER_20260423_004'
 {executed in 10 msec}
[2026-05-05 17:58:28.533] [INFO ] [http-nio-8881-exec-1] jdbc.sqltiming - SELECT /* MemberMapper.readMemberByMemberId (memberId를 통한 회원 정보 조회) */
               MEMBER_ID
             , USER_ID
             , USER_PASS
             , USER_NAME
             , USER_EMAIL
             , EMAIL_VERIFIED
             , USER_ROLE
             , USER_STATUS
             , PROFILE_IMAGE
             , CREATE_AT
             , UPDATE_AT
             , LAST_LOG_AT
          FROM MEMBER_INFO
        WHERE MEMBER_ID = 'MEMBER_20260423_004'
 {executed in 10 msec}
[2026-05-05 17:58:28.543] [INFO ] [http-nio-8881-exec-1] jdbc.sqltiming - SELECT /* BoardMapper.getBoardListWithPaging (페이징 처리된 게시판 목록 조회 (지연 조인 최적화 적용)) */
               B.BOARD_ID
             , B.TITLE
             , B.CONTENT
             , M.USER_ID
             , M.USER_NAME
             , B.MEMBER_ID
             , B.BOARD_CODE
             , B.CATEGORY_ID
             , B.VIEW_COUNT
             , B.LIKE_COUNT
             ,(SELECT COUNT(*)
                 FROM COMMENT_MANAGEMENT CM
                 WHERE CM.BOARD_ID = B.BOARD_ID
                   AND CM.DELETE_YN = 'N') AS commentCount /* 댓글 작성 수 */
             , M.PROFILE_IMAGE
             , B.CREATE_AT
             , B.UPDATE_AT
             , B.TAG_NAME
          FROM BOARD B
    INNER JOIN ( /* 인덱스만 사용하여 필요한 ID들만 빠르게 추출 */
                SELECT BOARD_ID
                  FROM BOARD
             WHERE DELETE_YN = 'N'

                    AND BOARD_CODE = 'S' 
            ORDER BY CREATE_AT DESC
            LIMIT 30 OFFSET 0
        ) AS temp ON B.BOARD_ID = temp.BOARD_ID
        LEFT JOIN MEMBER_INFO M ON B.MEMBER_ID = M.MEMBER_ID
        ORDER BY B.CREATE_AT DESC
 {executed in 4 msec}
[2026-05-05 17:58:28.547] [INFO ] [http-nio-8881-exec-1] jdbc.sqltiming - SELECT /* BoardMapper.getgetBoardTotalCount (게시글 총 개수 조회) */
               COUNT(*)
          FROM BOARD
         WHERE DELETE_YN = 'N'

                AND BOARD_CODE = 'S'
 {executed in 4 msec}
[2026-05-05 17:58:28.547] [INFO ] [http-nio-8881-exec-2] jdbc.sqltiming - SELECT /* BoardMapper.searchBoardContent*/
               B.BOARD_ID
             , B.TITLE
             , B.CONTENT
             , M.USER_ID
             , M.USER_NAME
             , B.MEMBER_ID
             , B.BOARD_CODE
             , B.CATEGORY_ID
             , B.VIEW_COUNT
             , B.LIKE_COUNT
             ,(SELECT COUNT(*)
                 FROM COMMENT_MANAGEMENT CM
                WHERE CM.BOARD_ID = B.BOARD_ID
                  AND CM.DELETE_YN = 'N') AS commentCount /* 댓글 작성 수 */
             , M.PROFILE_IMAGE
             , B.CREATE_AT
             , B.UPDATE_AT
             , B.TAG_NAME
          FROM BOARD B
    INNER JOIN /* 여기서 IDaks 빠르게 10개 추출 */
               (SELECT BOARD_ID
                  FROM BOARD
                  WHERE DELETE_YN = 'N'

                         AND MATCH(TITLE, CONTENT) AGAINST('과목*' IN BOOLEAN MODE)

                          AND BOARD_CODE = 'B_SQLD_01' 
              ORDER BY CREATE_AT DESC
                          LIMIT 10
                OFFSET 0
                ) AS temp ON B.BOARD_ID = temp.BOARD_ID
     LEFT JOIN MEMBER_INFO M ON B.MEMBER_ID = M.MEMBER_ID
      ORDER By B.CREATE_AT DESC
 {executed in 4 msec}
[2026-05-05 17:58:28.554] [INFO ] [http-nio-8881-exec-2] jdbc.sqltiming - SELECT COUNT(*)
        FROM BOARD
         WHERE DELETE_YN = 'N'

                AND MATCH(TITLE, CONTENT) AGAINST('과목*' IN BOOLEAN MODE)

                AND BOARD_CODE = 'B_SQLD_01'
 {executed in 6 msec}
[2026-05-05 17:58:33.443] [INFO ] [http-nio-8881-exec-5] jdbc.sqltiming - SELECT /* MemberMapper.readMemberByMemberId (memberId를 통한 회원 정보 조회) */
               MEMBER_ID
             , USER_ID
             , USER_PASS
             , USER_NAME
             , USER_EMAIL
             , EMAIL_VERIFIED
             , USER_ROLE
             , USER_STATUS
             , PROFILE_IMAGE
             , CREATE_AT
             , UPDATE_AT
             , LAST_LOG_AT
          FROM MEMBER_INFO
        WHERE MEMBER_ID = 'MEMBER_20260423_004'
 {executed in 5 msec}
[2026-05-05 17:58:33.447] [INFO ] [http-nio-8881-exec-3] jdbc.sqltiming - SELECT /* MemberMapper.readMemberByMemberId (memberId를 통한 회원 정보 조회) */
               MEMBER_ID
             , USER_ID
             , USER_PASS
             , USER_NAME
             , USER_EMAIL
             , EMAIL_VERIFIED
             , USER_ROLE
             , USER_STATUS
             , PROFILE_IMAGE
             , CREATE_AT
             , UPDATE_AT
             , LAST_LOG_AT
          FROM MEMBER_INFO
        WHERE MEMBER_ID = 'MEMBER_20260423_004'
 {executed in 9 msec}
[2026-05-05 17:58:33.448] [INFO ] [http-nio-8881-exec-4] jdbc.sqltiming - SELECT /* MemberMapper.readMemberByMemberId (memberId를 통한 회원 정보 조회) */
               MEMBER_ID
             , USER_ID
             , USER_PASS
             , USER_NAME
             , USER_EMAIL
             , EMAIL_VERIFIED
             , USER_ROLE
             , USER_STATUS
             , PROFILE_IMAGE
             , CREATE_AT
             , UPDATE_AT
             , LAST_LOG_AT
          FROM MEMBER_INFO
        WHERE MEMBER_ID = 'MEMBER_20260423_004'
 {executed in 10 msec}
[2026-05-05 17:58:33.453] [INFO ] [http-nio-8881-exec-5] jdbc.sqltiming - SELECT /* BoardMapper.getBoardListWithPaging (페이징 처리된 게시판 목록 조회 (지연 조인 최적화 적용)) */
               B.BOARD_ID
             , B.TITLE
             , B.CONTENT
             , M.USER_ID
             , M.USER_NAME
             , B.MEMBER_ID
             , B.BOARD_CODE
             , B.CATEGORY_ID
             , B.VIEW_COUNT
             , B.LIKE_COUNT
             ,(SELECT COUNT(*)
                 FROM COMMENT_MANAGEMENT CM
                 WHERE CM.BOARD_ID = B.BOARD_ID
                   AND CM.DELETE_YN = 'N') AS commentCount /* 댓글 작성 수 */
             , M.PROFILE_IMAGE
             , B.CREATE_AT
             , B.UPDATE_AT
             , B.TAG_NAME
          FROM BOARD B
    INNER JOIN ( /* 인덱스만 사용하여 필요한 ID들만 빠르게 추출 */
                SELECT BOARD_ID
                  FROM BOARD
             WHERE DELETE_YN = 'N'

                    AND BOARD_CODE = 'B_SQLD_01' 
            ORDER BY CREATE_AT DESC
            LIMIT 10 OFFSET 0
        ) AS temp ON B.BOARD_ID = temp.BOARD_ID
        LEFT JOIN MEMBER_INFO M ON B.MEMBER_ID = M.MEMBER_ID
        ORDER BY B.CREATE_AT DESC
 {executed in 5 msec}
[2026-05-05 17:58:33.457] [INFO ] [http-nio-8881-exec-3] jdbc.sqltiming - SELECT /* BoardMapper.getBoardListWithPaging (페이징 처리된 게시판 목록 조회 (지연 조인 최적화 적용)) */
               B.BOARD_ID
             , B.TITLE
             , B.CONTENT
             , M.USER_ID
             , M.USER_NAME
             , B.MEMBER_ID
             , B.BOARD_CODE
             , B.CATEGORY_ID
             , B.VIEW_COUNT
             , B.LIKE_COUNT
             ,(SELECT COUNT(*)
                 FROM COMMENT_MANAGEMENT CM
                 WHERE CM.BOARD_ID = B.BOARD_ID
                   AND CM.DELETE_YN = 'N') AS commentCount /* 댓글 작성 수 */
             , M.PROFILE_IMAGE
             , B.CREATE_AT
             , B.UPDATE_AT
             , B.TAG_NAME
          FROM BOARD B
    INNER JOIN ( /* 인덱스만 사용하여 필요한 ID들만 빠르게 추출 */
                SELECT BOARD_ID
                  FROM BOARD
             WHERE DELETE_YN = 'N'

                    AND BOARD_CODE = 'S' 
            ORDER BY CREATE_AT DESC
            LIMIT 30 OFFSET 0
        ) AS temp ON B.BOARD_ID = temp.BOARD_ID
        LEFT JOIN MEMBER_INFO M ON B.MEMBER_ID = M.MEMBER_ID
        ORDER BY B.CREATE_AT DESC
 {executed in 4 msec}
[2026-05-05 17:58:33.457] [INFO ] [http-nio-8881-exec-5] jdbc.sqltiming - SELECT /* BoardMapper.getgetBoardTotalCount (게시글 총 개수 조회) */
               COUNT(*)
          FROM BOARD
         WHERE DELETE_YN = 'N'

                AND BOARD_CODE = 'B_SQLD_01'
 {executed in 2 msec}
[2026-05-05 17:58:33.462] [INFO ] [http-nio-8881-exec-3] jdbc.sqltiming - SELECT /* BoardMapper.getgetBoardTotalCount (게시글 총 개수 조회) */
               COUNT(*)
          FROM BOARD
         WHERE DELETE_YN = 'N'

                AND BOARD_CODE = 'S'
 {executed in 5 msec}
[2026-05-05 17:58:37.353] [INFO ] [http-nio-8881-exec-10] jdbc.sqltiming - SELECT /* MemberMapper.readMemberByMemberId (memberId를 통한 회원 정보 조회) */
               MEMBER_ID
             , USER_ID
             , USER_PASS
             , USER_NAME
             , USER_EMAIL
             , EMAIL_VERIFIED
             , USER_ROLE
             , USER_STATUS
             , PROFILE_IMAGE
             , CREATE_AT
             , UPDATE_AT
             , LAST_LOG_AT
          FROM MEMBER_INFO
        WHERE MEMBER_ID = 'MEMBER_20260423_004'
 {executed in 5 msec}
[2026-05-05 17:58:37.353] [INFO ] [http-nio-8881-exec-9] jdbc.sqltiming - SELECT /* MemberMapper.readMemberByMemberId (memberId를 통한 회원 정보 조회) */
               MEMBER_ID
             , USER_ID
             , USER_PASS
             , USER_NAME
             , USER_EMAIL
             , EMAIL_VERIFIED
             , USER_ROLE
             , USER_STATUS
             , PROFILE_IMAGE
             , CREATE_AT
             , UPDATE_AT
             , LAST_LOG_AT
          FROM MEMBER_INFO
        WHERE MEMBER_ID = 'MEMBER_20260423_004'
 {executed in 5 msec}
[2026-05-05 17:58:37.353] [INFO ] [http-nio-8881-exec-8] jdbc.sqltiming - SELECT /* MemberMapper.readMemberByMemberId (memberId를 통한 회원 정보 조회) */
               MEMBER_ID
             , USER_ID
             , USER_PASS
             , USER_NAME
             , USER_EMAIL
             , EMAIL_VERIFIED
             , USER_ROLE
             , USER_STATUS
             , PROFILE_IMAGE
             , CREATE_AT
             , UPDATE_AT
             , LAST_LOG_AT
          FROM MEMBER_INFO
        WHERE MEMBER_ID = 'MEMBER_20260423_004'
 {executed in 5 msec}
[2026-05-05 17:58:37.365] [INFO ] [http-nio-8881-exec-10] jdbc.sqltiming - SELECT /* BoardMapper.getBoardListWithPaging (페이징 처리된 게시판 목록 조회 (지연 조인 최적화 적용)) */
               B.BOARD_ID
             , B.TITLE
             , B.CONTENT
             , M.USER_ID
             , M.USER_NAME
             , B.MEMBER_ID
             , B.BOARD_CODE
             , B.CATEGORY_ID
             , B.VIEW_COUNT
             , B.LIKE_COUNT
             ,(SELECT COUNT(*)
                 FROM COMMENT_MANAGEMENT CM
                 WHERE CM.BOARD_ID = B.BOARD_ID
                   AND CM.DELETE_YN = 'N') AS commentCount /* 댓글 작성 수 */
             , M.PROFILE_IMAGE
             , B.CREATE_AT
             , B.UPDATE_AT
             , B.TAG_NAME
          FROM BOARD B
    INNER JOIN ( /* 인덱스만 사용하여 필요한 ID들만 빠르게 추출 */
                SELECT BOARD_ID
                  FROM BOARD
             WHERE DELETE_YN = 'N'

                    AND BOARD_CODE = 'S' 
            ORDER BY CREATE_AT DESC
            LIMIT 30 OFFSET 0
        ) AS temp ON B.BOARD_ID = temp.BOARD_ID
        LEFT JOIN MEMBER_INFO M ON B.MEMBER_ID = M.MEMBER_ID
        ORDER BY B.CREATE_AT DESC
 {executed in 4 msec}
[2026-05-05 17:58:37.376] [INFO ] [http-nio-8881-exec-10] jdbc.sqltiming - SELECT /* BoardMapper.getgetBoardTotalCount (게시글 총 개수 조회) */
               COUNT(*)
          FROM BOARD
         WHERE DELETE_YN = 'N'

                AND BOARD_CODE = 'S'
 {executed in 4 msec}
[2026-05-05 17:58:37.376] [INFO ] [http-nio-8881-exec-8] jdbc.sqltiming - SELECT /* BoardMapper.searchBoardContent*/
               B.BOARD_ID
             , B.TITLE
             , B.CONTENT
             , M.USER_ID
             , M.USER_NAME
             , B.MEMBER_ID
             , B.BOARD_CODE
             , B.CATEGORY_ID
             , B.VIEW_COUNT
             , B.LIKE_COUNT
             ,(SELECT COUNT(*)
                 FROM COMMENT_MANAGEMENT CM
                WHERE CM.BOARD_ID = B.BOARD_ID
                  AND CM.DELETE_YN = 'N') AS commentCount /* 댓글 작성 수 */
             , M.PROFILE_IMAGE
             , B.CREATE_AT
             , B.UPDATE_AT
             , B.TAG_NAME
          FROM BOARD B
    INNER JOIN /* 여기서 IDaks 빠르게 10개 추출 */
               (SELECT BOARD_ID
                  FROM BOARD
                  WHERE DELETE_YN = 'N'

                         AND MATCH(TITLE, CONTENT) AGAINST('데이터*' IN BOOLEAN MODE)

                          AND BOARD_CODE = 'B_SQLD_01' 
              ORDER BY CREATE_AT DESC
                          LIMIT 10
                OFFSET 0
                ) AS temp ON B.BOARD_ID = temp.BOARD_ID
     LEFT JOIN MEMBER_INFO M ON B.MEMBER_ID = M.MEMBER_ID
      ORDER By B.CREATE_AT DESC
 {executed in 5 msec}
[2026-05-05 17:58:37.380] [INFO ] [http-nio-8881-exec-8] jdbc.sqltiming - SELECT COUNT(*)
        FROM BOARD
         WHERE DELETE_YN = 'N'

                AND MATCH(TITLE, CONTENT) AGAINST('데이터*' IN BOOLEAN MODE)

                AND BOARD_CODE = 'B_SQLD_01'
 {executed in 3 msec}
[2026-05-05 17:58:43.869] [INFO ] [http-nio-8881-exec-1] jdbc.sqltiming - SELECT /* MemberMapper.readMemberByMemberId (memberId를 통한 회원 정보 조회) */
               MEMBER_ID
             , USER_ID
             , USER_PASS
             , USER_NAME
             , USER_EMAIL
             , EMAIL_VERIFIED
             , USER_ROLE
             , USER_STATUS
             , PROFILE_IMAGE
             , CREATE_AT
             , UPDATE_AT
             , LAST_LOG_AT
          FROM MEMBER_INFO
        WHERE MEMBER_ID = 'MEMBER_20260423_004'
 {executed in 9 msec}
[2026-05-05 17:58:43.869] [INFO ] [http-nio-8881-exec-6] jdbc.sqltiming - SELECT /* MemberMapper.readMemberByMemberId (memberId를 통한 회원 정보 조회) */
               MEMBER_ID
             , USER_ID
             , USER_PASS
             , USER_NAME
             , USER_EMAIL
             , EMAIL_VERIFIED
             , USER_ROLE
             , USER_STATUS
             , PROFILE_IMAGE
             , CREATE_AT
             , UPDATE_AT
             , LAST_LOG_AT
          FROM MEMBER_INFO
        WHERE MEMBER_ID = 'MEMBER_20260423_004'
 {executed in 9 msec}
[2026-05-05 17:58:43.869] [INFO ] [http-nio-8881-exec-7] jdbc.sqltiming - SELECT /* MemberMapper.readMemberByMemberId (memberId를 통한 회원 정보 조회) */
               MEMBER_ID
             , USER_ID
             , USER_PASS
             , USER_NAME
             , USER_EMAIL
             , EMAIL_VERIFIED
             , USER_ROLE
             , USER_STATUS
             , PROFILE_IMAGE
             , CREATE_AT
             , UPDATE_AT
             , LAST_LOG_AT
          FROM MEMBER_INFO
        WHERE MEMBER_ID = 'MEMBER_20260423_004'
 {executed in 10 msec}
[2026-05-05 17:58:43.883] [INFO ] [http-nio-8881-exec-1] jdbc.sqltiming - SELECT /* BoardMapper.getBoardListWithPaging (페이징 처리된 게시판 목록 조회 (지연 조인 최적화 적용)) */
               B.BOARD_ID
             , B.TITLE
             , B.CONTENT
             , M.USER_ID
             , M.USER_NAME
             , B.MEMBER_ID
             , B.BOARD_CODE
             , B.CATEGORY_ID
             , B.VIEW_COUNT
             , B.LIKE_COUNT
             ,(SELECT COUNT(*)
                 FROM COMMENT_MANAGEMENT CM
                 WHERE CM.BOARD_ID = B.BOARD_ID
                   AND CM.DELETE_YN = 'N') AS commentCount /* 댓글 작성 수 */
             , M.PROFILE_IMAGE
             , B.CREATE_AT
             , B.UPDATE_AT
             , B.TAG_NAME
          FROM BOARD B
    INNER JOIN ( /* 인덱스만 사용하여 필요한 ID들만 빠르게 추출 */
                SELECT BOARD_ID
                  FROM BOARD
             WHERE DELETE_YN = 'N'

                    AND BOARD_CODE = 'S' 
            ORDER BY CREATE_AT DESC
            LIMIT 30 OFFSET 0
        ) AS temp ON B.BOARD_ID = temp.BOARD_ID
        LEFT JOIN MEMBER_INFO M ON B.MEMBER_ID = M.MEMBER_ID
        ORDER BY B.CREATE_AT DESC
 {executed in 4 msec}
[2026-05-05 17:58:43.889] [INFO ] [http-nio-8881-exec-7] jdbc.sqltiming - SELECT /* BoardMapper.searchBoardContent*/
               B.BOARD_ID
             , B.TITLE
             , B.CONTENT
             , M.USER_ID
             , M.USER_NAME
             , B.MEMBER_ID
             , B.BOARD_CODE
             , B.CATEGORY_ID
             , B.VIEW_COUNT
             , B.LIKE_COUNT
             ,(SELECT COUNT(*)
                 FROM COMMENT_MANAGEMENT CM
                WHERE CM.BOARD_ID = B.BOARD_ID
                  AND CM.DELETE_YN = 'N') AS commentCount /* 댓글 작성 수 */
             , M.PROFILE_IMAGE
             , B.CREATE_AT
             , B.UPDATE_AT
             , B.TAG_NAME
          FROM BOARD B
    INNER JOIN /* 여기서 IDaks 빠르게 10개 추출 */
               (SELECT BOARD_ID
                  FROM BOARD
                  WHERE DELETE_YN = 'N'

                         AND MATCH(TITLE, CONTENT) AGAINST('1과목*' IN BOOLEAN MODE)

                          AND BOARD_CODE = 'B_SQLD_01' 
              ORDER BY CREATE_AT DESC
                          LIMIT 10
                OFFSET 0
                ) AS temp ON B.BOARD_ID = temp.BOARD_ID
     LEFT JOIN MEMBER_INFO M ON B.MEMBER_ID = M.MEMBER_ID
      ORDER By B.CREATE_AT DESC
 {executed in 8 msec}
[2026-05-05 17:58:43.895] [INFO ] [http-nio-8881-exec-7] jdbc.sqltiming - SELECT COUNT(*)
        FROM BOARD
         WHERE DELETE_YN = 'N'

                AND MATCH(TITLE, CONTENT) AGAINST('1과목*' IN BOOLEAN MODE)

                AND BOARD_CODE = 'B_SQLD_01'
 {executed in 4 msec}
[2026-05-05 17:58:43.895] [INFO ] [http-nio-8881-exec-1] jdbc.sqltiming - SELECT /* BoardMapper.getgetBoardTotalCount (게시글 총 개수 조회) */
               COUNT(*)
          FROM BOARD
         WHERE DELETE_YN = 'N'

                AND BOARD_CODE = 'S'
 {executed in 12 msec}
[2026-05-05 17:58:55.844] [INFO ] [http-nio-8881-exec-2] jdbc.sqltiming - SELECT /* MemberMapper.readMemberByMemberId (memberId를 통한 회원 정보 조회) */
               MEMBER_ID
             , USER_ID
             , USER_PASS
             , USER_NAME
             , USER_EMAIL
             , EMAIL_VERIFIED
             , USER_ROLE
             , USER_STATUS
             , PROFILE_IMAGE
             , CREATE_AT
             , UPDATE_AT
             , LAST_LOG_AT
          FROM MEMBER_INFO
        WHERE MEMBER_ID = 'MEMBER_20260423_004'
 {executed in 5 msec}
[2026-05-05 17:58:55.859] [INFO ] [http-nio-8881-exec-2] jdbc.sqltiming - SELECT /* Member.readMemberSimpleInfo (로그인 후, 회원 간편 정보 조회) */
               USER_ID                                  /* 사용자 아이디 */
             , USER_NAME                                /* 사용자 명    */
             , USER_EMAIL                               /* 사용자 이메일 */
             , USER_ROLE                                /* 사용자 권한  */
             , PROFILE_IMAGE                            /* 사용자 프로필  */
             , (SELECT COUNT(*)
                  FROM BOARD B
                 WHERE B.MEMBER_ID = M.MEMBER_ID
                   AND DELETE_YN='N') AS postCount      /* 게시글 수 */
             , (SELECT COUNT(*)
                  FROM COMMENT_MANAGEMENT CM
                 WHERE CM.MEMBER_ID = M.MEMBER_ID
                   AND DELETE_YN = 'N') AS commentCount /* 댓글 작성 수 */
             , LAST_LOG_AT  /* 최근 접속 시간 */
        FROM MEMBER_INFO M
        WHERE MEMBER_ID = 'MEMBER_20260423_004'
 {executed in 4 msec}
[2026-05-05 17:58:56.996] [INFO ] [http-nio-8881-exec-4] jdbc.sqltiming - SELECT /* MemberMapper.readMemberByMemberId (memberId를 통한 회원 정보 조회) */
               MEMBER_ID
             , USER_ID
             , USER_PASS
             , USER_NAME
             , USER_EMAIL
             , EMAIL_VERIFIED
             , USER_ROLE
             , USER_STATUS
             , PROFILE_IMAGE
             , CREATE_AT
             , UPDATE_AT
             , LAST_LOG_AT
          FROM MEMBER_INFO
        WHERE MEMBER_ID = 'MEMBER_20260423_004'
 {executed in 8 msec}
[2026-05-05 17:58:57.023] [INFO ] [http-nio-8881-exec-4] jdbc.sqltiming - SELECT /* BoardMapper.searchScrapMyPage (스크랩된 마이 페이지 조회) */
               B.BOARD_ID
             , B.TITLE
             , B.CONTENT
             , B.MEMBER_ID
             , B.BOARD_CODE
             , B.CATEGORY_ID
             , B.VIEW_COUNT
             , B.LIKE_COUNT
             , B.CREATE_AT
             , B.UPDATE_AT
             , B.TAG_NAME
             , BS.SCRAP_ID /* 스크랩 고유 ID */
             , (SELECT COUNT(*)
                  FROM COMMENT_MANAGEMENT CM
                 WHERE CM.BOARD_ID = B.BOARD_ID
                   AND CM.DELETE_YN = 'N') AS commentCount /* 댓글 작성 수 */
          FROM BOARD B
    INNER JOIN BOARD_SCRAP BS ON B.BOARD_ID = BS.BOARD_ID
         WHERE BS.MEMBER_ID = 'MEMBER_20260423_004'
           AND B.DELETE_YN = 'N'
        /* 검색 키워드가 있을 때만 검색 조건 추가 searchScrapMyPage */

        ORDER BY BS.SCRAP_ID DESC
        LIMIT 10 OFFSET 0 /* 페이징 처리 추가 */
 {executed in 5 msec}
[2026-05-05 17:58:57.028] [INFO ] [http-nio-8881-exec-4] jdbc.sqltiming - SELECT /* BoardMapper.getSearchScrapTotalCount 스크랩 페이지 총개수 조회*/
               COUNT(*)
          FROM BOARD_SCRAP BS
    INNER JOIN BOARD B ON BS.BOARD_ID = B.BOARD_ID
         WHERE BS.MEMBER_ID = 'MEMBER_20260423_004'
           AND B.DELETE_YN = 'N'
 {executed in 4 msec}
[2026-05-05 17:58:58.544] [INFO ] [http-nio-8881-exec-9] jdbc.sqltiming - SELECT /* MemberMapper.readMemberByMemberId (memberId를 통한 회원 정보 조회) */
               MEMBER_ID
             , USER_ID
             , USER_PASS
             , USER_NAME
             , USER_EMAIL
             , EMAIL_VERIFIED
             , USER_ROLE
             , USER_STATUS
             , PROFILE_IMAGE
             , CREATE_AT
             , UPDATE_AT
             , LAST_LOG_AT
          FROM MEMBER_INFO
        WHERE MEMBER_ID = 'MEMBER_20260423_004'
 {executed in 5 msec}
[2026-05-05 17:58:58.544] [INFO ] [http-nio-8881-exec-10] jdbc.sqltiming - SELECT /* MemberMapper.readMemberByMemberId (memberId를 통한 회원 정보 조회) */
               MEMBER_ID
             , USER_ID
             , USER_PASS
             , USER_NAME
             , USER_EMAIL
             , EMAIL_VERIFIED
             , USER_ROLE
             , USER_STATUS
             , PROFILE_IMAGE
             , CREATE_AT
             , UPDATE_AT
             , LAST_LOG_AT
          FROM MEMBER_INFO
        WHERE MEMBER_ID = 'MEMBER_20260423_004'
 {executed in 5 msec}
[2026-05-05 17:58:58.544] [INFO ] [http-nio-8881-exec-3] jdbc.sqltiming - SELECT /* MemberMapper.readMemberByMemberId (memberId를 통한 회원 정보 조회) */
               MEMBER_ID
             , USER_ID
             , USER_PASS
             , USER_NAME
             , USER_EMAIL
             , EMAIL_VERIFIED
             , USER_ROLE
             , USER_STATUS
             , PROFILE_IMAGE
             , CREATE_AT
             , UPDATE_AT
             , LAST_LOG_AT
          FROM MEMBER_INFO
        WHERE MEMBER_ID = 'MEMBER_20260423_004'
 {executed in 5 msec}
[2026-05-05 17:58:58.545] [INFO ] [http-nio-8881-exec-5] jdbc.sqltiming - SELECT /* MemberMapper.readMemberByMemberId (memberId를 통한 회원 정보 조회) */
               MEMBER_ID
             , USER_ID
             , USER_PASS
             , USER_NAME
             , USER_EMAIL
             , EMAIL_VERIFIED
             , USER_ROLE
             , USER_STATUS
             , PROFILE_IMAGE
             , CREATE_AT
             , UPDATE_AT
             , LAST_LOG_AT
          FROM MEMBER_INFO
        WHERE MEMBER_ID = 'MEMBER_20260423_004'
 {executed in 5 msec}
[2026-05-05 17:58:58.555] [INFO ] [http-nio-8881-exec-5] jdbc.sqltiming - SELECT /* BoardMapper.existBoardContent */
               COUNT(1)
          FROM BOARD
         WHERE BOARD_ID = 2
           AND DELETE_YN = 'N'
 {executed in 5 msec}
[2026-05-05 17:58:58.555] [INFO ] [http-nio-8881-exec-10] jdbc.sqltiming - SELECT /* BoardMapper.getBoardListWithPaging (페이징 처리된 게시판 목록 조회 (지연 조인 최적화 적용)) */
               B.BOARD_ID
             , B.TITLE
             , B.CONTENT
             , M.USER_ID
             , M.USER_NAME
             , B.MEMBER_ID
             , B.BOARD_CODE
             , B.CATEGORY_ID
             , B.VIEW_COUNT
             , B.LIKE_COUNT
             ,(SELECT COUNT(*)
                 FROM COMMENT_MANAGEMENT CM
                 WHERE CM.BOARD_ID = B.BOARD_ID
                   AND CM.DELETE_YN = 'N') AS commentCount /* 댓글 작성 수 */
             , M.PROFILE_IMAGE
             , B.CREATE_AT
             , B.UPDATE_AT
             , B.TAG_NAME
          FROM BOARD B
    INNER JOIN ( /* 인덱스만 사용하여 필요한 ID들만 빠르게 추출 */
                SELECT BOARD_ID
                  FROM BOARD
             WHERE DELETE_YN = 'N'

                    AND BOARD_CODE = 'S' 
            ORDER BY CREATE_AT DESC
            LIMIT 20 OFFSET 0
        ) AS temp ON B.BOARD_ID = temp.BOARD_ID
        LEFT JOIN MEMBER_INFO M ON B.MEMBER_ID = M.MEMBER_ID
        ORDER BY B.CREATE_AT DESC
 {executed in 4 msec}
[2026-05-05 17:58:58.559] [INFO ] [http-nio-8881-exec-3] jdbc.sqltiming - SELECT /* commentMapper.getChildCommentCount (자식 대댓글 유무 확인)*/
               C.COMMENT_ID
             , C.BOARD_ID
             , C.MEMBER_ID
             , C.USER_ID
             , M.USER_NAME
             , C.CONTENT
             , C.PARENT_COMMENT_ID
             , C.LIKE_COUNT
             , C.CREATE_AT
             , C.UPDATE_AT
             , C.DELETE_YN
        FROM comment_management C
                 LEFT JOIN MEMBER_INFO M ON C.MEMBER_ID = M.MEMBER_ID
        WHERE C.BOARD_ID = 2
          AND C.DELETE_YN = 'N'
        ORDER BY C.CREATE_AT ASC
 {executed in 4 msec}
[2026-05-05 17:58:58.559] [INFO ] [http-nio-8881-exec-10] jdbc.sqltiming - SELECT /* BoardMapper.getgetBoardTotalCount (게시글 총 개수 조회) */
               COUNT(*)
          FROM BOARD
         WHERE DELETE_YN = 'N'

                AND BOARD_CODE = 'S'
 {executed in 4 msec}
[2026-05-05 17:58:58.561] [INFO ] [http-nio-8881-exec-5] jdbc.sqltiming - SELECT /* BoardMapper.getSearchBoard (게시판 글 단건조회 (사용자 정보 JOIN)) */
               B.BOARD_ID
             , B.TITLE
             , B.CONTENT
             , M.USER_ID
             , M.USER_NAME
             , B.MEMBER_ID
             , B.BOARD_CODE
             , B.CATEGORY_ID
             , B.VIEW_COUNT
             , B.LIKE_COUNT
             , M.PROFILE_IMAGE
             , B.CREATE_AT
             , B.UPDATE_AT
             , B.TAG_NAME
             , BS.SCRAP_ID /* 스크랩 고유 ID */
          FROM BOARD B
          LEFT JOIN MEMBER_INFO M ON B.MEMBER_ID = M.MEMBER_ID
          LEFT JOIN BOARD_SCRAP BS ON B.BOARD_ID = BS.BOARD_ID AND BS.MEMBER_ID = 'MEMBER_20260423_004'
         WHERE B.BOARD_ID = 2
           AND B.DELETE_YN = 'N'
 {executed in 3 msec}
[2026-05-05 17:58:58.566] [INFO ] [http-nio-8881-exec-5] jdbc.sqltiming - SELECT /* BoardMapper.getBoardFileList (게시글에 첨부된 파일 리스트 조회) */
               FILE_ID
             , BOARD_ID
             , ORIGIN_NAME
             , SAVE_NAME
             , FILE_PATH
             , FILE_SIZE
             , CREATE_AT
          FROM BOARD_FILE
         WHERE BOARD_ID = 2
 {executed in 3 msec}
[2026-05-05 17:58:58.570] [INFO ] [http-nio-8881-exec-5] jdbc.sqltiming - SELECT COUNT(*)
        FROM board_like
        WHERE BOARD_ID = 2 AND MEMBER_ID = 'MEMBER_20260423_004'
 {executed in 4 msec}
[2026-05-05 17:58:58.576] [INFO ] [http-nio-8881-exec-5] jdbc.sqltiming - SELECT /* BoardMapper.checkBoardScrap (페이지 스크랩 여부  확인) */
               COUNT(*)
          FROM BOARD_SCRAP
         WHERE BOARD_ID = 2
           AND MEMBER_ID = 'MEMBER_20260423_004'
 {executed in 6 msec}
[2026-05-05 18:00:00.002] [INFO ] [MessageBroker-7] c.s.s.c.s.BoardViewCountScheduler - >>> Redis 조회수 DB 동기화 시작
[2026-05-05 18:00:00.024] [INFO ] [MessageBroker-7] jdbc.sqltiming - UPDATE BOARD
           SET VIEW_COUNT = VIEW_COUNT + 2
         WHERE BOARD_ID = 2
 {executed in 10 msec}
[2026-05-05 18:00:00.041] [INFO ] [MessageBroker-7] jdbc.sqltiming - UPDATE BOARD
           SET VIEW_COUNT = VIEW_COUNT + 1
         WHERE BOARD_ID = 3
 {executed in 15 msec}
[2026-05-05 18:00:00.042] [INFO ] [MessageBroker-7] c.s.s.c.s.BoardViewCountScheduler - >>> Redias 조회수 DB 동기화 완료 (처리 건수: 2)
[2026-05-05 18:02:28.786] [INFO ] [http-nio-8881-exec-8] jdbc.sqltiming - SELECT /* MemberMapper.readMemberByMemberId (memberId를 통한 회원 정보 조회) */
               MEMBER_ID
             , USER_ID
             , USER_PASS
             , USER_NAME
             , USER_EMAIL
             , EMAIL_VERIFIED
             , USER_ROLE
             , USER_STATUS
             , PROFILE_IMAGE
             , CREATE_AT
             , UPDATE_AT
             , LAST_LOG_AT
          FROM MEMBER_INFO
        WHERE MEMBER_ID = 'MEMBER_20260423_004'
 {executed in 7 msec}
[2026-05-05 18:02:28.804] [INFO ] [http-nio-8881-exec-8] jdbc.sqltiming - SELECT  /* BoardMapper.getBoardList (게시판 목록 전체를 조회하는 쿼리 (사용자 정보 JOIN))*/
               B.BOARD_ID
             , B.TITLE
             , B.CONTENT
             , M.USER_ID
             , M.USER_NAME
             , B.MEMBER_ID
             , B.BOARD_CODE
             , B.CATEGORY_ID
             , B.VIEW_COUNT
             , B.LIKE_COUNT
             ,(SELECT COUNT(*)
                 FROM COMMENT_MANAGEMENT CM
                WHERE CM.BOARD_ID = B.BOARD_ID
                  AND CM.DELETE_YN = 'N') AS commentCount /* 댓글 작성 수 */
             , M.PROFILE_IMAGE
             , B.CREATE_AT
             , B.UPDATE_AT
             , B.TAG_NAME
        FROM
            BOARD B
        LEFT JOIN MEMBER_INFO M ON B.MEMBER_ID = M.MEMBER_ID
        WHERE B.DELETE_YN = 'N'
        ORDER BY
            B.CREATE_AT DESC
 {executed in 9 msec}
[2026-05-05 18:02:34.889] [INFO ] [http-nio-8881-exec-6] jdbc.sqltiming - SELECT /* MemberMapper.readMemberByMemberId (memberId를 통한 회원 정보 조회) */
               MEMBER_ID
             , USER_ID
             , USER_PASS
             , USER_NAME
             , USER_EMAIL
             , EMAIL_VERIFIED
             , USER_ROLE
             , USER_STATUS
             , PROFILE_IMAGE
             , CREATE_AT
             , UPDATE_AT
             , LAST_LOG_AT
          FROM MEMBER_INFO
        WHERE MEMBER_ID = 'MEMBER_20260423_004'
 {executed in 6 msec}
[2026-05-05 18:02:34.891] [INFO ] [http-nio-8881-exec-2] jdbc.sqltiming - SELECT /* MemberMapper.readMemberByMemberId (memberId를 통한 회원 정보 조회) */
               MEMBER_ID
             , USER_ID
             , USER_PASS
             , USER_NAME
             , USER_EMAIL
             , EMAIL_VERIFIED
             , USER_ROLE
             , USER_STATUS
             , PROFILE_IMAGE
             , CREATE_AT
             , UPDATE_AT
             , LAST_LOG_AT
          FROM MEMBER_INFO
        WHERE MEMBER_ID = 'MEMBER_20260423_004'
 {executed in 7 msec}
[2026-05-05 18:02:34.891] [INFO ] [http-nio-8881-exec-1] jdbc.sqltiming - SELECT /* MemberMapper.readMemberByMemberId (memberId를 통한 회원 정보 조회) */
               MEMBER_ID
             , USER_ID
             , USER_PASS
             , USER_NAME
             , USER_EMAIL
             , EMAIL_VERIFIED
             , USER_ROLE
             , USER_STATUS
             , PROFILE_IMAGE
             , CREATE_AT
             , UPDATE_AT
             , LAST_LOG_AT
          FROM MEMBER_INFO
        WHERE MEMBER_ID = 'MEMBER_20260423_004'
 {executed in 8 msec}
[2026-05-05 18:02:34.891] [INFO ] [http-nio-8881-exec-7] jdbc.sqltiming - SELECT /* MemberMapper.readMemberByMemberId (memberId를 통한 회원 정보 조회) */
               MEMBER_ID
             , USER_ID
             , USER_PASS
             , USER_NAME
             , USER_EMAIL
             , EMAIL_VERIFIED
             , USER_ROLE
             , USER_STATUS
             , PROFILE_IMAGE
             , CREATE_AT
             , UPDATE_AT
             , LAST_LOG_AT
          FROM MEMBER_INFO
        WHERE MEMBER_ID = 'MEMBER_20260423_004'
 {executed in 8 msec}
[2026-05-05 18:02:34.900] [INFO ] [http-nio-8881-exec-7] c.s.s.service.board.BoardServiceImpl - 인기 게시물 조회를 위해 DB에 접근한다. (캐시 미적용 시에만 출력)
[2026-05-05 18:02:34.902] [INFO ] [http-nio-8881-exec-1] jdbc.sqltiming - SELECT /* BoardMapper.existBoardContent */
               COUNT(1)
          FROM BOARD
         WHERE BOARD_ID = 3
           AND DELETE_YN = 'N'
 {executed in 6 msec}
[2026-05-05 18:02:34.911] [INFO ] [http-nio-8881-exec-2] jdbc.sqltiming - SELECT /* BoardMapper.getBoardListWithPaging (페이징 처리된 게시판 목록 조회 (지연 조인 최적화 적용)) */
               B.BOARD_ID
             , B.TITLE
             , B.CONTENT
             , M.USER_ID
             , M.USER_NAME
             , B.MEMBER_ID
             , B.BOARD_CODE
             , B.CATEGORY_ID
             , B.VIEW_COUNT
             , B.LIKE_COUNT
             ,(SELECT COUNT(*)
                 FROM COMMENT_MANAGEMENT CM
                 WHERE CM.BOARD_ID = B.BOARD_ID
                   AND CM.DELETE_YN = 'N') AS commentCount /* 댓글 작성 수 */
             , M.PROFILE_IMAGE
             , B.CREATE_AT
             , B.UPDATE_AT
             , B.TAG_NAME
          FROM BOARD B
    INNER JOIN ( /* 인덱스만 사용하여 필요한 ID들만 빠르게 추출 */
                SELECT BOARD_ID
                  FROM BOARD
             WHERE DELETE_YN = 'N'

                    AND BOARD_CODE = 'S' 
            ORDER BY CREATE_AT DESC
            LIMIT 20 OFFSET 0
        ) AS temp ON B.BOARD_ID = temp.BOARD_ID
        LEFT JOIN MEMBER_INFO M ON B.MEMBER_ID = M.MEMBER_ID
        ORDER BY B.CREATE_AT DESC
 {executed in 13 msec}
[2026-05-05 18:02:34.913] [INFO ] [http-nio-8881-exec-7] jdbc.sqltiming - SELECT /* BoardMapper.getPopularBoards (최근 15일 인기 게시글 조회) */
               B.BOARD_ID
             , B.TITLE
             , B.VIEW_COUNT
             , B.LIKE_COUNT
             , B.CREATE_AT
             , M.USER_NAME
             , M.PROFILE_IMAGE
        FROM BOARD B
        LEFT JOIN MEMBER_INFO M ON B.MEMBER_ID = M.MEMBER_ID
        WHERE B.CREATE_AT >= DATE_SUB(NOW(), INTERVAL 15 DAY)
          AND B.DELETE_YN = 'N'
        ORDER BY B.LIKE_COUNT DESC, B.VIEW_COUNT DESC
        LIMIT 5
 {executed in 13 msec}
[2026-05-05 18:02:34.914] [INFO ] [http-nio-8881-exec-6] jdbc.sqltiming - SELECT /* commentMapper.getChildCommentCount (자식 대댓글 유무 확인)*/
               C.COMMENT_ID
             , C.BOARD_ID
             , C.MEMBER_ID
             , C.USER_ID
             , M.USER_NAME
             , C.CONTENT
             , C.PARENT_COMMENT_ID
             , C.LIKE_COUNT
             , C.CREATE_AT
             , C.UPDATE_AT
             , C.DELETE_YN
        FROM comment_management C
                 LEFT JOIN MEMBER_INFO M ON C.MEMBER_ID = M.MEMBER_ID
        WHERE C.BOARD_ID = 3
          AND C.DELETE_YN = 'N'
        ORDER BY C.CREATE_AT ASC
 {executed in 12 msec}
[2026-05-05 18:02:34.914] [INFO ] [http-nio-8881-exec-1] jdbc.sqltiming - SELECT /* BoardMapper.getSearchBoard (게시판 글 단건조회 (사용자 정보 JOIN)) */
               B.BOARD_ID
             , B.TITLE
             , B.CONTENT
             , M.USER_ID
             , M.USER_NAME
             , B.MEMBER_ID
             , B.BOARD_CODE
             , B.CATEGORY_ID
             , B.VIEW_COUNT
             , B.LIKE_COUNT
             , M.PROFILE_IMAGE
             , B.CREATE_AT
             , B.UPDATE_AT
             , B.TAG_NAME
             , BS.SCRAP_ID /* 스크랩 고유 ID */
          FROM BOARD B
          LEFT JOIN MEMBER_INFO M ON B.MEMBER_ID = M.MEMBER_ID
          LEFT JOIN BOARD_SCRAP BS ON B.BOARD_ID = BS.BOARD_ID AND BS.MEMBER_ID = 'MEMBER_20260423_004'
         WHERE B.BOARD_ID = 3
           AND B.DELETE_YN = 'N'
 {executed in 9 msec}
[2026-05-05 18:02:34.917] [INFO ] [http-nio-8881-exec-2] jdbc.sqltiming - SELECT /* BoardMapper.getgetBoardTotalCount (게시글 총 개수 조회) */
               COUNT(*)
          FROM BOARD
         WHERE DELETE_YN = 'N'

                AND BOARD_CODE = 'S'
 {executed in 5 msec}
[2026-05-05 18:02:34.921] [INFO ] [http-nio-8881-exec-1] jdbc.sqltiming - SELECT /* BoardMapper.getBoardFileList (게시글에 첨부된 파일 리스트 조회) */
               FILE_ID
             , BOARD_ID
             , ORIGIN_NAME
             , SAVE_NAME
             , FILE_PATH
             , FILE_SIZE
             , CREATE_AT
          FROM BOARD_FILE
         WHERE BOARD_ID = 3
 {executed in 5 msec}
[2026-05-05 18:02:34.927] [INFO ] [http-nio-8881-exec-1] jdbc.sqltiming - SELECT COUNT(*)
        FROM board_like
        WHERE BOARD_ID = 3 AND MEMBER_ID = 'MEMBER_20260423_004'
 {executed in 5 msec}
[2026-05-05 18:02:34.933] [INFO ] [http-nio-8881-exec-1] jdbc.sqltiming - SELECT /* BoardMapper.checkBoardScrap (페이지 스크랩 여부  확인) */
               COUNT(*)
          FROM BOARD_SCRAP
         WHERE BOARD_ID = 3
           AND MEMBER_ID = 'MEMBER_20260423_004'
 {executed in 5 msec}
[2026-05-05 18:02:54.694] [INFO ] [http-nio-8881-exec-4] jdbc.sqltiming - SELECT /* MemberMapper.readMemberByMemberId (memberId를 통한 회원 정보 조회) */
               MEMBER_ID
             , USER_ID
             , USER_PASS
             , USER_NAME
             , USER_EMAIL
             , EMAIL_VERIFIED
             , USER_ROLE
             , USER_STATUS
             , PROFILE_IMAGE
             , CREATE_AT
             , UPDATE_AT
             , LAST_LOG_AT
          FROM MEMBER_INFO
        WHERE MEMBER_ID = 'MEMBER_20260423_004'
 {executed in 5 msec}
[2026-05-05 18:02:54.712] [INFO ] [http-nio-8881-exec-4] jdbc.sqltiming - SELECT /* Member.readMemberSimpleInfo (로그인 후, 회원 간편 정보 조회) */
               USER_ID                                  /* 사용자 아이디 */
             , USER_NAME                                /* 사용자 명    */
             , USER_EMAIL                               /* 사용자 이메일 */
             , USER_ROLE                                /* 사용자 권한  */
             , PROFILE_IMAGE                            /* 사용자 프로필  */
             , (SELECT COUNT(*)
                  FROM BOARD B
                 WHERE B.MEMBER_ID = M.MEMBER_ID
                   AND DELETE_YN='N') AS postCount      /* 게시글 수 */
             , (SELECT COUNT(*)
                  FROM COMMENT_MANAGEMENT CM
                 WHERE CM.MEMBER_ID = M.MEMBER_ID
                   AND DELETE_YN = 'N') AS commentCount /* 댓글 작성 수 */
             , LAST_LOG_AT  /* 최근 접속 시간 */
        FROM MEMBER_INFO M
        WHERE MEMBER_ID = 'MEMBER_20260423_004'
 {executed in 4 msec}
[2026-05-05 18:02:55.790] [INFO ] [http-nio-8881-exec-9] jdbc.sqltiming - SELECT /* MemberMapper.readMemberByMemberId (memberId를 통한 회원 정보 조회) */
               MEMBER_ID
             , USER_ID
             , USER_PASS
             , USER_NAME
             , USER_EMAIL
             , EMAIL_VERIFIED
             , USER_ROLE
             , USER_STATUS
             , PROFILE_IMAGE
             , CREATE_AT
             , UPDATE_AT
             , LAST_LOG_AT
          FROM MEMBER_INFO
        WHERE MEMBER_ID = 'MEMBER_20260423_004'
 {executed in 4 msec}
[2026-05-05 18:02:55.811] [INFO ] [http-nio-8881-exec-9] jdbc.sqltiming - DELETE FROM refresh_token WHERE MEMBER_ID = 'MEMBER_20260423_004'
 {executed in 9 msec}
[2026-05-05 18:02:55.811] [INFO ] [http-nio-8881-exec-9] c.s.s.service.sign.SignServiceImpl - User logged out and refresh token deleted for userId: MEMBER_20260423_004
[2026-05-05 18:02:55.920] [INFO ] [http-nio-8881-exec-3] jdbc.sqltiming - SELECT /* BoardMapper.existBoardContent */
               COUNT(1)
          FROM BOARD
         WHERE BOARD_ID = 3
           AND DELETE_YN = 'N'
 {executed in 7 msec}
[2026-05-05 18:02:55.920] [INFO ] [http-nio-8881-exec-2] jdbc.sqltiming - SELECT /* BoardMapper.getBoardListWithPaging (페이징 처리된 게시판 목록 조회 (지연 조인 최적화 적용)) */
               B.BOARD_ID
             , B.TITLE
             , B.CONTENT
             , M.USER_ID
             , M.USER_NAME
             , B.MEMBER_ID
             , B.BOARD_CODE
             , B.CATEGORY_ID
             , B.VIEW_COUNT
             , B.LIKE_COUNT
             ,(SELECT COUNT(*)
                 FROM COMMENT_MANAGEMENT CM
                 WHERE CM.BOARD_ID = B.BOARD_ID
                   AND CM.DELETE_YN = 'N') AS commentCount /* 댓글 작성 수 */
             , M.PROFILE_IMAGE
             , B.CREATE_AT
             , B.UPDATE_AT
             , B.TAG_NAME
          FROM BOARD B
    INNER JOIN ( /* 인덱스만 사용하여 필요한 ID들만 빠르게 추출 */
                SELECT BOARD_ID
                  FROM BOARD
             WHERE DELETE_YN = 'N'

                    AND BOARD_CODE = 'S' 
            ORDER BY CREATE_AT DESC
            LIMIT 20 OFFSET 0
        ) AS temp ON B.BOARD_ID = temp.BOARD_ID
        LEFT JOIN MEMBER_INFO M ON B.MEMBER_ID = M.MEMBER_ID
        ORDER BY B.CREATE_AT DESC
 {executed in 6 msec}
[2026-05-05 18:02:55.925] [INFO ] [http-nio-8881-exec-2] jdbc.sqltiming - SELECT /* BoardMapper.getgetBoardTotalCount (게시글 총 개수 조회) */
               COUNT(*)
          FROM BOARD
         WHERE DELETE_YN = 'N'

                AND BOARD_CODE = 'S'
 {executed in 5 msec}
[2026-05-05 18:02:55.925] [INFO ] [http-nio-8881-exec-5] jdbc.sqltiming - SELECT /* commentMapper.getChildCommentCount (자식 대댓글 유무 확인)*/
               C.COMMENT_ID
             , C.BOARD_ID
             , C.MEMBER_ID
             , C.USER_ID
             , M.USER_NAME
             , C.CONTENT
             , C.PARENT_COMMENT_ID
             , C.LIKE_COUNT
             , C.CREATE_AT
             , C.UPDATE_AT
             , C.DELETE_YN
        FROM comment_management C
                 LEFT JOIN MEMBER_INFO M ON C.MEMBER_ID = M.MEMBER_ID
        WHERE C.BOARD_ID = 3
          AND C.DELETE_YN = 'N'
        ORDER BY C.CREATE_AT ASC
 {executed in 5 msec}
[2026-05-05 18:02:55.979] [INFO ] [http-nio-8881-exec-8] c.s.s.s.w.WebSocketServiceImpl - [Presence] User 관리자 left room OPEN_CHAT
[2026-05-05 18:02:56.004] [INFO ] [http-nio-8881-exec-3] jdbc.sqltiming - SELECT /* BoardMapper.getSearchBoard (게시판 글 단건조회 (사용자 정보 JOIN)) */
               B.BOARD_ID
             , B.TITLE
             , B.CONTENT
             , M.USER_ID
             , M.USER_NAME
             , B.MEMBER_ID
             , B.BOARD_CODE
             , B.CATEGORY_ID
             , B.VIEW_COUNT
             , B.LIKE_COUNT
             , M.PROFILE_IMAGE
             , B.CREATE_AT
             , B.UPDATE_AT
             , B.TAG_NAME
             , BS.SCRAP_ID /* 스크랩 고유 ID */
          FROM BOARD B
          LEFT JOIN MEMBER_INFO M ON B.MEMBER_ID = M.MEMBER_ID
          LEFT JOIN BOARD_SCRAP BS ON B.BOARD_ID = BS.BOARD_ID AND BS.MEMBER_ID = NULL
         WHERE B.BOARD_ID = 3
           AND B.DELETE_YN = 'N'
 {executed in 10 msec}
[2026-05-05 18:02:56.020] [INFO ] [http-nio-8881-exec-3] jdbc.sqltiming - SELECT /* BoardMapper.getBoardFileList (게시글에 첨부된 파일 리스트 조회) */
               FILE_ID
             , BOARD_ID
             , ORIGIN_NAME
             , SAVE_NAME
             , FILE_PATH
             , FILE_SIZE
             , CREATE_AT
          FROM BOARD_FILE
         WHERE BOARD_ID = 3
 {executed in 4 msec}
[2026-05-05 18:02:56.043] [INFO ] [http-nio-8881-exec-8] c.s.s.c.w.WebSocketEventListener - [Presence] Room OPEN_CHAT  updated. Count: 0
[2026-05-05 18:02:56.062] [INFO ] [redisContainer-16] c.s.s.s.redisConfig.RedisSubscriber - Redis Subscribe - Message Received: {"notiId":null,"senderName":"관리자","type":"QUIT","roomId":"OPEN_CHAT","senderId":"MEMBER_20260423_004","targetId":null,"content":"관리자님이 퇴장하셨습니다.","timestamp":"2026-05-05 18:02:56","targetUrl":null}
[2026-05-05 18:02:56.216] [INFO ] [http-nio-8881-exec-1] jdbc.sqltiming - SELECT  /* BoardMasterMapper.getBoardConfig 특정 게시판의 설정(이름, 카테고리 그룹, 기능 여부) 전체 리스트 조회 */
               BM.BOARD_CODE
             , BM.BOARD_NAME
             , BM.GROUP_CODE
             , BM.USE_YN
             , BM.FILE_YN
             , BM.REPLY_YN
             , BM.TAG_YN
             , CCG.SORT_ORDER
             , BM.CREATE_AT
             , BM.UPDATE_AT
          FROM BOARD_MASTER BM
          JOIN COMMON_CODE_GROUP CCG ON BM.GROUP_CODE = CCG.GROUP_CODE
         ORDER BY CCG.SORT_ORDER ASC, BM.BOARD_CODE ASC /* 그룹 순서대로 정렬 */
 {executed in 4 msec}
[2026-05-05 18:02:56.216] [INFO ] [http-nio-8881-exec-6] jdbc.sqltiming - SELECT  /* BoardMapper.getBoardList (게시판 목록 전체를 조회하는 쿼리 (사용자 정보 JOIN))*/
               B.BOARD_ID
             , B.TITLE
             , B.CONTENT
             , M.USER_ID
             , M.USER_NAME
             , B.MEMBER_ID
             , B.BOARD_CODE
             , B.CATEGORY_ID
             , B.VIEW_COUNT
             , B.LIKE_COUNT
             ,(SELECT COUNT(*)
                 FROM COMMENT_MANAGEMENT CM
                WHERE CM.BOARD_ID = B.BOARD_ID
                  AND CM.DELETE_YN = 'N') AS commentCount /* 댓글 작성 수 */
             , M.PROFILE_IMAGE
             , B.CREATE_AT
             , B.UPDATE_AT
             , B.TAG_NAME
        FROM
            BOARD B
        LEFT JOIN MEMBER_INFO M ON B.MEMBER_ID = M.MEMBER_ID
        WHERE B.DELETE_YN = 'N'
        ORDER BY
            B.CREATE_AT DESC
 {executed in 6 msec}
[2026-05-05 18:02:56.230] [INFO ] [http-nio-8881-exec-1] jdbc.sqltiming - SELECT /*  boardMapper.getCategoryListByBoardCode 특정 게시판(boardCode)에 소속된 카테고리 목록 조회 */
               CCD.CODE_ID AS categoryId
             , CCD.CODE_NAME AS categoryName
          FROM BOARD_MASTER BM
    INNER JOIN COMMON_CODE_DETAIL CCD
            ON BM.GROUP_CODE = CCD.GROUP_CODE
         WHERE BM.BOARD_CODE = 'B_NOTICE_01'
           AND BM.USE_YN = 'Y'
      ORDER BY CCD.SORT_ORDER ASC
 {executed in 5 msec}
[2026-05-05 18:02:56.236] [INFO ] [http-nio-8881-exec-1] jdbc.sqltiming - SELECT /*  boardMapper.getCategoryListByBoardCode 특정 게시판(boardCode)에 소속된 카테고리 목록 조회 */
               CCD.CODE_ID AS categoryId
             , CCD.CODE_NAME AS categoryName
          FROM BOARD_MASTER BM
    INNER JOIN COMMON_CODE_DETAIL CCD
            ON BM.GROUP_CODE = CCD.GROUP_CODE
         WHERE BM.BOARD_CODE = 'B_SQLD_01'
           AND BM.USE_YN = 'Y'
      ORDER BY CCD.SORT_ORDER ASC
 {executed in 5 msec}
[2026-05-05 18:02:56.242] [INFO ] [http-nio-8881-exec-1] jdbc.sqltiming - SELECT /*  boardMapper.getCategoryListByBoardCode 특정 게시판(boardCode)에 소속된 카테고리 목록 조회 */
               CCD.CODE_ID AS categoryId
             , CCD.CODE_NAME AS categoryName
          FROM BOARD_MASTER BM
    INNER JOIN COMMON_CODE_DETAIL CCD
            ON BM.GROUP_CODE = CCD.GROUP_CODE
         WHERE BM.BOARD_CODE = 'B_GREETING_01'
           AND BM.USE_YN = 'Y'
      ORDER BY CCD.SORT_ORDER ASC
 {executed in 5 msec}
[2026-05-05 18:03:33.803] [INFO ] [http-nio-8881-exec-9] jdbc.sqltiming - SELECT EXISTS (
            SELECT 1 FROM MEMBER_INFO WHERE USER_ID = 'sqlMin'
        )
 {executed in 4 msec}
[2026-05-05 18:03:39.799] [INFO ] [http-nio-8881-exec-10] jdbc.sqltiming - SELECT EXISTS (
            SELECT 1 FROM MEMBER_INFO WHERE USER_NAME = 'min'
        )
 {executed in 5 msec}
[2026-05-05 18:03:45.026] [INFO ] [http-nio-8881-exec-7] jdbc.sqltiming - SELECT EXISTS
                (
                SELECT 1
                  FROM MEMBER_INFO
                 WHERE USER_EMAIL = 'lik707@gmail.com'
                )
 {executed in 6 msec}
[2026-05-05 18:03:45.052] [INFO ] [http-nio-8881-exec-7] c.s.sqld.exception.ExceptionAdvice - ExistMemberException
com.sqld_board.sqld.exception.member.ExistMemberException: null
	at com.sqld_board.sqld.service.sign.SignServiceImpl.sendVerificationCode(SignServiceImpl.java:138)
	at java.base/jdk.internal.reflect.NativeMethodAccessorImpl.invoke0(Native Method)
	at java.base/jdk.internal.reflect.NativeMethodAccessorImpl.invoke(NativeMethodAccessorImpl.java:77)
	at java.base/jdk.internal.reflect.DelegatingMethodAccessorImpl.invoke(DelegatingMethodAccessorImpl.java:43)
	at java.base/java.lang.reflect.Method.invoke(Method.java:568)
	at org.springframework.aop.support.AopUtils.invokeJoinpointUsingReflection(AopUtils.java:360)
	at org.springframework.aop.framework.ReflectiveMethodInvocation.invokeJoinpoint(ReflectiveMethodInvocation.java:196)
	at org.springframework.aop.framework.ReflectiveMethodInvocation.proceed(ReflectiveMethodInvocation.java:163)
	at org.springframework.transaction.interceptor.TransactionAspectSupport.invokeWithinTransaction(TransactionAspectSupport.java:380)
	at org.springframework.transaction.interceptor.TransactionInterceptor.invoke(TransactionInterceptor.java:119)
	at org.springframework.aop.framework.ReflectiveMethodInvocation.proceed(ReflectiveMethodInvocation.java:184)
	at org.springframework.aop.framework.CglibAopProxy$DynamicAdvisedInterceptor.intercept(CglibAopProxy.java:728)
	at com.sqld_board.sqld.service.sign.SignServiceImpl$$SpringCGLIB$$0.sendVerificationCode(<generated>)
	at com.sqld_board.sqld.controller.sign.SignController.sendCode(SignController.java:114)
	at java.base/jdk.internal.reflect.NativeMethodAccessorImpl.invoke0(Native Method)
	at java.base/jdk.internal.reflect.NativeMethodAccessorImpl.invoke(NativeMethodAccessorImpl.java:77)
	at java.base/jdk.internal.reflect.DelegatingMethodAccessorImpl.invoke(DelegatingMethodAccessorImpl.java:43)
	at java.base/java.lang.reflect.Method.invoke(Method.java:568)
	at org.springframework.web.method.support.InvocableHandlerMethod.doInvoke(InvocableHandlerMethod.java:258)
	at org.springframework.web.method.support.InvocableHandlerMethod.invokeForRequest(InvocableHandlerMethod.java:191)
	at org.springframework.web.servlet.mvc.method.annotation.ServletInvocableHandlerMethod.invokeAndHandle(ServletInvocableHandlerMethod.java:118)
	at org.springframework.web.servlet.mvc.method.annotation.RequestMappingHandlerAdapter.invokeHandlerMethod(RequestMappingHandlerAdapter.java:991)
	at org.springframework.web.servlet.mvc.method.annotation.RequestMappingHandlerAdapter.handleInternal(RequestMappingHandlerAdapter.java:896)
	at org.springframework.web.servlet.mvc.method.AbstractHandlerMethodAdapter.handle(AbstractHandlerMethodAdapter.java:87)
	at org.springframework.web.servlet.DispatcherServlet.doDispatch(DispatcherServlet.java:1089)
	at org.springframework.web.servlet.DispatcherServlet.doService(DispatcherServlet.java:979)
	at org.springframework.web.servlet.FrameworkServlet.processRequest(FrameworkServlet.java:1014)
	at org.springframework.web.servlet.FrameworkServlet.doPost(FrameworkServlet.java:914)
	at jakarta.servlet.http.HttpServlet.service(HttpServlet.java:590)
	at org.springframework.web.servlet.FrameworkServlet.service(FrameworkServlet.java:885)
	at jakarta.servlet.http.HttpServlet.service(HttpServlet.java:658)
	at org.apache.catalina.core.ApplicationFilterChain.internalDoFilter(ApplicationFilterChain.java:195)
	at org.apache.catalina.core.ApplicationFilterChain.doFilter(ApplicationFilterChain.java:140)
	at org.apache.tomcat.websocket.server.WsFilter.doFilter(WsFilter.java:51)
	at org.apache.catalina.core.ApplicationFilterChain.internalDoFilter(ApplicationFilterChain.java:164)
	at org.apache.catalina.core.ApplicationFilterChain.doFilter(ApplicationFilterChain.java:140)
	at org.springframework.web.filter.OncePerRequestFilter.doFilter(OncePerRequestFilter.java:110)
	at org.apache.catalina.core.ApplicationFilterChain.internalDoFilter(ApplicationFilterChain.java:164)
	at org.apache.catalina.core.ApplicationFilterChain.doFilter(ApplicationFilterChain.java:140)
	at org.springframework.web.filter.CompositeFilter$VirtualFilterChain.doFilter(CompositeFilter.java:108)
	at org.springframework.web.filter.CompositeFilter$VirtualFilterChain.doFilter(CompositeFilter.java:108)
	at org.springframework.security.web.FilterChainProxy.lambda$doFilterInternal$3(FilterChainProxy.java:231)
	at org.springframework.security.web.FilterChainProxy$VirtualFilterChain.doFilter(FilterChainProxy.java:365)
	at org.springframework.security.web.access.intercept.AuthorizationFilter.doFilter(AuthorizationFilter.java:101)
	at org.springframework.security.web.FilterChainProxy$VirtualFilterChain.doFilter(FilterChainProxy.java:374)
	at org.springframework.security.web.access.ExceptionTranslationFilter.doFilter(ExceptionTranslationFilter.java:125)
	at org.springframework.security.web.access.ExceptionTranslationFilter.doFilter(ExceptionTranslationFilter.java:119)
	at org.springframework.security.web.FilterChainProxy$VirtualFilterChain.doFilter(FilterChainProxy.java:374)
	at org.springframework.security.web.session.SessionManagementFilter.doFilter(SessionManagementFilter.java:131)
	at org.springframework.security.web.session.SessionManagementFilter.doFilter(SessionManagementFilter.java:85)
	at org.springframework.security.web.FilterChainProxy$VirtualFilterChain.doFilter(FilterChainProxy.java:374)
	at org.springframework.security.web.authentication.AnonymousAuthenticationFilter.doFilter(AnonymousAuthenticationFilter.java:100)
	at org.springframework.security.web.FilterChainProxy$VirtualFilterChain.doFilter(FilterChainProxy.java:374)
	at org.springframework.security.web.servletapi.SecurityContextHolderAwareRequestFilter.doFilter(SecurityContextHolderAwareRequestFilter.java:179)
	at org.springframework.security.web.FilterChainProxy$VirtualFilterChain.doFilter(FilterChainProxy.java:374)
	at org.springframework.security.web.savedrequest.RequestCacheAwareFilter.doFilter(RequestCacheAwareFilter.java:63)
	at org.springframework.security.web.FilterChainProxy$VirtualFilterChain.doFilter(FilterChainProxy.java:374)
	at com.sqld_board.sqld.config.security.JwtAuthenticationFilter.doFilterInternal(JwtAuthenticationFilter.java:62)
	at org.springframework.web.filter.OncePerRequestFilter.doFilter(OncePerRequestFilter.java:116)
	at org.springframework.security.web.FilterChainProxy$VirtualFilterChain.doFilter(FilterChainProxy.java:374)
	at org.springframework.security.web.authentication.logout.LogoutFilter.doFilter(LogoutFilter.java:107)
	at org.springframework.security.web.authentication.logout.LogoutFilter.doFilter(LogoutFilter.java:93)
	at org.springframework.security.web.FilterChainProxy$VirtualFilterChain.doFilter(FilterChainProxy.java:374)
	at org.springframework.web.filter.CorsFilter.doFilterInternal(CorsFilter.java:91)
	at org.springframework.web.filter.OncePerRequestFilter.doFilter(OncePerRequestFilter.java:116)
	at org.springframework.security.web.FilterChainProxy$VirtualFilterChain.doFilter(FilterChainProxy.java:374)
	at org.springframework.security.web.header.HeaderWriterFilter.doHeadersAfter(HeaderWriterFilter.java:90)
	at org.springframework.security.web.header.HeaderWriterFilter.doFilterInternal(HeaderWriterFilter.java:75)
	at org.springframework.web.filter.OncePerRequestFilter.doFilter(OncePerRequestFilter.java:116)
	at org.springframework.security.web.FilterChainProxy$VirtualFilterChain.doFilter(FilterChainProxy.java:374)
	at org.springframework.security.web.context.SecurityContextHolderFilter.doFilter(SecurityContextHolderFilter.java:82)
	at org.springframework.security.web.context.SecurityContextHolderFilter.doFilter(SecurityContextHolderFilter.java:69)
	at org.springframework.security.web.FilterChainProxy$VirtualFilterChain.doFilter(FilterChainProxy.java:374)
	at org.springframework.security.web.context.request.async.WebAsyncManagerIntegrationFilter.doFilterInternal(WebAsyncManagerIntegrationFilter.java:62)
	at org.springframework.web.filter.OncePerRequestFilter.doFilter(OncePerRequestFilter.java:116)
	at org.springframework.security.web.FilterChainProxy$VirtualFilterChain.doFilter(FilterChainProxy.java:374)
	at org.springframework.security.web.session.DisableEncodeUrlFilter.doFilterInternal(DisableEncodeUrlFilter.java:42)
	at org.springframework.web.filter.OncePerRequestFilter.doFilter(OncePerRequestFilter.java:116)
	at org.springframework.security.web.FilterChainProxy$VirtualFilterChain.doFilter(FilterChainProxy.java:374)
	at org.springframework.security.web.FilterChainProxy.doFilterInternal(FilterChainProxy.java:233)
	at org.springframework.security.web.FilterChainProxy.doFilter(FilterChainProxy.java:191)
	at org.springframework.web.filter.CompositeFilter$VirtualFilterChain.doFilter(CompositeFilter.java:113)
	at org.springframework.web.filter.ServletRequestPathFilter.doFilter(ServletRequestPathFilter.java:52)
	at org.springframework.web.filter.CompositeFilter$VirtualFilterChain.doFilter(CompositeFilter.java:113)
	at org.springframework.web.filter.CompositeFilter.doFilter(CompositeFilter.java:74)
	at org.springframework.security.config.annotation.web.configuration.WebSecurityConfiguration$CompositeFilterChainProxy.doFilter(WebSecurityConfiguration.java:319)
	at org.springframework.web.filter.CompositeFilter$VirtualFilterChain.doFilter(CompositeFilter.java:113)
	at org.springframework.web.servlet.handler.HandlerMappingIntrospector.lambda$createCacheFilter$4(HandlerMappingIntrospector.java:267)
	at org.springframework.web.filter.CompositeFilter$VirtualFilterChain.doFilter(CompositeFilter.java:113)
	at org.springframework.web.filter.CompositeFilter.doFilter(CompositeFilter.java:74)
	at org.springframework.security.config.annotation.web.configuration.WebMvcSecurityConfiguration$CompositeFilterChainProxy.doFilter(WebMvcSecurityConfiguration.java:240)
	at org.springframework.web.filter.DelegatingFilterProxy.invokeDelegate(DelegatingFilterProxy.java:362)
	at org.springframework.web.filter.DelegatingFilterProxy.doFilter(DelegatingFilterProxy.java:278)
	at org.apache.catalina.core.ApplicationFilterChain.internalDoFilter(ApplicationFilterChain.java:164)
	at org.apache.catalina.core.ApplicationFilterChain.doFilter(ApplicationFilterChain.java:140)
	at org.springframework.web.filter.RequestContextFilter.doFilterInternal(RequestContextFilter.java:100)
	at org.springframework.web.filter.OncePerRequestFilter.doFilter(OncePerRequestFilter.java:116)
	at org.apache.catalina.core.ApplicationFilterChain.internalDoFilter(ApplicationFilterChain.java:164)
	at org.apache.catalina.core.ApplicationFilterChain.doFilter(ApplicationFilterChain.java:140)
	at org.springframework.web.filter.FormContentFilter.doFilterInternal(FormContentFilter.java:93)
	at org.springframework.web.filter.OncePerRequestFilter.doFilter(OncePerRequestFilter.java:116)
	at org.apache.catalina.core.ApplicationFilterChain.internalDoFilter(ApplicationFilterChain.java:164)
	at org.apache.catalina.core.ApplicationFilterChain.doFilter(ApplicationFilterChain.java:140)
	at org.springframework.web.filter.CharacterEncodingFilter.doFilterInternal(CharacterEncodingFilter.java:201)
	at org.springframework.web.filter.OncePerRequestFilter.doFilter(OncePerRequestFilter.java:116)
	at org.apache.catalina.core.ApplicationFilterChain.internalDoFilter(ApplicationFilterChain.java:164)
	at org.apache.catalina.core.ApplicationFilterChain.doFilter(ApplicationFilterChain.java:140)
	at org.apache.catalina.core.StandardWrapperValve.invoke(StandardWrapperValve.java:167)
	at org.apache.catalina.core.StandardContextValve.invoke(StandardContextValve.java:90)
	at org.apache.catalina.authenticator.AuthenticatorBase.invoke(AuthenticatorBase.java:483)
	at org.apache.catalina.core.StandardHostValve.invoke(StandardHostValve.java:116)
	at org.apache.catalina.valves.ErrorReportValve.invoke(ErrorReportValve.java:93)
	at org.apache.catalina.core.StandardEngineValve.invoke(StandardEngineValve.java:74)
	at org.apache.catalina.connector.CoyoteAdapter.service(CoyoteAdapter.java:344)
	at org.apache.coyote.http11.Http11Processor.service(Http11Processor.java:398)
	at org.apache.coyote.AbstractProcessorLight.process(AbstractProcessorLight.java:63)
	at org.apache.coyote.AbstractProtocol$ConnectionHandler.process(AbstractProtocol.java:903)
	at org.apache.tomcat.util.net.NioEndpoint$SocketProcessor.doRun(NioEndpoint.java:1776)
	at org.apache.tomcat.util.net.SocketProcessorBase.run(SocketProcessorBase.java:52)
	at org.apache.tomcat.util.threads.ThreadPoolExecutor.runWorker(ThreadPoolExecutor.java:975)
	at org.apache.tomcat.util.threads.ThreadPoolExecutor$Worker.run(ThreadPoolExecutor.java:493)
	at org.apache.tomcat.util.threads.TaskThread$WrappingRunnable.run(TaskThread.java:63)
	at java.base/java.lang.Thread.run(Thread.java:840)
[2026-05-05 18:03:45.058] [WARN ] [http-nio-8881-exec-7] o.s.w.s.m.m.a.ExceptionHandlerExceptionResolver - Resolved [com.sqld_board.sqld.exception.member.ExistMemberException]
[2026-05-05 18:03:54.972] [INFO ] [http-nio-8881-exec-2] jdbc.sqltiming - SELECT MEMBER_ID
             , USER_ID
             , USER_PASS
             , USER_NAME
             , USER_EMAIL
             , EMAIL_VERIFIED
             , USER_ROLE
             , USER_STATUS
             , PROFILE_IMAGE
             , CREATE_AT
             , UPDATE_AT
             , LAST_LOG_AT
          FROM MEMBER_INFO
         WHERE USER_ID = 'sqlMin'
         LIMIT 1
 {executed in 5 msec}
[2026-05-05 18:03:54.990] [WARN ] [http-nio-8881-exec-2] o.s.w.s.m.m.a.ExceptionHandlerExceptionResolver - Resolved [com.sqld_board.sqld.exception.common.MemberNotFoundException]
[2026-05-05 18:04:29.023] [INFO ] [SpringApplicationShutdownHook] o.s.b.w.e.tomcat.GracefulShutdown - Commencing graceful shutdown. Waiting for active requests to complete
[2026-05-05 18:04:29.029] [INFO ] [tomcat-shutdown] o.s.b.w.e.tomcat.GracefulShutdown - Graceful shutdown complete
[2026-05-05 18:04:29.070] [INFO ] [SpringApplicationShutdownHook] c.s.s.s.w.WebSocketServiceImpl - [Presence] User 관리자 left room OPEN_CHAT
[2026-05-05 18:04:29.117] [INFO ] [SpringApplicationShutdownHook] c.s.s.c.w.WebSocketEventListener - [Presence] Room OPEN_CHAT  updated. Count: 0
[2026-05-05 18:04:29.119] [INFO ] [SpringApplicationShutdownHook] o.s.m.s.b.SimpleBrokerMessageHandler - Stopping...
[2026-05-05 18:04:29.119] [INFO ] [SpringApplicationShutdownHook] o.s.m.s.b.SimpleBrokerMessageHandler - BrokerAvailabilityEvent[available=false, SimpleBrokerMessageHandler [org.springframework.messaging.simp.broker.DefaultSubscriptionRegistry@f72277a]]
[2026-05-05 18:04:29.119] [INFO ] [SpringApplicationShutdownHook] o.s.m.s.b.SimpleBrokerMessageHandler - Stopped.
[2026-05-05 18:04:29.160] [INFO ] [SpringApplicationShutdownHook] com.zaxxer.hikari.HikariDataSource - HikariPool-1 - Shutdown initiated...
[2026-05-05 18:04:29.162] [INFO ] [SpringApplicationShutdownHook] com.zaxxer.hikari.HikariDataSource - HikariPool-1 - Shutdown completed.
