[2026-05-28 21:41:59.033] [INFO ] [background-preinit] o.h.validator.internal.util.Version - HV000001: Hibernate Validator 8.0.3.Final
[2026-05-28 21:41:59.057] [INFO ] [restartedMain] com.sqld_board.sqld.SqldApplication - Starting SqldApplication using Java 17.0.11 with PID 21705 (/Users/minboklee/Downloads/sqld/build/classes/java/main started by minboklee in /Users/minboklee/Downloads/sqld)
[2026-05-28 21:41:59.058] [INFO ] [restartedMain] com.sqld_board.sqld.SqldApplication - The following 1 profile is active: "dev"
[2026-05-28 21:41:59.076] [INFO ] [restartedMain] o.s.b.d.restart.ChangeableUrls - The Class-Path manifest attribute in /Users/minboklee/.gradle/caches/modules-2/files-2.1/com.oracle.database.jdbc/ojdbc11/23.7.0.25.01/665f52abef9122ce003b5cfc1d9d44f7302e2cfe/ojdbc11-23.7.0.25.01.jar referenced one or more files that do not exist: file:/Users/minboklee/.gradle/caches/modules-2/files-2.1/com.oracle.database.jdbc/ojdbc11/23.7.0.25.01/665f52abef9122ce003b5cfc1d9d44f7302e2cfe/oraclepki.jar
[2026-05-28 21:41:59.076] [INFO ] [restartedMain] o.s.b.d.e.DevToolsPropertyDefaultsPostProcessor - Devtools property defaults active! Set 'spring.devtools.add-properties' to 'false' to disable
[2026-05-28 21:41:59.076] [INFO ] [restartedMain] o.s.b.d.e.DevToolsPropertyDefaultsPostProcessor - For additional web related logging consider setting the 'logging.level.web' property to 'DEBUG'
[2026-05-28 21:41:59.646] [INFO ] [restartedMain] o.s.d.r.c.RepositoryConfigurationDelegate - Multiple Spring Data modules found, entering strict repository configuration mode
[2026-05-28 21:41:59.648] [INFO ] [restartedMain] o.s.d.r.c.RepositoryConfigurationDelegate - Bootstrapping Spring Data Redis repositories in DEFAULT mode.
[2026-05-28 21:41:59.665] [INFO ] [restartedMain] o.s.d.r.c.RepositoryConfigurationDelegate - Finished Spring Data repository scanning in 9 ms. Found 0 Redis repository interfaces.
[2026-05-28 21:41:59.827] [INFO ] [restartedMain] c.u.j.c.EnableEncryptablePropertiesBeanFactoryPostProcessor - Post-processing PropertySource instances
[2026-05-28 21:41:59.827] [INFO ] [restartedMain] c.u.j.EncryptablePropertySourceConverter - Skipping PropertySource configurationProperties [class org.springframework.boot.context.properties.source.ConfigurationPropertySourcesPropertySource
[2026-05-28 21:41:59.827] [INFO ] [restartedMain] c.u.j.EncryptablePropertySourceConverter - Skipping PropertySource servletConfigInitParams [class org.springframework.core.env.PropertySource$StubPropertySource
[2026-05-28 21:41:59.827] [INFO ] [restartedMain] c.u.j.EncryptablePropertySourceConverter - Skipping PropertySource servletContextInitParams [class org.springframework.core.env.PropertySource$StubPropertySource
[2026-05-28 21:41:59.828] [INFO ] [restartedMain] c.u.j.EncryptablePropertySourceConverter - Converting PropertySource systemProperties [org.springframework.core.env.PropertiesPropertySource] to EncryptableMapPropertySourceWrapper
[2026-05-28 21:41:59.828] [INFO ] [restartedMain] c.u.j.EncryptablePropertySourceConverter - Converting PropertySource systemEnvironment [org.springframework.boot.env.SystemEnvironmentPropertySourceEnvironmentPostProcessor$OriginAwareSystemEnvironmentPropertySource] to EncryptableSystemEnvironmentPropertySourceWrapper
[2026-05-28 21:41:59.828] [INFO ] [restartedMain] c.u.j.EncryptablePropertySourceConverter - Converting PropertySource random [org.springframework.boot.env.RandomValuePropertySource] to EncryptablePropertySourceWrapper
[2026-05-28 21:41:59.828] [INFO ] [restartedMain] c.u.j.EncryptablePropertySourceConverter - Converting PropertySource Config resource 'class path resource [application-dev.yml]' via location 'optional:classpath:/' [org.springframework.boot.env.OriginTrackedMapPropertySource] to EncryptableMapPropertySourceWrapper
[2026-05-28 21:41:59.828] [INFO ] [restartedMain] c.u.j.EncryptablePropertySourceConverter - Converting PropertySource Config resource 'class path resource [application.yml]' via location 'optional:classpath:/' [org.springframework.boot.env.OriginTrackedMapPropertySource] to EncryptableMapPropertySourceWrapper
[2026-05-28 21:41:59.828] [INFO ] [restartedMain] c.u.j.EncryptablePropertySourceConverter - Converting PropertySource devtools [org.springframework.core.env.MapPropertySource] to EncryptableMapPropertySourceWrapper
[2026-05-28 21:41:59.828] [INFO ] [restartedMain] c.u.j.EncryptablePropertySourceConverter - Converting PropertySource applicationInfo [org.springframework.boot.ApplicationInfoPropertySource] to EncryptableMapPropertySourceWrapper
[2026-05-28 21:41:59.840] [INFO ] [restartedMain] c.u.j.f.DefaultLazyPropertyFilter - Property Filter custom Bean not found with name 'encryptablePropertyFilter'. Initializing Default Property Filter
[2026-05-28 21:41:59.843] [INFO ] [restartedMain] c.u.j.r.DefaultLazyPropertyResolver - Property Resolver custom Bean not found with name 'encryptablePropertyResolver'. Initializing Default Property Resolver
[2026-05-28 21:41:59.844] [INFO ] [restartedMain] c.u.j.d.DefaultLazyPropertyDetector - Property Detector custom Bean not found with name 'encryptablePropertyDetector'. Initializing Default Property Detector
[2026-05-28 21:42:00.208] [INFO ] [restartedMain] o.s.b.w.e.tomcat.TomcatWebServer - Tomcat initialized with port 8080 (http)
[2026-05-28 21:42:00.215] [INFO ] [restartedMain] o.a.coyote.http11.Http11NioProtocol - Initializing ProtocolHandler ["http-nio-8080"]
[2026-05-28 21:42:00.216] [INFO ] [restartedMain] o.a.catalina.core.StandardService - Starting service [Tomcat]
[2026-05-28 21:42:00.216] [INFO ] [restartedMain] o.a.catalina.core.StandardEngine - Starting Servlet engine: [Apache Tomcat/10.1.46]
[2026-05-28 21:42:00.241] [INFO ] [restartedMain] o.a.c.c.C.[Tomcat].[localhost].[/] - Initializing Spring embedded WebApplicationContext
[2026-05-28 21:42:00.241] [INFO ] [restartedMain] o.s.b.w.s.c.ServletWebServerApplicationContext - Root WebApplicationContext: initialization completed in 1165 ms
[2026-05-28 21:42:00.255] [INFO ] [restartedMain] c.u.j.encryptor.DefaultLazyEncryptor - String Encryptor custom Bean not found with name 'jasyptStringEncryptor'. Initializing Default String Encryptor
[2026-05-28 21:42:00.260] [INFO ] [restartedMain] c.u.j.c.StringEncryptorBuilder - Encryptor config not found for property jasypt.encryptor.key-obtention-iterations, using default value: 1000
[2026-05-28 21:42:00.260] [INFO ] [restartedMain] c.u.j.c.StringEncryptorBuilder - Encryptor config not found for property jasypt.encryptor.pool-size, using default value: 1
[2026-05-28 21:42:00.260] [INFO ] [restartedMain] c.u.j.c.StringEncryptorBuilder - Encryptor config not found for property jasypt.encryptor.provider-name, using default value: null
[2026-05-28 21:42:00.260] [INFO ] [restartedMain] c.u.j.c.StringEncryptorBuilder - Encryptor config not found for property jasypt.encryptor.provider-class-name, using default value: null
[2026-05-28 21:42:00.260] [INFO ] [restartedMain] c.u.j.c.StringEncryptorBuilder - Encryptor config not found for property jasypt.encryptor.salt-generator-classname, using default value: org.jasypt.salt.RandomSaltGenerator
[2026-05-28 21:42:00.261] [INFO ] [restartedMain] c.u.j.c.StringEncryptorBuilder - Encryptor config not found for property jasypt.encryptor.string-output-type, using default value: base64
[2026-05-28 21:42:01.089] [INFO ] [restartedMain] o.s.s.c.a.a.c.InitializeUserDetailsBeanManagerConfigurer$InitializeUserDetailsManagerConfigurer - Global AuthenticationManager configured with UserDetailsService bean with name customUserDetailService
[2026-05-28 21:42:01.111] [INFO ] [restartedMain] c.s.s.c.s.CustomSecurityConfig - ********* Security Config Loading: WebSocket Support Added
[2026-05-28 21:42:01.160] [WARN ] [restartedMain] o.s.s.c.a.w.b.WebSecurity$IgnoredRequestConfigurer - One of the patterns in [/demo-ui.html, /swagger-ui/**, /api/swagger-ui/**, /api-docs/**, /api/api-docs/**, /swagger-resources/**, /webjars/**, ws-stomp, /ws-stomp/**] is missing a leading slash. This is discouraged; please include the leading slash in all your request matcher patterns. In future versions of Spring Security, leaving out the leading slash will result in an exception.
[2026-05-28 21:42:01.166] [WARN ] [restartedMain] o.s.s.c.a.web.builders.WebSecurity - You are asking Spring Security to ignore Deferred [Mvc [pattern='/demo-ui.html'], Ant [pattern='/demo-ui.html']]. This is not recommended -- please use permitAll via HttpSecurity#authorizeHttpRequests instead.
[2026-05-28 21:42:01.166] [WARN ] [restartedMain] o.s.s.c.a.web.builders.WebSecurity - You are asking Spring Security to ignore Deferred [Mvc [pattern='/swagger-ui/**'], Ant [pattern='/swagger-ui/**']]. This is not recommended -- please use permitAll via HttpSecurity#authorizeHttpRequests instead.
[2026-05-28 21:42:01.166] [WARN ] [restartedMain] o.s.s.c.a.web.builders.WebSecurity - You are asking Spring Security to ignore Deferred [Mvc [pattern='/api/swagger-ui/**'], Ant [pattern='/api/swagger-ui/**']]. This is not recommended -- please use permitAll via HttpSecurity#authorizeHttpRequests instead.
[2026-05-28 21:42:01.166] [WARN ] [restartedMain] o.s.s.c.a.web.builders.WebSecurity - You are asking Spring Security to ignore Deferred [Mvc [pattern='/api-docs/**'], Ant [pattern='/api-docs/**']]. This is not recommended -- please use permitAll via HttpSecurity#authorizeHttpRequests instead.
[2026-05-28 21:42:01.166] [WARN ] [restartedMain] o.s.s.c.a.web.builders.WebSecurity - You are asking Spring Security to ignore Deferred [Mvc [pattern='/api/api-docs/**'], Ant [pattern='/api/api-docs/**']]. This is not recommended -- please use permitAll via HttpSecurity#authorizeHttpRequests instead.
[2026-05-28 21:42:01.166] [WARN ] [restartedMain] o.s.s.c.a.web.builders.WebSecurity - You are asking Spring Security to ignore Deferred [Mvc [pattern='/swagger-resources/**'], Ant [pattern='/swagger-resources/**']]. This is not recommended -- please use permitAll via HttpSecurity#authorizeHttpRequests instead.
[2026-05-28 21:42:01.166] [WARN ] [restartedMain] o.s.s.c.a.web.builders.WebSecurity - You are asking Spring Security to ignore Deferred [Mvc [pattern='/webjars/**'], Ant [pattern='/webjars/**']]. This is not recommended -- please use permitAll via HttpSecurity#authorizeHttpRequests instead.
[2026-05-28 21:42:01.166] [WARN ] [restartedMain] o.s.s.c.a.web.builders.WebSecurity - You are asking Spring Security to ignore Deferred [Mvc [pattern='ws-stomp'], Ant [pattern='ws-stomp']]. This is not recommended -- please use permitAll via HttpSecurity#authorizeHttpRequests instead.
[2026-05-28 21:42:01.166] [WARN ] [restartedMain] o.s.s.c.a.web.builders.WebSecurity - You are asking Spring Security to ignore Deferred [Mvc [pattern='/ws-stomp/**'], Ant [pattern='/ws-stomp/**']]. This is not recommended -- please use permitAll via HttpSecurity#authorizeHttpRequests instead.
[2026-05-28 21:42:01.425] [WARN ] [restartedMain] com.zaxxer.hikari.HikariConfig - HikariPool-1 - idleTimeout has been set but has no effect because the pool is operating as a fixed size pool.
[2026-05-28 21:42:01.426] [INFO ] [restartedMain] com.zaxxer.hikari.HikariDataSource - HikariPool-1 - Starting...
[2026-05-28 21:42:01.623] [INFO ] [restartedMain] com.zaxxer.hikari.pool.HikariPool - HikariPool-1 - Added connection net.sf.log4jdbc.sql.jdbcapi.ConnectionSpy@30f92bcf
[2026-05-28 21:42:01.624] [INFO ] [restartedMain] com.zaxxer.hikari.HikariDataSource - HikariPool-1 - Start completed.
[2026-05-28 21:42:01.629] [INFO ] [restartedMain] o.s.b.a.h.H2ConsoleAutoConfiguration - H2 console available at '/h2-console'. Database available at 'jdbc:mysql://175.197.69.42:3306/sqld_database?serverTimezone=Asia/Seoul&useSSL=false&allowPublicKeyRetrieval=true&useUnicode=true&characterEncoding=UTF-8'
[2026-05-28 21:42:01.700] [INFO ] [restartedMain] o.s.b.d.a.OptionalLiveReloadServer - LiveReload server is running on port 35729
[2026-05-28 21:42:01.721] [INFO ] [restartedMain] o.s.m.s.b.SimpleBrokerMessageHandler - Starting...
[2026-05-28 21:42:01.721] [INFO ] [restartedMain] o.s.m.s.b.SimpleBrokerMessageHandler - BrokerAvailabilityEvent[available=true, SimpleBrokerMessageHandler [org.springframework.messaging.simp.broker.DefaultSubscriptionRegistry@29b3f6b6]]
[2026-05-28 21:42:01.722] [INFO ] [restartedMain] o.s.m.s.b.SimpleBrokerMessageHandler - Started.
[2026-05-28 21:42:01.722] [INFO ] [restartedMain] o.a.coyote.http11.Http11NioProtocol - Starting ProtocolHandler ["http-nio-8080"]
[2026-05-28 21:42:01.732] [INFO ] [restartedMain] o.s.b.w.e.tomcat.TomcatWebServer - Tomcat started on port 8080 (http) with context path '/'
[2026-05-28 21:42:01.733] [INFO ] [restartedMain] c.u.j.c.RefreshScopeRefreshedEventListener - Refreshing cached encryptable property sources on ServletWebServerInitializedEvent
[2026-05-28 21:42:01.733] [INFO ] [restartedMain] c.u.j.c.CachingDelegateEncryptablePropertySource - Property Source systemProperties refreshed
[2026-05-28 21:42:01.733] [INFO ] [restartedMain] c.u.j.c.CachingDelegateEncryptablePropertySource - Property Source systemEnvironment refreshed
[2026-05-28 21:42:01.733] [INFO ] [restartedMain] c.u.j.c.CachingDelegateEncryptablePropertySource - Property Source random refreshed
[2026-05-28 21:42:01.733] [INFO ] [restartedMain] c.u.j.c.CachingDelegateEncryptablePropertySource - Property Source Config resource 'class path resource [application-dev.yml]' via location 'optional:classpath:/' refreshed
[2026-05-28 21:42:01.733] [INFO ] [restartedMain] c.u.j.c.CachingDelegateEncryptablePropertySource - Property Source Config resource 'class path resource [application.yml]' via location 'optional:classpath:/' refreshed
[2026-05-28 21:42:01.733] [INFO ] [restartedMain] c.u.j.c.CachingDelegateEncryptablePropertySource - Property Source devtools refreshed
[2026-05-28 21:42:01.733] [INFO ] [restartedMain] c.u.j.c.CachingDelegateEncryptablePropertySource - Property Source applicationInfo refreshed
[2026-05-28 21:42:01.733] [INFO ] [restartedMain] c.u.j.EncryptablePropertySourceConverter - Skipping PropertySource configurationProperties [class org.springframework.boot.context.properties.source.ConfigurationPropertySourcesPropertySource
[2026-05-28 21:42:01.733] [INFO ] [restartedMain] c.u.j.EncryptablePropertySourceConverter - Skipping PropertySource servletConfigInitParams [class org.springframework.core.env.PropertySource$StubPropertySource
[2026-05-28 21:42:01.733] [INFO ] [restartedMain] c.u.j.EncryptablePropertySourceConverter - Converting PropertySource servletContextInitParams [org.springframework.web.context.support.ServletContextPropertySource] to EncryptableEnumerablePropertySourceWrapper
[2026-05-28 21:42:02.048] [INFO ] [restartedMain] com.sqld_board.sqld.SqldApplication - Started SqldApplication in 3.272 seconds (process running for 3.76)
[2026-05-28 21:43:01.743] [INFO ] [MessageBroker-1] o.s.w.s.c.WebSocketMessageBrokerStats - WebSocketSession[0 current WS(0)-HttpStream(0)-HttpPoll(0), 0 total, 0 closed abnormally (0 connect failure, 0 send limit, 0 transport error)], stompSubProtocol[processed CONNECT(0)-CONNECTED(0)-DISCONNECT(0)], stompBrokerRelay[null], inboundChannel[pool size = 0, active threads = 0, queued tasks = 0, completed tasks = 0], outboundChannel[pool size = 0, active threads = 0, queued tasks = 0, completed tasks = 0], sockJsScheduler[pool size = 5, active threads = 1, queued tasks = 4, completed tasks = 0]
[2026-05-28 21:44:54.142] [INFO ] [http-nio-8080-exec-1] o.a.c.c.C.[Tomcat].[localhost].[/] - Initializing Spring DispatcherServlet 'dispatcherServlet'
[2026-05-28 21:44:54.142] [INFO ] [http-nio-8080-exec-1] o.s.web.servlet.DispatcherServlet - Initializing Servlet 'dispatcherServlet'
[2026-05-28 21:44:54.152] [INFO ] [http-nio-8080-exec-1] o.s.web.servlet.DispatcherServlet - Completed initialization in 10 ms
[2026-05-28 21:44:54.331] [INFO ] [http-nio-8080-exec-1] jdbc.sqltiming - SELECT  /* BoardMapper.getBoardList (게시판 목록 전체를 조회하는 쿼리 (사용자 정보 JOIN))*/
               B.BOARD_ID
             , B.TITLE
             , B.CONTENT
             , M.USER_ID
             , M.USER_NAME
             , B.MEMBER_ID
             , B.BOARD_CODE
             , B.CATEGORY_ID
             , B.VIEW_COUNT
             , B.LIKE_COUNT
             ,(SELECT COUNT(*)
                 FROM COMMENT_MANAGEMENT CM
                WHERE CM.BOARD_ID = B.BOARD_ID
                  AND CM.DELETE_YN = 'N') AS commentCount /* 댓글 작성 수 */
             , M.PROFILE_IMAGE
             , B.CREATE_AT
             , B.UPDATE_AT
             , B.TAG_NAME
        FROM
            BOARD B
        LEFT JOIN MEMBER_INFO M ON B.MEMBER_ID = M.MEMBER_ID
        WHERE B.DELETE_YN = 'N'
        ORDER BY
            B.CREATE_AT DESC
 {executed in 14 msec}
[2026-05-28 21:44:54.331] [INFO ] [http-nio-8080-exec-2] jdbc.sqltiming - SELECT  /* BoardMasterMapper.getBoardConfig 특정 게시판의 설정(이름, 카테고리 그룹, 기능 여부) 전체 리스트 조회 */
               BM.BOARD_CODE
             , BM.BOARD_NAME
             , BM.GROUP_CODE
             , BM.USE_YN
             , BM.FILE_YN
             , BM.REPLY_YN
             , BM.TAG_YN
             , CCG.SORT_ORDER
             , BM.CREATE_AT
             , BM.UPDATE_AT
          FROM BOARD_MASTER BM
          JOIN COMMON_CODE_GROUP CCG ON BM.GROUP_CODE = CCG.GROUP_CODE
         ORDER BY CCG.SORT_ORDER ASC, BM.BOARD_CODE ASC /* 그룹 순서대로 정렬 */
 {executed in 14 msec}
[2026-05-28 21:44:54.362] [INFO ] [http-nio-8080-exec-2] jdbc.sqltiming - SELECT /*  boardMapper.getCategoryListByBoardCode 특정 게시판(boardCode)에 소속된 카테고리 목록 조회 */
               CCD.CODE_ID AS categoryId
             , CCD.CODE_NAME AS categoryName
          FROM BOARD_MASTER BM
    INNER JOIN COMMON_CODE_DETAIL CCD
            ON BM.GROUP_CODE = CCD.GROUP_CODE
         WHERE BM.BOARD_CODE = 'B_NOTICE_01'
           AND BM.USE_YN = 'Y'
      ORDER BY CCD.SORT_ORDER ASC
 {executed in 7 msec}
[2026-05-28 21:44:54.384] [INFO ] [http-nio-8080-exec-2] jdbc.sqltiming - SELECT /*  boardMapper.getCategoryListByBoardCode 특정 게시판(boardCode)에 소속된 카테고리 목록 조회 */
               CCD.CODE_ID AS categoryId
             , CCD.CODE_NAME AS categoryName
          FROM BOARD_MASTER BM
    INNER JOIN COMMON_CODE_DETAIL CCD
            ON BM.GROUP_CODE = CCD.GROUP_CODE
         WHERE BM.BOARD_CODE = 'B_SQLD_01'
           AND BM.USE_YN = 'Y'
      ORDER BY CCD.SORT_ORDER ASC
 {executed in 17 msec}
[2026-05-28 21:44:54.397] [INFO ] [http-nio-8080-exec-2] jdbc.sqltiming - SELECT /*  boardMapper.getCategoryListByBoardCode 특정 게시판(boardCode)에 소속된 카테고리 목록 조회 */
               CCD.CODE_ID AS categoryId
             , CCD.CODE_NAME AS categoryName
          FROM BOARD_MASTER BM
    INNER JOIN COMMON_CODE_DETAIL CCD
            ON BM.GROUP_CODE = CCD.GROUP_CODE
         WHERE BM.BOARD_CODE = 'B_GREETING_01'
           AND BM.USE_YN = 'Y'
      ORDER BY CCD.SORT_ORDER ASC
 {executed in 11 msec}
[2026-05-28 21:45:00.018] [INFO ] [MessageBroker-2] c.s.s.c.s.BoardViewCountScheduler - >>> Redis 조회수 DB 동기화 시작
[2026-05-28 21:45:00.030] [INFO ] [MessageBroker-2] c.s.s.c.s.BoardViewCountScheduler - >>> 동기화할 조회수 데이터가 없습니다.
[2026-05-28 21:46:48.951] [INFO ] [http-nio-8080-exec-4] jdbc.sqltiming - SELECT  /* BoardMasterMapper.getBoardConfig 특정 게시판의 설정(이름, 카테고리 그룹, 기능 여부) 전체 리스트 조회 */
               BM.BOARD_CODE
             , BM.BOARD_NAME
             , BM.GROUP_CODE
             , BM.USE_YN
             , BM.FILE_YN
             , BM.REPLY_YN
             , BM.TAG_YN
             , CCG.SORT_ORDER
             , BM.CREATE_AT
             , BM.UPDATE_AT
          FROM BOARD_MASTER BM
          JOIN COMMON_CODE_GROUP CCG ON BM.GROUP_CODE = CCG.GROUP_CODE
         ORDER BY CCG.SORT_ORDER ASC, BM.BOARD_CODE ASC /* 그룹 순서대로 정렬 */
 {executed in 5 msec}
[2026-05-28 21:46:48.951] [INFO ] [http-nio-8080-exec-5] jdbc.sqltiming - SELECT  /* BoardMapper.getBoardList (게시판 목록 전체를 조회하는 쿼리 (사용자 정보 JOIN))*/
               B.BOARD_ID
             , B.TITLE
             , B.CONTENT
             , M.USER_ID
             , M.USER_NAME
             , B.MEMBER_ID
             , B.BOARD_CODE
             , B.CATEGORY_ID
             , B.VIEW_COUNT
             , B.LIKE_COUNT
             ,(SELECT COUNT(*)
                 FROM COMMENT_MANAGEMENT CM
                WHERE CM.BOARD_ID = B.BOARD_ID
                  AND CM.DELETE_YN = 'N') AS commentCount /* 댓글 작성 수 */
             , M.PROFILE_IMAGE
             , B.CREATE_AT
             , B.UPDATE_AT
             , B.TAG_NAME
        FROM
            BOARD B
        LEFT JOIN MEMBER_INFO M ON B.MEMBER_ID = M.MEMBER_ID
        WHERE B.DELETE_YN = 'N'
        ORDER BY
            B.CREATE_AT DESC
 {executed in 6 msec}
[2026-05-28 21:46:48.978] [INFO ] [http-nio-8080-exec-4] jdbc.sqltiming - SELECT /*  boardMapper.getCategoryListByBoardCode 특정 게시판(boardCode)에 소속된 카테고리 목록 조회 */
               CCD.CODE_ID AS categoryId
             , CCD.CODE_NAME AS categoryName
          FROM BOARD_MASTER BM
    INNER JOIN COMMON_CODE_DETAIL CCD
            ON BM.GROUP_CODE = CCD.GROUP_CODE
         WHERE BM.BOARD_CODE = 'B_NOTICE_01'
           AND BM.USE_YN = 'Y'
      ORDER BY CCD.SORT_ORDER ASC
 {executed in 9 msec}
[2026-05-28 21:46:48.997] [INFO ] [http-nio-8080-exec-4] jdbc.sqltiming - SELECT /*  boardMapper.getCategoryListByBoardCode 특정 게시판(boardCode)에 소속된 카테고리 목록 조회 */
               CCD.CODE_ID AS categoryId
             , CCD.CODE_NAME AS categoryName
          FROM BOARD_MASTER BM
    INNER JOIN COMMON_CODE_DETAIL CCD
            ON BM.GROUP_CODE = CCD.GROUP_CODE
         WHERE BM.BOARD_CODE = 'B_SQLD_01'
           AND BM.USE_YN = 'Y'
      ORDER BY CCD.SORT_ORDER ASC
 {executed in 17 msec}
[2026-05-28 21:46:49.002] [INFO ] [http-nio-8080-exec-4] jdbc.sqltiming - SELECT /*  boardMapper.getCategoryListByBoardCode 특정 게시판(boardCode)에 소속된 카테고리 목록 조회 */
               CCD.CODE_ID AS categoryId
             , CCD.CODE_NAME AS categoryName
          FROM BOARD_MASTER BM
    INNER JOIN COMMON_CODE_DETAIL CCD
            ON BM.GROUP_CODE = CCD.GROUP_CODE
         WHERE BM.BOARD_CODE = 'B_GREETING_01'
           AND BM.USE_YN = 'Y'
      ORDER BY CCD.SORT_ORDER ASC
 {executed in 4 msec}
[2026-05-28 21:48:11.585] [INFO ] [http-nio-8080-exec-9] c.s.s.service.board.BoardServiceImpl - 인기 게시물 조회를 위해 DB에 접근한다. (캐시 미적용 시에만 출력)
[2026-05-28 21:48:11.592] [INFO ] [http-nio-8080-exec-9] jdbc.sqltiming - SELECT /* BoardMapper.getPopularBoards (최근 15일 인기 게시글 조회) */
               B.BOARD_ID
             , B.TITLE
             , B.VIEW_COUNT
             , B.LIKE_COUNT
             , B.CREATE_AT
             , M.USER_NAME
             , M.PROFILE_IMAGE
        FROM BOARD B
        LEFT JOIN MEMBER_INFO M ON B.MEMBER_ID = M.MEMBER_ID
        WHERE B.CREATE_AT >= DATE_SUB(NOW(), INTERVAL 15 DAY)
          AND B.DELETE_YN = 'N'
        ORDER BY B.LIKE_COUNT DESC, B.VIEW_COUNT DESC
        LIMIT 5
 {executed in 5 msec}
[2026-05-28 21:48:11.595] [INFO ] [http-nio-8080-exec-7] jdbc.sqltiming - SELECT /* BoardMapper.existBoardContent */
               COUNT(1)
          FROM BOARD
         WHERE BOARD_ID = 3
           AND DELETE_YN = 'N'
 {executed in 5 msec}
[2026-05-28 21:48:11.596] [INFO ] [http-nio-8080-exec-8] jdbc.sqltiming - SELECT /* commentMapper.getChildCommentCount (자식 대댓글 유무 확인)*/
               CM.COMMENT_ID
             , CM.BOARD_ID
             , CM.MEMBER_ID
             , CM.USER_ID
             , M.USER_NAME
             , CM.CONTENT
             , CM.PARENT_COMMENT_ID
             , CM.LIKE_COUNT
             , CM.CREATE_AT
             , CM.UPDATE_AT
             , CM.DELETE_YN
        FROM COMMENT_MANAGEMENT CM
                 LEFT JOIN MEMBER_INFO M ON CM.MEMBER_ID = M.MEMBER_ID
        WHERE CM.BOARD_ID = 3
          AND CM.DELETE_YN = 'N'
        ORDER BY CM.CREATE_AT ASC
 {executed in 5 msec}
[2026-05-28 21:48:11.671] [INFO ] [http-nio-8080-exec-7] jdbc.sqltiming - SELECT /* BoardMapper.getSearchBoard (게시판 글 단건조회 (사용자 정보 JOIN)) */
               B.BOARD_ID
             , B.TITLE
             , B.CONTENT
             , M.USER_ID
             , M.USER_NAME
             , B.MEMBER_ID
             , B.BOARD_CODE
             , B.CATEGORY_ID
             , B.VIEW_COUNT
             , B.LIKE_COUNT
             , M.PROFILE_IMAGE
             , B.CREATE_AT
             , B.UPDATE_AT
             , B.TAG_NAME
             , BS.SCRAP_ID /* 스크랩 고유 ID */
          FROM BOARD B
          LEFT JOIN MEMBER_INFO M ON B.MEMBER_ID = M.MEMBER_ID
          LEFT JOIN BOARD_SCRAP BS ON B.BOARD_ID = BS.BOARD_ID AND BS.MEMBER_ID = NULL
         WHERE B.BOARD_ID = 3
           AND B.DELETE_YN = 'N'
 {executed in 12 msec}
[2026-05-28 21:48:11.681] [INFO ] [http-nio-8080-exec-10] jdbc.sqltiming - SELECT /* BoardMapper.getBoardListWithPaging (페이징 처리된 게시판 목록 조회 (지연 조인 최적화 적용)) */
               B.BOARD_ID
             , B.TITLE
             , B.CONTENT
             , M.USER_ID
             , M.USER_NAME
             , B.MEMBER_ID
             , B.BOARD_CODE
             , B.CATEGORY_ID
             , B.VIEW_COUNT
             , B.LIKE_COUNT
             ,(SELECT COUNT(*)
                 FROM COMMENT_MANAGEMENT CM
                 WHERE CM.BOARD_ID = B.BOARD_ID
                   AND CM.DELETE_YN = 'N') AS commentCount /* 댓글 작성 수 */
             , M.PROFILE_IMAGE
             , B.CREATE_AT
             , B.UPDATE_AT
             , B.TAG_NAME
          FROM BOARD B
    INNER JOIN ( /* 인덱스만 사용하여 필요한 ID들만 빠르게 추출 */
                SELECT BOARD_ID
                  FROM BOARD
             WHERE DELETE_YN = 'N' 
            ORDER BY CREATE_AT DESC
            LIMIT 20 OFFSET 0
        ) AS temp ON B.BOARD_ID = temp.BOARD_ID
        LEFT JOIN MEMBER_INFO M ON B.MEMBER_ID = M.MEMBER_ID
        ORDER BY B.CREATE_AT DESC
 {executed in 10 msec}
[2026-05-28 21:48:11.683] [INFO ] [http-nio-8080-exec-7] jdbc.sqltiming - SELECT /* BoardMapper.getBoardFileList (게시글에 첨부된 파일 리스트 조회) */
               FILE_ID
             , BOARD_ID
             , ORIGIN_NAME
             , SAVE_NAME
             , FILE_PATH
             , FILE_SIZE
             , CREATE_AT
          FROM BOARD_FILE
         WHERE BOARD_ID = 3
 {executed in 4 msec}
[2026-05-28 21:48:11.704] [INFO ] [http-nio-8080-exec-10] jdbc.sqltiming - SELECT /* BoardMapper.getgetBoardTotalCount (게시글 총 개수 조회) */
               COUNT(*)
          FROM BOARD
         WHERE DELETE_YN = 'N'
 {executed in 5 msec}
[2026-05-28 21:48:18.651] [INFO ] [http-nio-8080-exec-4] jdbc.sqltiming - SELECT /* BoardMapper.getBoardListWithPaging (페이징 처리된 게시판 목록 조회 (지연 조인 최적화 적용)) */
               B.BOARD_ID
             , B.TITLE
             , B.CONTENT
             , M.USER_ID
             , M.USER_NAME
             , B.MEMBER_ID
             , B.BOARD_CODE
             , B.CATEGORY_ID
             , B.VIEW_COUNT
             , B.LIKE_COUNT
             ,(SELECT COUNT(*)
                 FROM COMMENT_MANAGEMENT CM
                 WHERE CM.BOARD_ID = B.BOARD_ID
                   AND CM.DELETE_YN = 'N') AS commentCount /* 댓글 작성 수 */
             , M.PROFILE_IMAGE
             , B.CREATE_AT
             , B.UPDATE_AT
             , B.TAG_NAME
          FROM BOARD B
    INNER JOIN ( /* 인덱스만 사용하여 필요한 ID들만 빠르게 추출 */
                SELECT BOARD_ID
                  FROM BOARD
             WHERE DELETE_YN = 'N' 
            ORDER BY CREATE_AT DESC
            LIMIT 30 OFFSET 0
        ) AS temp ON B.BOARD_ID = temp.BOARD_ID
        LEFT JOIN MEMBER_INFO M ON B.MEMBER_ID = M.MEMBER_ID
        ORDER BY B.CREATE_AT DESC
 {executed in 7 msec}
[2026-05-28 21:48:18.697] [INFO ] [http-nio-8080-exec-1] jdbc.sqltiming - SELECT /* BoardMapper.getBoardListWithPaging (페이징 처리된 게시판 목록 조회 (지연 조인 최적화 적용)) */
               B.BOARD_ID
             , B.TITLE
             , B.CONTENT
             , M.USER_ID
             , M.USER_NAME
             , B.MEMBER_ID
             , B.BOARD_CODE
             , B.CATEGORY_ID
             , B.VIEW_COUNT
             , B.LIKE_COUNT
             ,(SELECT COUNT(*)
                 FROM COMMENT_MANAGEMENT CM
                 WHERE CM.BOARD_ID = B.BOARD_ID
                   AND CM.DELETE_YN = 'N') AS commentCount /* 댓글 작성 수 */
             , M.PROFILE_IMAGE
             , B.CREATE_AT
             , B.UPDATE_AT
             , B.TAG_NAME
          FROM BOARD B
    INNER JOIN ( /* 인덱스만 사용하여 필요한 ID들만 빠르게 추출 */
                SELECT BOARD_ID
                  FROM BOARD
             WHERE DELETE_YN = 'N'

                    AND BOARD_CODE = 'B_NOTICE_01' 
            ORDER BY CREATE_AT DESC
            LIMIT 10 OFFSET 0
        ) AS temp ON B.BOARD_ID = temp.BOARD_ID
        LEFT JOIN MEMBER_INFO M ON B.MEMBER_ID = M.MEMBER_ID
        ORDER BY B.CREATE_AT DESC
 {executed in 5 msec}
[2026-05-28 21:48:18.705] [INFO ] [http-nio-8080-exec-4] jdbc.sqltiming - SELECT /* BoardMapper.getgetBoardTotalCount (게시글 총 개수 조회) */
               COUNT(*)
          FROM BOARD
         WHERE DELETE_YN = 'N'
 {executed in 4 msec}
[2026-05-28 21:48:18.717] [INFO ] [http-nio-8080-exec-1] jdbc.sqltiming - SELECT /* BoardMapper.getgetBoardTotalCount (게시글 총 개수 조회) */
               COUNT(*)
          FROM BOARD
         WHERE DELETE_YN = 'N'

                AND BOARD_CODE = 'B_NOTICE_01'
 {executed in 6 msec}
[2026-05-28 21:50:00.011] [INFO ] [MessageBroker-4] c.s.s.c.s.BoardViewCountScheduler - >>> Redis 조회수 DB 동기화 시작
[2026-05-28 21:50:00.022] [INFO ] [MessageBroker-4] c.s.s.c.s.BoardViewCountScheduler - >>> 동기화할 조회수 데이터가 없습니다.
[2026-05-28 21:55:00.114] [INFO ] [MessageBroker-1] c.s.s.c.s.BoardViewCountScheduler - >>> Redis 조회수 DB 동기화 시작
[2026-05-28 21:55:00.129] [INFO ] [MessageBroker-1] c.s.s.c.s.BoardViewCountScheduler - >>> 동기화할 조회수 데이터가 없습니다.
[2026-05-28 21:56:34.351] [INFO ] [http-nio-8080-exec-6] jdbc.sqltiming - SELECT  /* BoardMasterMapper.getBoardConfig 특정 게시판의 설정(이름, 카테고리 그룹, 기능 여부) 전체 리스트 조회 */
               BM.BOARD_CODE
             , BM.BOARD_NAME
             , BM.GROUP_CODE
             , BM.USE_YN
             , BM.FILE_YN
             , BM.REPLY_YN
             , BM.TAG_YN
             , CCG.SORT_ORDER
             , BM.CREATE_AT
             , BM.UPDATE_AT
          FROM BOARD_MASTER BM
          JOIN COMMON_CODE_GROUP CCG ON BM.GROUP_CODE = CCG.GROUP_CODE
         ORDER BY CCG.SORT_ORDER ASC, BM.BOARD_CODE ASC /* 그룹 순서대로 정렬 */
 {executed in 5 msec}
[2026-05-28 21:56:34.351] [INFO ] [http-nio-8080-exec-5] jdbc.sqltiming - SELECT  /* BoardMapper.getBoardList (게시판 목록 전체를 조회하는 쿼리 (사용자 정보 JOIN))*/
               B.BOARD_ID
             , B.TITLE
             , B.CONTENT
             , M.USER_ID
             , M.USER_NAME
             , B.MEMBER_ID
             , B.BOARD_CODE
             , B.CATEGORY_ID
             , B.VIEW_COUNT
             , B.LIKE_COUNT
             ,(SELECT COUNT(*)
                 FROM COMMENT_MANAGEMENT CM
                WHERE CM.BOARD_ID = B.BOARD_ID
                  AND CM.DELETE_YN = 'N') AS commentCount /* 댓글 작성 수 */
             , M.PROFILE_IMAGE
             , B.CREATE_AT
             , B.UPDATE_AT
             , B.TAG_NAME
        FROM
            BOARD B
        LEFT JOIN MEMBER_INFO M ON B.MEMBER_ID = M.MEMBER_ID
        WHERE B.DELETE_YN = 'N'
        ORDER BY
            B.CREATE_AT DESC
 {executed in 7 msec}
[2026-05-28 21:56:34.361] [INFO ] [http-nio-8080-exec-6] jdbc.sqltiming - SELECT /*  boardMapper.getCategoryListByBoardCode 특정 게시판(boardCode)에 소속된 카테고리 목록 조회 */
               CCD.CODE_ID AS categoryId
             , CCD.CODE_NAME AS categoryName
          FROM BOARD_MASTER BM
    INNER JOIN COMMON_CODE_DETAIL CCD
            ON BM.GROUP_CODE = CCD.GROUP_CODE
         WHERE BM.BOARD_CODE = 'B_NOTICE_01'
           AND BM.USE_YN = 'Y'
      ORDER BY CCD.SORT_ORDER ASC
 {executed in 6 msec}
[2026-05-28 21:56:34.367] [INFO ] [http-nio-8080-exec-6] jdbc.sqltiming - SELECT /*  boardMapper.getCategoryListByBoardCode 특정 게시판(boardCode)에 소속된 카테고리 목록 조회 */
               CCD.CODE_ID AS categoryId
             , CCD.CODE_NAME AS categoryName
          FROM BOARD_MASTER BM
    INNER JOIN COMMON_CODE_DETAIL CCD
            ON BM.GROUP_CODE = CCD.GROUP_CODE
         WHERE BM.BOARD_CODE = 'B_SQLD_01'
           AND BM.USE_YN = 'Y'
      ORDER BY CCD.SORT_ORDER ASC
 {executed in 5 msec}
[2026-05-28 21:56:34.373] [INFO ] [http-nio-8080-exec-6] jdbc.sqltiming - SELECT /*  boardMapper.getCategoryListByBoardCode 특정 게시판(boardCode)에 소속된 카테고리 목록 조회 */
               CCD.CODE_ID AS categoryId
             , CCD.CODE_NAME AS categoryName
          FROM BOARD_MASTER BM
    INNER JOIN COMMON_CODE_DETAIL CCD
            ON BM.GROUP_CODE = CCD.GROUP_CODE
         WHERE BM.BOARD_CODE = 'B_GREETING_01'
           AND BM.USE_YN = 'Y'
      ORDER BY CCD.SORT_ORDER ASC
 {executed in 4 msec}
[2026-05-28 21:56:57.425] [INFO ] [http-nio-8080-exec-2] c.s.s.service.board.BoardServiceImpl - 인기 게시물 조회를 위해 DB에 접근한다. (캐시 미적용 시에만 출력)
[2026-05-28 21:56:57.433] [INFO ] [http-nio-8080-exec-9] jdbc.sqltiming - SELECT /* BoardMapper.existBoardContent */
               COUNT(1)
          FROM BOARD
         WHERE BOARD_ID = 3
           AND DELETE_YN = 'N'
 {executed in 6 msec}
[2026-05-28 21:56:57.433] [INFO ] [http-nio-8080-exec-2] jdbc.sqltiming - SELECT /* BoardMapper.getPopularBoards (최근 15일 인기 게시글 조회) */
               B.BOARD_ID
             , B.TITLE
             , B.VIEW_COUNT
             , B.LIKE_COUNT
             , B.CREATE_AT
             , M.USER_NAME
             , M.PROFILE_IMAGE
        FROM BOARD B
        LEFT JOIN MEMBER_INFO M ON B.MEMBER_ID = M.MEMBER_ID
        WHERE B.CREATE_AT >= DATE_SUB(NOW(), INTERVAL 15 DAY)
          AND B.DELETE_YN = 'N'
        ORDER BY B.LIKE_COUNT DESC, B.VIEW_COUNT DESC
        LIMIT 5
 {executed in 6 msec}
[2026-05-28 21:56:57.433] [INFO ] [http-nio-8080-exec-10] jdbc.sqltiming - SELECT /* BoardMapper.getBoardListWithPaging (페이징 처리된 게시판 목록 조회 (지연 조인 최적화 적용)) */
               B.BOARD_ID
             , B.TITLE
             , B.CONTENT
             , M.USER_ID
             , M.USER_NAME
             , B.MEMBER_ID
             , B.BOARD_CODE
             , B.CATEGORY_ID
             , B.VIEW_COUNT
             , B.LIKE_COUNT
             ,(SELECT COUNT(*)
                 FROM COMMENT_MANAGEMENT CM
                 WHERE CM.BOARD_ID = B.BOARD_ID
                   AND CM.DELETE_YN = 'N') AS commentCount /* 댓글 작성 수 */
             , M.PROFILE_IMAGE
             , B.CREATE_AT
             , B.UPDATE_AT
             , B.TAG_NAME
          FROM BOARD B
    INNER JOIN ( /* 인덱스만 사용하여 필요한 ID들만 빠르게 추출 */
                SELECT BOARD_ID
                  FROM BOARD
             WHERE DELETE_YN = 'N' 
            ORDER BY CREATE_AT DESC
            LIMIT 20 OFFSET 0
        ) AS temp ON B.BOARD_ID = temp.BOARD_ID
        LEFT JOIN MEMBER_INFO M ON B.MEMBER_ID = M.MEMBER_ID
        ORDER BY B.CREATE_AT DESC
 {executed in 4 msec}
[2026-05-28 21:56:57.435] [INFO ] [http-nio-8080-exec-7] jdbc.sqltiming - SELECT /* commentMapper.getChildCommentCount (자식 대댓글 유무 확인)*/
               CM.COMMENT_ID
             , CM.BOARD_ID
             , CM.MEMBER_ID
             , CM.USER_ID
             , M.USER_NAME
             , CM.CONTENT
             , CM.PARENT_COMMENT_ID
             , CM.LIKE_COUNT
             , CM.CREATE_AT
             , CM.UPDATE_AT
             , CM.DELETE_YN
        FROM COMMENT_MANAGEMENT CM
                 LEFT JOIN MEMBER_INFO M ON CM.MEMBER_ID = M.MEMBER_ID
        WHERE CM.BOARD_ID = 3
          AND CM.DELETE_YN = 'N'
        ORDER BY CM.CREATE_AT ASC
 {executed in 4 msec}
[2026-05-28 21:56:57.448] [INFO ] [http-nio-8080-exec-9] jdbc.sqltiming - SELECT /* BoardMapper.getSearchBoard (게시판 글 단건조회 (사용자 정보 JOIN)) */
               B.BOARD_ID
             , B.TITLE
             , B.CONTENT
             , M.USER_ID
             , M.USER_NAME
             , B.MEMBER_ID
             , B.BOARD_CODE
             , B.CATEGORY_ID
             , B.VIEW_COUNT
             , B.LIKE_COUNT
             , M.PROFILE_IMAGE
             , B.CREATE_AT
             , B.UPDATE_AT
             , B.TAG_NAME
             , BS.SCRAP_ID /* 스크랩 고유 ID */
          FROM BOARD B
          LEFT JOIN MEMBER_INFO M ON B.MEMBER_ID = M.MEMBER_ID
          LEFT JOIN BOARD_SCRAP BS ON B.BOARD_ID = BS.BOARD_ID AND BS.MEMBER_ID = NULL
         WHERE B.BOARD_ID = 3
           AND B.DELETE_YN = 'N'
 {executed in 5 msec}
[2026-05-28 21:56:57.458] [INFO ] [http-nio-8080-exec-10] jdbc.sqltiming - SELECT /* BoardMapper.getgetBoardTotalCount (게시글 총 개수 조회) */
               COUNT(*)
          FROM BOARD
         WHERE DELETE_YN = 'N'
 {executed in 5 msec}
[2026-05-28 21:56:57.458] [INFO ] [http-nio-8080-exec-9] jdbc.sqltiming - SELECT /* BoardMapper.getBoardFileList (게시글에 첨부된 파일 리스트 조회) */
               FILE_ID
             , BOARD_ID
             , ORIGIN_NAME
             , SAVE_NAME
             , FILE_PATH
             , FILE_SIZE
             , CREATE_AT
          FROM BOARD_FILE
         WHERE BOARD_ID = 3
 {executed in 4 msec}
[2026-05-28 21:57:08.881] [INFO ] [http-nio-8080-exec-3] jdbc.sqltiming - SELECT MEMBER_ID
             , USER_ID
             , USER_PASS
             , USER_NAME
             , USER_EMAIL
             , EMAIL_VERIFIED
             , USER_ROLE
             , USER_STATUS
             , PROFILE_IMAGE
             , CREATE_AT
             , UPDATE_AT
             , LAST_LOG_AT
          FROM MEMBER_INFO
         WHERE USER_ID = 'Admin'
         LIMIT 1
 {executed in 5 msec}
[2026-05-28 21:57:09.004] [INFO ] [http-nio-8080-exec-3] jdbc.sqltiming - UPDATE MEMBER_INFO
        SET LAST_LOG_AT = NOW()
        WHERE MEMBER_ID = 'MEMBER_20260427_001'
 {executed in 7 msec}
[2026-05-28 21:57:09.061] [INFO ] [http-nio-8080-exec-3] jdbc.sqltiming - DELETE FROM REFRESH_TOKEN WHERE MEMBER_ID = 'MEMBER_20260427_001'
 {executed in 9 msec}
[2026-05-28 21:57:09.079] [INFO ] [http-nio-8080-exec-3] jdbc.sqltiming - INSERT INTO REFRESH_TOKEN (MEMBER_ID, R_TOKEN, EXPIRY_DATE)
        VALUES ('MEMBER_20260427_001', '6c190450-83df-43d4-8e71-e66a51a07fc0', '06/04/2026 21:57:09.063')
 {executed in 13 msec}
[2026-05-28 21:57:09.281] [INFO ] [http-nio-8080-exec-4] jdbc.sqltiming - SELECT /* MemberMapper.readMemberByMemberId (memberId를 통한 회원 정보 조회) */
               MEMBER_ID
             , USER_ID
             , USER_PASS
             , USER_NAME
             , USER_EMAIL
             , EMAIL_VERIFIED
             , USER_ROLE
             , USER_STATUS
             , PROFILE_IMAGE
             , CREATE_AT
             , UPDATE_AT
             , LAST_LOG_AT
          FROM MEMBER_INFO
        WHERE MEMBER_ID = 'MEMBER_20260427_001'
 {executed in 14 msec}
[2026-05-28 21:57:09.295] [INFO ] [http-nio-8080-exec-1] jdbc.sqltiming - SELECT /* MemberMapper.readMemberByMemberId (memberId를 통한 회원 정보 조회) */
               MEMBER_ID
             , USER_ID
             , USER_PASS
             , USER_NAME
             , USER_EMAIL
             , EMAIL_VERIFIED
             , USER_ROLE
             , USER_STATUS
             , PROFILE_IMAGE
             , CREATE_AT
             , UPDATE_AT
             , LAST_LOG_AT
          FROM MEMBER_INFO
        WHERE MEMBER_ID = 'MEMBER_20260427_001'
 {executed in 14 msec}
[2026-05-28 21:57:09.295] [INFO ] [http-nio-8080-exec-5] jdbc.sqltiming - SELECT /* MemberMapper.readMemberByMemberId (memberId를 통한 회원 정보 조회) */
               MEMBER_ID
             , USER_ID
             , USER_PASS
             , USER_NAME
             , USER_EMAIL
             , EMAIL_VERIFIED
             , USER_ROLE
             , USER_STATUS
             , PROFILE_IMAGE
             , CREATE_AT
             , UPDATE_AT
             , LAST_LOG_AT
          FROM MEMBER_INFO
        WHERE MEMBER_ID = 'MEMBER_20260427_001'
 {executed in 14 msec}
[2026-05-28 21:57:09.295] [INFO ] [http-nio-8080-exec-8] jdbc.sqltiming - SELECT /* MemberMapper.readMemberByMemberId (memberId를 통한 회원 정보 조회) */
               MEMBER_ID
             , USER_ID
             , USER_PASS
             , USER_NAME
             , USER_EMAIL
             , EMAIL_VERIFIED
             , USER_ROLE
             , USER_STATUS
             , PROFILE_IMAGE
             , CREATE_AT
             , UPDATE_AT
             , LAST_LOG_AT
          FROM MEMBER_INFO
        WHERE MEMBER_ID = 'MEMBER_20260427_001'
 {executed in 14 msec}
[2026-05-28 21:57:09.295] [INFO ] [http-nio-8080-exec-6] jdbc.sqltiming - SELECT /* MemberMapper.readMemberByMemberId (memberId를 통한 회원 정보 조회) */
               MEMBER_ID
             , USER_ID
             , USER_PASS
             , USER_NAME
             , USER_EMAIL
             , EMAIL_VERIFIED
             , USER_ROLE
             , USER_STATUS
             , PROFILE_IMAGE
             , CREATE_AT
             , UPDATE_AT
             , LAST_LOG_AT
          FROM MEMBER_INFO
        WHERE MEMBER_ID = 'MEMBER_20260427_001'
 {executed in 14 msec}
[2026-05-28 21:57:09.299] [INFO ] [http-nio-8080-exec-4] jdbc.sqltiming - SELECT /* BoardMapper.existBoardContent */
               COUNT(1)
          FROM BOARD
         WHERE BOARD_ID = 3
           AND DELETE_YN = 'N'
 {executed in 4 msec}
[2026-05-28 21:57:09.308] [INFO ] [http-nio-8080-exec-5] jdbc.sqltiming - SELECT /* BoardMapper.getBoardListWithPaging (페이징 처리된 게시판 목록 조회 (지연 조인 최적화 적용)) */
               B.BOARD_ID
             , B.TITLE
             , B.CONTENT
             , M.USER_ID
             , M.USER_NAME
             , B.MEMBER_ID
             , B.BOARD_CODE
             , B.CATEGORY_ID
             , B.VIEW_COUNT
             , B.LIKE_COUNT
             ,(SELECT COUNT(*)
                 FROM COMMENT_MANAGEMENT CM
                 WHERE CM.BOARD_ID = B.BOARD_ID
                   AND CM.DELETE_YN = 'N') AS commentCount /* 댓글 작성 수 */
             , M.PROFILE_IMAGE
             , B.CREATE_AT
             , B.UPDATE_AT
             , B.TAG_NAME
          FROM BOARD B
    INNER JOIN ( /* 인덱스만 사용하여 필요한 ID들만 빠르게 추출 */
                SELECT BOARD_ID
                  FROM BOARD
             WHERE DELETE_YN = 'N' 
            ORDER BY CREATE_AT DESC
            LIMIT 20 OFFSET 0
        ) AS temp ON B.BOARD_ID = temp.BOARD_ID
        LEFT JOIN MEMBER_INFO M ON B.MEMBER_ID = M.MEMBER_ID
        ORDER BY B.CREATE_AT DESC
 {executed in 7 msec}
[2026-05-28 21:57:09.308] [INFO ] [http-nio-8080-exec-4] jdbc.sqltiming - SELECT /* BoardMapper.getSearchBoard (게시판 글 단건조회 (사용자 정보 JOIN)) */
               B.BOARD_ID
             , B.TITLE
             , B.CONTENT
             , M.USER_ID
             , M.USER_NAME
             , B.MEMBER_ID
             , B.BOARD_CODE
             , B.CATEGORY_ID
             , B.VIEW_COUNT
             , B.LIKE_COUNT
             , M.PROFILE_IMAGE
             , B.CREATE_AT
             , B.UPDATE_AT
             , B.TAG_NAME
             , BS.SCRAP_ID /* 스크랩 고유 ID */
          FROM BOARD B
          LEFT JOIN MEMBER_INFO M ON B.MEMBER_ID = M.MEMBER_ID
          LEFT JOIN BOARD_SCRAP BS ON B.BOARD_ID = BS.BOARD_ID AND BS.MEMBER_ID = 'MEMBER_20260427_001'
         WHERE B.BOARD_ID = 3
           AND B.DELETE_YN = 'N'
 {executed in 3 msec}
[2026-05-28 21:57:09.310] [INFO ] [http-nio-8080-exec-8] jdbc.sqltiming - SELECT /* WebSocketMapper.searchNotification */
               NOTI_ID
             , RECEIVER_ID
             , SENDER_ID
             , NOTI_TYPE
             , MESSAGE
             , IS_READ
             , CREATE_AT
             , TARGET_URL
        FROM NOTIFICATION
        WHERE RECEIVER_ID = 'MEMBER_20260427_001'
 {executed in 5 msec}
[2026-05-28 21:57:09.310] [INFO ] [http-nio-8080-exec-1] jdbc.sqltiming - SELECT /* commentMapper.getChildCommentCount (자식 대댓글 유무 확인)*/
               CM.COMMENT_ID
             , CM.BOARD_ID
             , CM.MEMBER_ID
             , CM.USER_ID
             , M.USER_NAME
             , CM.CONTENT
             , CM.PARENT_COMMENT_ID
             , CM.LIKE_COUNT
             , CM.CREATE_AT
             , CM.UPDATE_AT
             , CM.DELETE_YN
        FROM COMMENT_MANAGEMENT CM
                 LEFT JOIN MEMBER_INFO M ON CM.MEMBER_ID = M.MEMBER_ID
        WHERE CM.BOARD_ID = 3
          AND CM.DELETE_YN = 'N'
        ORDER BY CM.CREATE_AT ASC
 {executed in 5 msec}
[2026-05-28 21:57:09.321] [INFO ] [http-nio-8080-exec-4] jdbc.sqltiming - SELECT /* BoardMapper.getBoardFileList (게시글에 첨부된 파일 리스트 조회) */
               FILE_ID
             , BOARD_ID
             , ORIGIN_NAME
             , SAVE_NAME
             , FILE_PATH
             , FILE_SIZE
             , CREATE_AT
          FROM BOARD_FILE
         WHERE BOARD_ID = 3
 {executed in 9 msec}
[2026-05-28 21:57:09.327] [INFO ] [http-nio-8080-exec-4] jdbc.sqltiming - SELECT COUNT(*)
        FROM BOARD_LIKE
        WHERE BOARD_ID = 3 AND MEMBER_ID = 'MEMBER_20260427_001'
 {executed in 5 msec}
[2026-05-28 21:57:09.331] [INFO ] [http-nio-8080-exec-5] jdbc.sqltiming - SELECT /* BoardMapper.getgetBoardTotalCount (게시글 총 개수 조회) */
               COUNT(*)
          FROM BOARD
         WHERE DELETE_YN = 'N'
 {executed in 5 msec}
[2026-05-28 21:57:09.332] [INFO ] [http-nio-8080-exec-4] jdbc.sqltiming - SELECT /* BoardMapper.checkBoardScrap (페이지 스크랩 여부  확인) */
               COUNT(*)
          FROM BOARD_SCRAP
         WHERE BOARD_ID = 3
           AND MEMBER_ID = 'MEMBER_20260427_001'
 {executed in 4 msec}
[2026-05-28 21:57:09.385] [INFO ] [http-nio-8080-exec-2] jdbc.sqltiming - SELECT /* MemberMapper.readMemberByMemberId (memberId를 통한 회원 정보 조회) */
               MEMBER_ID
             , USER_ID
             , USER_PASS
             , USER_NAME
             , USER_EMAIL
             , EMAIL_VERIFIED
             , USER_ROLE
             , USER_STATUS
             , PROFILE_IMAGE
             , CREATE_AT
             , UPDATE_AT
             , LAST_LOG_AT
          FROM MEMBER_INFO
        WHERE MEMBER_ID = 'MEMBER_20260427_001'
 {executed in 24 msec}
[2026-05-28 21:57:09.410] [INFO ] [http-nio-8080-exec-9] c.s.s.s.w.WebSocketServiceImpl - [Presence] User 관리자 joined room OPEN_CHAT
[2026-05-28 21:57:09.419] [INFO ] [http-nio-8080-exec-9] c.s.s.c.w.WebSocketEventListener - [Presence] User 관리자 joined room OPEN_CHAT
[2026-05-28 21:57:09.464] [INFO ] [http-nio-8080-exec-9] c.s.s.c.w.WebSocketEventListener - [Presence] Room OPEN_CHAT  updated. Count: 1
[2026-05-28 21:57:09.506] [INFO ] [http-nio-8080-exec-9] c.s.s.c.w.WebSocketEventListener - [Presence] Room OPEN_CHAT  updated. Count: 1
[2026-05-28 21:57:09.928] [INFO ] [clientInboundChannel-13] jdbc.sqltiming - SELECT /* MemberMapper.readMemberByMemberId (memberId를 통한 회원 정보 조회) */
               MEMBER_ID
             , USER_ID
             , USER_PASS
             , USER_NAME
             , USER_EMAIL
             , EMAIL_VERIFIED
             , USER_ROLE
             , USER_STATUS
             , PROFILE_IMAGE
             , CREATE_AT
             , UPDATE_AT
             , LAST_LOG_AT
          FROM MEMBER_INFO
        WHERE MEMBER_ID = 'MEMBER_20260427_001'
 {executed in 4 msec}
[2026-05-28 21:57:09.943] [INFO ] [clientInboundChannel-13] jdbc.sqltiming - INSERT INTO CHAT_MESSAGE( /* WebSocketMapper.insertChatMessage (채팅 저장) */
                    ROOM_ID
                  , SENDER_ID
                  , CONTENT
                  , SEND_TIME
                  , CHAT_TYPE
        )    VALUES(
                    'OPEN_CHAT'
                  , 'MEMBER_20260427_001'
                  , '관리자님이 입장하셨습니다.'
                  , 2026-05-28T21:57:09.929951
                  , 'ENTER'
               )
 {executed in 11 msec}
[2026-05-28 21:57:09.944] [INFO ] [clientInboundChannel-13] jdbc.sqltiming - getGeneratedKeys on query: INSERT INTO CHAT_MESSAGE( /* WebSocketMapper.insertChatMessage (채팅 저장) */
                    ROOM_ID
                  , SENDER_ID
                  , CONTENT
                  , SEND_TIME
                  , CHAT_TYPE
        )    VALUES(
                    'OPEN_CHAT'
                  , 'MEMBER_20260427_001'
                  , '관리자님이 입장하셨습니다.'
                  , 2026-05-28T21:57:09.929951
                  , 'ENTER'
               )
 {executed in 1 msec}
[2026-05-28 21:57:09.957] [INFO ] [clientInboundChannel-13] c.s.s.s.w.WebSocketServiceImpl - JSON Message to Redis: {"notiId":null,"senderName":"관리자","type":"ENTER","roomId":"OPEN_CHAT","senderId":"MEMBER_20260427_001","targetId":null,"content":"관리자님이 입장하셨습니다.","timestamp":"2026-05-28 21:57:09","targetUrl":null}
[2026-05-28 21:57:09.972] [INFO ] [redisContainer-1] c.s.s.s.redisConfig.RedisSubscriber - Redis Subscribe - Message Received: {"notiId":null,"senderName":"관리자","type":"ENTER","roomId":"OPEN_CHAT","senderId":"MEMBER_20260427_001","targetId":null,"content":"관리자님이 입장하셨습니다.","timestamp":"2026-05-28 21:57:09","targetUrl":null}
[2026-05-28 21:57:10.492] [INFO ] [http-nio-8080-exec-3] jdbc.sqltiming - SELECT /* MemberMapper.readMemberByMemberId (memberId를 통한 회원 정보 조회) */
               MEMBER_ID
             , USER_ID
             , USER_PASS
             , USER_NAME
             , USER_EMAIL
             , EMAIL_VERIFIED
             , USER_ROLE
             , USER_STATUS
             , PROFILE_IMAGE
             , CREATE_AT
             , UPDATE_AT
             , LAST_LOG_AT
          FROM MEMBER_INFO
        WHERE MEMBER_ID = 'MEMBER_20260427_001'
 {executed in 8 msec}
[2026-05-28 21:57:10.507] [INFO ] [http-nio-8080-exec-3] jdbc.sqltiming - SELECT /* BoardMapper.existBoardContent */
               COUNT(1)
          FROM BOARD
         WHERE BOARD_ID = 3
           AND DELETE_YN = 'N'
 {executed in 5 msec}
[2026-05-28 21:57:10.524] [INFO ] [http-nio-8080-exec-3] jdbc.sqltiming - SELECT /* BoardMapper.getSearchBoard (게시판 글 단건조회 (사용자 정보 JOIN)) */
               B.BOARD_ID
             , B.TITLE
             , B.CONTENT
             , M.USER_ID
             , M.USER_NAME
             , B.MEMBER_ID
             , B.BOARD_CODE
             , B.CATEGORY_ID
             , B.VIEW_COUNT
             , B.LIKE_COUNT
             , M.PROFILE_IMAGE
             , B.CREATE_AT
             , B.UPDATE_AT
             , B.TAG_NAME
             , BS.SCRAP_ID /* 스크랩 고유 ID */
          FROM BOARD B
          LEFT JOIN MEMBER_INFO M ON B.MEMBER_ID = M.MEMBER_ID
          LEFT JOIN BOARD_SCRAP BS ON B.BOARD_ID = BS.BOARD_ID AND BS.MEMBER_ID = 'MEMBER_20260427_001'
         WHERE B.BOARD_ID = 3
           AND B.DELETE_YN = 'N'
 {executed in 6 msec}
[2026-05-28 21:57:10.539] [INFO ] [http-nio-8080-exec-3] jdbc.sqltiming - SELECT /* BoardMapper.getBoardFileList (게시글에 첨부된 파일 리스트 조회) */
               FILE_ID
             , BOARD_ID
             , ORIGIN_NAME
             , SAVE_NAME
             , FILE_PATH
             , FILE_SIZE
             , CREATE_AT
          FROM BOARD_FILE
         WHERE BOARD_ID = 3
 {executed in 5 msec}
[2026-05-28 21:57:10.547] [INFO ] [http-nio-8080-exec-3] jdbc.sqltiming - SELECT COUNT(*)
        FROM BOARD_LIKE
        WHERE BOARD_ID = 3 AND MEMBER_ID = 'MEMBER_20260427_001'
 {executed in 7 msec}
[2026-05-28 21:57:10.552] [INFO ] [http-nio-8080-exec-3] jdbc.sqltiming - SELECT /* BoardMapper.checkBoardScrap (페이지 스크랩 여부  확인) */
               COUNT(*)
          FROM BOARD_SCRAP
         WHERE BOARD_ID = 3
           AND MEMBER_ID = 'MEMBER_20260427_001'
 {executed in 4 msec}
[2026-05-28 21:57:21.519] [INFO ] [http-nio-8080-exec-7] jdbc.sqltiming - SELECT /* MemberMapper.readMemberByMemberId (memberId를 통한 회원 정보 조회) */
               MEMBER_ID
             , USER_ID
             , USER_PASS
             , USER_NAME
             , USER_EMAIL
             , EMAIL_VERIFIED
             , USER_ROLE
             , USER_STATUS
             , PROFILE_IMAGE
             , CREATE_AT
             , UPDATE_AT
             , LAST_LOG_AT
          FROM MEMBER_INFO
        WHERE MEMBER_ID = 'MEMBER_20260427_001'
 {executed in 6 msec}
[2026-05-28 21:57:21.594] [INFO ] [http-nio-8080-exec-7] jdbc.sqltiming - SELECT /* BoardMasterMapper.validateBoardCodeExist (boardCode 중복 확인) */
               COUNT(1)
          FROM BOARD_MASTER
         WHERE BOARD_CODE = 'B_SQLD_01'
 {executed in 6 msec}
[2026-05-28 21:57:21.599] [INFO ] [http-nio-8080-exec-7] jdbc.sqltiming - SELECT /* BoardMapper.getSearchBoard (게시판 글 단건조회 (사용자 정보 JOIN)) */
               B.BOARD_ID
             , B.TITLE
             , B.CONTENT
             , M.USER_ID
             , M.USER_NAME
             , B.MEMBER_ID
             , B.BOARD_CODE
             , B.CATEGORY_ID
             , B.VIEW_COUNT
             , B.LIKE_COUNT
             , M.PROFILE_IMAGE
             , B.CREATE_AT
             , B.UPDATE_AT
             , B.TAG_NAME
             , BS.SCRAP_ID /* 스크랩 고유 ID */
          FROM BOARD B
          LEFT JOIN MEMBER_INFO M ON B.MEMBER_ID = M.MEMBER_ID
          LEFT JOIN BOARD_SCRAP BS ON B.BOARD_ID = BS.BOARD_ID AND BS.MEMBER_ID = 'MEMBER_20260427_001'
         WHERE B.BOARD_ID = 3
           AND B.DELETE_YN = 'N'
 {executed in 4 msec}
[2026-05-28 21:57:21.606] [INFO ] [http-nio-8080-exec-7] jdbc.sqltiming - SELECT /* BoardMapper.isValidCategoryForBoard */
               COUNT(1)
          FROM BOARD_MASTER BM
    INNER JOIN COMMON_CODE_DETAIL CCD           /* inner 는 생략 가능 */
            ON BM.GROUP_CODE = CCD.GROUP_CODE
         WHERE BM.BOARD_CODE = 'B_SQLD_01'      /* 게시판 확인 */
           AND CCD.CODE_ID = 'S002'       /* 카데고리명 확인 */
           AND BM.USE_YN= 'Y'                   /* 사용중인 게시판인지 확인 */
           AND CCD.USE_YN= 'Y'                  /* 사용중인 카테고리인지 확인 */
 {executed in 6 msec}
[2026-05-28 21:57:21.616] [INFO ] [http-nio-8080-exec-7] jdbc.sqltiming - UPDATE BOARD /* BoardMapper.updateBoard (게시글 수정)*/
           SET TITLE = ' 5번 ( 데이터 독립성의 구성요소에 대해 가장 적절하지 않은 것은? )'
             , CONTENT = '<p>asd</p>'
             , BOARD_CODE = 'B_SQLD_01'
             , CATEGORY_ID = 'S002'
             , TAG_NAME = '데이터, 독립성, 구성요소'
             , UPDATE_AT = NOW()
        WHERE BOARD_ID = 3
 {executed in 9 msec}
[2026-05-28 21:57:21.718] [INFO ] [http-nio-8080-exec-6] jdbc.sqltiming - SELECT /* MemberMapper.readMemberByMemberId (memberId를 통한 회원 정보 조회) */
               MEMBER_ID
             , USER_ID
             , USER_PASS
             , USER_NAME
             , USER_EMAIL
             , EMAIL_VERIFIED
             , USER_ROLE
             , USER_STATUS
             , PROFILE_IMAGE
             , CREATE_AT
             , UPDATE_AT
             , LAST_LOG_AT
          FROM MEMBER_INFO
        WHERE MEMBER_ID = 'MEMBER_20260427_001'
 {executed in 5 msec}
[2026-05-28 21:57:21.723] [INFO ] [http-nio-8080-exec-1] jdbc.sqltiming - SELECT /* MemberMapper.readMemberByMemberId (memberId를 통한 회원 정보 조회) */
               MEMBER_ID
             , USER_ID
             , USER_PASS
             , USER_NAME
             , USER_EMAIL
             , EMAIL_VERIFIED
             , USER_ROLE
             , USER_STATUS
             , PROFILE_IMAGE
             , CREATE_AT
             , UPDATE_AT
             , LAST_LOG_AT
          FROM MEMBER_INFO
        WHERE MEMBER_ID = 'MEMBER_20260427_001'
 {executed in 4 msec}
[2026-05-28 21:57:21.724] [INFO ] [http-nio-8080-exec-8] jdbc.sqltiming - SELECT /* MemberMapper.readMemberByMemberId (memberId를 통한 회원 정보 조회) */
               MEMBER_ID
             , USER_ID
             , USER_PASS
             , USER_NAME
             , USER_EMAIL
             , EMAIL_VERIFIED
             , USER_ROLE
             , USER_STATUS
             , PROFILE_IMAGE
             , CREATE_AT
             , UPDATE_AT
             , LAST_LOG_AT
          FROM MEMBER_INFO
        WHERE MEMBER_ID = 'MEMBER_20260427_001'
 {executed in 5 msec}
[2026-05-28 21:57:21.726] [INFO ] [http-nio-8080-exec-5] jdbc.sqltiming - SELECT /* MemberMapper.readMemberByMemberId (memberId를 통한 회원 정보 조회) */
               MEMBER_ID
             , USER_ID
             , USER_PASS
             , USER_NAME
             , USER_EMAIL
             , EMAIL_VERIFIED
             , USER_ROLE
             , USER_STATUS
             , PROFILE_IMAGE
             , CREATE_AT
             , UPDATE_AT
             , LAST_LOG_AT
          FROM MEMBER_INFO
        WHERE MEMBER_ID = 'MEMBER_20260427_001'
 {executed in 6 msec}
[2026-05-28 21:57:21.730] [INFO ] [http-nio-8080-exec-6] jdbc.sqltiming - SELECT /* BoardMapper.existBoardContent */
               COUNT(1)
          FROM BOARD
         WHERE BOARD_ID = 3
           AND DELETE_YN = 'N'
 {executed in 6 msec}
[2026-05-28 21:57:21.746] [INFO ] [http-nio-8080-exec-1] jdbc.sqltiming - SELECT /* commentMapper.getChildCommentCount (자식 대댓글 유무 확인)*/
               CM.COMMENT_ID
             , CM.BOARD_ID
             , CM.MEMBER_ID
             , CM.USER_ID
             , M.USER_NAME
             , CM.CONTENT
             , CM.PARENT_COMMENT_ID
             , CM.LIKE_COUNT
             , CM.CREATE_AT
             , CM.UPDATE_AT
             , CM.DELETE_YN
        FROM COMMENT_MANAGEMENT CM
                 LEFT JOIN MEMBER_INFO M ON CM.MEMBER_ID = M.MEMBER_ID
        WHERE CM.BOARD_ID = 3
          AND CM.DELETE_YN = 'N'
        ORDER BY CM.CREATE_AT ASC
 {executed in 5 msec}
[2026-05-28 21:57:21.747] [INFO ] [http-nio-8080-exec-5] jdbc.sqltiming - SELECT /* BoardMapper.getBoardListWithPaging (페이징 처리된 게시판 목록 조회 (지연 조인 최적화 적용)) */
               B.BOARD_ID
             , B.TITLE
             , B.CONTENT
             , M.USER_ID
             , M.USER_NAME
             , B.MEMBER_ID
             , B.BOARD_CODE
             , B.CATEGORY_ID
             , B.VIEW_COUNT
             , B.LIKE_COUNT
             ,(SELECT COUNT(*)
                 FROM COMMENT_MANAGEMENT CM
                 WHERE CM.BOARD_ID = B.BOARD_ID
                   AND CM.DELETE_YN = 'N') AS commentCount /* 댓글 작성 수 */
             , M.PROFILE_IMAGE
             , B.CREATE_AT
             , B.UPDATE_AT
             , B.TAG_NAME
          FROM BOARD B
    INNER JOIN ( /* 인덱스만 사용하여 필요한 ID들만 빠르게 추출 */
                SELECT BOARD_ID
                  FROM BOARD
             WHERE DELETE_YN = 'N' 
            ORDER BY CREATE_AT DESC
            LIMIT 20 OFFSET 0
        ) AS temp ON B.BOARD_ID = temp.BOARD_ID
        LEFT JOIN MEMBER_INFO M ON B.MEMBER_ID = M.MEMBER_ID
        ORDER BY B.CREATE_AT DESC
 {executed in 5 msec}
[2026-05-28 21:57:21.751] [INFO ] [http-nio-8080-exec-6] jdbc.sqltiming - SELECT /* BoardMapper.getSearchBoard (게시판 글 단건조회 (사용자 정보 JOIN)) */
               B.BOARD_ID
             , B.TITLE
             , B.CONTENT
             , M.USER_ID
             , M.USER_NAME
             , B.MEMBER_ID
             , B.BOARD_CODE
             , B.CATEGORY_ID
             , B.VIEW_COUNT
             , B.LIKE_COUNT
             , M.PROFILE_IMAGE
             , B.CREATE_AT
             , B.UPDATE_AT
             , B.TAG_NAME
             , BS.SCRAP_ID /* 스크랩 고유 ID */
          FROM BOARD B
          LEFT JOIN MEMBER_INFO M ON B.MEMBER_ID = M.MEMBER_ID
          LEFT JOIN BOARD_SCRAP BS ON B.BOARD_ID = BS.BOARD_ID AND BS.MEMBER_ID = 'MEMBER_20260427_001'
         WHERE B.BOARD_ID = 3
           AND B.DELETE_YN = 'N'
 {executed in 4 msec}
[2026-05-28 21:57:21.761] [INFO ] [http-nio-8080-exec-6] jdbc.sqltiming - SELECT /* BoardMapper.getBoardFileList (게시글에 첨부된 파일 리스트 조회) */
               FILE_ID
             , BOARD_ID
             , ORIGIN_NAME
             , SAVE_NAME
             , FILE_PATH
             , FILE_SIZE
             , CREATE_AT
          FROM BOARD_FILE
         WHERE BOARD_ID = 3
 {executed in 4 msec}
[2026-05-28 21:57:21.766] [INFO ] [http-nio-8080-exec-6] jdbc.sqltiming - SELECT COUNT(*)
        FROM BOARD_LIKE
        WHERE BOARD_ID = 3 AND MEMBER_ID = 'MEMBER_20260427_001'
 {executed in 4 msec}
[2026-05-28 21:57:21.766] [INFO ] [http-nio-8080-exec-5] jdbc.sqltiming - SELECT /* BoardMapper.getgetBoardTotalCount (게시글 총 개수 조회) */
               COUNT(*)
          FROM BOARD
         WHERE DELETE_YN = 'N'
 {executed in 4 msec}
[2026-05-28 21:57:21.772] [INFO ] [http-nio-8080-exec-6] jdbc.sqltiming - SELECT /* BoardMapper.checkBoardScrap (페이지 스크랩 여부  확인) */
               COUNT(*)
          FROM BOARD_SCRAP
         WHERE BOARD_ID = 3
           AND MEMBER_ID = 'MEMBER_20260427_001'
 {executed in 4 msec}
[2026-05-28 21:57:25.993] [INFO ] [http-nio-8080-exec-4] jdbc.sqltiming - SELECT /* MemberMapper.readMemberByMemberId (memberId를 통한 회원 정보 조회) */
               MEMBER_ID
             , USER_ID
             , USER_PASS
             , USER_NAME
             , USER_EMAIL
             , EMAIL_VERIFIED
             , USER_ROLE
             , USER_STATUS
             , PROFILE_IMAGE
             , CREATE_AT
             , UPDATE_AT
             , LAST_LOG_AT
          FROM MEMBER_INFO
        WHERE MEMBER_ID = 'MEMBER_20260427_001'
 {executed in 5 msec}
[2026-05-28 21:57:26.173] [INFO ] [http-nio-8080-exec-4] jdbc.sqltiming - SELECT /* AdminMapper.getMemberList */
               MEMBER_ID
             , USER_ID
             , USER_PASS
             , USER_NAME
             , USER_EMAIL
             , EMAIL_VERIFIED
             , USER_ROLE
             , USER_STATUS
             , PROFILE_IMAGE
             , CREATE_AT
             , UPDATE_AT
             , LAST_LOG_AT
          FROM MEMBER_INFO
         WHERE USER_ROLE != 'SUPER_ADMIN'
         ORDER BY CREATE_AT DESC
 {executed in 6 msec}
[2026-05-28 21:57:30.898] [INFO ] [http-nio-8080-exec-2] jdbc.sqltiming - SELECT /* MemberMapper.readMemberByMemberId (memberId를 통한 회원 정보 조회) */
               MEMBER_ID
             , USER_ID
             , USER_PASS
             , USER_NAME
             , USER_EMAIL
             , EMAIL_VERIFIED
             , USER_ROLE
             , USER_STATUS
             , PROFILE_IMAGE
             , CREATE_AT
             , UPDATE_AT
             , LAST_LOG_AT
          FROM MEMBER_INFO
        WHERE MEMBER_ID = 'MEMBER_20260427_001'
 {executed in 7 msec}
[2026-05-28 21:57:30.920] [INFO ] [http-nio-8080-exec-2] jdbc.sqltiming - SELECT  /* BoardMasterMapper.getBoardConfig 특정 게시판의 설정(이름, 카테고리 그룹, 기능 여부) 전체 리스트 조회 */
               BM.BOARD_CODE
             , BM.BOARD_NAME
             , BM.GROUP_CODE
             , BM.USE_YN
             , BM.FILE_YN
             , BM.REPLY_YN
             , BM.TAG_YN
             , CCG.SORT_ORDER
             , BM.CREATE_AT
             , BM.UPDATE_AT
          FROM BOARD_MASTER BM
          JOIN COMMON_CODE_GROUP CCG ON BM.GROUP_CODE = CCG.GROUP_CODE
         ORDER BY CCG.SORT_ORDER ASC, BM.BOARD_CODE ASC /* 그룹 순서대로 정렬 */
 {executed in 8 msec}
[2026-05-28 21:57:30.929] [INFO ] [http-nio-8080-exec-2] jdbc.sqltiming - SELECT /*  boardMapper.getCategoryListByBoardCode 특정 게시판(boardCode)에 소속된 카테고리 목록 조회 */
               CCD.CODE_ID AS categoryId
             , CCD.CODE_NAME AS categoryName
          FROM BOARD_MASTER BM
    INNER JOIN COMMON_CODE_DETAIL CCD
            ON BM.GROUP_CODE = CCD.GROUP_CODE
         WHERE BM.BOARD_CODE = 'B_NOTICE_01'
           AND BM.USE_YN = 'Y'
      ORDER BY CCD.SORT_ORDER ASC
 {executed in 6 msec}
[2026-05-28 21:57:30.936] [INFO ] [http-nio-8080-exec-2] jdbc.sqltiming - SELECT /*  boardMapper.getCategoryListByBoardCode 특정 게시판(boardCode)에 소속된 카테고리 목록 조회 */
               CCD.CODE_ID AS categoryId
             , CCD.CODE_NAME AS categoryName
          FROM BOARD_MASTER BM
    INNER JOIN COMMON_CODE_DETAIL CCD
            ON BM.GROUP_CODE = CCD.GROUP_CODE
         WHERE BM.BOARD_CODE = 'B_SQLD_01'
           AND BM.USE_YN = 'Y'
      ORDER BY CCD.SORT_ORDER ASC
 {executed in 5 msec}
[2026-05-28 21:57:30.944] [INFO ] [http-nio-8080-exec-2] jdbc.sqltiming - SELECT /*  boardMapper.getCategoryListByBoardCode 특정 게시판(boardCode)에 소속된 카테고리 목록 조회 */
               CCD.CODE_ID AS categoryId
             , CCD.CODE_NAME AS categoryName
          FROM BOARD_MASTER BM
    INNER JOIN COMMON_CODE_DETAIL CCD
            ON BM.GROUP_CODE = CCD.GROUP_CODE
         WHERE BM.BOARD_CODE = 'B_GREETING_01'
           AND BM.USE_YN = 'Y'
      ORDER BY CCD.SORT_ORDER ASC
 {executed in 6 msec}
[2026-05-28 21:57:34.399] [INFO ] [http-nio-8080-exec-9] jdbc.sqltiming - SELECT /* MemberMapper.readMemberByMemberId (memberId를 통한 회원 정보 조회) */
               MEMBER_ID
             , USER_ID
             , USER_PASS
             , USER_NAME
             , USER_EMAIL
             , EMAIL_VERIFIED
             , USER_ROLE
             , USER_STATUS
             , PROFILE_IMAGE
             , CREATE_AT
             , UPDATE_AT
             , LAST_LOG_AT
          FROM MEMBER_INFO
        WHERE MEMBER_ID = 'MEMBER_20260427_001'
 {executed in 5 msec}
[2026-05-28 21:57:34.418] [INFO ] [http-nio-8080-exec-9] jdbc.sqltiming - SELECT  /* BoardMasterMapper.readBoardMasterDetail 특정 게시판의 설정(이름, 카테고리 그룹, 기능 여부) 상세 조회 */
               BM.BOARD_CODE
             , BM.BOARD_NAME
             , BM.GROUP_CODE
             , BM.USE_YN
             , BM.FILE_YN
             , BM.REPLY_YN
             , BM.TAG_YN
             , CCD.SORT_ORDER
             , BM.CREATE_AT
             , BM.UPDATE_AT
          FROM BOARD_MASTER BM
    INNER JOIN COMMON_CODE_GROUP CCD ON BM.GROUP_CODE = CCD.GROUP_CODE
         WHERE BOARD_CODE = 'B_NOTICE_01'
 {executed in 5 msec}
[2026-05-28 21:57:34.428] [INFO ] [http-nio-8080-exec-9] jdbc.sqltiming - SELECT /*  boardMapper.getCategoryListByBoardCode 특정 게시판(boardCode)에 소속된 카테고리 목록 조회 */
               CCD.CODE_ID AS categoryId
             , CCD.CODE_NAME AS categoryName
          FROM BOARD_MASTER BM
    INNER JOIN COMMON_CODE_DETAIL CCD
            ON BM.GROUP_CODE = CCD.GROUP_CODE
         WHERE BM.BOARD_CODE = 'B_NOTICE_01'
           AND BM.USE_YN = 'Y'
      ORDER BY CCD.SORT_ORDER ASC
 {executed in 7 msec}
[2026-05-28 21:57:40.275] [INFO ] [http-nio-8080-exec-10] jdbc.sqltiming - SELECT /* MemberMapper.readMemberByMemberId (memberId를 통한 회원 정보 조회) */
               MEMBER_ID
             , USER_ID
             , USER_PASS
             , USER_NAME
             , USER_EMAIL
             , EMAIL_VERIFIED
             , USER_ROLE
             , USER_STATUS
             , PROFILE_IMAGE
             , CREATE_AT
             , UPDATE_AT
             , LAST_LOG_AT
          FROM MEMBER_INFO
        WHERE MEMBER_ID = 'MEMBER_20260427_001'
 {executed in 6 msec}
[2026-05-28 21:57:40.308] [INFO ] [http-nio-8080-exec-10] jdbc.sqltiming - SELECT /* BoardMasterMapper.validateBoardCodeExist (boardCode 중복 확인) */
               COUNT(1)
          FROM BOARD_MASTER
         WHERE BOARD_CODE = 'B_NOTICE_01'
 {executed in 5 msec}
[2026-05-28 21:57:40.318] [INFO ] [http-nio-8080-exec-10] jdbc.sqltiming - SELECT /* CommonCodeGroupMapper.existGroupCOde */
               COUNT(1)
          FROM COMMON_CODE_GROUP
         WHERE GROUP_CODE = 'G_BRD_NOTICE'
 {executed in 8 msec}
[2026-05-28 21:57:40.329] [INFO ] [http-nio-8080-exec-10] jdbc.sqltiming - SELECT /* BoardMasterMapper.existsByBoardNameExceptMe boardName 존재 확인 */
               COUNT(1)
          FROM BOARD_MASTER
         WHERE BOARD_NAME = '공지사항'
           AND BOARD_CODE != 'B_NOTICE_01' /* 해당 (boardCode 는 검사 대상에서 제외) */
 {executed in 10 msec}
[2026-05-28 21:57:40.340] [INFO ] [http-nio-8080-exec-10] jdbc.sqltiming - UPDATE BOARD_MASTER /* BoardMasterMapper.updateBoardMaster (게시판 설정 수정) */
           SET USE_YN = 'Y'
             , FILE_YN = 'Y'
             , REPLY_YN = 'N'
             , TAG_YN = 'N'
             , UPDATE_AT = CURRENT_TIMESTAMP
         WHERE BOARD_CODE = 'B_NOTICE_01'
 {executed in 10 msec}
[2026-05-28 21:57:40.421] [INFO ] [http-nio-8080-exec-3] jdbc.sqltiming - SELECT /* MemberMapper.readMemberByMemberId (memberId를 통한 회원 정보 조회) */
               MEMBER_ID
             , USER_ID
             , USER_PASS
             , USER_NAME
             , USER_EMAIL
             , EMAIL_VERIFIED
             , USER_ROLE
             , USER_STATUS
             , PROFILE_IMAGE
             , CREATE_AT
             , UPDATE_AT
             , LAST_LOG_AT
          FROM MEMBER_INFO
        WHERE MEMBER_ID = 'MEMBER_20260427_001'
 {executed in 10 msec}
[2026-05-28 21:57:40.443] [INFO ] [http-nio-8080-exec-3] jdbc.sqltiming - SELECT  /* BoardMasterMapper.getBoardConfig 특정 게시판의 설정(이름, 카테고리 그룹, 기능 여부) 전체 리스트 조회 */
               BM.BOARD_CODE
             , BM.BOARD_NAME
             , BM.GROUP_CODE
             , BM.USE_YN
             , BM.FILE_YN
             , BM.REPLY_YN
             , BM.TAG_YN
             , CCG.SORT_ORDER
             , BM.CREATE_AT
             , BM.UPDATE_AT
          FROM BOARD_MASTER BM
          JOIN COMMON_CODE_GROUP CCG ON BM.GROUP_CODE = CCG.GROUP_CODE
         ORDER BY CCG.SORT_ORDER ASC, BM.BOARD_CODE ASC /* 그룹 순서대로 정렬 */
 {executed in 4 msec}
[2026-05-28 21:57:40.451] [INFO ] [http-nio-8080-exec-3] jdbc.sqltiming - SELECT /*  boardMapper.getCategoryListByBoardCode 특정 게시판(boardCode)에 소속된 카테고리 목록 조회 */
               CCD.CODE_ID AS categoryId
             , CCD.CODE_NAME AS categoryName
          FROM BOARD_MASTER BM
    INNER JOIN COMMON_CODE_DETAIL CCD
            ON BM.GROUP_CODE = CCD.GROUP_CODE
         WHERE BM.BOARD_CODE = 'B_NOTICE_01'
           AND BM.USE_YN = 'Y'
      ORDER BY CCD.SORT_ORDER ASC
 {executed in 6 msec}
[2026-05-28 21:57:40.456] [INFO ] [http-nio-8080-exec-3] jdbc.sqltiming - SELECT /*  boardMapper.getCategoryListByBoardCode 특정 게시판(boardCode)에 소속된 카테고리 목록 조회 */
               CCD.CODE_ID AS categoryId
             , CCD.CODE_NAME AS categoryName
          FROM BOARD_MASTER BM
    INNER JOIN COMMON_CODE_DETAIL CCD
            ON BM.GROUP_CODE = CCD.GROUP_CODE
         WHERE BM.BOARD_CODE = 'B_SQLD_01'
           AND BM.USE_YN = 'Y'
      ORDER BY CCD.SORT_ORDER ASC
 {executed in 4 msec}
[2026-05-28 21:57:40.458] [INFO ] [http-nio-8080-exec-8] c.s.s.s.w.WebSocketServiceImpl - [Presence] User 관리자 left room OPEN_CHAT
[2026-05-28 21:57:40.474] [INFO ] [http-nio-8080-exec-3] jdbc.sqltiming - SELECT /*  boardMapper.getCategoryListByBoardCode 특정 게시판(boardCode)에 소속된 카테고리 목록 조회 */
               CCD.CODE_ID AS categoryId
             , CCD.CODE_NAME AS categoryName
          FROM BOARD_MASTER BM
    INNER JOIN COMMON_CODE_DETAIL CCD
            ON BM.GROUP_CODE = CCD.GROUP_CODE
         WHERE BM.BOARD_CODE = 'B_GREETING_01'
           AND BM.USE_YN = 'Y'
      ORDER BY CCD.SORT_ORDER ASC
 {executed in 15 msec}
[2026-05-28 21:57:40.496] [INFO ] [http-nio-8080-exec-6] jdbc.sqltiming - SELECT /* MemberMapper.readMemberByMemberId (memberId를 통한 회원 정보 조회) */
               MEMBER_ID
             , USER_ID
             , USER_PASS
             , USER_NAME
             , USER_EMAIL
             , EMAIL_VERIFIED
             , USER_ROLE
             , USER_STATUS
             , PROFILE_IMAGE
             , CREATE_AT
             , UPDATE_AT
             , LAST_LOG_AT
          FROM MEMBER_INFO
        WHERE MEMBER_ID = 'MEMBER_20260427_001'
 {executed in 21 msec}
[2026-05-28 21:57:40.530] [INFO ] [http-nio-8080-exec-4] c.s.s.s.w.WebSocketServiceImpl - [Presence] User 관리자 joined room OPEN_CHAT
[2026-05-28 21:57:40.540] [INFO ] [http-nio-8080-exec-4] c.s.s.c.w.WebSocketEventListener - [Presence] User 관리자 joined room OPEN_CHAT
[2026-05-28 21:57:40.549] [INFO ] [http-nio-8080-exec-8] c.s.s.c.w.WebSocketEventListener - [Presence] Room OPEN_CHAT  updated. Count: 1
[2026-05-28 21:57:40.559] [INFO ] [redisContainer-2] c.s.s.s.redisConfig.RedisSubscriber - Redis Subscribe - Message Received: {"notiId":null,"senderName":"관리자","type":"QUIT","roomId":"OPEN_CHAT","senderId":"MEMBER_20260427_001","targetId":null,"content":"관리자님이 퇴장하셨습니다.","timestamp":"2026-05-28 21:57:40","targetUrl":null}
[2026-05-28 21:57:40.560] [INFO ] [http-nio-8080-exec-2] jdbc.sqltiming - SELECT /* MemberMapper.readMemberByMemberId (memberId를 통한 회원 정보 조회) */
               MEMBER_ID
             , USER_ID
             , USER_PASS
             , USER_NAME
             , USER_EMAIL
             , EMAIL_VERIFIED
             , USER_ROLE
             , USER_STATUS
             , PROFILE_IMAGE
             , CREATE_AT
             , UPDATE_AT
             , LAST_LOG_AT
          FROM MEMBER_INFO
        WHERE MEMBER_ID = 'MEMBER_20260427_001'
 {executed in 4 msec}
[2026-05-28 21:57:40.586] [INFO ] [http-nio-8080-exec-4] c.s.s.c.w.WebSocketEventListener - [Presence] Room OPEN_CHAT  updated. Count: 1
[2026-05-28 21:57:40.591] [INFO ] [http-nio-8080-exec-2] jdbc.sqltiming - SELECT  /* BoardMasterMapper.getBoardConfig 특정 게시판의 설정(이름, 카테고리 그룹, 기능 여부) 전체 리스트 조회 */
               BM.BOARD_CODE
             , BM.BOARD_NAME
             , BM.GROUP_CODE
             , BM.USE_YN
             , BM.FILE_YN
             , BM.REPLY_YN
             , BM.TAG_YN
             , CCG.SORT_ORDER
             , BM.CREATE_AT
             , BM.UPDATE_AT
          FROM BOARD_MASTER BM
          JOIN COMMON_CODE_GROUP CCG ON BM.GROUP_CODE = CCG.GROUP_CODE
         ORDER BY CCG.SORT_ORDER ASC, BM.BOARD_CODE ASC /* 그룹 순서대로 정렬 */
 {executed in 5 msec}
[2026-05-28 21:57:40.596] [INFO ] [http-nio-8080-exec-2] jdbc.sqltiming - SELECT /*  boardMapper.getCategoryListByBoardCode 특정 게시판(boardCode)에 소속된 카테고리 목록 조회 */
               CCD.CODE_ID AS categoryId
             , CCD.CODE_NAME AS categoryName
          FROM BOARD_MASTER BM
    INNER JOIN COMMON_CODE_DETAIL CCD
            ON BM.GROUP_CODE = CCD.GROUP_CODE
         WHERE BM.BOARD_CODE = 'B_NOTICE_01'
           AND BM.USE_YN = 'Y'
      ORDER BY CCD.SORT_ORDER ASC
 {executed in 4 msec}
[2026-05-28 21:57:40.601] [INFO ] [http-nio-8080-exec-2] jdbc.sqltiming - SELECT /*  boardMapper.getCategoryListByBoardCode 특정 게시판(boardCode)에 소속된 카테고리 목록 조회 */
               CCD.CODE_ID AS categoryId
             , CCD.CODE_NAME AS categoryName
          FROM BOARD_MASTER BM
    INNER JOIN COMMON_CODE_DETAIL CCD
            ON BM.GROUP_CODE = CCD.GROUP_CODE
         WHERE BM.BOARD_CODE = 'B_SQLD_01'
           AND BM.USE_YN = 'Y'
      ORDER BY CCD.SORT_ORDER ASC
 {executed in 5 msec}
[2026-05-28 21:57:40.605] [INFO ] [http-nio-8080-exec-2] jdbc.sqltiming - SELECT /*  boardMapper.getCategoryListByBoardCode 특정 게시판(boardCode)에 소속된 카테고리 목록 조회 */
               CCD.CODE_ID AS categoryId
             , CCD.CODE_NAME AS categoryName
          FROM BOARD_MASTER BM
    INNER JOIN COMMON_CODE_DETAIL CCD
            ON BM.GROUP_CODE = CCD.GROUP_CODE
         WHERE BM.BOARD_CODE = 'B_GREETING_01'
           AND BM.USE_YN = 'Y'
      ORDER BY CCD.SORT_ORDER ASC
 {executed in 3 msec}
[2026-05-28 21:57:40.624] [INFO ] [http-nio-8080-exec-4] c.s.s.c.w.WebSocketEventListener - [Presence] Room OPEN_CHAT  updated. Count: 1
[2026-05-28 21:57:41.016] [INFO ] [clientInboundChannel-11] jdbc.sqltiming - SELECT /* MemberMapper.readMemberByMemberId (memberId를 통한 회원 정보 조회) */
               MEMBER_ID
             , USER_ID
             , USER_PASS
             , USER_NAME
             , USER_EMAIL
             , EMAIL_VERIFIED
             , USER_ROLE
             , USER_STATUS
             , PROFILE_IMAGE
             , CREATE_AT
             , UPDATE_AT
             , LAST_LOG_AT
          FROM MEMBER_INFO
        WHERE MEMBER_ID = 'MEMBER_20260427_001'
 {executed in 5 msec}
[2026-05-28 21:57:41.027] [INFO ] [clientInboundChannel-11] jdbc.sqltiming - INSERT INTO CHAT_MESSAGE( /* WebSocketMapper.insertChatMessage (채팅 저장) */
                    ROOM_ID
                  , SENDER_ID
                  , CONTENT
                  , SEND_TIME
                  , CHAT_TYPE
        )    VALUES(
                    'OPEN_CHAT'
                  , 'MEMBER_20260427_001'
                  , '관리자님이 입장하셨습니다.'
                  , 2026-05-28T21:57:41.016998
                  , 'ENTER'
               )
 {executed in 10 msec}
[2026-05-28 21:57:41.028] [INFO ] [clientInboundChannel-11] jdbc.sqltiming - getGeneratedKeys on query: INSERT INTO CHAT_MESSAGE( /* WebSocketMapper.insertChatMessage (채팅 저장) */
                    ROOM_ID
                  , SENDER_ID
                  , CONTENT
                  , SEND_TIME
                  , CHAT_TYPE
        )    VALUES(
                    'OPEN_CHAT'
                  , 'MEMBER_20260427_001'
                  , '관리자님이 입장하셨습니다.'
                  , 2026-05-28T21:57:41.016998
                  , 'ENTER'
               )
 {executed in 0 msec}
[2026-05-28 21:57:41.028] [INFO ] [clientInboundChannel-11] c.s.s.s.w.WebSocketServiceImpl - JSON Message to Redis: {"notiId":null,"senderName":"관리자","type":"ENTER","roomId":"OPEN_CHAT","senderId":"MEMBER_20260427_001","targetId":null,"content":"관리자님이 입장하셨습니다.","timestamp":"2026-05-28 21:57:41","targetUrl":null}
[2026-05-28 21:57:41.032] [INFO ] [redisContainer-3] c.s.s.s.redisConfig.RedisSubscriber - Redis Subscribe - Message Received: {"notiId":null,"senderName":"관리자","type":"ENTER","roomId":"OPEN_CHAT","senderId":"MEMBER_20260427_001","targetId":null,"content":"관리자님이 입장하셨습니다.","timestamp":"2026-05-28 21:57:41","targetUrl":null}
[2026-05-28 21:57:42.773] [INFO ] [http-nio-8080-exec-10] jdbc.sqltiming - SELECT /* MemberMapper.readMemberByMemberId (memberId를 통한 회원 정보 조회) */
               MEMBER_ID
             , USER_ID
             , USER_PASS
             , USER_NAME
             , USER_EMAIL
             , EMAIL_VERIFIED
             , USER_ROLE
             , USER_STATUS
             , PROFILE_IMAGE
             , CREATE_AT
             , UPDATE_AT
             , LAST_LOG_AT
          FROM MEMBER_INFO
        WHERE MEMBER_ID = 'MEMBER_20260427_001'
 {executed in 9 msec}
[2026-05-28 21:57:42.790] [INFO ] [http-nio-8080-exec-10] jdbc.sqltiming - SELECT  /* BoardMasterMapper.readBoardMasterDetail 특정 게시판의 설정(이름, 카테고리 그룹, 기능 여부) 상세 조회 */
               BM.BOARD_CODE
             , BM.BOARD_NAME
             , BM.GROUP_CODE
             , BM.USE_YN
             , BM.FILE_YN
             , BM.REPLY_YN
             , BM.TAG_YN
             , CCD.SORT_ORDER
             , BM.CREATE_AT
             , BM.UPDATE_AT
          FROM BOARD_MASTER BM
    INNER JOIN COMMON_CODE_GROUP CCD ON BM.GROUP_CODE = CCD.GROUP_CODE
         WHERE BOARD_CODE = 'B_GREETING_01'
 {executed in 5 msec}
[2026-05-28 21:57:42.796] [INFO ] [http-nio-8080-exec-10] jdbc.sqltiming - SELECT /*  boardMapper.getCategoryListByBoardCode 특정 게시판(boardCode)에 소속된 카테고리 목록 조회 */
               CCD.CODE_ID AS categoryId
             , CCD.CODE_NAME AS categoryName
          FROM BOARD_MASTER BM
    INNER JOIN COMMON_CODE_DETAIL CCD
            ON BM.GROUP_CODE = CCD.GROUP_CODE
         WHERE BM.BOARD_CODE = 'B_GREETING_01'
           AND BM.USE_YN = 'Y'
      ORDER BY CCD.SORT_ORDER ASC
 {executed in 4 msec}
[2026-05-28 21:57:42.928] [INFO ] [http-nio-8080-exec-6] c.s.s.s.w.WebSocketServiceImpl - [Presence] User 관리자 left room OPEN_CHAT
[2026-05-28 21:57:42.945] [INFO ] [http-nio-8080-exec-4] jdbc.sqltiming - SELECT /* MemberMapper.readMemberByMemberId (memberId를 통한 회원 정보 조회) */
               MEMBER_ID
             , USER_ID
             , USER_PASS
             , USER_NAME
             , USER_EMAIL
             , EMAIL_VERIFIED
             , USER_ROLE
             , USER_STATUS
             , PROFILE_IMAGE
             , CREATE_AT
             , UPDATE_AT
             , LAST_LOG_AT
          FROM MEMBER_INFO
        WHERE MEMBER_ID = 'MEMBER_20260427_001'
 {executed in 4 msec}
[2026-05-28 21:57:42.965] [INFO ] [http-nio-8080-exec-2] c.s.s.s.w.WebSocketServiceImpl - [Presence] User 관리자 joined room OPEN_CHAT
[2026-05-28 21:57:42.976] [INFO ] [http-nio-8080-exec-2] c.s.s.c.w.WebSocketEventListener - [Presence] User 관리자 joined room OPEN_CHAT
[2026-05-28 21:57:42.981] [INFO ] [http-nio-8080-exec-6] c.s.s.c.w.WebSocketEventListener - [Presence] Room OPEN_CHAT  updated. Count: 1
[2026-05-28 21:57:42.991] [INFO ] [redisContainer-4] c.s.s.s.redisConfig.RedisSubscriber - Redis Subscribe - Message Received: {"notiId":null,"senderName":"관리자","type":"QUIT","roomId":"OPEN_CHAT","senderId":"MEMBER_20260427_001","targetId":null,"content":"관리자님이 퇴장하셨습니다.","timestamp":"2026-05-28 21:57:42","targetUrl":null}
[2026-05-28 21:57:43.015] [INFO ] [http-nio-8080-exec-2] c.s.s.c.w.WebSocketEventListener - [Presence] Room OPEN_CHAT  updated. Count: 1
[2026-05-28 21:57:43.052] [INFO ] [http-nio-8080-exec-2] c.s.s.c.w.WebSocketEventListener - [Presence] Room OPEN_CHAT  updated. Count: 1
[2026-05-28 21:57:43.499] [INFO ] [clientInboundChannel-8] jdbc.sqltiming - SELECT /* MemberMapper.readMemberByMemberId (memberId를 통한 회원 정보 조회) */
               MEMBER_ID
             , USER_ID
             , USER_PASS
             , USER_NAME
             , USER_EMAIL
             , EMAIL_VERIFIED
             , USER_ROLE
             , USER_STATUS
             , PROFILE_IMAGE
             , CREATE_AT
             , UPDATE_AT
             , LAST_LOG_AT
          FROM MEMBER_INFO
        WHERE MEMBER_ID = 'MEMBER_20260427_001'
 {executed in 37 msec}
[2026-05-28 21:57:43.510] [INFO ] [clientInboundChannel-8] jdbc.sqltiming - INSERT INTO CHAT_MESSAGE( /* WebSocketMapper.insertChatMessage (채팅 저장) */
                    ROOM_ID
                  , SENDER_ID
                  , CONTENT
                  , SEND_TIME
                  , CHAT_TYPE
        )    VALUES(
                    'OPEN_CHAT'
                  , 'MEMBER_20260427_001'
                  , '관리자님이 입장하셨습니다.'
                  , 2026-05-28T21:57:43.500630
                  , 'ENTER'
               )
 {executed in 9 msec}
[2026-05-28 21:57:43.510] [INFO ] [clientInboundChannel-8] jdbc.sqltiming - getGeneratedKeys on query: INSERT INTO CHAT_MESSAGE( /* WebSocketMapper.insertChatMessage (채팅 저장) */
                    ROOM_ID
                  , SENDER_ID
                  , CONTENT
                  , SEND_TIME
                  , CHAT_TYPE
        )    VALUES(
                    'OPEN_CHAT'
                  , 'MEMBER_20260427_001'
                  , '관리자님이 입장하셨습니다.'
                  , 2026-05-28T21:57:43.500630
                  , 'ENTER'
               )
 {executed in 0 msec}
[2026-05-28 21:57:43.510] [INFO ] [clientInboundChannel-8] c.s.s.s.w.WebSocketServiceImpl - JSON Message to Redis: {"notiId":null,"senderName":"관리자","type":"ENTER","roomId":"OPEN_CHAT","senderId":"MEMBER_20260427_001","targetId":null,"content":"관리자님이 입장하셨습니다.","timestamp":"2026-05-28 21:57:43","targetUrl":null}
[2026-05-28 21:57:43.516] [INFO ] [redisContainer-5] c.s.s.s.redisConfig.RedisSubscriber - Redis Subscribe - Message Received: {"notiId":null,"senderName":"관리자","type":"ENTER","roomId":"OPEN_CHAT","senderId":"MEMBER_20260427_001","targetId":null,"content":"관리자님이 입장하셨습니다.","timestamp":"2026-05-28 21:57:43","targetUrl":null}
[2026-05-28 21:57:46.446] [INFO ] [http-nio-8080-exec-10] jdbc.sqltiming - SELECT /* MemberMapper.readMemberByMemberId (memberId를 통한 회원 정보 조회) */
               MEMBER_ID
             , USER_ID
             , USER_PASS
             , USER_NAME
             , USER_EMAIL
             , EMAIL_VERIFIED
             , USER_ROLE
             , USER_STATUS
             , PROFILE_IMAGE
             , CREATE_AT
             , UPDATE_AT
             , LAST_LOG_AT
          FROM MEMBER_INFO
        WHERE MEMBER_ID = 'MEMBER_20260427_001'
 {executed in 5 msec}
[2026-05-28 21:57:46.475] [INFO ] [http-nio-8080-exec-10] jdbc.sqltiming - SELECT /* BoardMasterMapper.validateBoardCodeExist (boardCode 중복 확인) */
               COUNT(1)
          FROM BOARD_MASTER
         WHERE BOARD_CODE = 'B_GREETING_01'
 {executed in 12 msec}
[2026-05-28 21:57:46.489] [INFO ] [http-nio-8080-exec-10] jdbc.sqltiming - SELECT /* CommonCodeGroupMapper.existGroupCOde */
               COUNT(1)
          FROM COMMON_CODE_GROUP
         WHERE GROUP_CODE = 'G_BRD_GREETING'
 {executed in 13 msec}
[2026-05-28 21:57:46.506] [INFO ] [http-nio-8080-exec-10] jdbc.sqltiming - SELECT /* BoardMasterMapper.existsByBoardNameExceptMe boardName 존재 확인 */
               COUNT(1)
          FROM BOARD_MASTER
         WHERE BOARD_NAME = '가입인사'
           AND BOARD_CODE != 'B_GREETING_01' /* 해당 (boardCode 는 검사 대상에서 제외) */
 {executed in 15 msec}
[2026-05-28 21:57:46.521] [INFO ] [http-nio-8080-exec-10] jdbc.sqltiming - UPDATE BOARD_MASTER /* BoardMasterMapper.updateBoardMaster (게시판 설정 수정) */
           SET USE_YN = 'Y'
             , FILE_YN = 'Y'
             , REPLY_YN = 'Y'
             , TAG_YN = 'N'
             , UPDATE_AT = CURRENT_TIMESTAMP
         WHERE BOARD_CODE = 'B_GREETING_01'
 {executed in 14 msec}
[2026-05-28 21:57:46.580] [INFO ] [http-nio-8080-exec-7] jdbc.sqltiming - SELECT /* MemberMapper.readMemberByMemberId (memberId를 통한 회원 정보 조회) */
               MEMBER_ID
             , USER_ID
             , USER_PASS
             , USER_NAME
             , USER_EMAIL
             , EMAIL_VERIFIED
             , USER_ROLE
             , USER_STATUS
             , PROFILE_IMAGE
             , CREATE_AT
             , UPDATE_AT
             , LAST_LOG_AT
          FROM MEMBER_INFO
        WHERE MEMBER_ID = 'MEMBER_20260427_001'
 {executed in 5 msec}
[2026-05-28 21:57:46.589] [INFO ] [http-nio-8080-exec-3] c.s.s.s.w.WebSocketServiceImpl - [Presence] User 관리자 left room OPEN_CHAT
[2026-05-28 21:57:46.596] [INFO ] [http-nio-8080-exec-7] jdbc.sqltiming - SELECT  /* BoardMasterMapper.getBoardConfig 특정 게시판의 설정(이름, 카테고리 그룹, 기능 여부) 전체 리스트 조회 */
               BM.BOARD_CODE
             , BM.BOARD_NAME
             , BM.GROUP_CODE
             , BM.USE_YN
             , BM.FILE_YN
             , BM.REPLY_YN
             , BM.TAG_YN
             , CCG.SORT_ORDER
             , BM.CREATE_AT
             , BM.UPDATE_AT
          FROM BOARD_MASTER BM
          JOIN COMMON_CODE_GROUP CCG ON BM.GROUP_CODE = CCG.GROUP_CODE
         ORDER BY CCG.SORT_ORDER ASC, BM.BOARD_CODE ASC /* 그룹 순서대로 정렬 */
 {executed in 5 msec}
[2026-05-28 21:57:46.602] [INFO ] [http-nio-8080-exec-7] jdbc.sqltiming - SELECT /*  boardMapper.getCategoryListByBoardCode 특정 게시판(boardCode)에 소속된 카테고리 목록 조회 */
               CCD.CODE_ID AS categoryId
             , CCD.CODE_NAME AS categoryName
          FROM BOARD_MASTER BM
    INNER JOIN COMMON_CODE_DETAIL CCD
            ON BM.GROUP_CODE = CCD.GROUP_CODE
         WHERE BM.BOARD_CODE = 'B_NOTICE_01'
           AND BM.USE_YN = 'Y'
      ORDER BY CCD.SORT_ORDER ASC
 {executed in 4 msec}
[2026-05-28 21:57:46.608] [INFO ] [http-nio-8080-exec-7] jdbc.sqltiming - SELECT /*  boardMapper.getCategoryListByBoardCode 특정 게시판(boardCode)에 소속된 카테고리 목록 조회 */
               CCD.CODE_ID AS categoryId
             , CCD.CODE_NAME AS categoryName
          FROM BOARD_MASTER BM
    INNER JOIN COMMON_CODE_DETAIL CCD
            ON BM.GROUP_CODE = CCD.GROUP_CODE
         WHERE BM.BOARD_CODE = 'B_SQLD_01'
           AND BM.USE_YN = 'Y'
      ORDER BY CCD.SORT_ORDER ASC
 {executed in 5 msec}
[2026-05-28 21:57:46.614] [INFO ] [http-nio-8080-exec-7] jdbc.sqltiming - SELECT /*  boardMapper.getCategoryListByBoardCode 특정 게시판(boardCode)에 소속된 카테고리 목록 조회 */
               CCD.CODE_ID AS categoryId
             , CCD.CODE_NAME AS categoryName
          FROM BOARD_MASTER BM
    INNER JOIN COMMON_CODE_DETAIL CCD
            ON BM.GROUP_CODE = CCD.GROUP_CODE
         WHERE BM.BOARD_CODE = 'B_GREETING_01'
           AND BM.USE_YN = 'Y'
      ORDER BY CCD.SORT_ORDER ASC
 {executed in 4 msec}
[2026-05-28 21:57:46.618] [INFO ] [http-nio-8080-exec-6] jdbc.sqltiming - SELECT /* MemberMapper.readMemberByMemberId (memberId를 통한 회원 정보 조회) */
               MEMBER_ID
             , USER_ID
             , USER_PASS
             , USER_NAME
             , USER_EMAIL
             , EMAIL_VERIFIED
             , USER_ROLE
             , USER_STATUS
             , PROFILE_IMAGE
             , CREATE_AT
             , UPDATE_AT
             , LAST_LOG_AT
          FROM MEMBER_INFO
        WHERE MEMBER_ID = 'MEMBER_20260427_001'
 {executed in 4 msec}
[2026-05-28 21:57:46.645] [INFO ] [http-nio-8080-exec-3] c.s.s.c.w.WebSocketEventListener - [Presence] Room OPEN_CHAT  updated. Count: 0
[2026-05-28 21:57:46.645] [INFO ] [http-nio-8080-exec-2] c.s.s.s.w.WebSocketServiceImpl - [Presence] User 관리자 joined room OPEN_CHAT
[2026-05-28 21:57:46.652] [INFO ] [redisContainer-6] c.s.s.s.redisConfig.RedisSubscriber - Redis Subscribe - Message Received: {"notiId":null,"senderName":"관리자","type":"QUIT","roomId":"OPEN_CHAT","senderId":"MEMBER_20260427_001","targetId":null,"content":"관리자님이 퇴장하셨습니다.","timestamp":"2026-05-28 21:57:46","targetUrl":null}
[2026-05-28 21:57:46.657] [INFO ] [http-nio-8080-exec-2] c.s.s.c.w.WebSocketEventListener - [Presence] User 관리자 joined room OPEN_CHAT
[2026-05-28 21:57:46.662] [INFO ] [http-nio-8080-exec-9] jdbc.sqltiming - SELECT /* MemberMapper.readMemberByMemberId (memberId를 통한 회원 정보 조회) */
               MEMBER_ID
             , USER_ID
             , USER_PASS
             , USER_NAME
             , USER_EMAIL
             , EMAIL_VERIFIED
             , USER_ROLE
             , USER_STATUS
             , PROFILE_IMAGE
             , CREATE_AT
             , UPDATE_AT
             , LAST_LOG_AT
          FROM MEMBER_INFO
        WHERE MEMBER_ID = 'MEMBER_20260427_001'
 {executed in 10 msec}
[2026-05-28 21:57:46.681] [INFO ] [http-nio-8080-exec-9] jdbc.sqltiming - SELECT  /* BoardMasterMapper.getBoardConfig 특정 게시판의 설정(이름, 카테고리 그룹, 기능 여부) 전체 리스트 조회 */
               BM.BOARD_CODE
             , BM.BOARD_NAME
             , BM.GROUP_CODE
             , BM.USE_YN
             , BM.FILE_YN
             , BM.REPLY_YN
             , BM.TAG_YN
             , CCG.SORT_ORDER
             , BM.CREATE_AT
             , BM.UPDATE_AT
          FROM BOARD_MASTER BM
          JOIN COMMON_CODE_GROUP CCG ON BM.GROUP_CODE = CCG.GROUP_CODE
         ORDER BY CCG.SORT_ORDER ASC, BM.BOARD_CODE ASC /* 그룹 순서대로 정렬 */
 {executed in 5 msec}
[2026-05-28 21:57:46.686] [INFO ] [http-nio-8080-exec-9] jdbc.sqltiming - SELECT /*  boardMapper.getCategoryListByBoardCode 특정 게시판(boardCode)에 소속된 카테고리 목록 조회 */
               CCD.CODE_ID AS categoryId
             , CCD.CODE_NAME AS categoryName
          FROM BOARD_MASTER BM
    INNER JOIN COMMON_CODE_DETAIL CCD
            ON BM.GROUP_CODE = CCD.GROUP_CODE
         WHERE BM.BOARD_CODE = 'B_NOTICE_01'
           AND BM.USE_YN = 'Y'
      ORDER BY CCD.SORT_ORDER ASC
 {executed in 4 msec}
[2026-05-28 21:57:46.690] [INFO ] [http-nio-8080-exec-9] jdbc.sqltiming - SELECT /*  boardMapper.getCategoryListByBoardCode 특정 게시판(boardCode)에 소속된 카테고리 목록 조회 */
               CCD.CODE_ID AS categoryId
             , CCD.CODE_NAME AS categoryName
          FROM BOARD_MASTER BM
    INNER JOIN COMMON_CODE_DETAIL CCD
            ON BM.GROUP_CODE = CCD.GROUP_CODE
         WHERE BM.BOARD_CODE = 'B_SQLD_01'
           AND BM.USE_YN = 'Y'
      ORDER BY CCD.SORT_ORDER ASC
 {executed in 4 msec}
[2026-05-28 21:57:46.694] [INFO ] [http-nio-8080-exec-2] c.s.s.c.w.WebSocketEventListener - [Presence] Room OPEN_CHAT  updated. Count: 1
[2026-05-28 21:57:46.697] [INFO ] [http-nio-8080-exec-9] jdbc.sqltiming - SELECT /*  boardMapper.getCategoryListByBoardCode 특정 게시판(boardCode)에 소속된 카테고리 목록 조회 */
               CCD.CODE_ID AS categoryId
             , CCD.CODE_NAME AS categoryName
          FROM BOARD_MASTER BM
    INNER JOIN COMMON_CODE_DETAIL CCD
            ON BM.GROUP_CODE = CCD.GROUP_CODE
         WHERE BM.BOARD_CODE = 'B_GREETING_01'
           AND BM.USE_YN = 'Y'
      ORDER BY CCD.SORT_ORDER ASC
 {executed in 5 msec}
[2026-05-28 21:57:46.738] [INFO ] [http-nio-8080-exec-2] c.s.s.c.w.WebSocketEventListener - [Presence] Room OPEN_CHAT  updated. Count: 1
[2026-05-28 21:57:47.145] [INFO ] [clientInboundChannel-9] jdbc.sqltiming - SELECT /* MemberMapper.readMemberByMemberId (memberId를 통한 회원 정보 조회) */
               MEMBER_ID
             , USER_ID
             , USER_PASS
             , USER_NAME
             , USER_EMAIL
             , EMAIL_VERIFIED
             , USER_ROLE
             , USER_STATUS
             , PROFILE_IMAGE
             , CREATE_AT
             , UPDATE_AT
             , LAST_LOG_AT
          FROM MEMBER_INFO
        WHERE MEMBER_ID = 'MEMBER_20260427_001'
 {executed in 5 msec}
[2026-05-28 21:57:47.156] [INFO ] [clientInboundChannel-9] jdbc.sqltiming - INSERT INTO CHAT_MESSAGE( /* WebSocketMapper.insertChatMessage (채팅 저장) */
                    ROOM_ID
                  , SENDER_ID
                  , CONTENT
                  , SEND_TIME
                  , CHAT_TYPE
        )    VALUES(
                    'OPEN_CHAT'
                  , 'MEMBER_20260427_001'
                  , '관리자님이 입장하셨습니다.'
                  , 2026-05-28T21:57:47.146540
                  , 'ENTER'
               )
 {executed in 9 msec}
[2026-05-28 21:57:47.156] [INFO ] [clientInboundChannel-9] jdbc.sqltiming - getGeneratedKeys on query: INSERT INTO CHAT_MESSAGE( /* WebSocketMapper.insertChatMessage (채팅 저장) */
                    ROOM_ID
                  , SENDER_ID
                  , CONTENT
                  , SEND_TIME
                  , CHAT_TYPE
        )    VALUES(
                    'OPEN_CHAT'
                  , 'MEMBER_20260427_001'
                  , '관리자님이 입장하셨습니다.'
                  , 2026-05-28T21:57:47.146540
                  , 'ENTER'
               )
 {executed in 0 msec}
[2026-05-28 21:57:47.157] [INFO ] [clientInboundChannel-9] c.s.s.s.w.WebSocketServiceImpl - JSON Message to Redis: {"notiId":null,"senderName":"관리자","type":"ENTER","roomId":"OPEN_CHAT","senderId":"MEMBER_20260427_001","targetId":null,"content":"관리자님이 입장하셨습니다.","timestamp":"2026-05-28 21:57:47","targetUrl":null}
[2026-05-28 21:57:47.162] [INFO ] [redisContainer-7] c.s.s.s.redisConfig.RedisSubscriber - Redis Subscribe - Message Received: {"notiId":null,"senderName":"관리자","type":"ENTER","roomId":"OPEN_CHAT","senderId":"MEMBER_20260427_001","targetId":null,"content":"관리자님이 입장하셨습니다.","timestamp":"2026-05-28 21:57:47","targetUrl":null}
[2026-05-28 21:57:48.679] [INFO ] [http-nio-8080-exec-8] jdbc.sqltiming - SELECT /* MemberMapper.readMemberByMemberId (memberId를 통한 회원 정보 조회) */
               MEMBER_ID
             , USER_ID
             , USER_PASS
             , USER_NAME
             , USER_EMAIL
             , EMAIL_VERIFIED
             , USER_ROLE
             , USER_STATUS
             , PROFILE_IMAGE
             , CREATE_AT
             , UPDATE_AT
             , LAST_LOG_AT
          FROM MEMBER_INFO
        WHERE MEMBER_ID = 'MEMBER_20260427_001'
 {executed in 5 msec}
[2026-05-28 21:57:48.680] [INFO ] [http-nio-8080-exec-1] jdbc.sqltiming - SELECT /* MemberMapper.readMemberByMemberId (memberId를 통한 회원 정보 조회) */
               MEMBER_ID
             , USER_ID
             , USER_PASS
             , USER_NAME
             , USER_EMAIL
             , EMAIL_VERIFIED
             , USER_ROLE
             , USER_STATUS
             , PROFILE_IMAGE
             , CREATE_AT
             , UPDATE_AT
             , LAST_LOG_AT
          FROM MEMBER_INFO
        WHERE MEMBER_ID = 'MEMBER_20260427_001'
 {executed in 5 msec}
[2026-05-28 21:57:48.680] [INFO ] [http-nio-8080-exec-5] jdbc.sqltiming - SELECT /* MemberMapper.readMemberByMemberId (memberId를 통한 회원 정보 조회) */
               MEMBER_ID
             , USER_ID
             , USER_PASS
             , USER_NAME
             , USER_EMAIL
             , EMAIL_VERIFIED
             , USER_ROLE
             , USER_STATUS
             , PROFILE_IMAGE
             , CREATE_AT
             , UPDATE_AT
             , LAST_LOG_AT
          FROM MEMBER_INFO
        WHERE MEMBER_ID = 'MEMBER_20260427_001'
 {executed in 5 msec}
[2026-05-28 21:57:48.695] [INFO ] [http-nio-8080-exec-1] jdbc.sqltiming - SELECT /* BoardMapper.getBoardListWithPaging (페이징 처리된 게시판 목록 조회 (지연 조인 최적화 적용)) */
               B.BOARD_ID
             , B.TITLE
             , B.CONTENT
             , M.USER_ID
             , M.USER_NAME
             , B.MEMBER_ID
             , B.BOARD_CODE
             , B.CATEGORY_ID
             , B.VIEW_COUNT
             , B.LIKE_COUNT
             ,(SELECT COUNT(*)
                 FROM COMMENT_MANAGEMENT CM
                 WHERE CM.BOARD_ID = B.BOARD_ID
                   AND CM.DELETE_YN = 'N') AS commentCount /* 댓글 작성 수 */
             , M.PROFILE_IMAGE
             , B.CREATE_AT
             , B.UPDATE_AT
             , B.TAG_NAME
          FROM BOARD B
    INNER JOIN ( /* 인덱스만 사용하여 필요한 ID들만 빠르게 추출 */
                SELECT BOARD_ID
                  FROM BOARD
             WHERE DELETE_YN = 'N'

                    AND BOARD_CODE = 'B_NOTICE_01' 
            ORDER BY CREATE_AT DESC
            LIMIT 10 OFFSET 0
        ) AS temp ON B.BOARD_ID = temp.BOARD_ID
        LEFT JOIN MEMBER_INFO M ON B.MEMBER_ID = M.MEMBER_ID
        ORDER BY B.CREATE_AT DESC
 {executed in 5 msec}
[2026-05-28 21:57:48.696] [INFO ] [http-nio-8080-exec-8] jdbc.sqltiming - SELECT /* BoardMapper.getBoardListWithPaging (페이징 처리된 게시판 목록 조회 (지연 조인 최적화 적용)) */
               B.BOARD_ID
             , B.TITLE
             , B.CONTENT
             , M.USER_ID
             , M.USER_NAME
             , B.MEMBER_ID
             , B.BOARD_CODE
             , B.CATEGORY_ID
             , B.VIEW_COUNT
             , B.LIKE_COUNT
             ,(SELECT COUNT(*)
                 FROM COMMENT_MANAGEMENT CM
                 WHERE CM.BOARD_ID = B.BOARD_ID
                   AND CM.DELETE_YN = 'N') AS commentCount /* 댓글 작성 수 */
             , M.PROFILE_IMAGE
             , B.CREATE_AT
             , B.UPDATE_AT
             , B.TAG_NAME
          FROM BOARD B
    INNER JOIN ( /* 인덱스만 사용하여 필요한 ID들만 빠르게 추출 */
                SELECT BOARD_ID
                  FROM BOARD
             WHERE DELETE_YN = 'N' 
            ORDER BY CREATE_AT DESC
            LIMIT 30 OFFSET 0
        ) AS temp ON B.BOARD_ID = temp.BOARD_ID
        LEFT JOIN MEMBER_INFO M ON B.MEMBER_ID = M.MEMBER_ID
        ORDER BY B.CREATE_AT DESC
 {executed in 5 msec}
[2026-05-28 21:57:48.714] [INFO ] [http-nio-8080-exec-1] jdbc.sqltiming - SELECT /* BoardMapper.getgetBoardTotalCount (게시글 총 개수 조회) */
               COUNT(*)
          FROM BOARD
         WHERE DELETE_YN = 'N'

                AND BOARD_CODE = 'B_NOTICE_01'
 {executed in 5 msec}
[2026-05-28 21:57:48.719] [INFO ] [http-nio-8080-exec-8] jdbc.sqltiming - SELECT /* BoardMapper.getgetBoardTotalCount (게시글 총 개수 조회) */
               COUNT(*)
          FROM BOARD
         WHERE DELETE_YN = 'N'
 {executed in 7 msec}
[2026-05-28 21:57:49.078] [INFO ] [http-nio-8080-exec-6] c.s.s.s.w.WebSocketServiceImpl - [Presence] User 관리자 left room OPEN_CHAT
[2026-05-28 21:57:49.092] [INFO ] [http-nio-8080-exec-9] jdbc.sqltiming - SELECT /* MemberMapper.readMemberByMemberId (memberId를 통한 회원 정보 조회) */
               MEMBER_ID
             , USER_ID
             , USER_PASS
             , USER_NAME
             , USER_EMAIL
             , EMAIL_VERIFIED
             , USER_ROLE
             , USER_STATUS
             , PROFILE_IMAGE
             , CREATE_AT
             , UPDATE_AT
             , LAST_LOG_AT
          FROM MEMBER_INFO
        WHERE MEMBER_ID = 'MEMBER_20260427_001'
 {executed in 4 msec}
[2026-05-28 21:57:49.109] [INFO ] [http-nio-8080-exec-2] c.s.s.s.w.WebSocketServiceImpl - [Presence] User 관리자 joined room OPEN_CHAT
[2026-05-28 21:57:49.123] [INFO ] [http-nio-8080-exec-2] c.s.s.c.w.WebSocketEventListener - [Presence] User 관리자 joined room OPEN_CHAT
[2026-05-28 21:57:49.124] [INFO ] [http-nio-8080-exec-6] c.s.s.c.w.WebSocketEventListener - [Presence] Room OPEN_CHAT  updated. Count: 1
[2026-05-28 21:57:49.129] [INFO ] [redisContainer-8] c.s.s.s.redisConfig.RedisSubscriber - Redis Subscribe - Message Received: {"notiId":null,"senderName":"관리자","type":"QUIT","roomId":"OPEN_CHAT","senderId":"MEMBER_20260427_001","targetId":null,"content":"관리자님이 퇴장하셨습니다.","timestamp":"2026-05-28 21:57:49","targetUrl":null}
[2026-05-28 21:57:49.157] [INFO ] [http-nio-8080-exec-2] c.s.s.c.w.WebSocketEventListener - [Presence] Room OPEN_CHAT  updated. Count: 1
[2026-05-28 21:57:49.221] [INFO ] [http-nio-8080-exec-2] c.s.s.c.w.WebSocketEventListener - [Presence] Room OPEN_CHAT  updated. Count: 1
[2026-05-28 21:57:49.611] [INFO ] [clientInboundChannel-7] jdbc.sqltiming - SELECT /* MemberMapper.readMemberByMemberId (memberId를 통한 회원 정보 조회) */
               MEMBER_ID
             , USER_ID
             , USER_PASS
             , USER_NAME
             , USER_EMAIL
             , EMAIL_VERIFIED
             , USER_ROLE
             , USER_STATUS
             , PROFILE_IMAGE
             , CREATE_AT
             , UPDATE_AT
             , LAST_LOG_AT
          FROM MEMBER_INFO
        WHERE MEMBER_ID = 'MEMBER_20260427_001'
 {executed in 6 msec}
[2026-05-28 21:57:49.625] [INFO ] [clientInboundChannel-7] jdbc.sqltiming - INSERT INTO CHAT_MESSAGE( /* WebSocketMapper.insertChatMessage (채팅 저장) */
                    ROOM_ID
                  , SENDER_ID
                  , CONTENT
                  , SEND_TIME
                  , CHAT_TYPE
        )    VALUES(
                    'OPEN_CHAT'
                  , 'MEMBER_20260427_001'
                  , '관리자님이 입장하셨습니다.'
                  , 2026-05-28T21:57:49.612695
                  , 'ENTER'
               )
 {executed in 12 msec}
[2026-05-28 21:57:49.625] [INFO ] [clientInboundChannel-7] jdbc.sqltiming - getGeneratedKeys on query: INSERT INTO CHAT_MESSAGE( /* WebSocketMapper.insertChatMessage (채팅 저장) */
                    ROOM_ID
                  , SENDER_ID
                  , CONTENT
                  , SEND_TIME
                  , CHAT_TYPE
        )    VALUES(
                    'OPEN_CHAT'
                  , 'MEMBER_20260427_001'
                  , '관리자님이 입장하셨습니다.'
                  , 2026-05-28T21:57:49.612695
                  , 'ENTER'
               )
 {executed in 0 msec}
[2026-05-28 21:57:49.626] [INFO ] [clientInboundChannel-7] c.s.s.s.w.WebSocketServiceImpl - JSON Message to Redis: {"notiId":null,"senderName":"관리자","type":"ENTER","roomId":"OPEN_CHAT","senderId":"MEMBER_20260427_001","targetId":null,"content":"관리자님이 입장하셨습니다.","timestamp":"2026-05-28 21:57:49","targetUrl":null}
[2026-05-28 21:57:49.632] [INFO ] [redisContainer-9] c.s.s.s.redisConfig.RedisSubscriber - Redis Subscribe - Message Received: {"notiId":null,"senderName":"관리자","type":"ENTER","roomId":"OPEN_CHAT","senderId":"MEMBER_20260427_001","targetId":null,"content":"관리자님이 입장하셨습니다.","timestamp":"2026-05-28 21:57:49","targetUrl":null}
[2026-05-28 21:57:50.704] [INFO ] [http-nio-8080-exec-4] jdbc.sqltiming - SELECT /* MemberMapper.readMemberByMemberId (memberId를 통한 회원 정보 조회) */
               MEMBER_ID
             , USER_ID
             , USER_PASS
             , USER_NAME
             , USER_EMAIL
             , EMAIL_VERIFIED
             , USER_ROLE
             , USER_STATUS
             , PROFILE_IMAGE
             , CREATE_AT
             , UPDATE_AT
             , LAST_LOG_AT
          FROM MEMBER_INFO
        WHERE MEMBER_ID = 'MEMBER_20260427_001'
 {executed in 11 msec}
[2026-05-28 21:57:50.704] [INFO ] [http-nio-8080-exec-1] jdbc.sqltiming - SELECT /* MemberMapper.readMemberByMemberId (memberId를 통한 회원 정보 조회) */
               MEMBER_ID
             , USER_ID
             , USER_PASS
             , USER_NAME
             , USER_EMAIL
             , EMAIL_VERIFIED
             , USER_ROLE
             , USER_STATUS
             , PROFILE_IMAGE
             , CREATE_AT
             , UPDATE_AT
             , LAST_LOG_AT
          FROM MEMBER_INFO
        WHERE MEMBER_ID = 'MEMBER_20260427_001'
 {executed in 11 msec}
[2026-05-28 21:57:50.704] [INFO ] [http-nio-8080-exec-5] jdbc.sqltiming - SELECT /* MemberMapper.readMemberByMemberId (memberId를 통한 회원 정보 조회) */
               MEMBER_ID
             , USER_ID
             , USER_PASS
             , USER_NAME
             , USER_EMAIL
             , EMAIL_VERIFIED
             , USER_ROLE
             , USER_STATUS
             , PROFILE_IMAGE
             , CREATE_AT
             , UPDATE_AT
             , LAST_LOG_AT
          FROM MEMBER_INFO
        WHERE MEMBER_ID = 'MEMBER_20260427_001'
 {executed in 12 msec}
[2026-05-28 21:57:50.704] [INFO ] [http-nio-8080-exec-8] jdbc.sqltiming - SELECT /* MemberMapper.readMemberByMemberId (memberId를 통한 회원 정보 조회) */
               MEMBER_ID
             , USER_ID
             , USER_PASS
             , USER_NAME
             , USER_EMAIL
             , EMAIL_VERIFIED
             , USER_ROLE
             , USER_STATUS
             , PROFILE_IMAGE
             , CREATE_AT
             , UPDATE_AT
             , LAST_LOG_AT
          FROM MEMBER_INFO
        WHERE MEMBER_ID = 'MEMBER_20260427_001'
 {executed in 11 msec}
[2026-05-28 21:57:50.715] [INFO ] [http-nio-8080-exec-5] jdbc.sqltiming - SELECT /* BoardMapper.existBoardContent */
               COUNT(1)
          FROM BOARD
         WHERE BOARD_ID = 1
           AND DELETE_YN = 'N'
 {executed in 4 msec}
[2026-05-28 21:57:50.718] [INFO ] [http-nio-8080-exec-4] jdbc.sqltiming - SELECT /* BoardMapper.getBoardListWithPaging (페이징 처리된 게시판 목록 조회 (지연 조인 최적화 적용)) */
               B.BOARD_ID
             , B.TITLE
             , B.CONTENT
             , M.USER_ID
             , M.USER_NAME
             , B.MEMBER_ID
             , B.BOARD_CODE
             , B.CATEGORY_ID
             , B.VIEW_COUNT
             , B.LIKE_COUNT
             ,(SELECT COUNT(*)
                 FROM COMMENT_MANAGEMENT CM
                 WHERE CM.BOARD_ID = B.BOARD_ID
                   AND CM.DELETE_YN = 'N') AS commentCount /* 댓글 작성 수 */
             , M.PROFILE_IMAGE
             , B.CREATE_AT
             , B.UPDATE_AT
             , B.TAG_NAME
          FROM BOARD B
    INNER JOIN ( /* 인덱스만 사용하여 필요한 ID들만 빠르게 추출 */
                SELECT BOARD_ID
                  FROM BOARD
             WHERE DELETE_YN = 'N' 
            ORDER BY CREATE_AT DESC
            LIMIT 20 OFFSET 0
        ) AS temp ON B.BOARD_ID = temp.BOARD_ID
        LEFT JOIN MEMBER_INFO M ON B.MEMBER_ID = M.MEMBER_ID
        ORDER BY B.CREATE_AT DESC
 {executed in 6 msec}
[2026-05-28 21:57:50.722] [INFO ] [http-nio-8080-exec-1] jdbc.sqltiming - SELECT /* commentMapper.getChildCommentCount (자식 대댓글 유무 확인)*/
               CM.COMMENT_ID
             , CM.BOARD_ID
             , CM.MEMBER_ID
             , CM.USER_ID
             , M.USER_NAME
             , CM.CONTENT
             , CM.PARENT_COMMENT_ID
             , CM.LIKE_COUNT
             , CM.CREATE_AT
             , CM.UPDATE_AT
             , CM.DELETE_YN
        FROM COMMENT_MANAGEMENT CM
                 LEFT JOIN MEMBER_INFO M ON CM.MEMBER_ID = M.MEMBER_ID
        WHERE CM.BOARD_ID = 1
          AND CM.DELETE_YN = 'N'
        ORDER BY CM.CREATE_AT ASC
 {executed in 6 msec}
[2026-05-28 21:57:50.725] [INFO ] [http-nio-8080-exec-5] jdbc.sqltiming - SELECT /* BoardMapper.getSearchBoard (게시판 글 단건조회 (사용자 정보 JOIN)) */
               B.BOARD_ID
             , B.TITLE
             , B.CONTENT
             , M.USER_ID
             , M.USER_NAME
             , B.MEMBER_ID
             , B.BOARD_CODE
             , B.CATEGORY_ID
             , B.VIEW_COUNT
             , B.LIKE_COUNT
             , M.PROFILE_IMAGE
             , B.CREATE_AT
             , B.UPDATE_AT
             , B.TAG_NAME
             , BS.SCRAP_ID /* 스크랩 고유 ID */
          FROM BOARD B
          LEFT JOIN MEMBER_INFO M ON B.MEMBER_ID = M.MEMBER_ID
          LEFT JOIN BOARD_SCRAP BS ON B.BOARD_ID = BS.BOARD_ID AND BS.MEMBER_ID = 'MEMBER_20260427_001'
         WHERE B.BOARD_ID = 1
           AND B.DELETE_YN = 'N'
 {executed in 4 msec}
[2026-05-28 21:57:50.735] [INFO ] [http-nio-8080-exec-5] jdbc.sqltiming - SELECT /* BoardMapper.getBoardFileList (게시글에 첨부된 파일 리스트 조회) */
               FILE_ID
             , BOARD_ID
             , ORIGIN_NAME
             , SAVE_NAME
             , FILE_PATH
             , FILE_SIZE
             , CREATE_AT
          FROM BOARD_FILE
         WHERE BOARD_ID = 1
 {executed in 4 msec}
[2026-05-28 21:57:50.736] [INFO ] [http-nio-8080-exec-4] jdbc.sqltiming - SELECT /* BoardMapper.getgetBoardTotalCount (게시글 총 개수 조회) */
               COUNT(*)
          FROM BOARD
         WHERE DELETE_YN = 'N'
 {executed in 5 msec}
[2026-05-28 21:57:50.742] [INFO ] [http-nio-8080-exec-5] jdbc.sqltiming - SELECT COUNT(*)
        FROM BOARD_LIKE
        WHERE BOARD_ID = 1 AND MEMBER_ID = 'MEMBER_20260427_001'
 {executed in 6 msec}
[2026-05-28 21:57:50.751] [INFO ] [http-nio-8080-exec-5] jdbc.sqltiming - SELECT /* BoardMapper.checkBoardScrap (페이지 스크랩 여부  확인) */
               COUNT(*)
          FROM BOARD_SCRAP
         WHERE BOARD_ID = 1
           AND MEMBER_ID = 'MEMBER_20260427_001'
 {executed in 7 msec}
[2026-05-28 21:57:52.420] [INFO ] [http-nio-8080-exec-3] jdbc.sqltiming - SELECT /* MemberMapper.readMemberByMemberId (memberId를 통한 회원 정보 조회) */
               MEMBER_ID
             , USER_ID
             , USER_PASS
             , USER_NAME
             , USER_EMAIL
             , EMAIL_VERIFIED
             , USER_ROLE
             , USER_STATUS
             , PROFILE_IMAGE
             , CREATE_AT
             , UPDATE_AT
             , LAST_LOG_AT
          FROM MEMBER_INFO
        WHERE MEMBER_ID = 'MEMBER_20260427_001'
 {executed in 6 msec}
[2026-05-28 21:57:52.443] [INFO ] [http-nio-8080-exec-3] jdbc.sqltiming - SELECT /* BoardMapper.existBoardContent */
               COUNT(1)
          FROM BOARD
         WHERE BOARD_ID = 1
           AND DELETE_YN = 'N'
 {executed in 5 msec}
[2026-05-28 21:57:52.457] [INFO ] [http-nio-8080-exec-3] jdbc.sqltiming - SELECT /* BoardMapper.getSearchBoard (게시판 글 단건조회 (사용자 정보 JOIN)) */
               B.BOARD_ID
             , B.TITLE
             , B.CONTENT
             , M.USER_ID
             , M.USER_NAME
             , B.MEMBER_ID
             , B.BOARD_CODE
             , B.CATEGORY_ID
             , B.VIEW_COUNT
             , B.LIKE_COUNT
             , M.PROFILE_IMAGE
             , B.CREATE_AT
             , B.UPDATE_AT
             , B.TAG_NAME
             , BS.SCRAP_ID /* 스크랩 고유 ID */
          FROM BOARD B
          LEFT JOIN MEMBER_INFO M ON B.MEMBER_ID = M.MEMBER_ID
          LEFT JOIN BOARD_SCRAP BS ON B.BOARD_ID = BS.BOARD_ID AND BS.MEMBER_ID = 'MEMBER_20260427_001'
         WHERE B.BOARD_ID = 1
           AND B.DELETE_YN = 'N'
 {executed in 5 msec}
[2026-05-28 21:57:52.498] [INFO ] [http-nio-8080-exec-3] jdbc.sqltiming - SELECT /* BoardMapper.getBoardFileList (게시글에 첨부된 파일 리스트 조회) */
               FILE_ID
             , BOARD_ID
             , ORIGIN_NAME
             , SAVE_NAME
             , FILE_PATH
             , FILE_SIZE
             , CREATE_AT
          FROM BOARD_FILE
         WHERE BOARD_ID = 1
 {executed in 30 msec}
[2026-05-28 21:57:52.504] [INFO ] [http-nio-8080-exec-3] jdbc.sqltiming - SELECT COUNT(*)
        FROM BOARD_LIKE
        WHERE BOARD_ID = 1 AND MEMBER_ID = 'MEMBER_20260427_001'
 {executed in 5 msec}
[2026-05-28 21:57:52.512] [INFO ] [http-nio-8080-exec-3] jdbc.sqltiming - SELECT /* BoardMapper.checkBoardScrap (페이지 스크랩 여부  확인) */
               COUNT(*)
          FROM BOARD_SCRAP
         WHERE BOARD_ID = 1
           AND MEMBER_ID = 'MEMBER_20260427_001'
 {executed in 5 msec}
[2026-05-28 21:58:05.250] [INFO ] [http-nio-8080-exec-9] c.s.s.s.w.WebSocketServiceImpl - [Presence] User 관리자 left room OPEN_CHAT
[2026-05-28 21:58:05.338] [INFO ] [http-nio-8080-exec-9] c.s.s.c.w.WebSocketEventListener - [Presence] Room OPEN_CHAT  updated. Count: 0
[2026-05-28 21:58:05.372] [INFO ] [redisContainer-10] c.s.s.s.redisConfig.RedisSubscriber - Redis Subscribe - Message Received: {"notiId":null,"senderName":"관리자","type":"QUIT","roomId":"OPEN_CHAT","senderId":"MEMBER_20260427_001","targetId":null,"content":"관리자님이 퇴장하셨습니다.","timestamp":"2026-05-28 21:58:05","targetUrl":null}
[2026-05-28 21:58:31.445] [INFO ] [http-nio-8080-exec-2] jdbc.sqltiming - SELECT  /* BoardMapper.getBoardList (게시판 목록 전체를 조회하는 쿼리 (사용자 정보 JOIN))*/
               B.BOARD_ID
             , B.TITLE
             , B.CONTENT
             , M.USER_ID
             , M.USER_NAME
             , B.MEMBER_ID
             , B.BOARD_CODE
             , B.CATEGORY_ID
             , B.VIEW_COUNT
             , B.LIKE_COUNT
             ,(SELECT COUNT(*)
                 FROM COMMENT_MANAGEMENT CM
                WHERE CM.BOARD_ID = B.BOARD_ID
                  AND CM.DELETE_YN = 'N') AS commentCount /* 댓글 작성 수 */
             , M.PROFILE_IMAGE
             , B.CREATE_AT
             , B.UPDATE_AT
             , B.TAG_NAME
        FROM
            BOARD B
        LEFT JOIN MEMBER_INFO M ON B.MEMBER_ID = M.MEMBER_ID
        WHERE B.DELETE_YN = 'N'
        ORDER BY
            B.CREATE_AT DESC
 {executed in 7 msec}
[2026-05-28 21:58:31.445] [INFO ] [http-nio-8080-exec-6] jdbc.sqltiming - SELECT  /* BoardMasterMapper.getBoardConfig 특정 게시판의 설정(이름, 카테고리 그룹, 기능 여부) 전체 리스트 조회 */
               BM.BOARD_CODE
             , BM.BOARD_NAME
             , BM.GROUP_CODE
             , BM.USE_YN
             , BM.FILE_YN
             , BM.REPLY_YN
             , BM.TAG_YN
             , CCG.SORT_ORDER
             , BM.CREATE_AT
             , BM.UPDATE_AT
          FROM BOARD_MASTER BM
          JOIN COMMON_CODE_GROUP CCG ON BM.GROUP_CODE = CCG.GROUP_CODE
         ORDER BY CCG.SORT_ORDER ASC, BM.BOARD_CODE ASC /* 그룹 순서대로 정렬 */
 {executed in 7 msec}
[2026-05-28 21:58:31.454] [INFO ] [http-nio-8080-exec-6] jdbc.sqltiming - SELECT /*  boardMapper.getCategoryListByBoardCode 특정 게시판(boardCode)에 소속된 카테고리 목록 조회 */
               CCD.CODE_ID AS categoryId
             , CCD.CODE_NAME AS categoryName
          FROM BOARD_MASTER BM
    INNER JOIN COMMON_CODE_DETAIL CCD
            ON BM.GROUP_CODE = CCD.GROUP_CODE
         WHERE BM.BOARD_CODE = 'B_NOTICE_01'
           AND BM.USE_YN = 'Y'
      ORDER BY CCD.SORT_ORDER ASC
 {executed in 6 msec}
[2026-05-28 21:58:31.461] [INFO ] [http-nio-8080-exec-6] jdbc.sqltiming - SELECT /*  boardMapper.getCategoryListByBoardCode 특정 게시판(boardCode)에 소속된 카테고리 목록 조회 */
               CCD.CODE_ID AS categoryId
             , CCD.CODE_NAME AS categoryName
          FROM BOARD_MASTER BM
    INNER JOIN COMMON_CODE_DETAIL CCD
            ON BM.GROUP_CODE = CCD.GROUP_CODE
         WHERE BM.BOARD_CODE = 'B_SQLD_01'
           AND BM.USE_YN = 'Y'
      ORDER BY CCD.SORT_ORDER ASC
 {executed in 5 msec}
[2026-05-28 21:58:31.501] [INFO ] [http-nio-8080-exec-6] jdbc.sqltiming - SELECT /*  boardMapper.getCategoryListByBoardCode 특정 게시판(boardCode)에 소속된 카테고리 목록 조회 */
               CCD.CODE_ID AS categoryId
             , CCD.CODE_NAME AS categoryName
          FROM BOARD_MASTER BM
    INNER JOIN COMMON_CODE_DETAIL CCD
            ON BM.GROUP_CODE = CCD.GROUP_CODE
         WHERE BM.BOARD_CODE = 'B_GREETING_01'
           AND BM.USE_YN = 'Y'
      ORDER BY CCD.SORT_ORDER ASC
 {executed in 39 msec}
[2026-05-28 21:58:39.029] [INFO ] [http-nio-8080-exec-8] jdbc.sqltiming - SELECT MEMBER_ID
             , USER_ID
             , USER_PASS
             , USER_NAME
             , USER_EMAIL
             , EMAIL_VERIFIED
             , USER_ROLE
             , USER_STATUS
             , PROFILE_IMAGE
             , CREATE_AT
             , UPDATE_AT
             , LAST_LOG_AT
          FROM MEMBER_INFO
         WHERE USER_ID = 'Admin'
         LIMIT 1
 {executed in 10 msec}
[2026-05-28 21:58:39.174] [INFO ] [http-nio-8080-exec-8] jdbc.sqltiming - UPDATE MEMBER_INFO
        SET LAST_LOG_AT = NOW()
        WHERE MEMBER_ID = 'MEMBER_20260427_001'
 {executed in 13 msec}
[2026-05-28 21:58:39.186] [INFO ] [http-nio-8080-exec-8] jdbc.sqltiming - DELETE FROM REFRESH_TOKEN WHERE MEMBER_ID = 'MEMBER_20260427_001'
 {executed in 9 msec}
[2026-05-28 21:58:39.197] [INFO ] [http-nio-8080-exec-8] jdbc.sqltiming - INSERT INTO REFRESH_TOKEN (MEMBER_ID, R_TOKEN, EXPIRY_DATE)
        VALUES ('MEMBER_20260427_001', '222b5659-c118-4991-b501-676a50b79529', '06/04/2026 21:58:39.186')
 {executed in 11 msec}
[2026-05-28 21:58:39.283] [INFO ] [http-nio-8080-exec-1] jdbc.sqltiming - SELECT /* MemberMapper.readMemberByMemberId (memberId를 통한 회원 정보 조회) */
               MEMBER_ID
             , USER_ID
             , USER_PASS
             , USER_NAME
             , USER_EMAIL
             , EMAIL_VERIFIED
             , USER_ROLE
             , USER_STATUS
             , PROFILE_IMAGE
             , CREATE_AT
             , UPDATE_AT
             , LAST_LOG_AT
          FROM MEMBER_INFO
        WHERE MEMBER_ID = 'MEMBER_20260427_001'
 {executed in 20 msec}
[2026-05-28 21:58:39.299] [INFO ] [http-nio-8080-exec-4] jdbc.sqltiming - SELECT /* MemberMapper.readMemberByMemberId (memberId를 통한 회원 정보 조회) */
               MEMBER_ID
             , USER_ID
             , USER_PASS
             , USER_NAME
             , USER_EMAIL
             , EMAIL_VERIFIED
             , USER_ROLE
             , USER_STATUS
             , PROFILE_IMAGE
             , CREATE_AT
             , UPDATE_AT
             , LAST_LOG_AT
          FROM MEMBER_INFO
        WHERE MEMBER_ID = 'MEMBER_20260427_001'
 {executed in 16 msec}
[2026-05-28 21:58:39.305] [INFO ] [http-nio-8080-exec-1] jdbc.sqltiming - SELECT  /* BoardMapper.getBoardList (게시판 목록 전체를 조회하는 쿼리 (사용자 정보 JOIN))*/
               B.BOARD_ID
             , B.TITLE
             , B.CONTENT
             , M.USER_ID
             , M.USER_NAME
             , B.MEMBER_ID
             , B.BOARD_CODE
             , B.CATEGORY_ID
             , B.VIEW_COUNT
             , B.LIKE_COUNT
             ,(SELECT COUNT(*)
                 FROM COMMENT_MANAGEMENT CM
                WHERE CM.BOARD_ID = B.BOARD_ID
                  AND CM.DELETE_YN = 'N') AS commentCount /* 댓글 작성 수 */
             , M.PROFILE_IMAGE
             , B.CREATE_AT
             , B.UPDATE_AT
             , B.TAG_NAME
        FROM
            BOARD B
        LEFT JOIN MEMBER_INFO M ON B.MEMBER_ID = M.MEMBER_ID
        WHERE B.DELETE_YN = 'N'
        ORDER BY
            B.CREATE_AT DESC
 {executed in 6 msec}
[2026-05-28 21:58:39.305] [INFO ] [http-nio-8080-exec-3] jdbc.sqltiming - SELECT /* MemberMapper.readMemberByMemberId (memberId를 통한 회원 정보 조회) */
               MEMBER_ID
             , USER_ID
             , USER_PASS
             , USER_NAME
             , USER_EMAIL
             , EMAIL_VERIFIED
             , USER_ROLE
             , USER_STATUS
             , PROFILE_IMAGE
             , CREATE_AT
             , UPDATE_AT
             , LAST_LOG_AT
          FROM MEMBER_INFO
        WHERE MEMBER_ID = 'MEMBER_20260427_001'
 {executed in 6 msec}
[2026-05-28 21:58:39.316] [INFO ] [http-nio-8080-exec-4] jdbc.sqltiming - SELECT /* WebSocketMapper.searchNotification */
               NOTI_ID
             , RECEIVER_ID
             , SENDER_ID
             , NOTI_TYPE
             , MESSAGE
             , IS_READ
             , CREATE_AT
             , TARGET_URL
        FROM NOTIFICATION
        WHERE RECEIVER_ID = 'MEMBER_20260427_001'
 {executed in 4 msec}
[2026-05-28 21:58:39.321] [INFO ] [http-nio-8080-exec-9] c.s.s.s.w.WebSocketServiceImpl - [Presence] User 관리자 joined room OPEN_CHAT
[2026-05-28 21:58:39.333] [INFO ] [http-nio-8080-exec-9] c.s.s.c.w.WebSocketEventListener - [Presence] User 관리자 joined room OPEN_CHAT
[2026-05-28 21:58:39.378] [INFO ] [http-nio-8080-exec-9] c.s.s.c.w.WebSocketEventListener - [Presence] Room OPEN_CHAT  updated. Count: 1
[2026-05-28 21:58:39.459] [INFO ] [http-nio-8080-exec-9] c.s.s.c.w.WebSocketEventListener - [Presence] Room OPEN_CHAT  updated. Count: 1
[2026-05-28 21:58:39.827] [INFO ] [clientInboundChannel-7] jdbc.sqltiming - SELECT /* MemberMapper.readMemberByMemberId (memberId를 통한 회원 정보 조회) */
               MEMBER_ID
             , USER_ID
             , USER_PASS
             , USER_NAME
             , USER_EMAIL
             , EMAIL_VERIFIED
             , USER_ROLE
             , USER_STATUS
             , PROFILE_IMAGE
             , CREATE_AT
             , UPDATE_AT
             , LAST_LOG_AT
          FROM MEMBER_INFO
        WHERE MEMBER_ID = 'MEMBER_20260427_001'
 {executed in 5 msec}
[2026-05-28 21:58:39.837] [INFO ] [clientInboundChannel-7] jdbc.sqltiming - INSERT INTO CHAT_MESSAGE( /* WebSocketMapper.insertChatMessage (채팅 저장) */
                    ROOM_ID
                  , SENDER_ID
                  , CONTENT
                  , SEND_TIME
                  , CHAT_TYPE
        )    VALUES(
                    'OPEN_CHAT'
                  , 'MEMBER_20260427_001'
                  , '관리자님이 입장하셨습니다.'
                  , 2026-05-28T21:58:39.828426
                  , 'ENTER'
               )
 {executed in 8 msec}
[2026-05-28 21:58:39.838] [INFO ] [clientInboundChannel-7] jdbc.sqltiming - getGeneratedKeys on query: INSERT INTO CHAT_MESSAGE( /* WebSocketMapper.insertChatMessage (채팅 저장) */
                    ROOM_ID
                  , SENDER_ID
                  , CONTENT
                  , SEND_TIME
                  , CHAT_TYPE
        )    VALUES(
                    'OPEN_CHAT'
                  , 'MEMBER_20260427_001'
                  , '관리자님이 입장하셨습니다.'
                  , 2026-05-28T21:58:39.828426
                  , 'ENTER'
               )
 {executed in 1 msec}
[2026-05-28 21:58:39.838] [INFO ] [clientInboundChannel-7] c.s.s.s.w.WebSocketServiceImpl - JSON Message to Redis: {"notiId":null,"senderName":"관리자","type":"ENTER","roomId":"OPEN_CHAT","senderId":"MEMBER_20260427_001","targetId":null,"content":"관리자님이 입장하셨습니다.","timestamp":"2026-05-28 21:58:39","targetUrl":null}
[2026-05-28 21:58:39.845] [INFO ] [redisContainer-11] c.s.s.s.redisConfig.RedisSubscriber - Redis Subscribe - Message Received: {"notiId":null,"senderName":"관리자","type":"ENTER","roomId":"OPEN_CHAT","senderId":"MEMBER_20260427_001","targetId":null,"content":"관리자님이 입장하셨습니다.","timestamp":"2026-05-28 21:58:39","targetUrl":null}
[2026-05-28 21:58:42.351] [INFO ] [http-nio-8080-exec-6] jdbc.sqltiming - SELECT /* MemberMapper.readMemberByMemberId (memberId를 통한 회원 정보 조회) */
               MEMBER_ID
             , USER_ID
             , USER_PASS
             , USER_NAME
             , USER_EMAIL
             , EMAIL_VERIFIED
             , USER_ROLE
             , USER_STATUS
             , PROFILE_IMAGE
             , CREATE_AT
             , UPDATE_AT
             , LAST_LOG_AT
          FROM MEMBER_INFO
        WHERE MEMBER_ID = 'MEMBER_20260427_001'
 {executed in 6 msec}
[2026-05-28 21:58:42.367] [INFO ] [http-nio-8080-exec-6] jdbc.sqltiming - SELECT /* Member.readMemberSimpleInfo (로그인 후, 회원 간편 정보 조회) */
               USER_ID                                  /* 사용자 아이디 */
             , USER_NAME                                /* 사용자 명    */
             , USER_EMAIL                               /* 사용자 이메일 */
             , USER_ROLE                                /* 사용자 권한  */
             , PROFILE_IMAGE                            /* 사용자 프로필  */
             , (SELECT COUNT(*)
                  FROM BOARD B
                 WHERE B.MEMBER_ID = M.MEMBER_ID
                   AND DELETE_YN='N') AS postCount      /* 게시글 수 */
             , (SELECT COUNT(*)
                  FROM COMMENT_MANAGEMENT CM
                 WHERE CM.MEMBER_ID = M.MEMBER_ID
                   AND DELETE_YN = 'N') AS commentCount /* 댓글 작성 수 */
             , LAST_LOG_AT  /* 최근 접속 시간 */
        FROM MEMBER_INFO M
        WHERE MEMBER_ID = 'MEMBER_20260427_001'
 {executed in 5 msec}
[2026-05-28 21:58:47.779] [INFO ] [http-nio-8080-exec-10] c.s.s.s.w.WebSocketServiceImpl - [Presence] User 관리자 left room OPEN_CHAT
[2026-05-28 21:58:47.843] [INFO ] [http-nio-8080-exec-10] c.s.s.c.w.WebSocketEventListener - [Presence] Room OPEN_CHAT  updated. Count: 0
[2026-05-28 21:58:47.856] [INFO ] [redisContainer-12] c.s.s.s.redisConfig.RedisSubscriber - Redis Subscribe - Message Received: {"notiId":null,"senderName":"관리자","type":"QUIT","roomId":"OPEN_CHAT","senderId":"MEMBER_20260427_001","targetId":null,"content":"관리자님이 퇴장하셨습니다.","timestamp":"2026-05-28 21:58:47","targetUrl":null}
[2026-05-28 22:00:00.039] [INFO ] [MessageBroker-4] c.s.s.c.s.BoardViewCountScheduler - >>> Redis 조회수 DB 동기화 시작
[2026-05-28 22:00:00.051] [INFO ] [MessageBroker-4] c.s.s.c.s.BoardViewCountScheduler - >>> 동기화할 조회수 데이터가 없습니다.
[2026-05-28 22:05:00.058] [INFO ] [MessageBroker-6] c.s.s.c.s.BoardViewCountScheduler - >>> Redis 조회수 DB 동기화 시작
[2026-05-28 22:05:00.067] [INFO ] [MessageBroker-6] c.s.s.c.s.BoardViewCountScheduler - >>> 동기화할 조회수 데이터가 없습니다.
[2026-05-28 22:29:51.676] [WARN ] [HikariPool-1:housekeeper] com.zaxxer.hikari.pool.HikariPool - HikariPool-1 - Thread starvation or clock leap detected (housekeeper delta=24m49s708ms).
[2026-05-28 22:47:03.561] [WARN ] [HikariPool-1:housekeeper] com.zaxxer.hikari.pool.HikariPool - HikariPool-1 - Thread starvation or clock leap detected (housekeeper delta=16m41s873ms).
