[2026-05-31 19:09:19.704] [INFO ] [background-preinit] o.h.validator.internal.util.Version - HV000001: Hibernate Validator 8.0.3.Final
[2026-05-31 19:09:19.743] [INFO ] [restartedMain] com.sqld_board.sqld.SqldApplication - Starting SqldApplication using Java 17.0.11 with PID 87065 (/Users/minboklee/Downloads/sqld/build/classes/java/main started by minboklee in /Users/minboklee/Downloads/sqld)
[2026-05-31 19:09:19.743] [INFO ] [restartedMain] com.sqld_board.sqld.SqldApplication - The following 1 profile is active: "dev"
[2026-05-31 19:09:19.783] [INFO ] [restartedMain] o.s.b.d.restart.ChangeableUrls - The Class-Path manifest attribute in /Users/minboklee/.gradle/caches/modules-2/files-2.1/com.oracle.database.jdbc/ojdbc11/23.7.0.25.01/665f52abef9122ce003b5cfc1d9d44f7302e2cfe/ojdbc11-23.7.0.25.01.jar referenced one or more files that do not exist: file:/Users/minboklee/.gradle/caches/modules-2/files-2.1/com.oracle.database.jdbc/ojdbc11/23.7.0.25.01/665f52abef9122ce003b5cfc1d9d44f7302e2cfe/oraclepki.jar
[2026-05-31 19:09:19.783] [INFO ] [restartedMain] o.s.b.d.e.DevToolsPropertyDefaultsPostProcessor - Devtools property defaults active! Set 'spring.devtools.add-properties' to 'false' to disable
[2026-05-31 19:09:19.783] [INFO ] [restartedMain] o.s.b.d.e.DevToolsPropertyDefaultsPostProcessor - For additional web related logging consider setting the 'logging.level.web' property to 'DEBUG'
[2026-05-31 19:09:20.926] [INFO ] [restartedMain] o.s.d.r.c.RepositoryConfigurationDelegate - Multiple Spring Data modules found, entering strict repository configuration mode
[2026-05-31 19:09:20.928] [INFO ] [restartedMain] o.s.d.r.c.RepositoryConfigurationDelegate - Bootstrapping Spring Data Redis repositories in DEFAULT mode.
[2026-05-31 19:09:20.949] [INFO ] [restartedMain] o.s.d.r.c.RepositoryConfigurationDelegate - Finished Spring Data repository scanning in 10 ms. Found 0 Redis repository interfaces.
[2026-05-31 19:09:21.235] [INFO ] [restartedMain] c.u.j.c.EnableEncryptablePropertiesBeanFactoryPostProcessor - Post-processing PropertySource instances
[2026-05-31 19:09:21.235] [INFO ] [restartedMain] c.u.j.EncryptablePropertySourceConverter - Skipping PropertySource configurationProperties [class org.springframework.boot.context.properties.source.ConfigurationPropertySourcesPropertySource
[2026-05-31 19:09:21.235] [INFO ] [restartedMain] c.u.j.EncryptablePropertySourceConverter - Skipping PropertySource servletConfigInitParams [class org.springframework.core.env.PropertySource$StubPropertySource
[2026-05-31 19:09:21.235] [INFO ] [restartedMain] c.u.j.EncryptablePropertySourceConverter - Skipping PropertySource servletContextInitParams [class org.springframework.core.env.PropertySource$StubPropertySource
[2026-05-31 19:09:21.236] [INFO ] [restartedMain] c.u.j.EncryptablePropertySourceConverter - Converting PropertySource systemProperties [org.springframework.core.env.PropertiesPropertySource] to EncryptableMapPropertySourceWrapper
[2026-05-31 19:09:21.236] [INFO ] [restartedMain] c.u.j.EncryptablePropertySourceConverter - Converting PropertySource systemEnvironment [org.springframework.boot.env.SystemEnvironmentPropertySourceEnvironmentPostProcessor$OriginAwareSystemEnvironmentPropertySource] to EncryptableSystemEnvironmentPropertySourceWrapper
[2026-05-31 19:09:21.236] [INFO ] [restartedMain] c.u.j.EncryptablePropertySourceConverter - Converting PropertySource random [org.springframework.boot.env.RandomValuePropertySource] to EncryptablePropertySourceWrapper
[2026-05-31 19:09:21.236] [INFO ] [restartedMain] c.u.j.EncryptablePropertySourceConverter - Converting PropertySource Config resource 'class path resource [application-dev.yml]' via location 'optional:classpath:/' [org.springframework.boot.env.OriginTrackedMapPropertySource] to EncryptableMapPropertySourceWrapper
[2026-05-31 19:09:21.236] [INFO ] [restartedMain] c.u.j.EncryptablePropertySourceConverter - Converting PropertySource Config resource 'class path resource [application.yml]' via location 'optional:classpath:/' [org.springframework.boot.env.OriginTrackedMapPropertySource] to EncryptableMapPropertySourceWrapper
[2026-05-31 19:09:21.236] [INFO ] [restartedMain] c.u.j.EncryptablePropertySourceConverter - Converting PropertySource devtools [org.springframework.core.env.MapPropertySource] to EncryptableMapPropertySourceWrapper
[2026-05-31 19:09:21.236] [INFO ] [restartedMain] c.u.j.EncryptablePropertySourceConverter - Converting PropertySource applicationInfo [org.springframework.boot.ApplicationInfoPropertySource] to EncryptableMapPropertySourceWrapper
[2026-05-31 19:09:21.265] [INFO ] [restartedMain] c.u.j.f.DefaultLazyPropertyFilter - Property Filter custom Bean not found with name 'encryptablePropertyFilter'. Initializing Default Property Filter
[2026-05-31 19:09:21.269] [INFO ] [restartedMain] c.u.j.r.DefaultLazyPropertyResolver - Property Resolver custom Bean not found with name 'encryptablePropertyResolver'. Initializing Default Property Resolver
[2026-05-31 19:09:21.271] [INFO ] [restartedMain] c.u.j.d.DefaultLazyPropertyDetector - Property Detector custom Bean not found with name 'encryptablePropertyDetector'. Initializing Default Property Detector
[2026-05-31 19:09:21.660] [INFO ] [restartedMain] o.s.b.w.e.tomcat.TomcatWebServer - Tomcat initialized with port 8080 (http)
[2026-05-31 19:09:21.667] [INFO ] [restartedMain] o.a.coyote.http11.Http11NioProtocol - Initializing ProtocolHandler ["http-nio-8080"]
[2026-05-31 19:09:21.667] [INFO ] [restartedMain] o.a.catalina.core.StandardService - Starting service [Tomcat]
[2026-05-31 19:09:21.667] [INFO ] [restartedMain] o.a.catalina.core.StandardEngine - Starting Servlet engine: [Apache Tomcat/10.1.46]
[2026-05-31 19:09:21.689] [INFO ] [restartedMain] o.a.c.c.C.[Tomcat].[localhost].[/] - Initializing Spring embedded WebApplicationContext
[2026-05-31 19:09:21.689] [INFO ] [restartedMain] o.s.b.w.s.c.ServletWebServerApplicationContext - Root WebApplicationContext: initialization completed in 1906 ms
[2026-05-31 19:09:21.706] [INFO ] [restartedMain] c.u.j.encryptor.DefaultLazyEncryptor - String Encryptor custom Bean not found with name 'jasyptStringEncryptor'. Initializing Default String Encryptor
[2026-05-31 19:09:21.711] [INFO ] [restartedMain] c.u.j.c.StringEncryptorBuilder - Encryptor config not found for property jasypt.encryptor.key-obtention-iterations, using default value: 1000
[2026-05-31 19:09:21.711] [INFO ] [restartedMain] c.u.j.c.StringEncryptorBuilder - Encryptor config not found for property jasypt.encryptor.pool-size, using default value: 1
[2026-05-31 19:09:21.711] [INFO ] [restartedMain] c.u.j.c.StringEncryptorBuilder - Encryptor config not found for property jasypt.encryptor.provider-name, using default value: null
[2026-05-31 19:09:21.712] [INFO ] [restartedMain] c.u.j.c.StringEncryptorBuilder - Encryptor config not found for property jasypt.encryptor.provider-class-name, using default value: null
[2026-05-31 19:09:21.712] [INFO ] [restartedMain] c.u.j.c.StringEncryptorBuilder - Encryptor config not found for property jasypt.encryptor.salt-generator-classname, using default value: org.jasypt.salt.RandomSaltGenerator
[2026-05-31 19:09:21.712] [INFO ] [restartedMain] c.u.j.c.StringEncryptorBuilder - Encryptor config not found for property jasypt.encryptor.string-output-type, using default value: base64
[2026-05-31 19:09:22.764] [INFO ] [restartedMain] o.s.s.c.a.a.c.InitializeUserDetailsBeanManagerConfigurer$InitializeUserDetailsManagerConfigurer - Global AuthenticationManager configured with UserDetailsService bean with name customUserDetailService
[2026-05-31 19:09:22.798] [INFO ] [restartedMain] c.s.s.c.s.CustomSecurityConfig - ********* Security Config Loading: WebSocket Support Added
[2026-05-31 19:09:22.857] [WARN ] [restartedMain] o.s.s.c.a.w.b.WebSecurity$IgnoredRequestConfigurer - One of the patterns in [/demo-ui.html, /swagger-ui/**, /api/swagger-ui/**, /api-docs/**, /api/api-docs/**, /swagger-resources/**, /webjars/**, ws-stomp, /ws-stomp/**] is missing a leading slash. This is discouraged; please include the leading slash in all your request matcher patterns. In future versions of Spring Security, leaving out the leading slash will result in an exception.
[2026-05-31 19:09:22.864] [WARN ] [restartedMain] o.s.s.c.a.web.builders.WebSecurity - You are asking Spring Security to ignore Deferred [Mvc [pattern='/demo-ui.html'], Ant [pattern='/demo-ui.html']]. This is not recommended -- please use permitAll via HttpSecurity#authorizeHttpRequests instead.
[2026-05-31 19:09:22.864] [WARN ] [restartedMain] o.s.s.c.a.web.builders.WebSecurity - You are asking Spring Security to ignore Deferred [Mvc [pattern='/swagger-ui/**'], Ant [pattern='/swagger-ui/**']]. This is not recommended -- please use permitAll via HttpSecurity#authorizeHttpRequests instead.
[2026-05-31 19:09:22.864] [WARN ] [restartedMain] o.s.s.c.a.web.builders.WebSecurity - You are asking Spring Security to ignore Deferred [Mvc [pattern='/api/swagger-ui/**'], Ant [pattern='/api/swagger-ui/**']]. This is not recommended -- please use permitAll via HttpSecurity#authorizeHttpRequests instead.
[2026-05-31 19:09:22.864] [WARN ] [restartedMain] o.s.s.c.a.web.builders.WebSecurity - You are asking Spring Security to ignore Deferred [Mvc [pattern='/api-docs/**'], Ant [pattern='/api-docs/**']]. This is not recommended -- please use permitAll via HttpSecurity#authorizeHttpRequests instead.
[2026-05-31 19:09:22.864] [WARN ] [restartedMain] o.s.s.c.a.web.builders.WebSecurity - You are asking Spring Security to ignore Deferred [Mvc [pattern='/api/api-docs/**'], Ant [pattern='/api/api-docs/**']]. This is not recommended -- please use permitAll via HttpSecurity#authorizeHttpRequests instead.
[2026-05-31 19:09:22.864] [WARN ] [restartedMain] o.s.s.c.a.web.builders.WebSecurity - You are asking Spring Security to ignore Deferred [Mvc [pattern='/swagger-resources/**'], Ant [pattern='/swagger-resources/**']]. This is not recommended -- please use permitAll via HttpSecurity#authorizeHttpRequests instead.
[2026-05-31 19:09:22.864] [WARN ] [restartedMain] o.s.s.c.a.web.builders.WebSecurity - You are asking Spring Security to ignore Deferred [Mvc [pattern='/webjars/**'], Ant [pattern='/webjars/**']]. This is not recommended -- please use permitAll via HttpSecurity#authorizeHttpRequests instead.
[2026-05-31 19:09:22.864] [WARN ] [restartedMain] o.s.s.c.a.web.builders.WebSecurity - You are asking Spring Security to ignore Deferred [Mvc [pattern='ws-stomp'], Ant [pattern='ws-stomp']]. This is not recommended -- please use permitAll via HttpSecurity#authorizeHttpRequests instead.
[2026-05-31 19:09:22.864] [WARN ] [restartedMain] o.s.s.c.a.web.builders.WebSecurity - You are asking Spring Security to ignore Deferred [Mvc [pattern='/ws-stomp/**'], Ant [pattern='/ws-stomp/**']]. This is not recommended -- please use permitAll via HttpSecurity#authorizeHttpRequests instead.
[2026-05-31 19:09:23.218] [WARN ] [restartedMain] com.zaxxer.hikari.HikariConfig - HikariPool-1 - idleTimeout has been set but has no effect because the pool is operating as a fixed size pool.
[2026-05-31 19:09:23.218] [INFO ] [restartedMain] com.zaxxer.hikari.HikariDataSource - HikariPool-1 - Starting...
[2026-05-31 19:09:23.472] [INFO ] [restartedMain] com.zaxxer.hikari.pool.HikariPool - HikariPool-1 - Added connection net.sf.log4jdbc.sql.jdbcapi.ConnectionSpy@60c21ace
[2026-05-31 19:09:23.475] [INFO ] [restartedMain] com.zaxxer.hikari.HikariDataSource - HikariPool-1 - Start completed.
[2026-05-31 19:09:23.483] [INFO ] [restartedMain] o.s.b.a.h.H2ConsoleAutoConfiguration - H2 console available at '/h2-console'. Database available at 'jdbc:mysql://175.197.69.42:3306/sqld_database?serverTimezone=Asia/Seoul&useSSL=false&allowPublicKeyRetrieval=true&useUnicode=true&characterEncoding=UTF-8'
[2026-05-31 19:09:23.601] [INFO ] [restartedMain] o.s.b.d.a.OptionalLiveReloadServer - LiveReload server is running on port 35729
[2026-05-31 19:09:23.635] [INFO ] [restartedMain] o.s.m.s.b.SimpleBrokerMessageHandler - Starting...
[2026-05-31 19:09:23.635] [INFO ] [restartedMain] o.s.m.s.b.SimpleBrokerMessageHandler - BrokerAvailabilityEvent[available=true, SimpleBrokerMessageHandler [org.springframework.messaging.simp.broker.DefaultSubscriptionRegistry@516fccde]]
[2026-05-31 19:09:23.636] [INFO ] [restartedMain] o.s.m.s.b.SimpleBrokerMessageHandler - Started.
[2026-05-31 19:09:23.637] [INFO ] [restartedMain] o.a.coyote.http11.Http11NioProtocol - Starting ProtocolHandler ["http-nio-8080"]
[2026-05-31 19:09:23.657] [INFO ] [restartedMain] o.s.b.w.e.tomcat.TomcatWebServer - Tomcat started on port 8080 (http) with context path '/'
[2026-05-31 19:09:23.658] [INFO ] [restartedMain] c.u.j.c.RefreshScopeRefreshedEventListener - Refreshing cached encryptable property sources on ServletWebServerInitializedEvent
[2026-05-31 19:09:23.658] [INFO ] [restartedMain] c.u.j.c.CachingDelegateEncryptablePropertySource - Property Source systemProperties refreshed
[2026-05-31 19:09:23.658] [INFO ] [restartedMain] c.u.j.c.CachingDelegateEncryptablePropertySource - Property Source systemEnvironment refreshed
[2026-05-31 19:09:23.658] [INFO ] [restartedMain] c.u.j.c.CachingDelegateEncryptablePropertySource - Property Source random refreshed
[2026-05-31 19:09:23.658] [INFO ] [restartedMain] c.u.j.c.CachingDelegateEncryptablePropertySource - Property Source Config resource 'class path resource [application-dev.yml]' via location 'optional:classpath:/' refreshed
[2026-05-31 19:09:23.658] [INFO ] [restartedMain] c.u.j.c.CachingDelegateEncryptablePropertySource - Property Source Config resource 'class path resource [application.yml]' via location 'optional:classpath:/' refreshed
[2026-05-31 19:09:23.658] [INFO ] [restartedMain] c.u.j.c.CachingDelegateEncryptablePropertySource - Property Source devtools refreshed
[2026-05-31 19:09:23.658] [INFO ] [restartedMain] c.u.j.c.CachingDelegateEncryptablePropertySource - Property Source applicationInfo refreshed
[2026-05-31 19:09:23.658] [INFO ] [restartedMain] c.u.j.EncryptablePropertySourceConverter - Skipping PropertySource configurationProperties [class org.springframework.boot.context.properties.source.ConfigurationPropertySourcesPropertySource
[2026-05-31 19:09:23.658] [INFO ] [restartedMain] c.u.j.EncryptablePropertySourceConverter - Skipping PropertySource servletConfigInitParams [class org.springframework.core.env.PropertySource$StubPropertySource
[2026-05-31 19:09:23.658] [INFO ] [restartedMain] c.u.j.EncryptablePropertySourceConverter - Converting PropertySource servletContextInitParams [org.springframework.web.context.support.ServletContextPropertySource] to EncryptableEnumerablePropertySourceWrapper
[2026-05-31 19:09:24.210] [INFO ] [restartedMain] com.sqld_board.sqld.SqldApplication - Started SqldApplication in 5.014 seconds (process running for 5.891)
[2026-05-31 19:09:36.477] [INFO ] [http-nio-8080-exec-1] o.a.c.c.C.[Tomcat].[localhost].[/] - Initializing Spring DispatcherServlet 'dispatcherServlet'
[2026-05-31 19:09:36.482] [INFO ] [http-nio-8080-exec-1] o.s.web.servlet.DispatcherServlet - Initializing Servlet 'dispatcherServlet'
[2026-05-31 19:09:36.510] [INFO ] [http-nio-8080-exec-1] o.s.web.servlet.DispatcherServlet - Completed initialization in 28 ms
[2026-05-31 19:09:37.070] [INFO ] [http-nio-8080-exec-1] jdbc.sqltiming - SELECT  /* BoardMapper.getBoardList (게시판 목록 전체를 조회하는 쿼리 (사용자 정보 JOIN))*/
               B.BOARD_ID
             , B.TITLE
             , B.CONTENT
             , M.USER_ID
             , M.USER_NAME
             , B.MEMBER_ID
             , B.BOARD_CODE
             , B.CATEGORY_ID
             , B.VIEW_COUNT
             , B.LIKE_COUNT
             ,(SELECT COUNT(*)
                 FROM COMMENT_MANAGEMENT CM
                WHERE CM.BOARD_ID = B.BOARD_ID
                  AND CM.DELETE_YN = 'N') AS commentCount /* 댓글 작성 수 */
             , M.PROFILE_IMAGE
             , B.CREATE_AT
             , B.UPDATE_AT
             , B.TAG_NAME
        FROM
            BOARD B
        LEFT JOIN MEMBER_INFO M ON B.MEMBER_ID = M.MEMBER_ID
        WHERE B.DELETE_YN = 'N'
        ORDER BY
            B.CREATE_AT DESC
 {executed in 127 msec}
[2026-05-31 19:09:37.070] [INFO ] [http-nio-8080-exec-2] jdbc.sqltiming - SELECT  /* BoardMasterMapper.getBoardConfig 특정 게시판의 설정(이름, 카테고리 그룹, 기능 여부) 전체 리스트 조회 */
               BM.BOARD_CODE
             , BM.BOARD_NAME
             , BM.GROUP_CODE
             , BM.USE_YN
             , BM.FILE_YN
             , BM.REPLY_YN
             , BM.TAG_YN
             , CCG.SORT_ORDER
             , BM.CREATE_AT
             , BM.UPDATE_AT
          FROM BOARD_MASTER BM
          JOIN COMMON_CODE_GROUP CCG ON BM.GROUP_CODE = CCG.GROUP_CODE
         ORDER BY CCG.SORT_ORDER ASC, BM.BOARD_CODE ASC /* 그룹 순서대로 정렬 */
 {executed in 127 msec}
[2026-05-31 19:09:37.129] [INFO ] [http-nio-8080-exec-2] jdbc.sqltiming - SELECT /*  boardMapper.getCategoryListByBoardCode 특정 게시판(boardCode)에 소속된 카테고리 목록 조회 */
               CCD.CODE_ID AS categoryId
             , CCD.CODE_NAME AS categoryName
          FROM BOARD_MASTER BM
    INNER JOIN COMMON_CODE_DETAIL CCD
            ON BM.GROUP_CODE = CCD.GROUP_CODE
         WHERE BM.BOARD_CODE = 'B_NOTICE_01'
           AND BM.USE_YN = 'Y'
      ORDER BY CCD.SORT_ORDER ASC
 {executed in 8 msec}
[2026-05-31 19:09:37.144] [INFO ] [http-nio-8080-exec-2] jdbc.sqltiming - SELECT /*  boardMapper.getCategoryListByBoardCode 특정 게시판(boardCode)에 소속된 카테고리 목록 조회 */
               CCD.CODE_ID AS categoryId
             , CCD.CODE_NAME AS categoryName
          FROM BOARD_MASTER BM
    INNER JOIN COMMON_CODE_DETAIL CCD
            ON BM.GROUP_CODE = CCD.GROUP_CODE
         WHERE BM.BOARD_CODE = 'B_SQLD_01'
           AND BM.USE_YN = 'Y'
      ORDER BY CCD.SORT_ORDER ASC
 {executed in 8 msec}
[2026-05-31 19:09:37.152] [INFO ] [http-nio-8080-exec-2] jdbc.sqltiming - SELECT /*  boardMapper.getCategoryListByBoardCode 특정 게시판(boardCode)에 소속된 카테고리 목록 조회 */
               CCD.CODE_ID AS categoryId
             , CCD.CODE_NAME AS categoryName
          FROM BOARD_MASTER BM
    INNER JOIN COMMON_CODE_DETAIL CCD
            ON BM.GROUP_CODE = CCD.GROUP_CODE
         WHERE BM.BOARD_CODE = 'B_GREETING_01'
           AND BM.USE_YN = 'Y'
      ORDER BY CCD.SORT_ORDER ASC
 {executed in 5 msec}
[2026-05-31 19:09:37.159] [INFO ] [http-nio-8080-exec-2] jdbc.sqltiming - SELECT /*  boardMapper.getCategoryListByBoardCode 특정 게시판(boardCode)에 소속된 카테고리 목록 조회 */
               CCD.CODE_ID AS categoryId
             , CCD.CODE_NAME AS categoryName
          FROM BOARD_MASTER BM
    INNER JOIN COMMON_CODE_DETAIL CCD
            ON BM.GROUP_CODE = CCD.GROUP_CODE
         WHERE BM.BOARD_CODE = 'B_G_Q&A_002'
           AND BM.USE_YN = 'Y'
      ORDER BY CCD.SORT_ORDER ASC
 {executed in 4 msec}
[2026-05-31 19:09:42.323] [INFO ] [http-nio-8080-exec-4] jdbc.sqltiming - SELECT MEMBER_ID
             , USER_ID
             , USER_PASS
             , USER_NAME
             , USER_EMAIL
             , EMAIL_VERIFIED
             , USER_ROLE
             , USER_STATUS
             , PROFILE_IMAGE
             , CREATE_AT
             , UPDATE_AT
             , LAST_LOG_AT
          FROM MEMBER_INFO
         WHERE USER_ID = 'Admin'
         LIMIT 1
 {executed in 24 msec}
[2026-05-31 19:09:42.703] [INFO ] [http-nio-8080-exec-4] jdbc.sqltiming - UPDATE MEMBER_INFO
        SET LAST_LOG_AT = NOW()
        WHERE MEMBER_ID = 'MEMBER_20260427_001'
 {executed in 223 msec}
[2026-05-31 19:09:42.808] [INFO ] [http-nio-8080-exec-4] jdbc.sqltiming - DELETE FROM REFRESH_TOKEN WHERE MEMBER_ID = 'MEMBER_20260427_001'
 {executed in 12 msec}
[2026-05-31 19:09:42.843] [INFO ] [http-nio-8080-exec-4] jdbc.sqltiming - INSERT INTO REFRESH_TOKEN (MEMBER_ID, R_TOKEN, EXPIRY_DATE)
        VALUES ('MEMBER_20260427_001', 'dfed1218-ba47-4dfa-bf64-d70ed5465fa3', '06/07/2026 19:09:42.808')
 {executed in 27 msec}
[2026-05-31 19:09:43.186] [INFO ] [http-nio-8080-exec-5] jdbc.sqltiming - SELECT /* MemberMapper.readMemberByMemberId (memberId를 통한 회원 정보 조회) */
               MEMBER_ID
             , USER_ID
             , USER_PASS
             , USER_NAME
             , USER_EMAIL
             , EMAIL_VERIFIED
             , USER_ROLE
             , USER_STATUS
             , PROFILE_IMAGE
             , CREATE_AT
             , UPDATE_AT
             , LAST_LOG_AT
          FROM MEMBER_INFO
        WHERE MEMBER_ID = 'MEMBER_20260427_001'
 {executed in 8 msec}
[2026-05-31 19:09:43.192] [INFO ] [http-nio-8080-exec-7] jdbc.sqltiming - SELECT /* MemberMapper.readMemberByMemberId (memberId를 통한 회원 정보 조회) */
               MEMBER_ID
             , USER_ID
             , USER_PASS
             , USER_NAME
             , USER_EMAIL
             , EMAIL_VERIFIED
             , USER_ROLE
             , USER_STATUS
             , PROFILE_IMAGE
             , CREATE_AT
             , UPDATE_AT
             , LAST_LOG_AT
          FROM MEMBER_INFO
        WHERE MEMBER_ID = 'MEMBER_20260427_001'
 {executed in 6 msec}
[2026-05-31 19:09:43.212] [INFO ] [http-nio-8080-exec-5] jdbc.sqltiming - SELECT  /* BoardMapper.getBoardList (게시판 목록 전체를 조회하는 쿼리 (사용자 정보 JOIN))*/
               B.BOARD_ID
             , B.TITLE
             , B.CONTENT
             , M.USER_ID
             , M.USER_NAME
             , B.MEMBER_ID
             , B.BOARD_CODE
             , B.CATEGORY_ID
             , B.VIEW_COUNT
             , B.LIKE_COUNT
             ,(SELECT COUNT(*)
                 FROM COMMENT_MANAGEMENT CM
                WHERE CM.BOARD_ID = B.BOARD_ID
                  AND CM.DELETE_YN = 'N') AS commentCount /* 댓글 작성 수 */
             , M.PROFILE_IMAGE
             , B.CREATE_AT
             , B.UPDATE_AT
             , B.TAG_NAME
        FROM
            BOARD B
        LEFT JOIN MEMBER_INFO M ON B.MEMBER_ID = M.MEMBER_ID
        WHERE B.DELETE_YN = 'N'
        ORDER BY
            B.CREATE_AT DESC
 {executed in 5 msec}
[2026-05-31 19:09:43.249] [INFO ] [http-nio-8080-exec-7] jdbc.sqltiming - SELECT /* WebSocketMapper.searchNotification */
               NOTI_ID
             , RECEIVER_ID
             , SENDER_ID
             , NOTI_TYPE
             , MESSAGE
             , IS_READ
             , CREATE_AT
             , TARGET_URL
        FROM NOTIFICATION
        WHERE RECEIVER_ID = 'MEMBER_20260427_001'
          AND IS_READ = 'N'
 {executed in 6 msec}
[2026-05-31 19:09:43.395] [INFO ] [http-nio-8080-exec-9] jdbc.sqltiming - SELECT /* MemberMapper.readMemberByMemberId (memberId를 통한 회원 정보 조회) */
               MEMBER_ID
             , USER_ID
             , USER_PASS
             , USER_NAME
             , USER_EMAIL
             , EMAIL_VERIFIED
             , USER_ROLE
             , USER_STATUS
             , PROFILE_IMAGE
             , CREATE_AT
             , UPDATE_AT
             , LAST_LOG_AT
          FROM MEMBER_INFO
        WHERE MEMBER_ID = 'MEMBER_20260427_001'
 {executed in 7 msec}
[2026-05-31 19:09:43.450] [INFO ] [http-nio-8080-exec-10] c.s.s.s.w.WebSocketServiceImpl - [Presence] User 관리자 joined room OPEN_CHAT
[2026-05-31 19:09:43.460] [INFO ] [http-nio-8080-exec-10] c.s.s.c.w.WebSocketEventListener - [Presence] User 관리자 joined room OPEN_CHAT
[2026-05-31 19:09:43.505] [INFO ] [http-nio-8080-exec-10] c.s.s.c.w.WebSocketEventListener - [Presence] Room OPEN_CHAT  updated. Count: 1
[2026-05-31 19:09:43.574] [INFO ] [http-nio-8080-exec-10] c.s.s.c.w.WebSocketEventListener - [Presence] Room OPEN_CHAT  updated. Count: 1
[2026-05-31 19:09:43.956] [INFO ] [clientInboundChannel-13] jdbc.sqltiming - SELECT /* MemberMapper.readMemberByMemberId (memberId를 통한 회원 정보 조회) */
               MEMBER_ID
             , USER_ID
             , USER_PASS
             , USER_NAME
             , USER_EMAIL
             , EMAIL_VERIFIED
             , USER_ROLE
             , USER_STATUS
             , PROFILE_IMAGE
             , CREATE_AT
             , UPDATE_AT
             , LAST_LOG_AT
          FROM MEMBER_INFO
        WHERE MEMBER_ID = 'MEMBER_20260427_001'
 {executed in 6 msec}
[2026-05-31 19:09:43.993] [INFO ] [clientInboundChannel-13] jdbc.sqltiming - INSERT INTO CHAT_MESSAGE( /* WebSocketMapper.insertChatMessage (채팅 저장) */
                    ROOM_ID
                  , SENDER_ID
                  , CONTENT
                  , SEND_TIME
                  , CHAT_TYPE
        )    VALUES(
                    'OPEN_CHAT'
                  , 'MEMBER_20260427_001'
                  , '관리자님이 입장하셨습니다.'
                  , 2026-05-31T19:09:43.958999
                  , 'ENTER'
               )
 {executed in 34 msec}
[2026-05-31 19:09:43.998] [INFO ] [clientInboundChannel-13] jdbc.sqltiming - getGeneratedKeys on query: INSERT INTO CHAT_MESSAGE( /* WebSocketMapper.insertChatMessage (채팅 저장) */
                    ROOM_ID
                  , SENDER_ID
                  , CONTENT
                  , SEND_TIME
                  , CHAT_TYPE
        )    VALUES(
                    'OPEN_CHAT'
                  , 'MEMBER_20260427_001'
                  , '관리자님이 입장하셨습니다.'
                  , 2026-05-31T19:09:43.958999
                  , 'ENTER'
               )
 {executed in 0 msec}
[2026-05-31 19:09:44.011] [INFO ] [clientInboundChannel-13] c.s.s.s.w.WebSocketServiceImpl - JSON Message to Redis: {"notiId":null,"senderName":"관리자","type":"ENTER","roomId":"OPEN_CHAT","senderId":"MEMBER_20260427_001","targetId":null,"content":"관리자님이 입장하셨습니다.","timestamp":"2026-05-31 19:09:43","targetUrl":null}
[2026-05-31 19:09:44.020] [INFO ] [redisContainer-1] c.s.s.s.redisConfig.RedisSubscriber - Redis Subscribe - Message Received: {"notiId":null,"senderName":"관리자","type":"ENTER","roomId":"OPEN_CHAT","senderId":"MEMBER_20260427_001","targetId":null,"content":"관리자님이 입장하셨습니다.","timestamp":"2026-05-31 19:09:43","targetUrl":null}
[2026-05-31 19:09:44.564] [INFO ] [http-nio-8080-exec-4] jdbc.sqltiming - SELECT /* MemberMapper.readMemberByMemberId (memberId를 통한 회원 정보 조회) */
               MEMBER_ID
             , USER_ID
             , USER_PASS
             , USER_NAME
             , USER_EMAIL
             , EMAIL_VERIFIED
             , USER_ROLE
             , USER_STATUS
             , PROFILE_IMAGE
             , CREATE_AT
             , UPDATE_AT
             , LAST_LOG_AT
          FROM MEMBER_INFO
        WHERE MEMBER_ID = 'MEMBER_20260427_001'
 {executed in 7 msec}
[2026-05-31 19:09:44.577] [INFO ] [http-nio-8080-exec-1] jdbc.sqltiming - SELECT /* MemberMapper.readMemberByMemberId (memberId를 통한 회원 정보 조회) */
               MEMBER_ID
             , USER_ID
             , USER_PASS
             , USER_NAME
             , USER_EMAIL
             , EMAIL_VERIFIED
             , USER_ROLE
             , USER_STATUS
             , PROFILE_IMAGE
             , CREATE_AT
             , UPDATE_AT
             , LAST_LOG_AT
          FROM MEMBER_INFO
        WHERE MEMBER_ID = 'MEMBER_20260427_001'
 {executed in 19 msec}
[2026-05-31 19:09:44.577] [INFO ] [http-nio-8080-exec-6] jdbc.sqltiming - SELECT /* MemberMapper.readMemberByMemberId (memberId를 통한 회원 정보 조회) */
               MEMBER_ID
             , USER_ID
             , USER_PASS
             , USER_NAME
             , USER_EMAIL
             , EMAIL_VERIFIED
             , USER_ROLE
             , USER_STATUS
             , PROFILE_IMAGE
             , CREATE_AT
             , UPDATE_AT
             , LAST_LOG_AT
          FROM MEMBER_INFO
        WHERE MEMBER_ID = 'MEMBER_20260427_001'
 {executed in 20 msec}
[2026-05-31 19:09:44.577] [INFO ] [http-nio-8080-exec-3] jdbc.sqltiming - SELECT /* MemberMapper.readMemberByMemberId (memberId를 통한 회원 정보 조회) */
               MEMBER_ID
             , USER_ID
             , USER_PASS
             , USER_NAME
             , USER_EMAIL
             , EMAIL_VERIFIED
             , USER_ROLE
             , USER_STATUS
             , PROFILE_IMAGE
             , CREATE_AT
             , UPDATE_AT
             , LAST_LOG_AT
          FROM MEMBER_INFO
        WHERE MEMBER_ID = 'MEMBER_20260427_001'
 {executed in 20 msec}
[2026-05-31 19:09:44.594] [INFO ] [http-nio-8080-exec-4] c.s.s.service.board.BoardServiceImpl - 인기 게시물 조회를 위해 DB에 접근한다. (캐시 미적용 시에만 출력)
[2026-05-31 19:09:44.601] [INFO ] [http-nio-8080-exec-4] jdbc.sqltiming - SELECT /* BoardMapper.getPopularBoards (최근 15일 인기 게시글 조회) */
               B.BOARD_ID
             , B.TITLE
             , B.VIEW_COUNT
             , B.LIKE_COUNT
             , B.CREATE_AT
             , M.USER_NAME
             , M.PROFILE_IMAGE
        FROM BOARD B
        LEFT JOIN MEMBER_INFO M ON B.MEMBER_ID = M.MEMBER_ID
        WHERE B.CREATE_AT >= DATE_SUB(NOW(), INTERVAL 15 DAY)
          AND B.DELETE_YN = 'N'
        ORDER BY B.LIKE_COUNT DESC, B.VIEW_COUNT DESC
        LIMIT 5
 {executed in 6 msec}
[2026-05-31 19:09:44.601] [INFO ] [http-nio-8080-exec-1] jdbc.sqltiming - SELECT /* BoardMapper.existBoardContent */
               COUNT(1)
          FROM BOARD
         WHERE BOARD_ID = 3
           AND DELETE_YN = 'N'
 {executed in 7 msec}
[2026-05-31 19:09:44.603] [INFO ] [http-nio-8080-exec-3] jdbc.sqltiming - SELECT /* commentMapper.getChildCommentCount (자식 대댓글 유무 확인)*/
               CM.COMMENT_ID
             , CM.BOARD_ID
             , CM.MEMBER_ID
             , CM.USER_ID
             , M.USER_NAME
             , CM.CONTENT
             , CM.PARENT_COMMENT_ID
             , CM.LIKE_COUNT
             , CM.CREATE_AT
             , CM.UPDATE_AT
             , CM.DELETE_YN
        FROM COMMENT_MANAGEMENT CM
                 LEFT JOIN MEMBER_INFO M ON CM.MEMBER_ID = M.MEMBER_ID
        WHERE CM.BOARD_ID = 3
          AND CM.DELETE_YN = 'N'
        ORDER BY CM.CREATE_AT ASC
 {executed in 5 msec}
[2026-05-31 19:09:44.621] [INFO ] [http-nio-8080-exec-1] jdbc.sqltiming - SELECT /* BoardMapper.getSearchBoard (게시판 글 단건조회 (사용자 정보 JOIN)) */
               B.BOARD_ID
             , B.TITLE
             , B.CONTENT
             , M.USER_ID
             , M.USER_NAME
             , B.MEMBER_ID
             , B.BOARD_CODE
             , B.CATEGORY_ID
             , B.VIEW_COUNT
             , B.LIKE_COUNT
             , M.PROFILE_IMAGE
             , B.CREATE_AT
             , B.UPDATE_AT
             , B.TAG_NAME
             , BS.SCRAP_ID /* 스크랩 고유 ID */
          FROM BOARD B
          LEFT JOIN MEMBER_INFO M ON B.MEMBER_ID = M.MEMBER_ID
          LEFT JOIN BOARD_SCRAP BS ON B.BOARD_ID = BS.BOARD_ID AND BS.MEMBER_ID = 'MEMBER_20260427_001'
         WHERE B.BOARD_ID = 3
           AND B.DELETE_YN = 'N'
 {executed in 12 msec}
[2026-05-31 19:09:44.621] [INFO ] [http-nio-8080-exec-6] jdbc.sqltiming - SELECT /* BoardMapper.getBoardListWithPaging (페이징 처리된 게시판 목록 조회 (지연 조인 최적화 적용)) */
               B.BOARD_ID
             , B.TITLE
             , B.CONTENT
             , M.USER_ID
             , M.USER_NAME
             , B.MEMBER_ID
             , B.BOARD_CODE
             , B.CATEGORY_ID
             , B.VIEW_COUNT
             , B.LIKE_COUNT
             ,(SELECT COUNT(*)
                 FROM COMMENT_MANAGEMENT CM
                 WHERE CM.BOARD_ID = B.BOARD_ID
                   AND CM.DELETE_YN = 'N') AS commentCount /* 댓글 작성 수 */
             , M.PROFILE_IMAGE
             , B.CREATE_AT
             , B.UPDATE_AT
             , B.TAG_NAME
          FROM BOARD B
    INNER JOIN ( /* 인덱스만 사용하여 필요한 ID들만 빠르게 추출 */
                SELECT BOARD_ID
                  FROM BOARD
             WHERE DELETE_YN = 'N' 
            ORDER BY CREATE_AT DESC
            LIMIT 20 OFFSET 0
        ) AS temp ON B.BOARD_ID = temp.BOARD_ID
        LEFT JOIN MEMBER_INFO M ON B.MEMBER_ID = M.MEMBER_ID
        ORDER BY B.CREATE_AT DESC
 {executed in 10 msec}
[2026-05-31 19:09:44.633] [INFO ] [http-nio-8080-exec-1] jdbc.sqltiming - SELECT /* BoardMapper.getBoardFileList (게시글에 첨부된 파일 리스트 조회) */
               FILE_ID
             , BOARD_ID
             , ORIGIN_NAME
             , SAVE_NAME
             , FILE_PATH
             , FILE_SIZE
             , CREATE_AT
          FROM BOARD_FILE
         WHERE BOARD_ID = 3
 {executed in 5 msec}
[2026-05-31 19:09:44.638] [INFO ] [http-nio-8080-exec-1] jdbc.sqltiming - SELECT COUNT(*)
        FROM BOARD_LIKE
        WHERE BOARD_ID = 3 AND MEMBER_ID = 'MEMBER_20260427_001'
 {executed in 5 msec}
[2026-05-31 19:09:44.640] [INFO ] [http-nio-8080-exec-6] jdbc.sqltiming - SELECT /* BoardMapper.getgetBoardTotalCount (게시글 총 개수 조회) */
               COUNT(*)
          FROM BOARD
         WHERE DELETE_YN = 'N'
 {executed in 3 msec}
[2026-05-31 19:09:44.641] [INFO ] [http-nio-8080-exec-1] jdbc.sqltiming - SELECT /* BoardMapper.checkBoardScrap (페이지 스크랩 여부  확인) */
               COUNT(*)
          FROM BOARD_SCRAP
         WHERE BOARD_ID = 3
           AND MEMBER_ID = 'MEMBER_20260427_001'
 {executed in 3 msec}
[2026-05-31 19:09:48.607] [INFO ] [http-nio-8080-exec-5] jdbc.sqltiming - SELECT /* MemberMapper.readMemberByMemberId (memberId를 통한 회원 정보 조회) */
               MEMBER_ID
             , USER_ID
             , USER_PASS
             , USER_NAME
             , USER_EMAIL
             , EMAIL_VERIFIED
             , USER_ROLE
             , USER_STATUS
             , PROFILE_IMAGE
             , CREATE_AT
             , UPDATE_AT
             , LAST_LOG_AT
          FROM MEMBER_INFO
        WHERE MEMBER_ID = 'MEMBER_20260427_001'
 {executed in 9 msec}
[2026-05-31 19:09:48.607] [INFO ] [http-nio-8080-exec-7] jdbc.sqltiming - SELECT /* MemberMapper.readMemberByMemberId (memberId를 통한 회원 정보 조회) */
               MEMBER_ID
             , USER_ID
             , USER_PASS
             , USER_NAME
             , USER_EMAIL
             , EMAIL_VERIFIED
             , USER_ROLE
             , USER_STATUS
             , PROFILE_IMAGE
             , CREATE_AT
             , UPDATE_AT
             , LAST_LOG_AT
          FROM MEMBER_INFO
        WHERE MEMBER_ID = 'MEMBER_20260427_001'
 {executed in 9 msec}
[2026-05-31 19:09:48.607] [INFO ] [http-nio-8080-exec-8] jdbc.sqltiming - SELECT /* MemberMapper.readMemberByMemberId (memberId를 통한 회원 정보 조회) */
               MEMBER_ID
             , USER_ID
             , USER_PASS
             , USER_NAME
             , USER_EMAIL
             , EMAIL_VERIFIED
             , USER_ROLE
             , USER_STATUS
             , PROFILE_IMAGE
             , CREATE_AT
             , UPDATE_AT
             , LAST_LOG_AT
          FROM MEMBER_INFO
        WHERE MEMBER_ID = 'MEMBER_20260427_001'
 {executed in 9 msec}
[2026-05-31 19:09:48.641] [INFO ] [http-nio-8080-exec-8] jdbc.sqltiming - SELECT /* BoardMapper.getBoardListWithPaging (페이징 처리된 게시판 목록 조회 (지연 조인 최적화 적용)) */
               B.BOARD_ID
             , B.TITLE
             , B.CONTENT
             , M.USER_ID
             , M.USER_NAME
             , B.MEMBER_ID
             , B.BOARD_CODE
             , B.CATEGORY_ID
             , B.VIEW_COUNT
             , B.LIKE_COUNT
             ,(SELECT COUNT(*)
                 FROM COMMENT_MANAGEMENT CM
                 WHERE CM.BOARD_ID = B.BOARD_ID
                   AND CM.DELETE_YN = 'N') AS commentCount /* 댓글 작성 수 */
             , M.PROFILE_IMAGE
             , B.CREATE_AT
             , B.UPDATE_AT
             , B.TAG_NAME
          FROM BOARD B
    INNER JOIN ( /* 인덱스만 사용하여 필요한 ID들만 빠르게 추출 */
                SELECT BOARD_ID
                  FROM BOARD
             WHERE DELETE_YN = 'N' 
            ORDER BY CREATE_AT DESC
            LIMIT 30 OFFSET 0
        ) AS temp ON B.BOARD_ID = temp.BOARD_ID
        LEFT JOIN MEMBER_INFO M ON B.MEMBER_ID = M.MEMBER_ID
        ORDER BY B.CREATE_AT DESC
 {executed in 7 msec}
[2026-05-31 19:09:48.641] [INFO ] [http-nio-8080-exec-7] jdbc.sqltiming - SELECT /* BoardMapper.getBoardListWithPaging (페이징 처리된 게시판 목록 조회 (지연 조인 최적화 적용)) */
               B.BOARD_ID
             , B.TITLE
             , B.CONTENT
             , M.USER_ID
             , M.USER_NAME
             , B.MEMBER_ID
             , B.BOARD_CODE
             , B.CATEGORY_ID
             , B.VIEW_COUNT
             , B.LIKE_COUNT
             ,(SELECT COUNT(*)
                 FROM COMMENT_MANAGEMENT CM
                 WHERE CM.BOARD_ID = B.BOARD_ID
                   AND CM.DELETE_YN = 'N') AS commentCount /* 댓글 작성 수 */
             , M.PROFILE_IMAGE
             , B.CREATE_AT
             , B.UPDATE_AT
             , B.TAG_NAME
          FROM BOARD B
    INNER JOIN ( /* 인덱스만 사용하여 필요한 ID들만 빠르게 추출 */
                SELECT BOARD_ID
                  FROM BOARD
             WHERE DELETE_YN = 'N'

                    AND BOARD_CODE = 'B_SQLD_01' 
            ORDER BY CREATE_AT DESC
            LIMIT 10 OFFSET 0
        ) AS temp ON B.BOARD_ID = temp.BOARD_ID
        LEFT JOIN MEMBER_INFO M ON B.MEMBER_ID = M.MEMBER_ID
        ORDER BY B.CREATE_AT DESC
 {executed in 7 msec}
[2026-05-31 19:09:48.656] [INFO ] [http-nio-8080-exec-7] jdbc.sqltiming - SELECT /* BoardMapper.getgetBoardTotalCount (게시글 총 개수 조회) */
               COUNT(*)
          FROM BOARD
         WHERE DELETE_YN = 'N'

                AND BOARD_CODE = 'B_SQLD_01'
 {executed in 3 msec}
[2026-05-31 19:09:48.666] [INFO ] [http-nio-8080-exec-8] jdbc.sqltiming - SELECT /* BoardMapper.getgetBoardTotalCount (게시글 총 개수 조회) */
               COUNT(*)
          FROM BOARD
         WHERE DELETE_YN = 'N'
 {executed in 4 msec}
[2026-05-31 19:10:00.055] [INFO ] [MessageBroker-3] c.s.s.c.s.BoardViewCountScheduler - >>> Redis 조회수 DB 동기화 시작
[2026-05-31 19:10:00.073] [INFO ] [MessageBroker-3] c.s.s.c.s.BoardViewCountScheduler - >>> 동기화할 조회수 데이터가 없습니다.
[2026-05-31 19:10:23.655] [INFO ] [MessageBroker-6] o.s.w.s.c.WebSocketMessageBrokerStats - WebSocketSession[1 current WS(1)-HttpStream(0)-HttpPoll(0), 1 total, 0 closed abnormally (0 connect failure, 0 send limit, 0 transport error)], stompSubProtocol[processed CONNECT(1)-CONNECTED(1)-DISCONNECT(0)], stompBrokerRelay[null], inboundChannel[pool size = 15, active threads = 0, queued tasks = 0, completed tasks = 15], outboundChannel[pool size = 3, active threads = 0, queued tasks = 0, completed tasks = 3], sockJsScheduler[pool size = 8, active threads = 1, queued tasks = 6, completed tasks = 11]
[2026-05-31 19:11:47.708] [INFO ] [http-nio-8080-exec-2] jdbc.sqltiming - SELECT /* MemberMapper.readMemberByMemberId (memberId를 통한 회원 정보 조회) */
               MEMBER_ID
             , USER_ID
             , USER_PASS
             , USER_NAME
             , USER_EMAIL
             , EMAIL_VERIFIED
             , USER_ROLE
             , USER_STATUS
             , PROFILE_IMAGE
             , CREATE_AT
             , UPDATE_AT
             , LAST_LOG_AT
          FROM MEMBER_INFO
        WHERE MEMBER_ID = 'MEMBER_20260427_001'
 {executed in 8 msec}
[2026-05-31 19:11:47.708] [INFO ] [http-nio-8080-exec-10] jdbc.sqltiming - SELECT /* MemberMapper.readMemberByMemberId (memberId를 통한 회원 정보 조회) */
               MEMBER_ID
             , USER_ID
             , USER_PASS
             , USER_NAME
             , USER_EMAIL
             , EMAIL_VERIFIED
             , USER_ROLE
             , USER_STATUS
             , PROFILE_IMAGE
             , CREATE_AT
             , UPDATE_AT
             , LAST_LOG_AT
          FROM MEMBER_INFO
        WHERE MEMBER_ID = 'MEMBER_20260427_001'
 {executed in 8 msec}
[2026-05-31 19:11:47.708] [INFO ] [http-nio-8080-exec-9] jdbc.sqltiming - SELECT /* MemberMapper.readMemberByMemberId (memberId를 통한 회원 정보 조회) */
               MEMBER_ID
             , USER_ID
             , USER_PASS
             , USER_NAME
             , USER_EMAIL
             , EMAIL_VERIFIED
             , USER_ROLE
             , USER_STATUS
             , PROFILE_IMAGE
             , CREATE_AT
             , UPDATE_AT
             , LAST_LOG_AT
          FROM MEMBER_INFO
        WHERE MEMBER_ID = 'MEMBER_20260427_001'
 {executed in 7 msec}
[2026-05-31 19:11:47.719] [INFO ] [http-nio-8080-exec-9] c.s.s.service.board.BoardServiceImpl - 인기 게시물 조회를 위해 DB에 접근한다. (캐시 미적용 시에만 출력)
[2026-05-31 19:11:47.726] [INFO ] [http-nio-8080-exec-9] jdbc.sqltiming - SELECT /* BoardMapper.getPopularBoards (최근 15일 인기 게시글 조회) */
               B.BOARD_ID
             , B.TITLE
             , B.VIEW_COUNT
             , B.LIKE_COUNT
             , B.CREATE_AT
             , M.USER_NAME
             , M.PROFILE_IMAGE
        FROM BOARD B
        LEFT JOIN MEMBER_INFO M ON B.MEMBER_ID = M.MEMBER_ID
        WHERE B.CREATE_AT >= DATE_SUB(NOW(), INTERVAL 15 DAY)
          AND B.DELETE_YN = 'N'
        ORDER BY B.LIKE_COUNT DESC, B.VIEW_COUNT DESC
        LIMIT 5
 {executed in 6 msec}
[2026-05-31 19:11:47.726] [INFO ] [http-nio-8080-exec-10] jdbc.sqltiming - SELECT /* BoardMapper.getBoardListWithPaging (페이징 처리된 게시판 목록 조회 (지연 조인 최적화 적용)) */
               B.BOARD_ID
             , B.TITLE
             , B.CONTENT
             , M.USER_ID
             , M.USER_NAME
             , B.MEMBER_ID
             , B.BOARD_CODE
             , B.CATEGORY_ID
             , B.VIEW_COUNT
             , B.LIKE_COUNT
             ,(SELECT COUNT(*)
                 FROM COMMENT_MANAGEMENT CM
                 WHERE CM.BOARD_ID = B.BOARD_ID
                   AND CM.DELETE_YN = 'N') AS commentCount /* 댓글 작성 수 */
             , M.PROFILE_IMAGE
             , B.CREATE_AT
             , B.UPDATE_AT
             , B.TAG_NAME
          FROM BOARD B
    INNER JOIN ( /* 인덱스만 사용하여 필요한 ID들만 빠르게 추출 */
                SELECT BOARD_ID
                  FROM BOARD
             WHERE DELETE_YN = 'N'

                    AND BOARD_CODE = 'B_SQLD_01'

                    AND CATEGORY_ID = 'S001' 
            ORDER BY CREATE_AT DESC
            LIMIT 10 OFFSET 0
        ) AS temp ON B.BOARD_ID = temp.BOARD_ID
        LEFT JOIN MEMBER_INFO M ON B.MEMBER_ID = M.MEMBER_ID
        ORDER BY B.CREATE_AT DESC
 {executed in 6 msec}
[2026-05-31 19:11:47.726] [INFO ] [http-nio-8080-exec-2] jdbc.sqltiming - SELECT /* BoardMapper.getBoardListWithPaging (페이징 처리된 게시판 목록 조회 (지연 조인 최적화 적용)) */
               B.BOARD_ID
             , B.TITLE
             , B.CONTENT
             , M.USER_ID
             , M.USER_NAME
             , B.MEMBER_ID
             , B.BOARD_CODE
             , B.CATEGORY_ID
             , B.VIEW_COUNT
             , B.LIKE_COUNT
             ,(SELECT COUNT(*)
                 FROM COMMENT_MANAGEMENT CM
                 WHERE CM.BOARD_ID = B.BOARD_ID
                   AND CM.DELETE_YN = 'N') AS commentCount /* 댓글 작성 수 */
             , M.PROFILE_IMAGE
             , B.CREATE_AT
             , B.UPDATE_AT
             , B.TAG_NAME
          FROM BOARD B
    INNER JOIN ( /* 인덱스만 사용하여 필요한 ID들만 빠르게 추출 */
                SELECT BOARD_ID
                  FROM BOARD
             WHERE DELETE_YN = 'N' 
            ORDER BY CREATE_AT DESC
            LIMIT 30 OFFSET 0
        ) AS temp ON B.BOARD_ID = temp.BOARD_ID
        LEFT JOIN MEMBER_INFO M ON B.MEMBER_ID = M.MEMBER_ID
        ORDER BY B.CREATE_AT DESC
 {executed in 6 msec}
[2026-05-31 19:11:47.730] [INFO ] [http-nio-8080-exec-10] jdbc.sqltiming - SELECT /* BoardMapper.getgetBoardTotalCount (게시글 총 개수 조회) */
               COUNT(*)
          FROM BOARD
         WHERE DELETE_YN = 'N'

                AND BOARD_CODE = 'B_SQLD_01'

                AND CATEGORY_ID = 'S001'
 {executed in 3 msec}
[2026-05-31 19:11:47.747] [INFO ] [http-nio-8080-exec-2] jdbc.sqltiming - SELECT /* BoardMapper.getgetBoardTotalCount (게시글 총 개수 조회) */
               COUNT(*)
          FROM BOARD
         WHERE DELETE_YN = 'N'
 {executed in 4 msec}
[2026-05-31 19:11:49.153] [INFO ] [http-nio-8080-exec-1] jdbc.sqltiming - SELECT /* MemberMapper.readMemberByMemberId (memberId를 통한 회원 정보 조회) */
               MEMBER_ID
             , USER_ID
             , USER_PASS
             , USER_NAME
             , USER_EMAIL
             , EMAIL_VERIFIED
             , USER_ROLE
             , USER_STATUS
             , PROFILE_IMAGE
             , CREATE_AT
             , UPDATE_AT
             , LAST_LOG_AT
          FROM MEMBER_INFO
        WHERE MEMBER_ID = 'MEMBER_20260427_001'
 {executed in 6 msec}
[2026-05-31 19:11:49.153] [INFO ] [http-nio-8080-exec-3] jdbc.sqltiming - SELECT /* MemberMapper.readMemberByMemberId (memberId를 통한 회원 정보 조회) */
               MEMBER_ID
             , USER_ID
             , USER_PASS
             , USER_NAME
             , USER_EMAIL
             , EMAIL_VERIFIED
             , USER_ROLE
             , USER_STATUS
             , PROFILE_IMAGE
             , CREATE_AT
             , UPDATE_AT
             , LAST_LOG_AT
          FROM MEMBER_INFO
        WHERE MEMBER_ID = 'MEMBER_20260427_001'
 {executed in 6 msec}
[2026-05-31 19:11:49.153] [INFO ] [http-nio-8080-exec-4] jdbc.sqltiming - SELECT /* MemberMapper.readMemberByMemberId (memberId를 통한 회원 정보 조회) */
               MEMBER_ID
             , USER_ID
             , USER_PASS
             , USER_NAME
             , USER_EMAIL
             , EMAIL_VERIFIED
             , USER_ROLE
             , USER_STATUS
             , PROFILE_IMAGE
             , CREATE_AT
             , UPDATE_AT
             , LAST_LOG_AT
          FROM MEMBER_INFO
        WHERE MEMBER_ID = 'MEMBER_20260427_001'
 {executed in 6 msec}
[2026-05-31 19:11:49.172] [INFO ] [http-nio-8080-exec-1] jdbc.sqltiming - SELECT /* BoardMapper.getBoardListWithPaging (페이징 처리된 게시판 목록 조회 (지연 조인 최적화 적용)) */
               B.BOARD_ID
             , B.TITLE
             , B.CONTENT
             , M.USER_ID
             , M.USER_NAME
             , B.MEMBER_ID
             , B.BOARD_CODE
             , B.CATEGORY_ID
             , B.VIEW_COUNT
             , B.LIKE_COUNT
             ,(SELECT COUNT(*)
                 FROM COMMENT_MANAGEMENT CM
                 WHERE CM.BOARD_ID = B.BOARD_ID
                   AND CM.DELETE_YN = 'N') AS commentCount /* 댓글 작성 수 */
             , M.PROFILE_IMAGE
             , B.CREATE_AT
             , B.UPDATE_AT
             , B.TAG_NAME
          FROM BOARD B
    INNER JOIN ( /* 인덱스만 사용하여 필요한 ID들만 빠르게 추출 */
                SELECT BOARD_ID
                  FROM BOARD
             WHERE DELETE_YN = 'N' 
            ORDER BY CREATE_AT DESC
            LIMIT 30 OFFSET 0
        ) AS temp ON B.BOARD_ID = temp.BOARD_ID
        LEFT JOIN MEMBER_INFO M ON B.MEMBER_ID = M.MEMBER_ID
        ORDER BY B.CREATE_AT DESC
 {executed in 5 msec}
[2026-05-31 19:11:49.172] [INFO ] [http-nio-8080-exec-3] jdbc.sqltiming - SELECT /* BoardMapper.getBoardListWithPaging (페이징 처리된 게시판 목록 조회 (지연 조인 최적화 적용)) */
               B.BOARD_ID
             , B.TITLE
             , B.CONTENT
             , M.USER_ID
             , M.USER_NAME
             , B.MEMBER_ID
             , B.BOARD_CODE
             , B.CATEGORY_ID
             , B.VIEW_COUNT
             , B.LIKE_COUNT
             ,(SELECT COUNT(*)
                 FROM COMMENT_MANAGEMENT CM
                 WHERE CM.BOARD_ID = B.BOARD_ID
                   AND CM.DELETE_YN = 'N') AS commentCount /* 댓글 작성 수 */
             , M.PROFILE_IMAGE
             , B.CREATE_AT
             , B.UPDATE_AT
             , B.TAG_NAME
          FROM BOARD B
    INNER JOIN ( /* 인덱스만 사용하여 필요한 ID들만 빠르게 추출 */
                SELECT BOARD_ID
                  FROM BOARD
             WHERE DELETE_YN = 'N'

                    AND BOARD_CODE = 'B_SQLD_01'

                    AND CATEGORY_ID = 'S002' 
            ORDER BY CREATE_AT DESC
            LIMIT 10 OFFSET 0
        ) AS temp ON B.BOARD_ID = temp.BOARD_ID
        LEFT JOIN MEMBER_INFO M ON B.MEMBER_ID = M.MEMBER_ID
        ORDER BY B.CREATE_AT DESC
 {executed in 6 msec}
[2026-05-31 19:11:49.187] [INFO ] [http-nio-8080-exec-3] jdbc.sqltiming - SELECT /* BoardMapper.getgetBoardTotalCount (게시글 총 개수 조회) */
               COUNT(*)
          FROM BOARD
         WHERE DELETE_YN = 'N'

                AND BOARD_CODE = 'B_SQLD_01'

                AND CATEGORY_ID = 'S002'
 {executed in 5 msec}
[2026-05-31 19:11:49.193] [INFO ] [http-nio-8080-exec-1] jdbc.sqltiming - SELECT /* BoardMapper.getgetBoardTotalCount (게시글 총 개수 조회) */
               COUNT(*)
          FROM BOARD
         WHERE DELETE_YN = 'N'
 {executed in 3 msec}
[2026-05-31 19:11:52.241] [INFO ] [http-nio-8080-exec-6] jdbc.sqltiming - SELECT /* MemberMapper.readMemberByMemberId (memberId를 통한 회원 정보 조회) */
               MEMBER_ID
             , USER_ID
             , USER_PASS
             , USER_NAME
             , USER_EMAIL
             , EMAIL_VERIFIED
             , USER_ROLE
             , USER_STATUS
             , PROFILE_IMAGE
             , CREATE_AT
             , UPDATE_AT
             , LAST_LOG_AT
          FROM MEMBER_INFO
        WHERE MEMBER_ID = 'MEMBER_20260427_001'
 {executed in 5 msec}
[2026-05-31 19:11:52.265] [INFO ] [http-nio-8080-exec-6] jdbc.sqltiming - SELECT /* Member.readMemberSimpleInfo (로그인 후, 회원 간편 정보 조회) */
               USER_ID                                  /* 사용자 아이디 */
             , USER_NAME                                /* 사용자 명    */
             , USER_EMAIL                               /* 사용자 이메일 */
             , USER_ROLE                                /* 사용자 권한  */
             , PROFILE_IMAGE                            /* 사용자 프로필  */
             , (SELECT COUNT(*)
                  FROM BOARD B
                 WHERE B.MEMBER_ID = M.MEMBER_ID
                   AND DELETE_YN='N') AS postCount      /* 게시글 수 */
             , (SELECT COUNT(*)
                  FROM COMMENT_MANAGEMENT CM
                 WHERE CM.MEMBER_ID = M.MEMBER_ID
                   AND DELETE_YN = 'N') AS commentCount /* 댓글 작성 수 */
             , LAST_LOG_AT  /* 최근 접속 시간 */
        FROM MEMBER_INFO M
        WHERE MEMBER_ID = 'MEMBER_20260427_001'
 {executed in 6 msec}
[2026-05-31 19:11:53.274] [INFO ] [http-nio-8080-exec-5] jdbc.sqltiming - SELECT /* MemberMapper.readMemberByMemberId (memberId를 통한 회원 정보 조회) */
               MEMBER_ID
             , USER_ID
             , USER_PASS
             , USER_NAME
             , USER_EMAIL
             , EMAIL_VERIFIED
             , USER_ROLE
             , USER_STATUS
             , PROFILE_IMAGE
             , CREATE_AT
             , UPDATE_AT
             , LAST_LOG_AT
          FROM MEMBER_INFO
        WHERE MEMBER_ID = 'MEMBER_20260427_001'
 {executed in 13 msec}
[2026-05-31 19:11:53.315] [INFO ] [http-nio-8080-exec-5] jdbc.sqltiming - SELECT /* BoardMapper.searchScrapMyPage (스크랩된 마이 페이지 조회) */
               B.BOARD_ID
             , B.TITLE
             , B.CONTENT
             , B.MEMBER_ID
             , B.BOARD_CODE
             , B.CATEGORY_ID
             , B.VIEW_COUNT
             , B.LIKE_COUNT
             , B.CREATE_AT
             , B.UPDATE_AT
             , B.TAG_NAME
             , BS.SCRAP_ID /* 스크랩 고유 ID */
             , (SELECT COUNT(*)
                  FROM COMMENT_MANAGEMENT CM
                 WHERE CM.BOARD_ID = B.BOARD_ID
                   AND CM.DELETE_YN = 'N') AS commentCount /* 댓글 작성 수 */
          FROM BOARD B
    INNER JOIN BOARD_SCRAP BS ON B.BOARD_ID = BS.BOARD_ID
         WHERE BS.MEMBER_ID = 'MEMBER_20260427_001'
           AND B.DELETE_YN = 'N'
        /* 검색 키워드가 있을 때만 검색 조건 추가 searchScrapMyPage */

        ORDER BY BS.SCRAP_ID DESC
        LIMIT 10 OFFSET 0 /* 페이징 처리 추가 */
 {executed in 6 msec}
[2026-05-31 19:11:53.324] [INFO ] [http-nio-8080-exec-5] jdbc.sqltiming - SELECT /* BoardMapper.getSearchScrapTotalCount 스크랩 페이지 총개수 조회*/
               COUNT(*)
          FROM BOARD_SCRAP BS
    INNER JOIN BOARD B ON BS.BOARD_ID = B.BOARD_ID
         WHERE BS.MEMBER_ID = 'MEMBER_20260427_001'
           AND B.DELETE_YN = 'N'
 {executed in 5 msec}
[2026-05-31 19:11:54.203] [INFO ] [http-nio-8080-exec-7] jdbc.sqltiming - SELECT /* MemberMapper.readMemberByMemberId (memberId를 통한 회원 정보 조회) */
               MEMBER_ID
             , USER_ID
             , USER_PASS
             , USER_NAME
             , USER_EMAIL
             , EMAIL_VERIFIED
             , USER_ROLE
             , USER_STATUS
             , PROFILE_IMAGE
             , CREATE_AT
             , UPDATE_AT
             , LAST_LOG_AT
          FROM MEMBER_INFO
        WHERE MEMBER_ID = 'MEMBER_20260427_001'
 {executed in 5 msec}
[2026-05-31 19:11:54.219] [INFO ] [http-nio-8080-exec-7] jdbc.sqltiming - SELECT /* Member.readMemberSimpleInfo (로그인 후, 회원 간편 정보 조회) */
               USER_ID                                  /* 사용자 아이디 */
             , USER_NAME                                /* 사용자 명    */
             , USER_EMAIL                               /* 사용자 이메일 */
             , USER_ROLE                                /* 사용자 권한  */
             , PROFILE_IMAGE                            /* 사용자 프로필  */
             , (SELECT COUNT(*)
                  FROM BOARD B
                 WHERE B.MEMBER_ID = M.MEMBER_ID
                   AND DELETE_YN='N') AS postCount      /* 게시글 수 */
             , (SELECT COUNT(*)
                  FROM COMMENT_MANAGEMENT CM
                 WHERE CM.MEMBER_ID = M.MEMBER_ID
                   AND DELETE_YN = 'N') AS commentCount /* 댓글 작성 수 */
             , LAST_LOG_AT  /* 최근 접속 시간 */
        FROM MEMBER_INFO M
        WHERE MEMBER_ID = 'MEMBER_20260427_001'
 {executed in 5 msec}
[2026-05-31 19:11:55.178] [INFO ] [http-nio-8080-exec-8] jdbc.sqltiming - SELECT /* MemberMapper.readMemberByMemberId (memberId를 통한 회원 정보 조회) */
               MEMBER_ID
             , USER_ID
             , USER_PASS
             , USER_NAME
             , USER_EMAIL
             , EMAIL_VERIFIED
             , USER_ROLE
             , USER_STATUS
             , PROFILE_IMAGE
             , CREATE_AT
             , UPDATE_AT
             , LAST_LOG_AT
          FROM MEMBER_INFO
        WHERE MEMBER_ID = 'MEMBER_20260427_001'
 {executed in 4 msec}
[2026-05-31 19:11:55.193] [INFO ] [http-nio-8080-exec-8] jdbc.sqltiming - SELECT /* BoardMapper.getBoardListWithPaging (페이징 처리된 게시판 목록 조회 (지연 조인 최적화 적용)) */
               B.BOARD_ID
             , B.TITLE
             , B.CONTENT
             , M.USER_ID
             , M.USER_NAME
             , B.MEMBER_ID
             , B.BOARD_CODE
             , B.CATEGORY_ID
             , B.VIEW_COUNT
             , B.LIKE_COUNT
             ,(SELECT COUNT(*)
                 FROM COMMENT_MANAGEMENT CM
                 WHERE CM.BOARD_ID = B.BOARD_ID
                   AND CM.DELETE_YN = 'N') AS commentCount /* 댓글 작성 수 */
             , M.PROFILE_IMAGE
             , B.CREATE_AT
             , B.UPDATE_AT
             , B.TAG_NAME
          FROM BOARD B
    INNER JOIN ( /* 인덱스만 사용하여 필요한 ID들만 빠르게 추출 */
                SELECT BOARD_ID
                  FROM BOARD
             WHERE DELETE_YN = 'N'

                    AND MEMBER_ID = 'MEMBER_20260427_001' 
            ORDER BY CREATE_AT DESC
            LIMIT 10 OFFSET 0
        ) AS temp ON B.BOARD_ID = temp.BOARD_ID
        LEFT JOIN MEMBER_INFO M ON B.MEMBER_ID = M.MEMBER_ID
        ORDER BY B.CREATE_AT DESC
 {executed in 6 msec}
[2026-05-31 19:11:55.209] [INFO ] [http-nio-8080-exec-8] jdbc.sqltiming - SELECT /* BoardMapper.getgetBoardTotalCount (게시글 총 개수 조회) */
               COUNT(*)
          FROM BOARD
         WHERE DELETE_YN = 'N'

                AND MEMBER_ID = 'MEMBER_20260427_001'
 {executed in 4 msec}
[2026-05-31 19:15:00.015] [INFO ] [MessageBroker-3] c.s.s.c.s.BoardViewCountScheduler - >>> Redis 조회수 DB 동기화 시작
[2026-05-31 19:15:00.026] [INFO ] [MessageBroker-3] c.s.s.c.s.BoardViewCountScheduler - >>> 동기화할 조회수 데이터가 없습니다.
[2026-05-31 19:20:00.063] [INFO ] [MessageBroker-7] c.s.s.c.s.BoardViewCountScheduler - >>> Redis 조회수 DB 동기화 시작
[2026-05-31 19:20:00.145] [INFO ] [MessageBroker-7] c.s.s.c.s.BoardViewCountScheduler - >>> 동기화할 조회수 데이터가 없습니다.
[2026-05-31 19:21:32.830] [INFO ] [http-nio-8080-exec-10] c.s.s.s.w.WebSocketServiceImpl - [Presence] User 관리자 left room OPEN_CHAT
[2026-05-31 19:21:32.950] [INFO ] [http-nio-8080-exec-10] c.s.s.c.w.WebSocketEventListener - [Presence] Room OPEN_CHAT  updated. Count: 0
[2026-05-31 19:21:33.032] [INFO ] [redisContainer-2] c.s.s.s.redisConfig.RedisSubscriber - Redis Subscribe - Message Received: {"notiId":null,"senderName":"관리자","type":"QUIT","roomId":"OPEN_CHAT","senderId":"MEMBER_20260427_001","targetId":null,"content":"관리자님이 퇴장하셨습니다.","timestamp":"2026-05-31 19:21:32","targetUrl":null}
[2026-05-31 19:21:33.995] [INFO ] [http-nio-8080-exec-4] jdbc.sqltiming - SELECT /* MemberMapper.readMemberByMemberId (memberId를 통한 회원 정보 조회) */
               MEMBER_ID
             , USER_ID
             , USER_PASS
             , USER_NAME
             , USER_EMAIL
             , EMAIL_VERIFIED
             , USER_ROLE
             , USER_STATUS
             , PROFILE_IMAGE
             , CREATE_AT
             , UPDATE_AT
             , LAST_LOG_AT
          FROM MEMBER_INFO
        WHERE MEMBER_ID = 'MEMBER_20260427_001'
 {executed in 16 msec}
[2026-05-31 19:21:33.996] [INFO ] [http-nio-8080-exec-3] jdbc.sqltiming - SELECT /* MemberMapper.readMemberByMemberId (memberId를 통한 회원 정보 조회) */
               MEMBER_ID
             , USER_ID
             , USER_PASS
             , USER_NAME
             , USER_EMAIL
             , EMAIL_VERIFIED
             , USER_ROLE
             , USER_STATUS
             , PROFILE_IMAGE
             , CREATE_AT
             , UPDATE_AT
             , LAST_LOG_AT
          FROM MEMBER_INFO
        WHERE MEMBER_ID = 'MEMBER_20260427_001'
 {executed in 16 msec}
[2026-05-31 19:21:33.995] [INFO ] [http-nio-8080-exec-9] jdbc.sqltiming - SELECT /* MemberMapper.readMemberByMemberId (memberId를 통한 회원 정보 조회) */
               MEMBER_ID
             , USER_ID
             , USER_PASS
             , USER_NAME
             , USER_EMAIL
             , EMAIL_VERIFIED
             , USER_ROLE
             , USER_STATUS
             , PROFILE_IMAGE
             , CREATE_AT
             , UPDATE_AT
             , LAST_LOG_AT
          FROM MEMBER_INFO
        WHERE MEMBER_ID = 'MEMBER_20260427_001'
 {executed in 16 msec}
[2026-05-31 19:21:34.012] [INFO ] [http-nio-8080-exec-5] jdbc.sqltiming - SELECT /* MemberMapper.readMemberByMemberId (memberId를 통한 회원 정보 조회) */
               MEMBER_ID
             , USER_ID
             , USER_PASS
             , USER_NAME
             , USER_EMAIL
             , EMAIL_VERIFIED
             , USER_ROLE
             , USER_STATUS
             , PROFILE_IMAGE
             , CREATE_AT
             , UPDATE_AT
             , LAST_LOG_AT
          FROM MEMBER_INFO
        WHERE MEMBER_ID = 'MEMBER_20260427_001'
 {executed in 6 msec}
[2026-05-31 19:21:34.019] [INFO ] [http-nio-8080-exec-4] jdbc.sqltiming - SELECT  /* BoardMapper.getBoardList (게시판 목록 전체를 조회하는 쿼리 (사용자 정보 JOIN))*/
               B.BOARD_ID
             , B.TITLE
             , B.CONTENT
             , M.USER_ID
             , M.USER_NAME
             , B.MEMBER_ID
             , B.BOARD_CODE
             , B.CATEGORY_ID
             , B.VIEW_COUNT
             , B.LIKE_COUNT
             ,(SELECT COUNT(*)
                 FROM COMMENT_MANAGEMENT CM
                WHERE CM.BOARD_ID = B.BOARD_ID
                  AND CM.DELETE_YN = 'N') AS commentCount /* 댓글 작성 수 */
             , M.PROFILE_IMAGE
             , B.CREATE_AT
             , B.UPDATE_AT
             , B.TAG_NAME
        FROM
            BOARD B
        LEFT JOIN MEMBER_INFO M ON B.MEMBER_ID = M.MEMBER_ID
        WHERE B.DELETE_YN = 'N'
        ORDER BY
            B.CREATE_AT DESC
 {executed in 8 msec}
[2026-05-31 19:21:34.020] [INFO ] [http-nio-8080-exec-9] jdbc.sqltiming - SELECT  /* BoardMasterMapper.getBoardConfig 특정 게시판의 설정(이름, 카테고리 그룹, 기능 여부) 전체 리스트 조회 */
               BM.BOARD_CODE
             , BM.BOARD_NAME
             , BM.GROUP_CODE
             , BM.USE_YN
             , BM.FILE_YN
             , BM.REPLY_YN
             , BM.TAG_YN
             , CCG.SORT_ORDER
             , BM.CREATE_AT
             , BM.UPDATE_AT
          FROM BOARD_MASTER BM
          JOIN COMMON_CODE_GROUP CCG ON BM.GROUP_CODE = CCG.GROUP_CODE
         ORDER BY CCG.SORT_ORDER ASC, BM.BOARD_CODE ASC /* 그룹 순서대로 정렬 */
 {executed in 4 msec}
[2026-05-31 19:21:34.038] [INFO ] [http-nio-8080-exec-9] jdbc.sqltiming - SELECT /*  boardMapper.getCategoryListByBoardCode 특정 게시판(boardCode)에 소속된 카테고리 목록 조회 */
               CCD.CODE_ID AS categoryId
             , CCD.CODE_NAME AS categoryName
          FROM BOARD_MASTER BM
    INNER JOIN COMMON_CODE_DETAIL CCD
            ON BM.GROUP_CODE = CCD.GROUP_CODE
         WHERE BM.BOARD_CODE = 'B_NOTICE_01'
           AND BM.USE_YN = 'Y'
      ORDER BY CCD.SORT_ORDER ASC
 {executed in 9 msec}
[2026-05-31 19:21:34.044] [INFO ] [http-nio-8080-exec-7] c.s.s.s.w.WebSocketServiceImpl - [Presence] User 관리자 joined room OPEN_CHAT
[2026-05-31 19:21:34.045] [INFO ] [http-nio-8080-exec-3] jdbc.sqltiming - SELECT /* WebSocketMapper.searchNotification */
               NOTI_ID
             , RECEIVER_ID
             , SENDER_ID
             , NOTI_TYPE
             , MESSAGE
             , IS_READ
             , CREATE_AT
             , TARGET_URL
        FROM NOTIFICATION
        WHERE RECEIVER_ID = 'MEMBER_20260427_001'
          AND IS_READ = 'N'
 {executed in 9 msec}
[2026-05-31 19:21:34.046] [INFO ] [http-nio-8080-exec-9] jdbc.sqltiming - SELECT /*  boardMapper.getCategoryListByBoardCode 특정 게시판(boardCode)에 소속된 카테고리 목록 조회 */
               CCD.CODE_ID AS categoryId
             , CCD.CODE_NAME AS categoryName
          FROM BOARD_MASTER BM
    INNER JOIN COMMON_CODE_DETAIL CCD
            ON BM.GROUP_CODE = CCD.GROUP_CODE
         WHERE BM.BOARD_CODE = 'B_SQLD_01'
           AND BM.USE_YN = 'Y'
      ORDER BY CCD.SORT_ORDER ASC
 {executed in 6 msec}
[2026-05-31 19:21:34.053] [INFO ] [http-nio-8080-exec-9] jdbc.sqltiming - SELECT /*  boardMapper.getCategoryListByBoardCode 특정 게시판(boardCode)에 소속된 카테고리 목록 조회 */
               CCD.CODE_ID AS categoryId
             , CCD.CODE_NAME AS categoryName
          FROM BOARD_MASTER BM
    INNER JOIN COMMON_CODE_DETAIL CCD
            ON BM.GROUP_CODE = CCD.GROUP_CODE
         WHERE BM.BOARD_CODE = 'B_GREETING_01'
           AND BM.USE_YN = 'Y'
      ORDER BY CCD.SORT_ORDER ASC
 {executed in 5 msec}
[2026-05-31 19:21:34.059] [INFO ] [http-nio-8080-exec-7] c.s.s.c.w.WebSocketEventListener - [Presence] User 관리자 joined room OPEN_CHAT
[2026-05-31 19:21:34.060] [INFO ] [http-nio-8080-exec-9] jdbc.sqltiming - SELECT /*  boardMapper.getCategoryListByBoardCode 특정 게시판(boardCode)에 소속된 카테고리 목록 조회 */
               CCD.CODE_ID AS categoryId
             , CCD.CODE_NAME AS categoryName
          FROM BOARD_MASTER BM
    INNER JOIN COMMON_CODE_DETAIL CCD
            ON BM.GROUP_CODE = CCD.GROUP_CODE
         WHERE BM.BOARD_CODE = 'B_G_Q&A_002'
           AND BM.USE_YN = 'Y'
      ORDER BY CCD.SORT_ORDER ASC
 {executed in 5 msec}
[2026-05-31 19:21:34.104] [INFO ] [http-nio-8080-exec-7] c.s.s.c.w.WebSocketEventListener - [Presence] Room OPEN_CHAT  updated. Count: 1
[2026-05-31 19:21:34.153] [INFO ] [http-nio-8080-exec-7] c.s.s.c.w.WebSocketEventListener - [Presence] Room OPEN_CHAT  updated. Count: 1
[2026-05-31 19:21:35.227] [INFO ] [clientInboundChannel-31] jdbc.sqltiming - SELECT /* MemberMapper.readMemberByMemberId (memberId를 통한 회원 정보 조회) */
               MEMBER_ID
             , USER_ID
             , USER_PASS
             , USER_NAME
             , USER_EMAIL
             , EMAIL_VERIFIED
             , USER_ROLE
             , USER_STATUS
             , PROFILE_IMAGE
             , CREATE_AT
             , UPDATE_AT
             , LAST_LOG_AT
          FROM MEMBER_INFO
        WHERE MEMBER_ID = 'MEMBER_20260427_001'
 {executed in 6 msec}
[2026-05-31 19:21:35.239] [INFO ] [clientInboundChannel-31] jdbc.sqltiming - INSERT INTO CHAT_MESSAGE( /* WebSocketMapper.insertChatMessage (채팅 저장) */
                    ROOM_ID
                  , SENDER_ID
                  , CONTENT
                  , SEND_TIME
                  , CHAT_TYPE
        )    VALUES(
                    'OPEN_CHAT'
                  , 'MEMBER_20260427_001'
                  , '관리자님이 입장하셨습니다.'
                  , 2026-05-31T19:21:35.228469
                  , 'ENTER'
               )
 {executed in 9 msec}
[2026-05-31 19:21:35.243] [INFO ] [clientInboundChannel-31] jdbc.sqltiming - getGeneratedKeys on query: INSERT INTO CHAT_MESSAGE( /* WebSocketMapper.insertChatMessage (채팅 저장) */
                    ROOM_ID
                  , SENDER_ID
                  , CONTENT
                  , SEND_TIME
                  , CHAT_TYPE
        )    VALUES(
                    'OPEN_CHAT'
                  , 'MEMBER_20260427_001'
                  , '관리자님이 입장하셨습니다.'
                  , 2026-05-31T19:21:35.228469
                  , 'ENTER'
               )
 {executed in 1 msec}
[2026-05-31 19:21:35.244] [INFO ] [clientInboundChannel-31] c.s.s.s.w.WebSocketServiceImpl - JSON Message to Redis: {"notiId":null,"senderName":"관리자","type":"ENTER","roomId":"OPEN_CHAT","senderId":"MEMBER_20260427_001","targetId":null,"content":"관리자님이 입장하셨습니다.","timestamp":"2026-05-31 19:21:35","targetUrl":null}
[2026-05-31 19:21:35.251] [INFO ] [redisContainer-3] c.s.s.s.redisConfig.RedisSubscriber - Redis Subscribe - Message Received: {"notiId":null,"senderName":"관리자","type":"ENTER","roomId":"OPEN_CHAT","senderId":"MEMBER_20260427_001","targetId":null,"content":"관리자님이 입장하셨습니다.","timestamp":"2026-05-31 19:21:35","targetUrl":null}
[2026-05-31 19:21:36.678] [INFO ] [File Watcher] o.s.b.d.a.LocalDevToolsAutoConfiguration$RestartingClassPathChangeChangedEventListener - Restarting due to 1 class path change (0 additions, 0 deletions, 1 modification)
[2026-05-31 19:21:36.740] [INFO ] [Thread-5] o.s.b.w.e.tomcat.GracefulShutdown - Commencing graceful shutdown. Waiting for active requests to complete
[2026-05-31 19:21:36.747] [INFO ] [tomcat-shutdown] o.a.coyote.http11.Http11NioProtocol - Pausing ProtocolHandler ["http-nio-8080"]
[2026-05-31 19:21:36.749] [INFO ] [tomcat-shutdown] o.s.b.w.e.tomcat.GracefulShutdown - Graceful shutdown complete
[2026-05-31 19:21:36.750] [INFO ] [Thread-5] o.a.coyote.http11.Http11NioProtocol - Stopping ProtocolHandler ["http-nio-8080"]
[2026-05-31 19:21:36.774] [INFO ] [Thread-5] c.s.s.s.w.WebSocketServiceImpl - [Presence] User 관리자 left room OPEN_CHAT
[2026-05-31 19:21:36.821] [INFO ] [Thread-5] c.s.s.c.w.WebSocketEventListener - [Presence] Room OPEN_CHAT  updated. Count: 0
[2026-05-31 19:21:36.826] [INFO ] [Thread-5] o.s.m.s.b.SimpleBrokerMessageHandler - Stopping...
[2026-05-31 19:21:36.826] [INFO ] [Thread-5] o.s.m.s.b.SimpleBrokerMessageHandler - BrokerAvailabilityEvent[available=false, SimpleBrokerMessageHandler [org.springframework.messaging.simp.broker.DefaultSubscriptionRegistry@516fccde]]
[2026-05-31 19:21:36.826] [INFO ] [Thread-5] o.s.m.s.b.SimpleBrokerMessageHandler - Stopped.
[2026-05-31 19:21:36.882] [INFO ] [Thread-5] com.zaxxer.hikari.HikariDataSource - HikariPool-1 - Shutdown initiated...
[2026-05-31 19:21:36.886] [INFO ] [Thread-5] com.zaxxer.hikari.HikariDataSource - HikariPool-1 - Shutdown completed.
[2026-05-31 19:21:37.191] [INFO ] [restartedMain] com.sqld_board.sqld.SqldApplication - Starting SqldApplication using Java 17.0.11 with PID 87065 (/Users/minboklee/Downloads/sqld/build/classes/java/main started by minboklee in /Users/minboklee/Downloads/sqld)
[2026-05-31 19:21:37.191] [INFO ] [restartedMain] com.sqld_board.sqld.SqldApplication - The following 1 profile is active: "dev"
[2026-05-31 19:21:37.605] [INFO ] [restartedMain] o.s.d.r.c.RepositoryConfigurationDelegate - Multiple Spring Data modules found, entering strict repository configuration mode
[2026-05-31 19:21:37.605] [INFO ] [restartedMain] o.s.d.r.c.RepositoryConfigurationDelegate - Bootstrapping Spring Data Redis repositories in DEFAULT mode.
[2026-05-31 19:21:37.649] [INFO ] [restartedMain] o.s.d.r.c.RepositoryConfigurationDelegate - Finished Spring Data repository scanning in 39 ms. Found 0 Redis repository interfaces.
[2026-05-31 19:21:37.797] [INFO ] [restartedMain] c.u.j.c.EnableEncryptablePropertiesBeanFactoryPostProcessor - Post-processing PropertySource instances
[2026-05-31 19:21:37.797] [INFO ] [restartedMain] c.u.j.EncryptablePropertySourceConverter - Skipping PropertySource configurationProperties [class org.springframework.boot.context.properties.source.ConfigurationPropertySourcesPropertySource
[2026-05-31 19:21:37.797] [INFO ] [restartedMain] c.u.j.EncryptablePropertySourceConverter - Skipping PropertySource servletConfigInitParams [class org.springframework.core.env.PropertySource$StubPropertySource
[2026-05-31 19:21:37.797] [INFO ] [restartedMain] c.u.j.EncryptablePropertySourceConverter - Skipping PropertySource servletContextInitParams [class org.springframework.core.env.PropertySource$StubPropertySource
[2026-05-31 19:21:37.797] [INFO ] [restartedMain] c.u.j.EncryptablePropertySourceConverter - Converting PropertySource systemProperties [org.springframework.core.env.PropertiesPropertySource] to EncryptableMapPropertySourceWrapper
[2026-05-31 19:21:37.797] [INFO ] [restartedMain] c.u.j.EncryptablePropertySourceConverter - Converting PropertySource systemEnvironment [org.springframework.boot.env.SystemEnvironmentPropertySourceEnvironmentPostProcessor$OriginAwareSystemEnvironmentPropertySource] to EncryptableSystemEnvironmentPropertySourceWrapper
[2026-05-31 19:21:37.797] [INFO ] [restartedMain] c.u.j.EncryptablePropertySourceConverter - Converting PropertySource random [org.springframework.boot.env.RandomValuePropertySource] to EncryptablePropertySourceWrapper
[2026-05-31 19:21:37.798] [INFO ] [restartedMain] c.u.j.EncryptablePropertySourceConverter - Converting PropertySource Config resource 'class path resource [application-dev.yml]' via location 'optional:classpath:/' [org.springframework.boot.env.OriginTrackedMapPropertySource] to EncryptableMapPropertySourceWrapper
[2026-05-31 19:21:37.798] [INFO ] [restartedMain] c.u.j.EncryptablePropertySourceConverter - Converting PropertySource Config resource 'class path resource [application.yml]' via location 'optional:classpath:/' [org.springframework.boot.env.OriginTrackedMapPropertySource] to EncryptableMapPropertySourceWrapper
[2026-05-31 19:21:37.798] [INFO ] [restartedMain] c.u.j.EncryptablePropertySourceConverter - Converting PropertySource devtools [org.springframework.core.env.MapPropertySource] to EncryptableMapPropertySourceWrapper
[2026-05-31 19:21:37.798] [INFO ] [restartedMain] c.u.j.EncryptablePropertySourceConverter - Converting PropertySource applicationInfo [org.springframework.boot.ApplicationInfoPropertySource] to EncryptableMapPropertySourceWrapper
[2026-05-31 19:21:37.799] [INFO ] [restartedMain] c.u.j.f.DefaultLazyPropertyFilter - Property Filter custom Bean not found with name 'encryptablePropertyFilter'. Initializing Default Property Filter
[2026-05-31 19:21:37.800] [INFO ] [restartedMain] c.u.j.r.DefaultLazyPropertyResolver - Property Resolver custom Bean not found with name 'encryptablePropertyResolver'. Initializing Default Property Resolver
[2026-05-31 19:21:37.800] [INFO ] [restartedMain] c.u.j.d.DefaultLazyPropertyDetector - Property Detector custom Bean not found with name 'encryptablePropertyDetector'. Initializing Default Property Detector
[2026-05-31 19:21:37.871] [INFO ] [restartedMain] o.s.b.w.e.tomcat.TomcatWebServer - Tomcat initialized with port 8080 (http)
[2026-05-31 19:21:37.872] [INFO ] [restartedMain] o.a.coyote.http11.Http11NioProtocol - Initializing ProtocolHandler ["http-nio-8080"]
[2026-05-31 19:21:37.872] [INFO ] [restartedMain] o.a.catalina.core.StandardService - Starting service [Tomcat]
[2026-05-31 19:21:37.872] [INFO ] [restartedMain] o.a.catalina.core.StandardEngine - Starting Servlet engine: [Apache Tomcat/10.1.46]
[2026-05-31 19:21:37.877] [INFO ] [restartedMain] o.a.c.c.C.[Tomcat].[localhost].[/] - Initializing Spring embedded WebApplicationContext
[2026-05-31 19:21:37.877] [INFO ] [restartedMain] o.s.b.w.s.c.ServletWebServerApplicationContext - Root WebApplicationContext: initialization completed in 683 ms
[2026-05-31 19:21:37.886] [INFO ] [restartedMain] c.u.j.encryptor.DefaultLazyEncryptor - String Encryptor custom Bean not found with name 'jasyptStringEncryptor'. Initializing Default String Encryptor
[2026-05-31 19:21:37.887] [INFO ] [restartedMain] c.u.j.c.StringEncryptorBuilder - Encryptor config not found for property jasypt.encryptor.key-obtention-iterations, using default value: 1000
[2026-05-31 19:21:37.887] [INFO ] [restartedMain] c.u.j.c.StringEncryptorBuilder - Encryptor config not found for property jasypt.encryptor.pool-size, using default value: 1
[2026-05-31 19:21:37.887] [INFO ] [restartedMain] c.u.j.c.StringEncryptorBuilder - Encryptor config not found for property jasypt.encryptor.provider-name, using default value: null
[2026-05-31 19:21:37.887] [INFO ] [restartedMain] c.u.j.c.StringEncryptorBuilder - Encryptor config not found for property jasypt.encryptor.provider-class-name, using default value: null
[2026-05-31 19:21:37.887] [INFO ] [restartedMain] c.u.j.c.StringEncryptorBuilder - Encryptor config not found for property jasypt.encryptor.salt-generator-classname, using default value: org.jasypt.salt.RandomSaltGenerator
[2026-05-31 19:21:37.887] [INFO ] [restartedMain] c.u.j.c.StringEncryptorBuilder - Encryptor config not found for property jasypt.encryptor.string-output-type, using default value: base64
[2026-05-31 19:21:37.900] [INFO ] [restartedMain] o.a.c.loader.WebappClassLoaderBase - Illegal access: this web application instance has been stopped already. Could not load [mapper/]. The following stack trace is thrown for debugging purposes as well as to attempt to terminate the thread which caused the illegal access.
java.lang.IllegalStateException: Illegal access: this web application instance has been stopped already. Could not load [mapper/]. The following stack trace is thrown for debugging purposes as well as to attempt to terminate the thread which caused the illegal access.
	at org.apache.catalina.loader.WebappClassLoaderBase.checkStateForResourceLoading(WebappClassLoaderBase.java:1399)
	at org.apache.catalina.loader.WebappClassLoaderBase.getResource(WebappClassLoaderBase.java:987)
	at org.springframework.core.io.ClassPathResource.resolveURL(ClassPathResource.java:182)
	at org.springframework.core.io.ClassPathResource.getURL(ClassPathResource.java:228)
	at org.springframework.core.io.support.PathMatchingResourcePatternResolver.findPathMatchingResources(PathMatchingResourcePatternResolver.java:743)
	at org.springframework.core.io.support.PathMatchingResourcePatternResolver.getResources(PathMatchingResourcePatternResolver.java:394)
	at org.mybatis.spring.boot.autoconfigure.MybatisProperties.getResources(MybatisProperties.java:218)
	at org.mybatis.spring.boot.autoconfigure.MybatisProperties.lambda$resolveMapperLocations$0(MybatisProperties.java:213)
	at java.base/java.util.stream.ReferencePipeline$7$1.accept(ReferencePipeline.java:273)
	at java.base/java.util.Spliterators$ArraySpliterator.forEachRemaining(Spliterators.java:992)
	at java.base/java.util.stream.AbstractPipeline.copyInto(AbstractPipeline.java:509)
	at java.base/java.util.stream.AbstractPipeline.wrapAndCopyInto(AbstractPipeline.java:499)
	at java.base/java.util.stream.AbstractPipeline.evaluate(AbstractPipeline.java:575)
	at java.base/java.util.stream.AbstractPipeline.evaluateToArrayNode(AbstractPipeline.java:260)
	at java.base/java.util.stream.ReferencePipeline.toArray(ReferencePipeline.java:616)
	at org.mybatis.spring.boot.autoconfigure.MybatisProperties.resolveMapperLocations(MybatisProperties.java:213)
	at org.mybatis.spring.boot.autoconfigure.MybatisAutoConfiguration.sqlSessionFactory(MybatisAutoConfiguration.java:169)
	at java.base/jdk.internal.reflect.NativeMethodAccessorImpl.invoke0(Native Method)
	at java.base/jdk.internal.reflect.NativeMethodAccessorImpl.invoke(NativeMethodAccessorImpl.java:77)
	at java.base/jdk.internal.reflect.DelegatingMethodAccessorImpl.invoke(DelegatingMethodAccessorImpl.java:43)
	at java.base/java.lang.reflect.Method.invoke(Method.java:568)
	at org.springframework.beans.factory.support.SimpleInstantiationStrategy.lambda$instantiate$0(SimpleInstantiationStrategy.java:172)
	at org.springframework.beans.factory.support.SimpleInstantiationStrategy.instantiateWithFactoryMethod(SimpleInstantiationStrategy.java:89)
	at org.springframework.beans.factory.support.SimpleInstantiationStrategy.instantiate(SimpleInstantiationStrategy.java:169)
	at org.springframework.beans.factory.support.ConstructorResolver.instantiate(ConstructorResolver.java:653)
	at org.springframework.beans.factory.support.ConstructorResolver.instantiateUsingFactoryMethod(ConstructorResolver.java:645)
	at org.springframework.beans.factory.support.AbstractAutowireCapableBeanFactory.instantiateUsingFactoryMethod(AbstractAutowireCapableBeanFactory.java:1375)
	at org.springframework.beans.factory.support.AbstractAutowireCapableBeanFactory.createBeanInstance(AbstractAutowireCapableBeanFactory.java:1205)
	at org.springframework.beans.factory.support.AbstractAutowireCapableBeanFactory.doCreateBean(AbstractAutowireCapableBeanFactory.java:569)
	at org.springframework.beans.factory.support.AbstractAutowireCapableBeanFactory.createBean(AbstractAutowireCapableBeanFactory.java:529)
	at org.springframework.beans.factory.support.AbstractBeanFactory.lambda$doGetBean$0(AbstractBeanFactory.java:339)
	at org.springframework.beans.factory.support.DefaultSingletonBeanRegistry.getSingleton(DefaultSingletonBeanRegistry.java:373)
	at org.springframework.beans.factory.support.AbstractBeanFactory.doGetBean(AbstractBeanFactory.java:337)
	at org.springframework.beans.factory.support.AbstractBeanFactory.getBean(AbstractBeanFactory.java:202)
	at org.springframework.beans.factory.support.DefaultListableBeanFactory.doResolveDependency(DefaultListableBeanFactory.java:1698)
	at org.springframework.beans.factory.support.DefaultListableBeanFactory.resolveDependency(DefaultListableBeanFactory.java:1643)
	at org.springframework.beans.factory.support.ConstructorResolver.resolveAutowiredArgument(ConstructorResolver.java:913)
	at org.springframework.beans.factory.support.ConstructorResolver.createArgumentArray(ConstructorResolver.java:791)
	at org.springframework.beans.factory.support.ConstructorResolver.instantiateUsingFactoryMethod(ConstructorResolver.java:546)
	at org.springframework.beans.factory.support.AbstractAutowireCapableBeanFactory.instantiateUsingFactoryMethod(AbstractAutowireCapableBeanFactory.java:1375)
	at org.springframework.beans.factory.support.AbstractAutowireCapableBeanFactory.createBeanInstance(AbstractAutowireCapableBeanFactory.java:1205)
	at org.springframework.beans.factory.support.AbstractAutowireCapableBeanFactory.doCreateBean(AbstractAutowireCapableBeanFactory.java:569)
	at org.springframework.beans.factory.support.AbstractAutowireCapableBeanFactory.createBean(AbstractAutowireCapableBeanFactory.java:529)
	at org.springframework.beans.factory.support.AbstractBeanFactory.lambda$doGetBean$0(AbstractBeanFactory.java:339)
	at org.springframework.beans.factory.support.DefaultSingletonBeanRegistry.getSingleton(DefaultSingletonBeanRegistry.java:373)
	at org.springframework.beans.factory.support.AbstractBeanFactory.doGetBean(AbstractBeanFactory.java:337)
	at org.springframework.beans.factory.support.AbstractBeanFactory.getBean(AbstractBeanFactory.java:202)
	at org.springframework.beans.factory.support.BeanDefinitionValueResolver.resolveReference(BeanDefinitionValueResolver.java:365)
	at org.springframework.beans.factory.support.BeanDefinitionValueResolver.resolveValueIfNecessary(BeanDefinitionValueResolver.java:135)
	at org.springframework.beans.factory.support.AbstractAutowireCapableBeanFactory.applyPropertyValues(AbstractAutowireCapableBeanFactory.java:1725)
	at org.springframework.beans.factory.support.AbstractAutowireCapableBeanFactory.populateBean(AbstractAutowireCapableBeanFactory.java:1474)
	at org.springframework.beans.factory.support.AbstractAutowireCapableBeanFactory.doCreateBean(AbstractAutowireCapableBeanFactory.java:606)
	at org.springframework.beans.factory.support.AbstractAutowireCapableBeanFactory.createBean(AbstractAutowireCapableBeanFactory.java:529)
	at org.springframework.beans.factory.support.AbstractBeanFactory.lambda$doGetBean$0(AbstractBeanFactory.java:339)
	at org.springframework.beans.factory.support.DefaultSingletonBeanRegistry.getSingleton(DefaultSingletonBeanRegistry.java:373)
	at org.springframework.beans.factory.support.AbstractBeanFactory.doGetBean(AbstractBeanFactory.java:337)
	at org.springframework.beans.factory.support.AbstractBeanFactory.getBean(AbstractBeanFactory.java:202)
	at org.springframework.beans.factory.support.DefaultListableBeanFactory.doResolveDependency(DefaultListableBeanFactory.java:1698)
	at org.springframework.beans.factory.support.DefaultListableBeanFactory.resolveDependency(DefaultListableBeanFactory.java:1643)
	at org.springframework.beans.factory.support.ConstructorResolver.resolveAutowiredArgument(ConstructorResolver.java:913)
	at org.springframework.beans.factory.support.ConstructorResolver.createArgumentArray(ConstructorResolver.java:791)
	at org.springframework.beans.factory.support.ConstructorResolver.autowireConstructor(ConstructorResolver.java:240)
	at org.springframework.beans.factory.support.AbstractAutowireCapableBeanFactory.autowireConstructor(AbstractAutowireCapableBeanFactory.java:1395)
	at org.springframework.beans.factory.support.AbstractAutowireCapableBeanFactory.createBeanInstance(AbstractAutowireCapableBeanFactory.java:1232)
	at org.springframework.beans.factory.support.AbstractAutowireCapableBeanFactory.doCreateBean(AbstractAutowireCapableBeanFactory.java:569)
	at org.springframework.beans.factory.support.AbstractAutowireCapableBeanFactory.createBean(AbstractAutowireCapableBeanFactory.java:529)
	at org.springframework.beans.factory.support.AbstractBeanFactory.lambda$doGetBean$0(AbstractBeanFactory.java:339)
	at org.springframework.beans.factory.support.DefaultSingletonBeanRegistry.getSingleton(DefaultSingletonBeanRegistry.java:373)
	at org.springframework.beans.factory.support.AbstractBeanFactory.doGetBean(AbstractBeanFactory.java:337)
	at org.springframework.beans.factory.support.AbstractBeanFactory.getBean(AbstractBeanFactory.java:202)
	at org.springframework.beans.factory.support.DefaultListableBeanFactory.doResolveDependency(DefaultListableBeanFactory.java:1698)
	at org.springframework.beans.factory.support.DefaultListableBeanFactory.resolveDependency(DefaultListableBeanFactory.java:1643)
	at org.springframework.beans.factory.support.ConstructorResolver.resolveAutowiredArgument(ConstructorResolver.java:913)
	at org.springframework.beans.factory.support.ConstructorResolver.createArgumentArray(ConstructorResolver.java:791)
	at org.springframework.beans.factory.support.ConstructorResolver.autowireConstructor(ConstructorResolver.java:240)
	at org.springframework.beans.factory.support.AbstractAutowireCapableBeanFactory.autowireConstructor(AbstractAutowireCapableBeanFactory.java:1395)
	at org.springframework.beans.factory.support.AbstractAutowireCapableBeanFactory.createBeanInstance(AbstractAutowireCapableBeanFactory.java:1232)
	at org.springframework.beans.factory.support.AbstractAutowireCapableBeanFactory.doCreateBean(AbstractAutowireCapableBeanFactory.java:569)
	at org.springframework.beans.factory.support.AbstractAutowireCapableBeanFactory.createBean(AbstractAutowireCapableBeanFactory.java:529)
	at org.springframework.beans.factory.support.AbstractBeanFactory.lambda$doGetBean$0(AbstractBeanFactory.java:339)
	at org.springframework.beans.factory.support.DefaultSingletonBeanRegistry.getSingleton(DefaultSingletonBeanRegistry.java:373)
	at org.springframework.beans.factory.support.AbstractBeanFactory.doGetBean(AbstractBeanFactory.java:337)
	at org.springframework.beans.factory.support.AbstractBeanFactory.getBean(AbstractBeanFactory.java:207)
	at org.springframework.boot.web.servlet.ServletContextInitializerBeans.getOrderedBeansOfType(ServletContextInitializerBeans.java:230)
	at org.springframework.boot.web.servlet.ServletContextInitializerBeans.addAsRegistrationBean(ServletContextInitializerBeans.java:184)
	at org.springframework.boot.web.servlet.ServletContextInitializerBeans.addAsRegistrationBean(ServletContextInitializerBeans.java:179)
	at org.springframework.boot.web.servlet.ServletContextInitializerBeans.addAdaptableBeans(ServletContextInitializerBeans.java:164)
	at org.springframework.boot.web.servlet.ServletContextInitializerBeans.<init>(ServletContextInitializerBeans.java:96)
	at org.springframework.boot.web.servlet.context.ServletWebServerApplicationContext.getServletContextInitializerBeans(ServletWebServerApplicationContext.java:271)
	at org.springframework.boot.web.servlet.context.ServletWebServerApplicationContext.selfInitialize(ServletWebServerApplicationContext.java:245)
	at org.springframework.boot.web.embedded.tomcat.TomcatStarter.onStartup(TomcatStarter.java:52)
	at org.apache.catalina.core.StandardContext.startInternal(StandardContext.java:4464)
	at org.apache.catalina.util.LifecycleBase.start(LifecycleBase.java:164)
	at org.apache.catalina.core.ContainerBase$StartChild.call(ContainerBase.java:1203)
	at org.apache.catalina.core.ContainerBase$StartChild.call(ContainerBase.java:1193)
	at java.base/java.util.concurrent.FutureTask.run(FutureTask.java:264)
	at org.apache.tomcat.util.threads.InlineExecutorService.execute(InlineExecutorService.java:81)
	at java.base/java.util.concurrent.AbstractExecutorService.submit(AbstractExecutorService.java:145)
	at org.apache.catalina.core.ContainerBase.startInternal(ContainerBase.java:749)
	at org.apache.catalina.core.StandardHost.startInternal(StandardHost.java:773)
	at org.apache.catalina.util.LifecycleBase.start(LifecycleBase.java:164)
	at org.apache.catalina.core.ContainerBase$StartChild.call(ContainerBase.java:1203)
	at org.apache.catalina.core.ContainerBase$StartChild.call(ContainerBase.java:1193)
	at java.base/java.util.concurrent.FutureTask.run(FutureTask.java:264)
	at org.apache.tomcat.util.threads.InlineExecutorService.execute(InlineExecutorService.java:81)
	at java.base/java.util.concurrent.AbstractExecutorService.submit(AbstractExecutorService.java:145)
	at org.apache.catalina.core.ContainerBase.startInternal(ContainerBase.java:749)
	at org.apache.catalina.core.StandardEngine.startInternal(StandardEngine.java:203)
	at org.apache.catalina.util.LifecycleBase.start(LifecycleBase.java:164)
	at org.apache.catalina.core.StandardService.startInternal(StandardService.java:412)
	at org.apache.catalina.util.LifecycleBase.start(LifecycleBase.java:164)
	at org.apache.catalina.core.StandardServer.startInternal(StandardServer.java:870)
	at org.apache.catalina.util.LifecycleBase.start(LifecycleBase.java:164)
	at org.apache.catalina.startup.Tomcat.start(Tomcat.java:438)
	at org.springframework.boot.web.embedded.tomcat.TomcatWebServer.initialize(TomcatWebServer.java:128)
	at org.springframework.boot.web.embedded.tomcat.TomcatWebServer.<init>(TomcatWebServer.java:107)
	at org.springframework.boot.web.embedded.tomcat.TomcatServletWebServerFactory.getTomcatWebServer(TomcatServletWebServerFactory.java:517)
	at org.springframework.boot.web.embedded.tomcat.TomcatServletWebServerFactory.getWebServer(TomcatServletWebServerFactory.java:219)
	at org.springframework.boot.web.servlet.context.ServletWebServerApplicationContext.createWebServer(ServletWebServerApplicationContext.java:193)
	at org.springframework.boot.web.servlet.context.ServletWebServerApplicationContext.onRefresh(ServletWebServerApplicationContext.java:167)
	at org.springframework.context.support.AbstractApplicationContext.refresh(AbstractApplicationContext.java:621)
	at org.springframework.boot.web.servlet.context.ServletWebServerApplicationContext.refresh(ServletWebServerApplicationContext.java:146)
	at org.springframework.boot.SpringApplication.refresh(SpringApplication.java:752)
	at org.springframework.boot.SpringApplication.refreshContext(SpringApplication.java:439)
	at org.springframework.boot.SpringApplication.run(SpringApplication.java:318)
	at org.springframework.boot.SpringApplication.run(SpringApplication.java:1361)
	at org.springframework.boot.SpringApplication.run(SpringApplication.java:1350)
	at com.sqld_board.sqld.SqldApplication.main(SqldApplication.java:17)
	at java.base/jdk.internal.reflect.NativeMethodAccessorImpl.invoke0(Native Method)
	at java.base/jdk.internal.reflect.NativeMethodAccessorImpl.invoke(NativeMethodAccessorImpl.java:77)
	at java.base/jdk.internal.reflect.DelegatingMethodAccessorImpl.invoke(DelegatingMethodAccessorImpl.java:43)
	at java.base/java.lang.reflect.Method.invoke(Method.java:568)
	at org.springframework.boot.devtools.restart.RestartLauncher.run(RestartLauncher.java:50)
[2026-05-31 19:21:37.902] [ERROR] [restartedMain] o.s.b.w.e.tomcat.TomcatStarter - Error starting Tomcat context. Exception: org.springframework.beans.factory.UnsatisfiedDependencyException. Message: Error creating bean with name 'jwtAuthenticationFilter' defined in file [/Users/minboklee/Downloads/sqld/build/classes/java/main/com/sqld_board/sqld/config/security/JwtAuthenticationFilter.class]: Unsatisfied dependency expressed through constructor parameter 1: Error creating bean with name 'customUserDetailService' defined in file [/Users/minboklee/Downloads/sqld/build/classes/java/main/com/sqld_board/sqld/config/security/CustomUserDetailService.class]: Unsatisfied dependency expressed through constructor parameter 0: Error creating bean with name 'memberMapper' defined in file [/Users/minboklee/Downloads/sqld/build/classes/java/main/com/sqld_board/sqld/mapper/MemberMapper.class]: Cannot resolve reference to bean 'sqlSessionTemplate' while setting bean property 'sqlSessionTemplate'
[2026-05-31 19:21:37.902] [INFO ] [restartedMain] o.a.catalina.core.StandardService - Stopping service [Tomcat]
[2026-05-31 19:21:37.903] [WARN ] [restartedMain] o.s.b.w.s.c.AnnotationConfigServletWebServerApplicationContext - Exception encountered during context initialization - cancelling refresh attempt: org.springframework.context.ApplicationContextException: Unable to start web server
[2026-05-31 19:21:37.906] [INFO ] [restartedMain] o.s.b.a.l.ConditionEvaluationReportLogger - 

Error starting ApplicationContext. To display the condition evaluation report re-run your application with 'debug' enabled.
[2026-05-31 19:21:37.916] [ERROR] [restartedMain] o.s.boot.SpringApplication - Application run failed
org.springframework.context.ApplicationContextException: Unable to start web server
	at org.springframework.boot.web.servlet.context.ServletWebServerApplicationContext.onRefresh(ServletWebServerApplicationContext.java:170)
	at org.springframework.context.support.AbstractApplicationContext.refresh(AbstractApplicationContext.java:621)
	at org.springframework.boot.web.servlet.context.ServletWebServerApplicationContext.refresh(ServletWebServerApplicationContext.java:146)
	at org.springframework.boot.SpringApplication.refresh(SpringApplication.java:752)
	at org.springframework.boot.SpringApplication.refreshContext(SpringApplication.java:439)
	at org.springframework.boot.SpringApplication.run(SpringApplication.java:318)
	at org.springframework.boot.SpringApplication.run(SpringApplication.java:1361)
	at org.springframework.boot.SpringApplication.run(SpringApplication.java:1350)
	at com.sqld_board.sqld.SqldApplication.main(SqldApplication.java:17)
	at java.base/jdk.internal.reflect.NativeMethodAccessorImpl.invoke0(Native Method)
	at java.base/jdk.internal.reflect.NativeMethodAccessorImpl.invoke(NativeMethodAccessorImpl.java:77)
	at java.base/jdk.internal.reflect.DelegatingMethodAccessorImpl.invoke(DelegatingMethodAccessorImpl.java:43)
	at java.base/java.lang.reflect.Method.invoke(Method.java:568)
	at org.springframework.boot.devtools.restart.RestartLauncher.run(RestartLauncher.java:50)
Caused by: org.springframework.boot.web.server.WebServerException: Unable to start embedded Tomcat
	at org.springframework.boot.web.embedded.tomcat.TomcatWebServer.initialize(TomcatWebServer.java:147)
	at org.springframework.boot.web.embedded.tomcat.TomcatWebServer.<init>(TomcatWebServer.java:107)
	at org.springframework.boot.web.embedded.tomcat.TomcatServletWebServerFactory.getTomcatWebServer(TomcatServletWebServerFactory.java:517)
	at org.springframework.boot.web.embedded.tomcat.TomcatServletWebServerFactory.getWebServer(TomcatServletWebServerFactory.java:219)
	at org.springframework.boot.web.servlet.context.ServletWebServerApplicationContext.createWebServer(ServletWebServerApplicationContext.java:193)
	at org.springframework.boot.web.servlet.context.ServletWebServerApplicationContext.onRefresh(ServletWebServerApplicationContext.java:167)
	... 13 common frames omitted
Caused by: org.springframework.beans.factory.UnsatisfiedDependencyException: Error creating bean with name 'jwtAuthenticationFilter' defined in file [/Users/minboklee/Downloads/sqld/build/classes/java/main/com/sqld_board/sqld/config/security/JwtAuthenticationFilter.class]: Unsatisfied dependency expressed through constructor parameter 1: Error creating bean with name 'customUserDetailService' defined in file [/Users/minboklee/Downloads/sqld/build/classes/java/main/com/sqld_board/sqld/config/security/CustomUserDetailService.class]: Unsatisfied dependency expressed through constructor parameter 0: Error creating bean with name 'memberMapper' defined in file [/Users/minboklee/Downloads/sqld/build/classes/java/main/com/sqld_board/sqld/mapper/MemberMapper.class]: Cannot resolve reference to bean 'sqlSessionTemplate' while setting bean property 'sqlSessionTemplate'
	at org.springframework.beans.factory.support.ConstructorResolver.createArgumentArray(ConstructorResolver.java:804)
	at org.springframework.beans.factory.support.ConstructorResolver.autowireConstructor(ConstructorResolver.java:240)
	at org.springframework.beans.factory.support.AbstractAutowireCapableBeanFactory.autowireConstructor(AbstractAutowireCapableBeanFactory.java:1395)
	at org.springframework.beans.factory.support.AbstractAutowireCapableBeanFactory.createBeanInstance(AbstractAutowireCapableBeanFactory.java:1232)
	at org.springframework.beans.factory.support.AbstractAutowireCapableBeanFactory.doCreateBean(AbstractAutowireCapableBeanFactory.java:569)
	at org.springframework.beans.factory.support.AbstractAutowireCapableBeanFactory.createBean(AbstractAutowireCapableBeanFactory.java:529)
	at org.springframework.beans.factory.support.AbstractBeanFactory.lambda$doGetBean$0(AbstractBeanFactory.java:339)
	at org.springframework.beans.factory.support.DefaultSingletonBeanRegistry.getSingleton(DefaultSingletonBeanRegistry.java:373)
	at org.springframework.beans.factory.support.AbstractBeanFactory.doGetBean(AbstractBeanFactory.java:337)
	at org.springframework.beans.factory.support.AbstractBeanFactory.getBean(AbstractBeanFactory.java:207)
	at org.springframework.boot.web.servlet.ServletContextInitializerBeans.getOrderedBeansOfType(ServletContextInitializerBeans.java:230)
	at org.springframework.boot.web.servlet.ServletContextInitializerBeans.addAsRegistrationBean(ServletContextInitializerBeans.java:184)
	at org.springframework.boot.web.servlet.ServletContextInitializerBeans.addAsRegistrationBean(ServletContextInitializerBeans.java:179)
	at org.springframework.boot.web.servlet.ServletContextInitializerBeans.addAdaptableBeans(ServletContextInitializerBeans.java:164)
	at org.springframework.boot.web.servlet.ServletContextInitializerBeans.<init>(ServletContextInitializerBeans.java:96)
	at org.springframework.boot.web.servlet.context.ServletWebServerApplicationContext.getServletContextInitializerBeans(ServletWebServerApplicationContext.java:271)
	at org.springframework.boot.web.servlet.context.ServletWebServerApplicationContext.selfInitialize(ServletWebServerApplicationContext.java:245)
	at org.springframework.boot.web.embedded.tomcat.TomcatStarter.onStartup(TomcatStarter.java:52)
	at org.apache.catalina.core.StandardContext.startInternal(StandardContext.java:4464)
	at org.apache.catalina.util.LifecycleBase.start(LifecycleBase.java:164)
	at org.apache.catalina.core.ContainerBase$StartChild.call(ContainerBase.java:1203)
	at org.apache.catalina.core.ContainerBase$StartChild.call(ContainerBase.java:1193)
	at java.base/java.util.concurrent.FutureTask.run(FutureTask.java:264)
	at org.apache.tomcat.util.threads.InlineExecutorService.execute(InlineExecutorService.java:81)
	at java.base/java.util.concurrent.AbstractExecutorService.submit(AbstractExecutorService.java:145)
	at org.apache.catalina.core.ContainerBase.startInternal(ContainerBase.java:749)
	at org.apache.catalina.core.StandardHost.startInternal(StandardHost.java:773)
	at org.apache.catalina.util.LifecycleBase.start(LifecycleBase.java:164)
	at org.apache.catalina.core.ContainerBase$StartChild.call(ContainerBase.java:1203)
	at org.apache.catalina.core.ContainerBase$StartChild.call(ContainerBase.java:1193)
	at java.base/java.util.concurrent.FutureTask.run(FutureTask.java:264)
	at org.apache.tomcat.util.threads.InlineExecutorService.execute(InlineExecutorService.java:81)
	at java.base/java.util.concurrent.AbstractExecutorService.submit(AbstractExecutorService.java:145)
	at org.apache.catalina.core.ContainerBase.startInternal(ContainerBase.java:749)
	at org.apache.catalina.core.StandardEngine.startInternal(StandardEngine.java:203)
	at org.apache.catalina.util.LifecycleBase.start(LifecycleBase.java:164)
	at org.apache.catalina.core.StandardService.startInternal(StandardService.java:412)
	at org.apache.catalina.util.LifecycleBase.start(LifecycleBase.java:164)
	at org.apache.catalina.core.StandardServer.startInternal(StandardServer.java:870)
	at org.apache.catalina.util.LifecycleBase.start(LifecycleBase.java:164)
	at org.apache.catalina.startup.Tomcat.start(Tomcat.java:438)
	at org.springframework.boot.web.embedded.tomcat.TomcatWebServer.initialize(TomcatWebServer.java:128)
	... 18 common frames omitted
Caused by: org.springframework.beans.factory.UnsatisfiedDependencyException: Error creating bean with name 'customUserDetailService' defined in file [/Users/minboklee/Downloads/sqld/build/classes/java/main/com/sqld_board/sqld/config/security/CustomUserDetailService.class]: Unsatisfied dependency expressed through constructor parameter 0: Error creating bean with name 'memberMapper' defined in file [/Users/minboklee/Downloads/sqld/build/classes/java/main/com/sqld_board/sqld/mapper/MemberMapper.class]: Cannot resolve reference to bean 'sqlSessionTemplate' while setting bean property 'sqlSessionTemplate'
	at org.springframework.beans.factory.support.ConstructorResolver.createArgumentArray(ConstructorResolver.java:804)
	at org.springframework.beans.factory.support.ConstructorResolver.autowireConstructor(ConstructorResolver.java:240)
	at org.springframework.beans.factory.support.AbstractAutowireCapableBeanFactory.autowireConstructor(AbstractAutowireCapableBeanFactory.java:1395)
	at org.springframework.beans.factory.support.AbstractAutowireCapableBeanFactory.createBeanInstance(AbstractAutowireCapableBeanFactory.java:1232)
	at org.springframework.beans.factory.support.AbstractAutowireCapableBeanFactory.doCreateBean(AbstractAutowireCapableBeanFactory.java:569)
	at org.springframework.beans.factory.support.AbstractAutowireCapableBeanFactory.createBean(AbstractAutowireCapableBeanFactory.java:529)
	at org.springframework.beans.factory.support.AbstractBeanFactory.lambda$doGetBean$0(AbstractBeanFactory.java:339)
	at org.springframework.beans.factory.support.DefaultSingletonBeanRegistry.getSingleton(DefaultSingletonBeanRegistry.java:373)
	at org.springframework.beans.factory.support.AbstractBeanFactory.doGetBean(AbstractBeanFactory.java:337)
	at org.springframework.beans.factory.support.AbstractBeanFactory.getBean(AbstractBeanFactory.java:202)
	at org.springframework.beans.factory.support.DefaultListableBeanFactory.doResolveDependency(DefaultListableBeanFactory.java:1698)
	at org.springframework.beans.factory.support.DefaultListableBeanFactory.resolveDependency(DefaultListableBeanFactory.java:1643)
	at org.springframework.beans.factory.support.ConstructorResolver.resolveAutowiredArgument(ConstructorResolver.java:913)
	at org.springframework.beans.factory.support.ConstructorResolver.createArgumentArray(ConstructorResolver.java:791)
	... 59 common frames omitted
Caused by: org.springframework.beans.factory.BeanCreationException: Error creating bean with name 'memberMapper' defined in file [/Users/minboklee/Downloads/sqld/build/classes/java/main/com/sqld_board/sqld/mapper/MemberMapper.class]: Cannot resolve reference to bean 'sqlSessionTemplate' while setting bean property 'sqlSessionTemplate'
	at org.springframework.beans.factory.support.BeanDefinitionValueResolver.resolveReference(BeanDefinitionValueResolver.java:377)
	at org.springframework.beans.factory.support.BeanDefinitionValueResolver.resolveValueIfNecessary(BeanDefinitionValueResolver.java:135)
	at org.springframework.beans.factory.support.AbstractAutowireCapableBeanFactory.applyPropertyValues(AbstractAutowireCapableBeanFactory.java:1725)
	at org.springframework.beans.factory.support.AbstractAutowireCapableBeanFactory.populateBean(AbstractAutowireCapableBeanFactory.java:1474)
	at org.springframework.beans.factory.support.AbstractAutowireCapableBeanFactory.doCreateBean(AbstractAutowireCapableBeanFactory.java:606)
	at org.springframework.beans.factory.support.AbstractAutowireCapableBeanFactory.createBean(AbstractAutowireCapableBeanFactory.java:529)
	at org.springframework.beans.factory.support.AbstractBeanFactory.lambda$doGetBean$0(AbstractBeanFactory.java:339)
	at org.springframework.beans.factory.support.DefaultSingletonBeanRegistry.getSingleton(DefaultSingletonBeanRegistry.java:373)
	at org.springframework.beans.factory.support.AbstractBeanFactory.doGetBean(AbstractBeanFactory.java:337)
	at org.springframework.beans.factory.support.AbstractBeanFactory.getBean(AbstractBeanFactory.java:202)
	at org.springframework.beans.factory.support.DefaultListableBeanFactory.doResolveDependency(DefaultListableBeanFactory.java:1698)
	at org.springframework.beans.factory.support.DefaultListableBeanFactory.resolveDependency(DefaultListableBeanFactory.java:1643)
	at org.springframework.beans.factory.support.ConstructorResolver.resolveAutowiredArgument(ConstructorResolver.java:913)
	at org.springframework.beans.factory.support.ConstructorResolver.createArgumentArray(ConstructorResolver.java:791)
	... 72 common frames omitted
Caused by: org.springframework.beans.factory.UnsatisfiedDependencyException: Error creating bean with name 'sqlSessionTemplate' defined in class path resource [org/mybatis/spring/boot/autoconfigure/MybatisAutoConfiguration.class]: Unsatisfied dependency expressed through method 'sqlSessionTemplate' parameter 0: Error creating bean with name 'sqlSessionFactory' defined in class path resource [org/mybatis/spring/boot/autoconfigure/MybatisAutoConfiguration.class]: Failed to instantiate [org.apache.ibatis.session.SqlSessionFactory]: Factory method 'sqlSessionFactory' threw exception with message: Illegal access: this web application instance has been stopped already. Could not load [mapper/]. The following stack trace is thrown for debugging purposes as well as to attempt to terminate the thread which caused the illegal access.
	at org.springframework.beans.factory.support.ConstructorResolver.createArgumentArray(ConstructorResolver.java:804)
	at org.springframework.beans.factory.support.ConstructorResolver.instantiateUsingFactoryMethod(ConstructorResolver.java:546)
	at org.springframework.beans.factory.support.AbstractAutowireCapableBeanFactory.instantiateUsingFactoryMethod(AbstractAutowireCapableBeanFactory.java:1375)
	at org.springframework.beans.factory.support.AbstractAutowireCapableBeanFactory.createBeanInstance(AbstractAutowireCapableBeanFactory.java:1205)
	at org.springframework.beans.factory.support.AbstractAutowireCapableBeanFactory.doCreateBean(AbstractAutowireCapableBeanFactory.java:569)
	at org.springframework.beans.factory.support.AbstractAutowireCapableBeanFactory.createBean(AbstractAutowireCapableBeanFactory.java:529)
	at org.springframework.beans.factory.support.AbstractBeanFactory.lambda$doGetBean$0(AbstractBeanFactory.java:339)
	at org.springframework.beans.factory.support.DefaultSingletonBeanRegistry.getSingleton(DefaultSingletonBeanRegistry.java:373)
	at org.springframework.beans.factory.support.AbstractBeanFactory.doGetBean(AbstractBeanFactory.java:337)
	at org.springframework.beans.factory.support.AbstractBeanFactory.getBean(AbstractBeanFactory.java:202)
	at org.springframework.beans.factory.support.BeanDefinitionValueResolver.resolveReference(BeanDefinitionValueResolver.java:365)
	... 85 common frames omitted
Caused by: org.springframework.beans.factory.BeanCreationException: Error creating bean with name 'sqlSessionFactory' defined in class path resource [org/mybatis/spring/boot/autoconfigure/MybatisAutoConfiguration.class]: Failed to instantiate [org.apache.ibatis.session.SqlSessionFactory]: Factory method 'sqlSessionFactory' threw exception with message: Illegal access: this web application instance has been stopped already. Could not load [mapper/]. The following stack trace is thrown for debugging purposes as well as to attempt to terminate the thread which caused the illegal access.
	at org.springframework.beans.factory.support.ConstructorResolver.instantiate(ConstructorResolver.java:657)
	at org.springframework.beans.factory.support.ConstructorResolver.instantiateUsingFactoryMethod(ConstructorResolver.java:645)
	at org.springframework.beans.factory.support.AbstractAutowireCapableBeanFactory.instantiateUsingFactoryMethod(AbstractAutowireCapableBeanFactory.java:1375)
	at org.springframework.beans.factory.support.AbstractAutowireCapableBeanFactory.createBeanInstance(AbstractAutowireCapableBeanFactory.java:1205)
	at org.springframework.beans.factory.support.AbstractAutowireCapableBeanFactory.doCreateBean(AbstractAutowireCapableBeanFactory.java:569)
	at org.springframework.beans.factory.support.AbstractAutowireCapableBeanFactory.createBean(AbstractAutowireCapableBeanFactory.java:529)
	at org.springframework.beans.factory.support.AbstractBeanFactory.lambda$doGetBean$0(AbstractBeanFactory.java:339)
	at org.springframework.beans.factory.support.DefaultSingletonBeanRegistry.getSingleton(DefaultSingletonBeanRegistry.java:373)
	at org.springframework.beans.factory.support.AbstractBeanFactory.doGetBean(AbstractBeanFactory.java:337)
	at org.springframework.beans.factory.support.AbstractBeanFactory.getBean(AbstractBeanFactory.java:202)
	at org.springframework.beans.factory.support.DefaultListableBeanFactory.doResolveDependency(DefaultListableBeanFactory.java:1698)
	at org.springframework.beans.factory.support.DefaultListableBeanFactory.resolveDependency(DefaultListableBeanFactory.java:1643)
	at org.springframework.beans.factory.support.ConstructorResolver.resolveAutowiredArgument(ConstructorResolver.java:913)
	at org.springframework.beans.factory.support.ConstructorResolver.createArgumentArray(ConstructorResolver.java:791)
	... 95 common frames omitted
Caused by: org.springframework.beans.BeanInstantiationException: Failed to instantiate [org.apache.ibatis.session.SqlSessionFactory]: Factory method 'sqlSessionFactory' threw exception with message: Illegal access: this web application instance has been stopped already. Could not load [mapper/]. The following stack trace is thrown for debugging purposes as well as to attempt to terminate the thread which caused the illegal access.
	at org.springframework.beans.factory.support.SimpleInstantiationStrategy.lambda$instantiate$0(SimpleInstantiationStrategy.java:200)
	at org.springframework.beans.factory.support.SimpleInstantiationStrategy.instantiateWithFactoryMethod(SimpleInstantiationStrategy.java:89)
	at org.springframework.beans.factory.support.SimpleInstantiationStrategy.instantiate(SimpleInstantiationStrategy.java:169)
	at org.springframework.beans.factory.support.ConstructorResolver.instantiate(ConstructorResolver.java:653)
	... 108 common frames omitted
Caused by: java.lang.IllegalStateException: Illegal access: this web application instance has been stopped already. Could not load [mapper/]. The following stack trace is thrown for debugging purposes as well as to attempt to terminate the thread which caused the illegal access.
	at org.apache.catalina.loader.WebappClassLoaderBase.checkStateForResourceLoading(WebappClassLoaderBase.java:1399)
	at org.apache.catalina.loader.WebappClassLoaderBase.getResource(WebappClassLoaderBase.java:987)
	at org.springframework.core.io.ClassPathResource.resolveURL(ClassPathResource.java:182)
	at org.springframework.core.io.ClassPathResource.getURL(ClassPathResource.java:228)
	at org.springframework.core.io.support.PathMatchingResourcePatternResolver.findPathMatchingResources(PathMatchingResourcePatternResolver.java:743)
	at org.springframework.core.io.support.PathMatchingResourcePatternResolver.getResources(PathMatchingResourcePatternResolver.java:394)
	at org.mybatis.spring.boot.autoconfigure.MybatisProperties.getResources(MybatisProperties.java:218)
	at org.mybatis.spring.boot.autoconfigure.MybatisProperties.lambda$resolveMapperLocations$0(MybatisProperties.java:213)
	at java.base/java.util.stream.ReferencePipeline$7$1.accept(ReferencePipeline.java:273)
	at java.base/java.util.Spliterators$ArraySpliterator.forEachRemaining(Spliterators.java:992)
	at java.base/java.util.stream.AbstractPipeline.copyInto(AbstractPipeline.java:509)
	at java.base/java.util.stream.AbstractPipeline.wrapAndCopyInto(AbstractPipeline.java:499)
	at java.base/java.util.stream.AbstractPipeline.evaluate(AbstractPipeline.java:575)
	at java.base/java.util.stream.AbstractPipeline.evaluateToArrayNode(AbstractPipeline.java:260)
	at java.base/java.util.stream.ReferencePipeline.toArray(ReferencePipeline.java:616)
	at org.mybatis.spring.boot.autoconfigure.MybatisProperties.resolveMapperLocations(MybatisProperties.java:213)
	at org.mybatis.spring.boot.autoconfigure.MybatisAutoConfiguration.sqlSessionFactory(MybatisAutoConfiguration.java:169)
	at java.base/jdk.internal.reflect.NativeMethodAccessorImpl.invoke0(Native Method)
	at java.base/jdk.internal.reflect.NativeMethodAccessorImpl.invoke(NativeMethodAccessorImpl.java:77)
	at java.base/jdk.internal.reflect.DelegatingMethodAccessorImpl.invoke(DelegatingMethodAccessorImpl.java:43)
	at java.base/java.lang.reflect.Method.invoke(Method.java:568)
	at org.springframework.beans.factory.support.SimpleInstantiationStrategy.lambda$instantiate$0(SimpleInstantiationStrategy.java:172)
	... 111 common frames omitted
[2026-05-31 21:23:05.529] [INFO ] [background-preinit] o.h.validator.internal.util.Version - HV000001: Hibernate Validator 8.0.3.Final
[2026-05-31 21:23:05.548] [INFO ] [restartedMain] com.sqld_board.sqld.SqldApplication - Starting SqldApplication using Java 17.0.11 with PID 91214 (/Users/minboklee/Downloads/sqld/build/classes/java/main started by minboklee in /Users/minboklee/Downloads/sqld)
[2026-05-31 21:23:05.548] [INFO ] [restartedMain] com.sqld_board.sqld.SqldApplication - The following 1 profile is active: "dev"
[2026-05-31 21:23:05.567] [INFO ] [restartedMain] o.s.b.d.restart.ChangeableUrls - The Class-Path manifest attribute in /Users/minboklee/.gradle/caches/modules-2/files-2.1/com.oracle.database.jdbc/ojdbc11/23.7.0.25.01/665f52abef9122ce003b5cfc1d9d44f7302e2cfe/ojdbc11-23.7.0.25.01.jar referenced one or more files that do not exist: file:/Users/minboklee/.gradle/caches/modules-2/files-2.1/com.oracle.database.jdbc/ojdbc11/23.7.0.25.01/665f52abef9122ce003b5cfc1d9d44f7302e2cfe/oraclepki.jar
[2026-05-31 21:23:05.567] [INFO ] [restartedMain] o.s.b.d.e.DevToolsPropertyDefaultsPostProcessor - Devtools property defaults active! Set 'spring.devtools.add-properties' to 'false' to disable
[2026-05-31 21:23:05.567] [INFO ] [restartedMain] o.s.b.d.e.DevToolsPropertyDefaultsPostProcessor - For additional web related logging consider setting the 'logging.level.web' property to 'DEBUG'
[2026-05-31 21:23:06.173] [INFO ] [restartedMain] o.s.d.r.c.RepositoryConfigurationDelegate - Multiple Spring Data modules found, entering strict repository configuration mode
[2026-05-31 21:23:06.174] [INFO ] [restartedMain] o.s.d.r.c.RepositoryConfigurationDelegate - Bootstrapping Spring Data Redis repositories in DEFAULT mode.
[2026-05-31 21:23:06.206] [INFO ] [restartedMain] o.s.d.r.c.RepositoryConfigurationDelegate - Finished Spring Data repository scanning in 16 ms. Found 0 Redis repository interfaces.
[2026-05-31 21:23:06.471] [INFO ] [restartedMain] c.u.j.c.EnableEncryptablePropertiesBeanFactoryPostProcessor - Post-processing PropertySource instances
[2026-05-31 21:23:06.472] [INFO ] [restartedMain] c.u.j.EncryptablePropertySourceConverter - Skipping PropertySource configurationProperties [class org.springframework.boot.context.properties.source.ConfigurationPropertySourcesPropertySource
[2026-05-31 21:23:06.472] [INFO ] [restartedMain] c.u.j.EncryptablePropertySourceConverter - Skipping PropertySource servletConfigInitParams [class org.springframework.core.env.PropertySource$StubPropertySource
[2026-05-31 21:23:06.472] [INFO ] [restartedMain] c.u.j.EncryptablePropertySourceConverter - Skipping PropertySource servletContextInitParams [class org.springframework.core.env.PropertySource$StubPropertySource
[2026-05-31 21:23:06.472] [INFO ] [restartedMain] c.u.j.EncryptablePropertySourceConverter - Converting PropertySource systemProperties [org.springframework.core.env.PropertiesPropertySource] to EncryptableMapPropertySourceWrapper
[2026-05-31 21:23:06.472] [INFO ] [restartedMain] c.u.j.EncryptablePropertySourceConverter - Converting PropertySource systemEnvironment [org.springframework.boot.env.SystemEnvironmentPropertySourceEnvironmentPostProcessor$OriginAwareSystemEnvironmentPropertySource] to EncryptableSystemEnvironmentPropertySourceWrapper
[2026-05-31 21:23:06.472] [INFO ] [restartedMain] c.u.j.EncryptablePropertySourceConverter - Converting PropertySource random [org.springframework.boot.env.RandomValuePropertySource] to EncryptablePropertySourceWrapper
[2026-05-31 21:23:06.472] [INFO ] [restartedMain] c.u.j.EncryptablePropertySourceConverter - Converting PropertySource Config resource 'class path resource [application-dev.yml]' via location 'optional:classpath:/' [org.springframework.boot.env.OriginTrackedMapPropertySource] to EncryptableMapPropertySourceWrapper
[2026-05-31 21:23:06.472] [INFO ] [restartedMain] c.u.j.EncryptablePropertySourceConverter - Converting PropertySource Config resource 'class path resource [application.yml]' via location 'optional:classpath:/' [org.springframework.boot.env.OriginTrackedMapPropertySource] to EncryptableMapPropertySourceWrapper
[2026-05-31 21:23:06.472] [INFO ] [restartedMain] c.u.j.EncryptablePropertySourceConverter - Converting PropertySource devtools [org.springframework.core.env.MapPropertySource] to EncryptableMapPropertySourceWrapper
[2026-05-31 21:23:06.472] [INFO ] [restartedMain] c.u.j.EncryptablePropertySourceConverter - Converting PropertySource applicationInfo [org.springframework.boot.ApplicationInfoPropertySource] to EncryptableMapPropertySourceWrapper
[2026-05-31 21:23:06.484] [INFO ] [restartedMain] c.u.j.f.DefaultLazyPropertyFilter - Property Filter custom Bean not found with name 'encryptablePropertyFilter'. Initializing Default Property Filter
[2026-05-31 21:23:06.488] [INFO ] [restartedMain] c.u.j.r.DefaultLazyPropertyResolver - Property Resolver custom Bean not found with name 'encryptablePropertyResolver'. Initializing Default Property Resolver
[2026-05-31 21:23:06.489] [INFO ] [restartedMain] c.u.j.d.DefaultLazyPropertyDetector - Property Detector custom Bean not found with name 'encryptablePropertyDetector'. Initializing Default Property Detector
[2026-05-31 21:23:06.761] [INFO ] [restartedMain] o.s.b.w.e.tomcat.TomcatWebServer - Tomcat initialized with port 8080 (http)
[2026-05-31 21:23:06.769] [INFO ] [restartedMain] o.a.coyote.http11.Http11NioProtocol - Initializing ProtocolHandler ["http-nio-8080"]
[2026-05-31 21:23:06.770] [INFO ] [restartedMain] o.a.catalina.core.StandardService - Starting service [Tomcat]
[2026-05-31 21:23:06.770] [INFO ] [restartedMain] o.a.catalina.core.StandardEngine - Starting Servlet engine: [Apache Tomcat/10.1.46]
[2026-05-31 21:23:06.796] [INFO ] [restartedMain] o.a.c.c.C.[Tomcat].[localhost].[/] - Initializing Spring embedded WebApplicationContext
[2026-05-31 21:23:06.796] [INFO ] [restartedMain] o.s.b.w.s.c.ServletWebServerApplicationContext - Root WebApplicationContext: initialization completed in 1229 ms
[2026-05-31 21:23:06.811] [INFO ] [restartedMain] c.u.j.encryptor.DefaultLazyEncryptor - String Encryptor custom Bean not found with name 'jasyptStringEncryptor'. Initializing Default String Encryptor
[2026-05-31 21:23:06.815] [INFO ] [restartedMain] c.u.j.c.StringEncryptorBuilder - Encryptor config not found for property jasypt.encryptor.key-obtention-iterations, using default value: 1000
[2026-05-31 21:23:06.816] [INFO ] [restartedMain] c.u.j.c.StringEncryptorBuilder - Encryptor config not found for property jasypt.encryptor.pool-size, using default value: 1
[2026-05-31 21:23:06.816] [INFO ] [restartedMain] c.u.j.c.StringEncryptorBuilder - Encryptor config not found for property jasypt.encryptor.provider-name, using default value: null
[2026-05-31 21:23:06.816] [INFO ] [restartedMain] c.u.j.c.StringEncryptorBuilder - Encryptor config not found for property jasypt.encryptor.provider-class-name, using default value: null
[2026-05-31 21:23:06.816] [INFO ] [restartedMain] c.u.j.c.StringEncryptorBuilder - Encryptor config not found for property jasypt.encryptor.salt-generator-classname, using default value: org.jasypt.salt.RandomSaltGenerator
[2026-05-31 21:23:06.816] [INFO ] [restartedMain] c.u.j.c.StringEncryptorBuilder - Encryptor config not found for property jasypt.encryptor.string-output-type, using default value: base64
[2026-05-31 21:23:07.691] [INFO ] [restartedMain] o.s.s.c.a.a.c.InitializeUserDetailsBeanManagerConfigurer$InitializeUserDetailsManagerConfigurer - Global AuthenticationManager configured with UserDetailsService bean with name customUserDetailService
[2026-05-31 21:23:07.716] [INFO ] [restartedMain] c.s.s.c.s.CustomSecurityConfig - ********* Security Config Loading: WebSocket Support Added
[2026-05-31 21:23:07.766] [WARN ] [restartedMain] o.s.s.c.a.w.b.WebSecurity$IgnoredRequestConfigurer - One of the patterns in [/demo-ui.html, /swagger-ui/**, /api/swagger-ui/**, /api-docs/**, /api/api-docs/**, /swagger-resources/**, /webjars/**, ws-stomp, /ws-stomp/**] is missing a leading slash. This is discouraged; please include the leading slash in all your request matcher patterns. In future versions of Spring Security, leaving out the leading slash will result in an exception.
[2026-05-31 21:23:07.773] [WARN ] [restartedMain] o.s.s.c.a.web.builders.WebSecurity - You are asking Spring Security to ignore Deferred [Mvc [pattern='/demo-ui.html'], Ant [pattern='/demo-ui.html']]. This is not recommended -- please use permitAll via HttpSecurity#authorizeHttpRequests instead.
[2026-05-31 21:23:07.773] [WARN ] [restartedMain] o.s.s.c.a.web.builders.WebSecurity - You are asking Spring Security to ignore Deferred [Mvc [pattern='/swagger-ui/**'], Ant [pattern='/swagger-ui/**']]. This is not recommended -- please use permitAll via HttpSecurity#authorizeHttpRequests instead.
[2026-05-31 21:23:07.773] [WARN ] [restartedMain] o.s.s.c.a.web.builders.WebSecurity - You are asking Spring Security to ignore Deferred [Mvc [pattern='/api/swagger-ui/**'], Ant [pattern='/api/swagger-ui/**']]. This is not recommended -- please use permitAll via HttpSecurity#authorizeHttpRequests instead.
[2026-05-31 21:23:07.773] [WARN ] [restartedMain] o.s.s.c.a.web.builders.WebSecurity - You are asking Spring Security to ignore Deferred [Mvc [pattern='/api-docs/**'], Ant [pattern='/api-docs/**']]. This is not recommended -- please use permitAll via HttpSecurity#authorizeHttpRequests instead.
[2026-05-31 21:23:07.773] [WARN ] [restartedMain] o.s.s.c.a.web.builders.WebSecurity - You are asking Spring Security to ignore Deferred [Mvc [pattern='/api/api-docs/**'], Ant [pattern='/api/api-docs/**']]. This is not recommended -- please use permitAll via HttpSecurity#authorizeHttpRequests instead.
[2026-05-31 21:23:07.773] [WARN ] [restartedMain] o.s.s.c.a.web.builders.WebSecurity - You are asking Spring Security to ignore Deferred [Mvc [pattern='/swagger-resources/**'], Ant [pattern='/swagger-resources/**']]. This is not recommended -- please use permitAll via HttpSecurity#authorizeHttpRequests instead.
[2026-05-31 21:23:07.773] [WARN ] [restartedMain] o.s.s.c.a.web.builders.WebSecurity - You are asking Spring Security to ignore Deferred [Mvc [pattern='/webjars/**'], Ant [pattern='/webjars/**']]. This is not recommended -- please use permitAll via HttpSecurity#authorizeHttpRequests instead.
[2026-05-31 21:23:07.773] [WARN ] [restartedMain] o.s.s.c.a.web.builders.WebSecurity - You are asking Spring Security to ignore Deferred [Mvc [pattern='ws-stomp'], Ant [pattern='ws-stomp']]. This is not recommended -- please use permitAll via HttpSecurity#authorizeHttpRequests instead.
[2026-05-31 21:23:07.773] [WARN ] [restartedMain] o.s.s.c.a.web.builders.WebSecurity - You are asking Spring Security to ignore Deferred [Mvc [pattern='/ws-stomp/**'], Ant [pattern='/ws-stomp/**']]. This is not recommended -- please use permitAll via HttpSecurity#authorizeHttpRequests instead.
[2026-05-31 21:23:08.026] [WARN ] [restartedMain] com.zaxxer.hikari.HikariConfig - HikariPool-1 - idleTimeout has been set but has no effect because the pool is operating as a fixed size pool.
[2026-05-31 21:23:08.026] [INFO ] [restartedMain] com.zaxxer.hikari.HikariDataSource - HikariPool-1 - Starting...
[2026-05-31 21:23:08.272] [INFO ] [restartedMain] com.zaxxer.hikari.pool.HikariPool - HikariPool-1 - Added connection net.sf.log4jdbc.sql.jdbcapi.ConnectionSpy@11ce9835
[2026-05-31 21:23:08.273] [INFO ] [restartedMain] com.zaxxer.hikari.HikariDataSource - HikariPool-1 - Start completed.
[2026-05-31 21:23:08.278] [INFO ] [restartedMain] o.s.b.a.h.H2ConsoleAutoConfiguration - H2 console available at '/h2-console'. Database available at 'jdbc:mysql://175.197.69.42:3306/sqld_database?serverTimezone=Asia/Seoul&useSSL=false&allowPublicKeyRetrieval=true&useUnicode=true&characterEncoding=UTF-8'
[2026-05-31 21:23:08.341] [INFO ] [restartedMain] o.s.b.d.a.OptionalLiveReloadServer - LiveReload server is running on port 35729
[2026-05-31 21:23:08.361] [INFO ] [restartedMain] o.s.m.s.b.SimpleBrokerMessageHandler - Starting...
[2026-05-31 21:23:08.361] [INFO ] [restartedMain] o.s.m.s.b.SimpleBrokerMessageHandler - BrokerAvailabilityEvent[available=true, SimpleBrokerMessageHandler [org.springframework.messaging.simp.broker.DefaultSubscriptionRegistry@2c40d7dd]]
[2026-05-31 21:23:08.362] [INFO ] [restartedMain] o.s.m.s.b.SimpleBrokerMessageHandler - Started.
[2026-05-31 21:23:08.362] [INFO ] [restartedMain] o.a.coyote.http11.Http11NioProtocol - Starting ProtocolHandler ["http-nio-8080"]
[2026-05-31 21:23:08.372] [INFO ] [restartedMain] o.s.b.w.e.tomcat.TomcatWebServer - Tomcat started on port 8080 (http) with context path '/'
[2026-05-31 21:23:08.373] [INFO ] [restartedMain] c.u.j.c.RefreshScopeRefreshedEventListener - Refreshing cached encryptable property sources on ServletWebServerInitializedEvent
[2026-05-31 21:23:08.373] [INFO ] [restartedMain] c.u.j.c.CachingDelegateEncryptablePropertySource - Property Source systemProperties refreshed
[2026-05-31 21:23:08.373] [INFO ] [restartedMain] c.u.j.c.CachingDelegateEncryptablePropertySource - Property Source systemEnvironment refreshed
[2026-05-31 21:23:08.373] [INFO ] [restartedMain] c.u.j.c.CachingDelegateEncryptablePropertySource - Property Source random refreshed
[2026-05-31 21:23:08.373] [INFO ] [restartedMain] c.u.j.c.CachingDelegateEncryptablePropertySource - Property Source Config resource 'class path resource [application-dev.yml]' via location 'optional:classpath:/' refreshed
[2026-05-31 21:23:08.373] [INFO ] [restartedMain] c.u.j.c.CachingDelegateEncryptablePropertySource - Property Source Config resource 'class path resource [application.yml]' via location 'optional:classpath:/' refreshed
[2026-05-31 21:23:08.373] [INFO ] [restartedMain] c.u.j.c.CachingDelegateEncryptablePropertySource - Property Source devtools refreshed
[2026-05-31 21:23:08.373] [INFO ] [restartedMain] c.u.j.c.CachingDelegateEncryptablePropertySource - Property Source applicationInfo refreshed
[2026-05-31 21:23:08.373] [INFO ] [restartedMain] c.u.j.EncryptablePropertySourceConverter - Skipping PropertySource configurationProperties [class org.springframework.boot.context.properties.source.ConfigurationPropertySourcesPropertySource
[2026-05-31 21:23:08.373] [INFO ] [restartedMain] c.u.j.EncryptablePropertySourceConverter - Skipping PropertySource servletConfigInitParams [class org.springframework.core.env.PropertySource$StubPropertySource
[2026-05-31 21:23:08.373] [INFO ] [restartedMain] c.u.j.EncryptablePropertySourceConverter - Converting PropertySource servletContextInitParams [org.springframework.web.context.support.ServletContextPropertySource] to EncryptableEnumerablePropertySourceWrapper
[2026-05-31 21:23:08.873] [INFO ] [restartedMain] com.sqld_board.sqld.SqldApplication - Started SqldApplication in 3.625 seconds (process running for 4.335)
[2026-05-31 21:23:25.753] [INFO ] [http-nio-8080-exec-2] o.a.c.c.C.[Tomcat].[localhost].[/] - Initializing Spring DispatcherServlet 'dispatcherServlet'
[2026-05-31 21:23:25.754] [INFO ] [http-nio-8080-exec-2] o.s.web.servlet.DispatcherServlet - Initializing Servlet 'dispatcherServlet'
[2026-05-31 21:23:25.758] [INFO ] [http-nio-8080-exec-2] o.s.web.servlet.DispatcherServlet - Completed initialization in 4 ms
[2026-05-31 21:23:25.841] [INFO ] [http-nio-8080-exec-3] c.sqld_board.sqld.handler.JwtHandler - JWT token is expired: JWT expired at 2026-05-31T10:39:42Z. Current time: 2026-05-31T12:23:25Z, a difference of 6223840 milliseconds.  Allowed clock skew: 0 milliseconds.
[2026-05-31 21:23:25.841] [INFO ] [http-nio-8080-exec-4] c.sqld_board.sqld.handler.JwtHandler - JWT token is expired: JWT expired at 2026-05-31T10:39:42Z. Current time: 2026-05-31T12:23:25Z, a difference of 6223840 milliseconds.  Allowed clock skew: 0 milliseconds.
[2026-05-31 21:23:25.841] [INFO ] [http-nio-8080-exec-1] c.sqld_board.sqld.handler.JwtHandler - JWT token is expired: JWT expired at 2026-05-31T10:39:42Z. Current time: 2026-05-31T12:23:25Z, a difference of 6223840 milliseconds.  Allowed clock skew: 0 milliseconds.
[2026-05-31 21:23:25.917] [INFO ] [http-nio-8080-exec-4] jdbc.sqltiming - SELECT /* WebSocketMapper.searchNotification */
               NOTI_ID
             , RECEIVER_ID
             , SENDER_ID
             , NOTI_TYPE
             , MESSAGE
             , IS_READ
             , CREATE_AT
             , TARGET_URL
        FROM NOTIFICATION
        WHERE RECEIVER_ID = 'MEMBER_20260427_001'
          AND IS_READ = 'N'
 {executed in 14 msec}
[2026-05-31 21:23:25.917] [INFO ] [http-nio-8080-exec-3] jdbc.sqltiming - SELECT  /* BoardMasterMapper.getBoardConfig 특정 게시판의 설정(이름, 카테고리 그룹, 기능 여부) 전체 리스트 조회 */
               BM.BOARD_CODE
             , BM.BOARD_NAME
             , BM.GROUP_CODE
             , BM.USE_YN
             , BM.FILE_YN
             , BM.REPLY_YN
             , BM.TAG_YN
             , CCG.SORT_ORDER
             , BM.CREATE_AT
             , BM.UPDATE_AT
          FROM BOARD_MASTER BM
          JOIN COMMON_CODE_GROUP CCG ON BM.GROUP_CODE = CCG.GROUP_CODE
         ORDER BY CCG.SORT_ORDER ASC, BM.BOARD_CODE ASC /* 그룹 순서대로 정렬 */
 {executed in 14 msec}
[2026-05-31 21:23:25.917] [INFO ] [http-nio-8080-exec-1] jdbc.sqltiming - SELECT  /* BoardMapper.getBoardList (게시판 목록 전체를 조회하는 쿼리 (사용자 정보 JOIN))*/
               B.BOARD_ID
             , B.TITLE
             , B.CONTENT
             , M.USER_ID
             , M.USER_NAME
             , B.MEMBER_ID
             , B.BOARD_CODE
             , B.CATEGORY_ID
             , B.VIEW_COUNT
             , B.LIKE_COUNT
             ,(SELECT COUNT(*)
                 FROM COMMENT_MANAGEMENT CM
                WHERE CM.BOARD_ID = B.BOARD_ID
                  AND CM.DELETE_YN = 'N') AS commentCount /* 댓글 작성 수 */
             , M.PROFILE_IMAGE
             , B.CREATE_AT
             , B.UPDATE_AT
             , B.TAG_NAME
        FROM
            BOARD B
        LEFT JOIN MEMBER_INFO M ON B.MEMBER_ID = M.MEMBER_ID
        WHERE B.DELETE_YN = 'N'
        ORDER BY
            B.CREATE_AT DESC
 {executed in 14 msec}
[2026-05-31 21:23:25.934] [INFO ] [http-nio-8080-exec-3] jdbc.sqltiming - SELECT /*  boardMapper.getCategoryListByBoardCode 특정 게시판(boardCode)에 소속된 카테고리 목록 조회 */
               CCD.CODE_ID AS categoryId
             , CCD.CODE_NAME AS categoryName
          FROM BOARD_MASTER BM
    INNER JOIN COMMON_CODE_DETAIL CCD
            ON BM.GROUP_CODE = CCD.GROUP_CODE
         WHERE BM.BOARD_CODE = 'B_NOTICE_01'
           AND BM.USE_YN = 'Y'
      ORDER BY CCD.SORT_ORDER ASC
 {executed in 9 msec}
[2026-05-31 21:23:25.943] [INFO ] [http-nio-8080-exec-3] jdbc.sqltiming - SELECT /*  boardMapper.getCategoryListByBoardCode 특정 게시판(boardCode)에 소속된 카테고리 목록 조회 */
               CCD.CODE_ID AS categoryId
             , CCD.CODE_NAME AS categoryName
          FROM BOARD_MASTER BM
    INNER JOIN COMMON_CODE_DETAIL CCD
            ON BM.GROUP_CODE = CCD.GROUP_CODE
         WHERE BM.BOARD_CODE = 'B_SQLD_01'
           AND BM.USE_YN = 'Y'
      ORDER BY CCD.SORT_ORDER ASC
 {executed in 5 msec}
[2026-05-31 21:23:25.953] [INFO ] [http-nio-8080-exec-3] jdbc.sqltiming - SELECT /*  boardMapper.getCategoryListByBoardCode 특정 게시판(boardCode)에 소속된 카테고리 목록 조회 */
               CCD.CODE_ID AS categoryId
             , CCD.CODE_NAME AS categoryName
          FROM BOARD_MASTER BM
    INNER JOIN COMMON_CODE_DETAIL CCD
            ON BM.GROUP_CODE = CCD.GROUP_CODE
         WHERE BM.BOARD_CODE = 'B_GREETING_01'
           AND BM.USE_YN = 'Y'
      ORDER BY CCD.SORT_ORDER ASC
 {executed in 9 msec}
[2026-05-31 21:23:25.958] [INFO ] [http-nio-8080-exec-3] jdbc.sqltiming - SELECT /*  boardMapper.getCategoryListByBoardCode 특정 게시판(boardCode)에 소속된 카테고리 목록 조회 */
               CCD.CODE_ID AS categoryId
             , CCD.CODE_NAME AS categoryName
          FROM BOARD_MASTER BM
    INNER JOIN COMMON_CODE_DETAIL CCD
            ON BM.GROUP_CODE = CCD.GROUP_CODE
         WHERE BM.BOARD_CODE = 'B_G_Q&A_002'
           AND BM.USE_YN = 'Y'
      ORDER BY CCD.SORT_ORDER ASC
 {executed in 5 msec}
[2026-05-31 21:23:25.992] [INFO ] [http-nio-8080-exec-6] c.sqld_board.sqld.handler.JwtHandler - JWT token is expired: JWT expired at 2026-05-31T10:39:42Z. Current time: 2026-05-31T12:23:25Z, a difference of 6223992 milliseconds.  Allowed clock skew: 0 milliseconds.
[2026-05-31 21:23:26.005] [INFO ] [http-nio-8080-exec-6] jdbc.sqltiming - SELECT  /* BoardMapper.getBoardList (게시판 목록 전체를 조회하는 쿼리 (사용자 정보 JOIN))*/
               B.BOARD_ID
             , B.TITLE
             , B.CONTENT
             , M.USER_ID
             , M.USER_NAME
             , B.MEMBER_ID
             , B.BOARD_CODE
             , B.CATEGORY_ID
             , B.VIEW_COUNT
             , B.LIKE_COUNT
             ,(SELECT COUNT(*)
                 FROM COMMENT_MANAGEMENT CM
                WHERE CM.BOARD_ID = B.BOARD_ID
                  AND CM.DELETE_YN = 'N') AS commentCount /* 댓글 작성 수 */
             , M.PROFILE_IMAGE
             , B.CREATE_AT
             , B.UPDATE_AT
             , B.TAG_NAME
        FROM
            BOARD B
        LEFT JOIN MEMBER_INFO M ON B.MEMBER_ID = M.MEMBER_ID
        WHERE B.DELETE_YN = 'N'
        ORDER BY
            B.CREATE_AT DESC
 {executed in 6 msec}
[2026-05-31 21:23:27.068] [INFO ] [http-nio-8080-exec-7] c.sqld_board.sqld.handler.JwtHandler - JWT token is expired: JWT expired at 2026-05-31T10:39:42Z. Current time: 2026-05-31T12:23:27Z, a difference of 6225068 milliseconds.  Allowed clock skew: 0 milliseconds.
[2026-05-31 21:23:27.069] [INFO ] [http-nio-8080-exec-10] c.sqld_board.sqld.handler.JwtHandler - JWT token is expired: JWT expired at 2026-05-31T10:39:42Z. Current time: 2026-05-31T12:23:27Z, a difference of 6225069 milliseconds.  Allowed clock skew: 0 milliseconds.
[2026-05-31 21:23:27.068] [INFO ] [http-nio-8080-exec-9] c.sqld_board.sqld.handler.JwtHandler - JWT token is expired: JWT expired at 2026-05-31T10:39:42Z. Current time: 2026-05-31T12:23:27Z, a difference of 6225068 milliseconds.  Allowed clock skew: 0 milliseconds.
[2026-05-31 21:23:27.071] [INFO ] [http-nio-8080-exec-8] c.sqld_board.sqld.handler.JwtHandler - JWT token is expired: JWT expired at 2026-05-31T10:39:42Z. Current time: 2026-05-31T12:23:27Z, a difference of 6225071 milliseconds.  Allowed clock skew: 0 milliseconds.
[2026-05-31 21:23:27.089] [INFO ] [http-nio-8080-exec-8] c.s.s.service.board.BoardServiceImpl - 인기 게시물 조회를 위해 DB에 접근한다. (캐시 미적용 시에만 출력)
[2026-05-31 21:23:27.096] [INFO ] [http-nio-8080-exec-7] jdbc.sqltiming - SELECT /* BoardMapper.existBoardContent */
               COUNT(1)
          FROM BOARD
         WHERE BOARD_ID = 3
           AND DELETE_YN = 'N'
 {executed in 6 msec}
[2026-05-31 21:23:27.097] [INFO ] [http-nio-8080-exec-8] jdbc.sqltiming - SELECT /* BoardMapper.getPopularBoards (최근 15일 인기 게시글 조회) */
               B.BOARD_ID
             , B.TITLE
             , B.VIEW_COUNT
             , B.LIKE_COUNT
             , B.CREATE_AT
             , M.USER_NAME
             , M.PROFILE_IMAGE
        FROM BOARD B
        LEFT JOIN MEMBER_INFO M ON B.MEMBER_ID = M.MEMBER_ID
        WHERE B.CREATE_AT >= DATE_SUB(NOW(), INTERVAL 15 DAY)
          AND B.DELETE_YN = 'N'
        ORDER BY B.LIKE_COUNT DESC, B.VIEW_COUNT DESC
        LIMIT 5
 {executed in 7 msec}
[2026-05-31 21:23:27.104] [INFO ] [http-nio-8080-exec-9] jdbc.sqltiming - SELECT /* commentMapper.getChildCommentCount (자식 대댓글 유무 확인)*/
               CM.COMMENT_ID
             , CM.BOARD_ID
             , CM.MEMBER_ID
             , CM.USER_ID
             , M.USER_NAME
             , CM.CONTENT
             , CM.PARENT_COMMENT_ID
             , CM.LIKE_COUNT
             , CM.CREATE_AT
             , CM.UPDATE_AT
             , CM.DELETE_YN
        FROM COMMENT_MANAGEMENT CM
                 LEFT JOIN MEMBER_INFO M ON CM.MEMBER_ID = M.MEMBER_ID
        WHERE CM.BOARD_ID = 3
          AND CM.DELETE_YN = 'N'
        ORDER BY CM.CREATE_AT ASC
 {executed in 9 msec}
[2026-05-31 21:23:27.114] [INFO ] [http-nio-8080-exec-7] jdbc.sqltiming - SELECT /* BoardMapper.getSearchBoard (게시판 글 단건조회 (사용자 정보 JOIN)) */
               B.BOARD_ID
             , B.TITLE
             , B.CONTENT
             , M.USER_ID
             , M.USER_NAME
             , B.MEMBER_ID
             , B.BOARD_CODE
             , B.CATEGORY_ID
             , B.VIEW_COUNT
             , B.LIKE_COUNT
             , M.PROFILE_IMAGE
             , B.CREATE_AT
             , B.UPDATE_AT
             , B.TAG_NAME
             , BS.SCRAP_ID /* 스크랩 고유 ID */
          FROM BOARD B
          LEFT JOIN MEMBER_INFO M ON B.MEMBER_ID = M.MEMBER_ID
          LEFT JOIN BOARD_SCRAP BS ON B.BOARD_ID = BS.BOARD_ID AND BS.MEMBER_ID = NULL
         WHERE B.BOARD_ID = 3
           AND B.DELETE_YN = 'N'
 {executed in 8 msec}
[2026-05-31 21:23:27.114] [INFO ] [http-nio-8080-exec-10] jdbc.sqltiming - SELECT /* BoardMapper.getBoardListWithPaging (페이징 처리된 게시판 목록 조회 (지연 조인 최적화 적용)) */
               B.BOARD_ID
             , B.TITLE
             , B.CONTENT
             , M.USER_ID
             , M.USER_NAME
             , B.MEMBER_ID
             , B.BOARD_CODE
             , B.CATEGORY_ID
             , B.VIEW_COUNT
             , B.LIKE_COUNT
             ,(SELECT COUNT(*)
                 FROM COMMENT_MANAGEMENT CM
                 WHERE CM.BOARD_ID = B.BOARD_ID
                   AND CM.DELETE_YN = 'N') AS commentCount /* 댓글 작성 수 */
             , M.PROFILE_IMAGE
             , B.CREATE_AT
             , B.UPDATE_AT
             , B.TAG_NAME
          FROM BOARD B
    INNER JOIN ( /* 인덱스만 사용하여 필요한 ID들만 빠르게 추출 */
                SELECT BOARD_ID
                  FROM BOARD
             WHERE DELETE_YN = 'N' 
            ORDER BY CREATE_AT DESC
            LIMIT 20 OFFSET 0
        ) AS temp ON B.BOARD_ID = temp.BOARD_ID
        LEFT JOIN MEMBER_INFO M ON B.MEMBER_ID = M.MEMBER_ID
        ORDER BY B.CREATE_AT DESC
 {executed in 8 msec}
[2026-05-31 21:23:27.124] [INFO ] [http-nio-8080-exec-7] jdbc.sqltiming - SELECT /* BoardMapper.getBoardFileList (게시글에 첨부된 파일 리스트 조회) */
               FILE_ID
             , BOARD_ID
             , ORIGIN_NAME
             , SAVE_NAME
             , FILE_PATH
             , FILE_SIZE
             , CREATE_AT
          FROM BOARD_FILE
         WHERE BOARD_ID = 3
 {executed in 5 msec}
[2026-05-31 21:23:27.134] [INFO ] [http-nio-8080-exec-10] jdbc.sqltiming - SELECT /* BoardMapper.getgetBoardTotalCount (게시글 총 개수 조회) */
               COUNT(*)
          FROM BOARD
         WHERE DELETE_YN = 'N'
 {executed in 4 msec}
[2026-05-31 21:23:29.362] [INFO ] [http-nio-8080-exec-2] c.sqld_board.sqld.handler.JwtHandler - JWT token is expired: JWT expired at 2026-05-31T10:39:42Z. Current time: 2026-05-31T12:23:29Z, a difference of 6227362 milliseconds.  Allowed clock skew: 0 milliseconds.
[2026-05-31 21:23:29.420] [INFO ] [http-nio-8080-exec-2] jdbc.sqltiming - SELECT  /* BoardMapper.getBoardList (게시판 목록 전체를 조회하는 쿼리 (사용자 정보 JOIN))*/
               B.BOARD_ID
             , B.TITLE
             , B.CONTENT
             , M.USER_ID
             , M.USER_NAME
             , B.MEMBER_ID
             , B.BOARD_CODE
             , B.CATEGORY_ID
             , B.VIEW_COUNT
             , B.LIKE_COUNT
             ,(SELECT COUNT(*)
                 FROM COMMENT_MANAGEMENT CM
                WHERE CM.BOARD_ID = B.BOARD_ID
                  AND CM.DELETE_YN = 'N') AS commentCount /* 댓글 작성 수 */
             , M.PROFILE_IMAGE
             , B.CREATE_AT
             , B.UPDATE_AT
             , B.TAG_NAME
        FROM
            BOARD B
        LEFT JOIN MEMBER_INFO M ON B.MEMBER_ID = M.MEMBER_ID
        WHERE B.DELETE_YN = 'N'
        ORDER BY
            B.CREATE_AT DESC
 {executed in 15 msec}
[2026-05-31 21:23:30.656] [INFO ] [http-nio-8080-exec-5] c.sqld_board.sqld.handler.JwtHandler - JWT token is expired: JWT expired at 2026-05-31T10:39:42Z. Current time: 2026-05-31T12:23:30Z, a difference of 6228656 milliseconds.  Allowed clock skew: 0 milliseconds.
[2026-05-31 21:23:30.656] [INFO ] [http-nio-8080-exec-4] c.sqld_board.sqld.handler.JwtHandler - JWT token is expired: JWT expired at 2026-05-31T10:39:42Z. Current time: 2026-05-31T12:23:30Z, a difference of 6228656 milliseconds.  Allowed clock skew: 0 milliseconds.
[2026-05-31 21:23:30.656] [INFO ] [http-nio-8080-exec-3] c.sqld_board.sqld.handler.JwtHandler - JWT token is expired: JWT expired at 2026-05-31T10:39:42Z. Current time: 2026-05-31T12:23:30Z, a difference of 6228656 milliseconds.  Allowed clock skew: 0 milliseconds.
[2026-05-31 21:23:30.700] [INFO ] [http-nio-8080-exec-5] jdbc.sqltiming - SELECT /* BoardMapper.getBoardListWithPaging (페이징 처리된 게시판 목록 조회 (지연 조인 최적화 적용)) */
               B.BOARD_ID
             , B.TITLE
             , B.CONTENT
             , M.USER_ID
             , M.USER_NAME
             , B.MEMBER_ID
             , B.BOARD_CODE
             , B.CATEGORY_ID
             , B.VIEW_COUNT
             , B.LIKE_COUNT
             ,(SELECT COUNT(*)
                 FROM COMMENT_MANAGEMENT CM
                 WHERE CM.BOARD_ID = B.BOARD_ID
                   AND CM.DELETE_YN = 'N') AS commentCount /* 댓글 작성 수 */
             , M.PROFILE_IMAGE
             , B.CREATE_AT
             , B.UPDATE_AT
             , B.TAG_NAME
          FROM BOARD B
    INNER JOIN ( /* 인덱스만 사용하여 필요한 ID들만 빠르게 추출 */
                SELECT BOARD_ID
                  FROM BOARD
             WHERE DELETE_YN = 'N'

                    AND BOARD_CODE = 'B_SQLD_01' 
            ORDER BY CREATE_AT DESC
            LIMIT 10 OFFSET 0
        ) AS temp ON B.BOARD_ID = temp.BOARD_ID
        LEFT JOIN MEMBER_INFO M ON B.MEMBER_ID = M.MEMBER_ID
        ORDER BY B.CREATE_AT DESC
 {executed in 22 msec}
[2026-05-31 21:23:30.704] [INFO ] [http-nio-8080-exec-3] jdbc.sqltiming - SELECT /* BoardMapper.getBoardListWithPaging (페이징 처리된 게시판 목록 조회 (지연 조인 최적화 적용)) */
               B.BOARD_ID
             , B.TITLE
             , B.CONTENT
             , M.USER_ID
             , M.USER_NAME
             , B.MEMBER_ID
             , B.BOARD_CODE
             , B.CATEGORY_ID
             , B.VIEW_COUNT
             , B.LIKE_COUNT
             ,(SELECT COUNT(*)
                 FROM COMMENT_MANAGEMENT CM
                 WHERE CM.BOARD_ID = B.BOARD_ID
                   AND CM.DELETE_YN = 'N') AS commentCount /* 댓글 작성 수 */
             , M.PROFILE_IMAGE
             , B.CREATE_AT
             , B.UPDATE_AT
             , B.TAG_NAME
          FROM BOARD B
    INNER JOIN ( /* 인덱스만 사용하여 필요한 ID들만 빠르게 추출 */
                SELECT BOARD_ID
                  FROM BOARD
             WHERE DELETE_YN = 'N' 
            ORDER BY CREATE_AT DESC
            LIMIT 30 OFFSET 0
        ) AS temp ON B.BOARD_ID = temp.BOARD_ID
        LEFT JOIN MEMBER_INFO M ON B.MEMBER_ID = M.MEMBER_ID
        ORDER BY B.CREATE_AT DESC
 {executed in 26 msec}
[2026-05-31 21:23:30.711] [INFO ] [http-nio-8080-exec-5] jdbc.sqltiming - SELECT /* BoardMapper.getgetBoardTotalCount (게시글 총 개수 조회) */
               COUNT(*)
          FROM BOARD
         WHERE DELETE_YN = 'N'

                AND BOARD_CODE = 'B_SQLD_01'
 {executed in 5 msec}
[2026-05-31 21:23:30.724] [INFO ] [http-nio-8080-exec-3] jdbc.sqltiming - SELECT /* BoardMapper.getgetBoardTotalCount (게시글 총 개수 조회) */
               COUNT(*)
          FROM BOARD
         WHERE DELETE_YN = 'N'
 {executed in 4 msec}
[2026-05-31 21:24:08.406] [INFO ] [MessageBroker-1] o.s.w.s.c.WebSocketMessageBrokerStats - WebSocketSession[0 current WS(0)-HttpStream(0)-HttpPoll(0), 0 total, 0 closed abnormally (0 connect failure, 0 send limit, 0 transport error)], stompSubProtocol[processed CONNECT(0)-CONNECTED(0)-DISCONNECT(0)], stompBrokerRelay[null], inboundChannel[pool size = 0, active threads = 0, queued tasks = 0, completed tasks = 0], outboundChannel[pool size = 0, active threads = 0, queued tasks = 0, completed tasks = 0], sockJsScheduler[pool size = 5, active threads = 1, queued tasks = 4, completed tasks = 0]
[2026-05-31 21:25:00.056] [INFO ] [MessageBroker-2] c.s.s.c.s.BoardViewCountScheduler - >>> Redis 조회수 DB 동기화 시작
[2026-05-31 21:25:00.070] [INFO ] [MessageBroker-2] c.s.s.c.s.BoardViewCountScheduler - >>> 동기화할 조회수 데이터가 없습니다.
[2026-05-31 21:28:59.696] [INFO ] [http-nio-8080-exec-8] c.sqld_board.sqld.handler.JwtHandler - JWT token is expired: JWT expired at 2026-05-31T10:39:42Z. Current time: 2026-05-31T12:28:59Z, a difference of 6557696 milliseconds.  Allowed clock skew: 0 milliseconds.
[2026-05-31 21:28:59.696] [INFO ] [http-nio-8080-exec-6] c.sqld_board.sqld.handler.JwtHandler - JWT token is expired: JWT expired at 2026-05-31T10:39:42Z. Current time: 2026-05-31T12:28:59Z, a difference of 6557696 milliseconds.  Allowed clock skew: 0 milliseconds.
[2026-05-31 21:28:59.740] [INFO ] [http-nio-8080-exec-6] jdbc.sqltiming - SELECT /* WebSocketMapper.searchNotification */
               NOTI_ID
             , RECEIVER_ID
             , SENDER_ID
             , NOTI_TYPE
             , MESSAGE
             , IS_READ
             , CREATE_AT
             , TARGET_URL
        FROM NOTIFICATION
        WHERE RECEIVER_ID = 'MEMBER_20260427_001'
          AND IS_READ = 'N'
 {executed in 8 msec}
[2026-05-31 21:28:59.740] [INFO ] [http-nio-8080-exec-8] jdbc.sqltiming - SELECT  /* BoardMasterMapper.getBoardConfig 특정 게시판의 설정(이름, 카테고리 그룹, 기능 여부) 전체 리스트 조회 */
               BM.BOARD_CODE
             , BM.BOARD_NAME
             , BM.GROUP_CODE
             , BM.USE_YN
             , BM.FILE_YN
             , BM.REPLY_YN
             , BM.TAG_YN
             , CCG.SORT_ORDER
             , BM.CREATE_AT
             , BM.UPDATE_AT
          FROM BOARD_MASTER BM
          JOIN COMMON_CODE_GROUP CCG ON BM.GROUP_CODE = CCG.GROUP_CODE
         ORDER BY CCG.SORT_ORDER ASC, BM.BOARD_CODE ASC /* 그룹 순서대로 정렬 */
 {executed in 8 msec}
[2026-05-31 21:28:59.749] [INFO ] [http-nio-8080-exec-8] jdbc.sqltiming - SELECT /*  boardMapper.getCategoryListByBoardCode 특정 게시판(boardCode)에 소속된 카테고리 목록 조회 */
               CCD.CODE_ID AS categoryId
             , CCD.CODE_NAME AS categoryName
          FROM BOARD_MASTER BM
    INNER JOIN COMMON_CODE_DETAIL CCD
            ON BM.GROUP_CODE = CCD.GROUP_CODE
         WHERE BM.BOARD_CODE = 'B_NOTICE_01'
           AND BM.USE_YN = 'Y'
      ORDER BY CCD.SORT_ORDER ASC
 {executed in 6 msec}
[2026-05-31 21:28:59.759] [INFO ] [http-nio-8080-exec-8] jdbc.sqltiming - SELECT /*  boardMapper.getCategoryListByBoardCode 특정 게시판(boardCode)에 소속된 카테고리 목록 조회 */
               CCD.CODE_ID AS categoryId
             , CCD.CODE_NAME AS categoryName
          FROM BOARD_MASTER BM
    INNER JOIN COMMON_CODE_DETAIL CCD
            ON BM.GROUP_CODE = CCD.GROUP_CODE
         WHERE BM.BOARD_CODE = 'B_SQLD_01'
           AND BM.USE_YN = 'Y'
      ORDER BY CCD.SORT_ORDER ASC
 {executed in 7 msec}
[2026-05-31 21:28:59.768] [INFO ] [http-nio-8080-exec-8] jdbc.sqltiming - SELECT /*  boardMapper.getCategoryListByBoardCode 특정 게시판(boardCode)에 소속된 카테고리 목록 조회 */
               CCD.CODE_ID AS categoryId
             , CCD.CODE_NAME AS categoryName
          FROM BOARD_MASTER BM
    INNER JOIN COMMON_CODE_DETAIL CCD
            ON BM.GROUP_CODE = CCD.GROUP_CODE
         WHERE BM.BOARD_CODE = 'B_GREETING_01'
           AND BM.USE_YN = 'Y'
      ORDER BY CCD.SORT_ORDER ASC
 {executed in 7 msec}
[2026-05-31 21:28:59.773] [INFO ] [http-nio-8080-exec-8] jdbc.sqltiming - SELECT /*  boardMapper.getCategoryListByBoardCode 특정 게시판(boardCode)에 소속된 카테고리 목록 조회 */
               CCD.CODE_ID AS categoryId
             , CCD.CODE_NAME AS categoryName
          FROM BOARD_MASTER BM
    INNER JOIN COMMON_CODE_DETAIL CCD
            ON BM.GROUP_CODE = CCD.GROUP_CODE
         WHERE BM.BOARD_CODE = 'B_G_Q&A_002'
           AND BM.USE_YN = 'Y'
      ORDER BY CCD.SORT_ORDER ASC
 {executed in 4 msec}
[2026-05-31 21:28:59.805] [INFO ] [http-nio-8080-exec-7] c.sqld_board.sqld.handler.JwtHandler - JWT token is expired: JWT expired at 2026-05-31T10:39:42Z. Current time: 2026-05-31T12:28:59Z, a difference of 6557805 milliseconds.  Allowed clock skew: 0 milliseconds.
[2026-05-31 21:28:59.807] [INFO ] [http-nio-8080-exec-10] c.sqld_board.sqld.handler.JwtHandler - JWT token is expired: JWT expired at 2026-05-31T10:39:42Z. Current time: 2026-05-31T12:28:59Z, a difference of 6557807 milliseconds.  Allowed clock skew: 0 milliseconds.
[2026-05-31 21:28:59.807] [INFO ] [http-nio-8080-exec-2] c.sqld_board.sqld.handler.JwtHandler - JWT token is expired: JWT expired at 2026-05-31T10:39:42Z. Current time: 2026-05-31T12:28:59Z, a difference of 6557807 milliseconds.  Allowed clock skew: 0 milliseconds.
[2026-05-31 21:28:59.817] [INFO ] [http-nio-8080-exec-10] c.s.s.service.board.BoardServiceImpl - 인기 게시물 조회를 위해 DB에 접근한다. (캐시 미적용 시에만 출력)
[2026-05-31 21:28:59.819] [INFO ] [http-nio-8080-exec-2] jdbc.sqltiming - SELECT /* BoardMapper.getBoardListWithPaging (페이징 처리된 게시판 목록 조회 (지연 조인 최적화 적용)) */
               B.BOARD_ID
             , B.TITLE
             , B.CONTENT
             , M.USER_ID
             , M.USER_NAME
             , B.MEMBER_ID
             , B.BOARD_CODE
             , B.CATEGORY_ID
             , B.VIEW_COUNT
             , B.LIKE_COUNT
             ,(SELECT COUNT(*)
                 FROM COMMENT_MANAGEMENT CM
                 WHERE CM.BOARD_ID = B.BOARD_ID
                   AND CM.DELETE_YN = 'N') AS commentCount /* 댓글 작성 수 */
             , M.PROFILE_IMAGE
             , B.CREATE_AT
             , B.UPDATE_AT
             , B.TAG_NAME
          FROM BOARD B
    INNER JOIN ( /* 인덱스만 사용하여 필요한 ID들만 빠르게 추출 */
                SELECT BOARD_ID
                  FROM BOARD
             WHERE DELETE_YN = 'N' 
            ORDER BY CREATE_AT DESC
            LIMIT 30 OFFSET 0
        ) AS temp ON B.BOARD_ID = temp.BOARD_ID
        LEFT JOIN MEMBER_INFO M ON B.MEMBER_ID = M.MEMBER_ID
        ORDER BY B.CREATE_AT DESC
 {executed in 6 msec}
[2026-05-31 21:28:59.820] [INFO ] [http-nio-8080-exec-7] jdbc.sqltiming - SELECT /* BoardMapper.getBoardListWithPaging (페이징 처리된 게시판 목록 조회 (지연 조인 최적화 적용)) */
               B.BOARD_ID
             , B.TITLE
             , B.CONTENT
             , M.USER_ID
             , M.USER_NAME
             , B.MEMBER_ID
             , B.BOARD_CODE
             , B.CATEGORY_ID
             , B.VIEW_COUNT
             , B.LIKE_COUNT
             ,(SELECT COUNT(*)
                 FROM COMMENT_MANAGEMENT CM
                 WHERE CM.BOARD_ID = B.BOARD_ID
                   AND CM.DELETE_YN = 'N') AS commentCount /* 댓글 작성 수 */
             , M.PROFILE_IMAGE
             , B.CREATE_AT
             , B.UPDATE_AT
             , B.TAG_NAME
          FROM BOARD B
    INNER JOIN ( /* 인덱스만 사용하여 필요한 ID들만 빠르게 추출 */
                SELECT BOARD_ID
                  FROM BOARD
             WHERE DELETE_YN = 'N'

                    AND BOARD_CODE = 'B_SQLD_01' 
            ORDER BY CREATE_AT DESC
            LIMIT 10 OFFSET 0
        ) AS temp ON B.BOARD_ID = temp.BOARD_ID
        LEFT JOIN MEMBER_INFO M ON B.MEMBER_ID = M.MEMBER_ID
        ORDER BY B.CREATE_AT DESC
 {executed in 4 msec}
[2026-05-31 21:28:59.822] [INFO ] [http-nio-8080-exec-10] jdbc.sqltiming - SELECT /* BoardMapper.getPopularBoards (최근 15일 인기 게시글 조회) */
               B.BOARD_ID
             , B.TITLE
             , B.VIEW_COUNT
             , B.LIKE_COUNT
             , B.CREATE_AT
             , M.USER_NAME
             , M.PROFILE_IMAGE
        FROM BOARD B
        LEFT JOIN MEMBER_INFO M ON B.MEMBER_ID = M.MEMBER_ID
        WHERE B.CREATE_AT >= DATE_SUB(NOW(), INTERVAL 15 DAY)
          AND B.DELETE_YN = 'N'
        ORDER BY B.LIKE_COUNT DESC, B.VIEW_COUNT DESC
        LIMIT 5
 {executed in 4 msec}
[2026-05-31 21:28:59.830] [INFO ] [http-nio-8080-exec-7] jdbc.sqltiming - SELECT /* BoardMapper.getgetBoardTotalCount (게시글 총 개수 조회) */
               COUNT(*)
          FROM BOARD
         WHERE DELETE_YN = 'N'

                AND BOARD_CODE = 'B_SQLD_01'
 {executed in 4 msec}
[2026-05-31 21:28:59.838] [INFO ] [http-nio-8080-exec-2] jdbc.sqltiming - SELECT /* BoardMapper.getgetBoardTotalCount (게시글 총 개수 조회) */
               COUNT(*)
          FROM BOARD
         WHERE DELETE_YN = 'N'
 {executed in 5 msec}
[2026-05-31 21:29:01.140] [INFO ] [http-nio-8080-exec-5] c.sqld_board.sqld.handler.JwtHandler - JWT token is expired: JWT expired at 2026-05-31T10:39:42Z. Current time: 2026-05-31T12:29:01Z, a difference of 6559139 milliseconds.  Allowed clock skew: 0 milliseconds.
[2026-05-31 21:29:01.140] [INFO ] [http-nio-8080-exec-3] c.sqld_board.sqld.handler.JwtHandler - JWT token is expired: JWT expired at 2026-05-31T10:39:42Z. Current time: 2026-05-31T12:29:01Z, a difference of 6559140 milliseconds.  Allowed clock skew: 0 milliseconds.
[2026-05-31 21:29:01.140] [INFO ] [http-nio-8080-exec-4] c.sqld_board.sqld.handler.JwtHandler - JWT token is expired: JWT expired at 2026-05-31T10:39:42Z. Current time: 2026-05-31T12:29:01Z, a difference of 6559139 milliseconds.  Allowed clock skew: 0 milliseconds.
[2026-05-31 21:29:01.159] [INFO ] [http-nio-8080-exec-3] jdbc.sqltiming - SELECT /* BoardMapper.getBoardListWithPaging (페이징 처리된 게시판 목록 조회 (지연 조인 최적화 적용)) */
               B.BOARD_ID
             , B.TITLE
             , B.CONTENT
             , M.USER_ID
             , M.USER_NAME
             , B.MEMBER_ID
             , B.BOARD_CODE
             , B.CATEGORY_ID
             , B.VIEW_COUNT
             , B.LIKE_COUNT
             ,(SELECT COUNT(*)
                 FROM COMMENT_MANAGEMENT CM
                 WHERE CM.BOARD_ID = B.BOARD_ID
                   AND CM.DELETE_YN = 'N') AS commentCount /* 댓글 작성 수 */
             , M.PROFILE_IMAGE
             , B.CREATE_AT
             , B.UPDATE_AT
             , B.TAG_NAME
          FROM BOARD B
    INNER JOIN ( /* 인덱스만 사용하여 필요한 ID들만 빠르게 추출 */
                SELECT BOARD_ID
                  FROM BOARD
             WHERE DELETE_YN = 'N' 
            ORDER BY CREATE_AT DESC
            LIMIT 30 OFFSET 0
        ) AS temp ON B.BOARD_ID = temp.BOARD_ID
        LEFT JOIN MEMBER_INFO M ON B.MEMBER_ID = M.MEMBER_ID
        ORDER BY B.CREATE_AT DESC
 {executed in 6 msec}
[2026-05-31 21:29:01.159] [INFO ] [http-nio-8080-exec-4] jdbc.sqltiming - SELECT /* BoardMapper.getBoardListWithPaging (페이징 처리된 게시판 목록 조회 (지연 조인 최적화 적용)) */
               B.BOARD_ID
             , B.TITLE
             , B.CONTENT
             , M.USER_ID
             , M.USER_NAME
             , B.MEMBER_ID
             , B.BOARD_CODE
             , B.CATEGORY_ID
             , B.VIEW_COUNT
             , B.LIKE_COUNT
             ,(SELECT COUNT(*)
                 FROM COMMENT_MANAGEMENT CM
                 WHERE CM.BOARD_ID = B.BOARD_ID
                   AND CM.DELETE_YN = 'N') AS commentCount /* 댓글 작성 수 */
             , M.PROFILE_IMAGE
             , B.CREATE_AT
             , B.UPDATE_AT
             , B.TAG_NAME
          FROM BOARD B
    INNER JOIN ( /* 인덱스만 사용하여 필요한 ID들만 빠르게 추출 */
                SELECT BOARD_ID
                  FROM BOARD
             WHERE DELETE_YN = 'N'

                    AND BOARD_CODE = 'B_SQLD_01'

                    AND CATEGORY_ID = 'S001' 
            ORDER BY CREATE_AT DESC
            LIMIT 10 OFFSET 0
        ) AS temp ON B.BOARD_ID = temp.BOARD_ID
        LEFT JOIN MEMBER_INFO M ON B.MEMBER_ID = M.MEMBER_ID
        ORDER BY B.CREATE_AT DESC
 {executed in 6 msec}
[2026-05-31 21:29:01.167] [INFO ] [http-nio-8080-exec-4] jdbc.sqltiming - SELECT /* BoardMapper.getgetBoardTotalCount (게시글 총 개수 조회) */
               COUNT(*)
          FROM BOARD
         WHERE DELETE_YN = 'N'

                AND BOARD_CODE = 'B_SQLD_01'

                AND CATEGORY_ID = 'S001'
 {executed in 6 msec}
[2026-05-31 21:29:01.211] [INFO ] [http-nio-8080-exec-3] jdbc.sqltiming - SELECT /* BoardMapper.getgetBoardTotalCount (게시글 총 개수 조회) */
               COUNT(*)
          FROM BOARD
         WHERE DELETE_YN = 'N'
 {executed in 35 msec}
[2026-05-31 21:29:01.762] [INFO ] [http-nio-8080-exec-9] c.sqld_board.sqld.handler.JwtHandler - JWT token is expired: JWT expired at 2026-05-31T10:39:42Z. Current time: 2026-05-31T12:29:01Z, a difference of 6559762 milliseconds.  Allowed clock skew: 0 milliseconds.
[2026-05-31 21:29:01.762] [INFO ] [http-nio-8080-exec-6] c.sqld_board.sqld.handler.JwtHandler - JWT token is expired: JWT expired at 2026-05-31T10:39:42Z. Current time: 2026-05-31T12:29:01Z, a difference of 6559762 milliseconds.  Allowed clock skew: 0 milliseconds.
[2026-05-31 21:29:01.762] [INFO ] [http-nio-8080-exec-1] c.sqld_board.sqld.handler.JwtHandler - JWT token is expired: JWT expired at 2026-05-31T10:39:42Z. Current time: 2026-05-31T12:29:01Z, a difference of 6559762 milliseconds.  Allowed clock skew: 0 milliseconds.
[2026-05-31 21:29:01.817] [INFO ] [http-nio-8080-exec-9] jdbc.sqltiming - SELECT /* BoardMapper.getBoardListWithPaging (페이징 처리된 게시판 목록 조회 (지연 조인 최적화 적용)) */
               B.BOARD_ID
             , B.TITLE
             , B.CONTENT
             , M.USER_ID
             , M.USER_NAME
             , B.MEMBER_ID
             , B.BOARD_CODE
             , B.CATEGORY_ID
             , B.VIEW_COUNT
             , B.LIKE_COUNT
             ,(SELECT COUNT(*)
                 FROM COMMENT_MANAGEMENT CM
                 WHERE CM.BOARD_ID = B.BOARD_ID
                   AND CM.DELETE_YN = 'N') AS commentCount /* 댓글 작성 수 */
             , M.PROFILE_IMAGE
             , B.CREATE_AT
             , B.UPDATE_AT
             , B.TAG_NAME
          FROM BOARD B
    INNER JOIN ( /* 인덱스만 사용하여 필요한 ID들만 빠르게 추출 */
                SELECT BOARD_ID
                  FROM BOARD
             WHERE DELETE_YN = 'N'

                    AND BOARD_CODE = 'B_SQLD_01'

                    AND CATEGORY_ID = 'S002' 
            ORDER BY CREATE_AT DESC
            LIMIT 10 OFFSET 0
        ) AS temp ON B.BOARD_ID = temp.BOARD_ID
        LEFT JOIN MEMBER_INFO M ON B.MEMBER_ID = M.MEMBER_ID
        ORDER BY B.CREATE_AT DESC
 {executed in 6 msec}
[2026-05-31 21:29:01.821] [INFO ] [http-nio-8080-exec-6] jdbc.sqltiming - SELECT /* BoardMapper.getBoardListWithPaging (페이징 처리된 게시판 목록 조회 (지연 조인 최적화 적용)) */
               B.BOARD_ID
             , B.TITLE
             , B.CONTENT
             , M.USER_ID
             , M.USER_NAME
             , B.MEMBER_ID
             , B.BOARD_CODE
             , B.CATEGORY_ID
             , B.VIEW_COUNT
             , B.LIKE_COUNT
             ,(SELECT COUNT(*)
                 FROM COMMENT_MANAGEMENT CM
                 WHERE CM.BOARD_ID = B.BOARD_ID
                   AND CM.DELETE_YN = 'N') AS commentCount /* 댓글 작성 수 */
             , M.PROFILE_IMAGE
             , B.CREATE_AT
             , B.UPDATE_AT
             , B.TAG_NAME
          FROM BOARD B
    INNER JOIN ( /* 인덱스만 사용하여 필요한 ID들만 빠르게 추출 */
                SELECT BOARD_ID
                  FROM BOARD
             WHERE DELETE_YN = 'N' 
            ORDER BY CREATE_AT DESC
            LIMIT 30 OFFSET 0
        ) AS temp ON B.BOARD_ID = temp.BOARD_ID
        LEFT JOIN MEMBER_INFO M ON B.MEMBER_ID = M.MEMBER_ID
        ORDER BY B.CREATE_AT DESC
 {executed in 9 msec}
[2026-05-31 21:29:01.829] [INFO ] [http-nio-8080-exec-9] jdbc.sqltiming - SELECT /* BoardMapper.getgetBoardTotalCount (게시글 총 개수 조회) */
               COUNT(*)
          FROM BOARD
         WHERE DELETE_YN = 'N'

                AND BOARD_CODE = 'B_SQLD_01'

                AND CATEGORY_ID = 'S002'
 {executed in 4 msec}
[2026-05-31 21:29:01.840] [INFO ] [http-nio-8080-exec-6] jdbc.sqltiming - SELECT /* BoardMapper.getgetBoardTotalCount (게시글 총 개수 조회) */
               COUNT(*)
          FROM BOARD
         WHERE DELETE_YN = 'N'
 {executed in 4 msec}
[2026-05-31 21:29:04.076] [INFO ] [http-nio-8080-exec-7] c.sqld_board.sqld.handler.JwtHandler - JWT token is expired: JWT expired at 2026-05-31T10:39:42Z. Current time: 2026-05-31T12:29:04Z, a difference of 6562075 milliseconds.  Allowed clock skew: 0 milliseconds.
[2026-05-31 21:29:04.076] [INFO ] [http-nio-8080-exec-2] c.sqld_board.sqld.handler.JwtHandler - JWT token is expired: JWT expired at 2026-05-31T10:39:42Z. Current time: 2026-05-31T12:29:04Z, a difference of 6562075 milliseconds.  Allowed clock skew: 0 milliseconds.
[2026-05-31 21:29:04.101] [INFO ] [http-nio-8080-exec-2] jdbc.sqltiming - SELECT /* WebSocketMapper.searchNotification */
               NOTI_ID
             , RECEIVER_ID
             , SENDER_ID
             , NOTI_TYPE
             , MESSAGE
             , IS_READ
             , CREATE_AT
             , TARGET_URL
        FROM NOTIFICATION
        WHERE RECEIVER_ID = 'MEMBER_20260427_001'
          AND IS_READ = 'N'
 {executed in 6 msec}
[2026-05-31 21:29:04.101] [INFO ] [http-nio-8080-exec-7] jdbc.sqltiming - SELECT  /* BoardMasterMapper.getBoardConfig 특정 게시판의 설정(이름, 카테고리 그룹, 기능 여부) 전체 리스트 조회 */
               BM.BOARD_CODE
             , BM.BOARD_NAME
             , BM.GROUP_CODE
             , BM.USE_YN
             , BM.FILE_YN
             , BM.REPLY_YN
             , BM.TAG_YN
             , CCG.SORT_ORDER
             , BM.CREATE_AT
             , BM.UPDATE_AT
          FROM BOARD_MASTER BM
          JOIN COMMON_CODE_GROUP CCG ON BM.GROUP_CODE = CCG.GROUP_CODE
         ORDER BY CCG.SORT_ORDER ASC, BM.BOARD_CODE ASC /* 그룹 순서대로 정렬 */
 {executed in 7 msec}
[2026-05-31 21:29:04.110] [INFO ] [http-nio-8080-exec-7] jdbc.sqltiming - SELECT /*  boardMapper.getCategoryListByBoardCode 특정 게시판(boardCode)에 소속된 카테고리 목록 조회 */
               CCD.CODE_ID AS categoryId
             , CCD.CODE_NAME AS categoryName
          FROM BOARD_MASTER BM
    INNER JOIN COMMON_CODE_DETAIL CCD
            ON BM.GROUP_CODE = CCD.GROUP_CODE
         WHERE BM.BOARD_CODE = 'B_NOTICE_01'
           AND BM.USE_YN = 'Y'
      ORDER BY CCD.SORT_ORDER ASC
 {executed in 7 msec}
[2026-05-31 21:29:04.115] [INFO ] [http-nio-8080-exec-7] jdbc.sqltiming - SELECT /*  boardMapper.getCategoryListByBoardCode 특정 게시판(boardCode)에 소속된 카테고리 목록 조회 */
               CCD.CODE_ID AS categoryId
             , CCD.CODE_NAME AS categoryName
          FROM BOARD_MASTER BM
    INNER JOIN COMMON_CODE_DETAIL CCD
            ON BM.GROUP_CODE = CCD.GROUP_CODE
         WHERE BM.BOARD_CODE = 'B_SQLD_01'
           AND BM.USE_YN = 'Y'
      ORDER BY CCD.SORT_ORDER ASC
 {executed in 3 msec}
[2026-05-31 21:29:04.120] [INFO ] [http-nio-8080-exec-7] jdbc.sqltiming - SELECT /*  boardMapper.getCategoryListByBoardCode 특정 게시판(boardCode)에 소속된 카테고리 목록 조회 */
               CCD.CODE_ID AS categoryId
             , CCD.CODE_NAME AS categoryName
          FROM BOARD_MASTER BM
    INNER JOIN COMMON_CODE_DETAIL CCD
            ON BM.GROUP_CODE = CCD.GROUP_CODE
         WHERE BM.BOARD_CODE = 'B_GREETING_01'
           AND BM.USE_YN = 'Y'
      ORDER BY CCD.SORT_ORDER ASC
 {executed in 5 msec}
[2026-05-31 21:29:04.125] [INFO ] [http-nio-8080-exec-7] jdbc.sqltiming - SELECT /*  boardMapper.getCategoryListByBoardCode 특정 게시판(boardCode)에 소속된 카테고리 목록 조회 */
               CCD.CODE_ID AS categoryId
             , CCD.CODE_NAME AS categoryName
          FROM BOARD_MASTER BM
    INNER JOIN COMMON_CODE_DETAIL CCD
            ON BM.GROUP_CODE = CCD.GROUP_CODE
         WHERE BM.BOARD_CODE = 'B_G_Q&A_002'
           AND BM.USE_YN = 'Y'
      ORDER BY CCD.SORT_ORDER ASC
 {executed in 4 msec}
[2026-05-31 21:29:04.157] [INFO ] [http-nio-8080-exec-5] c.sqld_board.sqld.handler.JwtHandler - JWT token is expired: JWT expired at 2026-05-31T10:39:42Z. Current time: 2026-05-31T12:29:04Z, a difference of 6562157 milliseconds.  Allowed clock skew: 0 milliseconds.
[2026-05-31 21:29:04.158] [INFO ] [http-nio-8080-exec-4] c.sqld_board.sqld.handler.JwtHandler - JWT token is expired: JWT expired at 2026-05-31T10:39:42Z. Current time: 2026-05-31T12:29:04Z, a difference of 6562157 milliseconds.  Allowed clock skew: 0 milliseconds.
[2026-05-31 21:29:04.158] [INFO ] [http-nio-8080-exec-3] c.sqld_board.sqld.handler.JwtHandler - JWT token is expired: JWT expired at 2026-05-31T10:39:42Z. Current time: 2026-05-31T12:29:04Z, a difference of 6562158 milliseconds.  Allowed clock skew: 0 milliseconds.
[2026-05-31 21:29:04.171] [INFO ] [http-nio-8080-exec-3] jdbc.sqltiming - SELECT /* BoardMapper.getBoardListWithPaging (페이징 처리된 게시판 목록 조회 (지연 조인 최적화 적용)) */
               B.BOARD_ID
             , B.TITLE
             , B.CONTENT
             , M.USER_ID
             , M.USER_NAME
             , B.MEMBER_ID
             , B.BOARD_CODE
             , B.CATEGORY_ID
             , B.VIEW_COUNT
             , B.LIKE_COUNT
             ,(SELECT COUNT(*)
                 FROM COMMENT_MANAGEMENT CM
                 WHERE CM.BOARD_ID = B.BOARD_ID
                   AND CM.DELETE_YN = 'N') AS commentCount /* 댓글 작성 수 */
             , M.PROFILE_IMAGE
             , B.CREATE_AT
             , B.UPDATE_AT
             , B.TAG_NAME
          FROM BOARD B
    INNER JOIN ( /* 인덱스만 사용하여 필요한 ID들만 빠르게 추출 */
                SELECT BOARD_ID
                  FROM BOARD
             WHERE DELETE_YN = 'N' 
            ORDER BY CREATE_AT DESC
            LIMIT 30 OFFSET 0
        ) AS temp ON B.BOARD_ID = temp.BOARD_ID
        LEFT JOIN MEMBER_INFO M ON B.MEMBER_ID = M.MEMBER_ID
        ORDER BY B.CREATE_AT DESC
 {executed in 6 msec}
[2026-05-31 21:29:04.172] [INFO ] [http-nio-8080-exec-5] jdbc.sqltiming - SELECT /* BoardMapper.getBoardListWithPaging (페이징 처리된 게시판 목록 조회 (지연 조인 최적화 적용)) */
               B.BOARD_ID
             , B.TITLE
             , B.CONTENT
             , M.USER_ID
             , M.USER_NAME
             , B.MEMBER_ID
             , B.BOARD_CODE
             , B.CATEGORY_ID
             , B.VIEW_COUNT
             , B.LIKE_COUNT
             ,(SELECT COUNT(*)
                 FROM COMMENT_MANAGEMENT CM
                 WHERE CM.BOARD_ID = B.BOARD_ID
                   AND CM.DELETE_YN = 'N') AS commentCount /* 댓글 작성 수 */
             , M.PROFILE_IMAGE
             , B.CREATE_AT
             , B.UPDATE_AT
             , B.TAG_NAME
          FROM BOARD B
    INNER JOIN ( /* 인덱스만 사용하여 필요한 ID들만 빠르게 추출 */
                SELECT BOARD_ID
                  FROM BOARD
             WHERE DELETE_YN = 'N'

                    AND BOARD_CODE = 'B_SQLD_01'

                    AND CATEGORY_ID = 'S002' 
            ORDER BY CREATE_AT DESC
            LIMIT 10 OFFSET 0
        ) AS temp ON B.BOARD_ID = temp.BOARD_ID
        LEFT JOIN MEMBER_INFO M ON B.MEMBER_ID = M.MEMBER_ID
        ORDER BY B.CREATE_AT DESC
 {executed in 6 msec}
[2026-05-31 21:29:04.232] [INFO ] [http-nio-8080-exec-5] jdbc.sqltiming - SELECT /* BoardMapper.getgetBoardTotalCount (게시글 총 개수 조회) */
               COUNT(*)
          FROM BOARD
         WHERE DELETE_YN = 'N'

                AND BOARD_CODE = 'B_SQLD_01'

                AND CATEGORY_ID = 'S002'
 {executed in 23 msec}
[2026-05-31 21:29:04.247] [INFO ] [http-nio-8080-exec-3] jdbc.sqltiming - SELECT /* BoardMapper.getgetBoardTotalCount (게시글 총 개수 조회) */
               COUNT(*)
          FROM BOARD
         WHERE DELETE_YN = 'N'
 {executed in 6 msec}
[2026-05-31 21:29:15.197] [INFO ] [http-nio-8080-exec-9] c.sqld_board.sqld.handler.JwtHandler - JWT token is expired: JWT expired at 2026-05-31T10:39:42Z. Current time: 2026-05-31T12:29:15Z, a difference of 6573196 milliseconds.  Allowed clock skew: 0 milliseconds.
[2026-05-31 21:29:15.197] [INFO ] [http-nio-8080-exec-10] c.sqld_board.sqld.handler.JwtHandler - JWT token is expired: JWT expired at 2026-05-31T10:39:42Z. Current time: 2026-05-31T12:29:15Z, a difference of 6573196 milliseconds.  Allowed clock skew: 0 milliseconds.
[2026-05-31 21:29:15.228] [INFO ] [http-nio-8080-exec-9] jdbc.sqltiming - SELECT /* WebSocketMapper.searchNotification */
               NOTI_ID
             , RECEIVER_ID
             , SENDER_ID
             , NOTI_TYPE
             , MESSAGE
             , IS_READ
             , CREATE_AT
             , TARGET_URL
        FROM NOTIFICATION
        WHERE RECEIVER_ID = 'MEMBER_20260427_001'
          AND IS_READ = 'N'
 {executed in 6 msec}
[2026-05-31 21:29:15.229] [INFO ] [http-nio-8080-exec-10] jdbc.sqltiming - SELECT  /* BoardMasterMapper.getBoardConfig 특정 게시판의 설정(이름, 카테고리 그룹, 기능 여부) 전체 리스트 조회 */
               BM.BOARD_CODE
             , BM.BOARD_NAME
             , BM.GROUP_CODE
             , BM.USE_YN
             , BM.FILE_YN
             , BM.REPLY_YN
             , BM.TAG_YN
             , CCG.SORT_ORDER
             , BM.CREATE_AT
             , BM.UPDATE_AT
          FROM BOARD_MASTER BM
          JOIN COMMON_CODE_GROUP CCG ON BM.GROUP_CODE = CCG.GROUP_CODE
         ORDER BY CCG.SORT_ORDER ASC, BM.BOARD_CODE ASC /* 그룹 순서대로 정렬 */
 {executed in 6 msec}
[2026-05-31 21:29:15.236] [INFO ] [http-nio-8080-exec-10] jdbc.sqltiming - SELECT /*  boardMapper.getCategoryListByBoardCode 특정 게시판(boardCode)에 소속된 카테고리 목록 조회 */
               CCD.CODE_ID AS categoryId
             , CCD.CODE_NAME AS categoryName
          FROM BOARD_MASTER BM
    INNER JOIN COMMON_CODE_DETAIL CCD
            ON BM.GROUP_CODE = CCD.GROUP_CODE
         WHERE BM.BOARD_CODE = 'B_NOTICE_01'
           AND BM.USE_YN = 'Y'
      ORDER BY CCD.SORT_ORDER ASC
 {executed in 3 msec}
[2026-05-31 21:29:15.244] [INFO ] [http-nio-8080-exec-10] jdbc.sqltiming - SELECT /*  boardMapper.getCategoryListByBoardCode 특정 게시판(boardCode)에 소속된 카테고리 목록 조회 */
               CCD.CODE_ID AS categoryId
             , CCD.CODE_NAME AS categoryName
          FROM BOARD_MASTER BM
    INNER JOIN COMMON_CODE_DETAIL CCD
            ON BM.GROUP_CODE = CCD.GROUP_CODE
         WHERE BM.BOARD_CODE = 'B_SQLD_01'
           AND BM.USE_YN = 'Y'
      ORDER BY CCD.SORT_ORDER ASC
 {executed in 5 msec}
[2026-05-31 21:29:15.251] [INFO ] [http-nio-8080-exec-10] jdbc.sqltiming - SELECT /*  boardMapper.getCategoryListByBoardCode 특정 게시판(boardCode)에 소속된 카테고리 목록 조회 */
               CCD.CODE_ID AS categoryId
             , CCD.CODE_NAME AS categoryName
          FROM BOARD_MASTER BM
    INNER JOIN COMMON_CODE_DETAIL CCD
            ON BM.GROUP_CODE = CCD.GROUP_CODE
         WHERE BM.BOARD_CODE = 'B_GREETING_01'
           AND BM.USE_YN = 'Y'
      ORDER BY CCD.SORT_ORDER ASC
 {executed in 5 msec}
[2026-05-31 21:29:15.265] [INFO ] [http-nio-8080-exec-10] jdbc.sqltiming - SELECT /*  boardMapper.getCategoryListByBoardCode 특정 게시판(boardCode)에 소속된 카테고리 목록 조회 */
               CCD.CODE_ID AS categoryId
             , CCD.CODE_NAME AS categoryName
          FROM BOARD_MASTER BM
    INNER JOIN COMMON_CODE_DETAIL CCD
            ON BM.GROUP_CODE = CCD.GROUP_CODE
         WHERE BM.BOARD_CODE = 'B_G_Q&A_002'
           AND BM.USE_YN = 'Y'
      ORDER BY CCD.SORT_ORDER ASC
 {executed in 7 msec}
[2026-05-31 21:29:15.308] [INFO ] [http-nio-8080-exec-2] c.sqld_board.sqld.handler.JwtHandler - JWT token is expired: JWT expired at 2026-05-31T10:39:42Z. Current time: 2026-05-31T12:29:15Z, a difference of 6573308 milliseconds.  Allowed clock skew: 0 milliseconds.
[2026-05-31 21:29:15.309] [INFO ] [http-nio-8080-exec-8] c.sqld_board.sqld.handler.JwtHandler - JWT token is expired: JWT expired at 2026-05-31T10:39:42Z. Current time: 2026-05-31T12:29:15Z, a difference of 6573309 milliseconds.  Allowed clock skew: 0 milliseconds.
[2026-05-31 21:29:15.308] [INFO ] [http-nio-8080-exec-7] c.sqld_board.sqld.handler.JwtHandler - JWT token is expired: JWT expired at 2026-05-31T10:39:42Z. Current time: 2026-05-31T12:29:15Z, a difference of 6573308 milliseconds.  Allowed clock skew: 0 milliseconds.
[2026-05-31 21:29:15.330] [INFO ] [http-nio-8080-exec-2] jdbc.sqltiming - SELECT /* BoardMapper.getBoardListWithPaging (페이징 처리된 게시판 목록 조회 (지연 조인 최적화 적용)) */
               B.BOARD_ID
             , B.TITLE
             , B.CONTENT
             , M.USER_ID
             , M.USER_NAME
             , B.MEMBER_ID
             , B.BOARD_CODE
             , B.CATEGORY_ID
             , B.VIEW_COUNT
             , B.LIKE_COUNT
             ,(SELECT COUNT(*)
                 FROM COMMENT_MANAGEMENT CM
                 WHERE CM.BOARD_ID = B.BOARD_ID
                   AND CM.DELETE_YN = 'N') AS commentCount /* 댓글 작성 수 */
             , M.PROFILE_IMAGE
             , B.CREATE_AT
             , B.UPDATE_AT
             , B.TAG_NAME
          FROM BOARD B
    INNER JOIN ( /* 인덱스만 사용하여 필요한 ID들만 빠르게 추출 */
                SELECT BOARD_ID
                  FROM BOARD
             WHERE DELETE_YN = 'N' 
            ORDER BY CREATE_AT DESC
            LIMIT 30 OFFSET 0
        ) AS temp ON B.BOARD_ID = temp.BOARD_ID
        LEFT JOIN MEMBER_INFO M ON B.MEMBER_ID = M.MEMBER_ID
        ORDER BY B.CREATE_AT DESC
 {executed in 14 msec}
[2026-05-31 21:29:15.333] [INFO ] [http-nio-8080-exec-8] jdbc.sqltiming - SELECT /* BoardMapper.getBoardListWithPaging (페이징 처리된 게시판 목록 조회 (지연 조인 최적화 적용)) */
               B.BOARD_ID
             , B.TITLE
             , B.CONTENT
             , M.USER_ID
             , M.USER_NAME
             , B.MEMBER_ID
             , B.BOARD_CODE
             , B.CATEGORY_ID
             , B.VIEW_COUNT
             , B.LIKE_COUNT
             ,(SELECT COUNT(*)
                 FROM COMMENT_MANAGEMENT CM
                 WHERE CM.BOARD_ID = B.BOARD_ID
                   AND CM.DELETE_YN = 'N') AS commentCount /* 댓글 작성 수 */
             , M.PROFILE_IMAGE
             , B.CREATE_AT
             , B.UPDATE_AT
             , B.TAG_NAME
          FROM BOARD B
    INNER JOIN ( /* 인덱스만 사용하여 필요한 ID들만 빠르게 추출 */
                SELECT BOARD_ID
                  FROM BOARD
             WHERE DELETE_YN = 'N'

                    AND BOARD_CODE = 'B_SQLD_01'

                    AND CATEGORY_ID = 'S002' 
            ORDER BY CREATE_AT DESC
            LIMIT 10 OFFSET 0
        ) AS temp ON B.BOARD_ID = temp.BOARD_ID
        LEFT JOIN MEMBER_INFO M ON B.MEMBER_ID = M.MEMBER_ID
        ORDER BY B.CREATE_AT DESC
 {executed in 10 msec}
[2026-05-31 21:29:15.397] [INFO ] [http-nio-8080-exec-8] jdbc.sqltiming - SELECT /* BoardMapper.getgetBoardTotalCount (게시글 총 개수 조회) */
               COUNT(*)
          FROM BOARD
         WHERE DELETE_YN = 'N'

                AND BOARD_CODE = 'B_SQLD_01'

                AND CATEGORY_ID = 'S002'
 {executed in 6 msec}
[2026-05-31 21:29:15.484] [INFO ] [http-nio-8080-exec-2] jdbc.sqltiming - SELECT /* BoardMapper.getgetBoardTotalCount (게시글 총 개수 조회) */
               COUNT(*)
          FROM BOARD
         WHERE DELETE_YN = 'N'
 {executed in 6 msec}
[2026-05-31 21:29:17.778] [INFO ] [http-nio-8080-exec-5] c.sqld_board.sqld.handler.JwtHandler - JWT token is expired: JWT expired at 2026-05-31T10:39:42Z. Current time: 2026-05-31T12:29:17Z, a difference of 6575778 milliseconds.  Allowed clock skew: 0 milliseconds.
[2026-05-31 21:29:17.779] [INFO ] [http-nio-8080-exec-3] c.sqld_board.sqld.handler.JwtHandler - JWT token is expired: JWT expired at 2026-05-31T10:39:42Z. Current time: 2026-05-31T12:29:17Z, a difference of 6575778 milliseconds.  Allowed clock skew: 0 milliseconds.
[2026-05-31 21:29:17.778] [INFO ] [http-nio-8080-exec-4] c.sqld_board.sqld.handler.JwtHandler - JWT token is expired: JWT expired at 2026-05-31T10:39:42Z. Current time: 2026-05-31T12:29:17Z, a difference of 6575778 milliseconds.  Allowed clock skew: 0 milliseconds.
[2026-05-31 21:29:17.811] [INFO ] [http-nio-8080-exec-4] jdbc.sqltiming - SELECT /* BoardMapper.getBoardListWithPaging (페이징 처리된 게시판 목록 조회 (지연 조인 최적화 적용)) */
               B.BOARD_ID
             , B.TITLE
             , B.CONTENT
             , M.USER_ID
             , M.USER_NAME
             , B.MEMBER_ID
             , B.BOARD_CODE
             , B.CATEGORY_ID
             , B.VIEW_COUNT
             , B.LIKE_COUNT
             ,(SELECT COUNT(*)
                 FROM COMMENT_MANAGEMENT CM
                 WHERE CM.BOARD_ID = B.BOARD_ID
                   AND CM.DELETE_YN = 'N') AS commentCount /* 댓글 작성 수 */
             , M.PROFILE_IMAGE
             , B.CREATE_AT
             , B.UPDATE_AT
             , B.TAG_NAME
          FROM BOARD B
    INNER JOIN ( /* 인덱스만 사용하여 필요한 ID들만 빠르게 추출 */
                SELECT BOARD_ID
                  FROM BOARD
             WHERE DELETE_YN = 'N'

                    AND BOARD_CODE = 'B_SQLD_01'

                    AND CATEGORY_ID = 'S002' 
            ORDER BY CREATE_AT DESC
            LIMIT 10 OFFSET 10
        ) AS temp ON B.BOARD_ID = temp.BOARD_ID
        LEFT JOIN MEMBER_INFO M ON B.MEMBER_ID = M.MEMBER_ID
        ORDER BY B.CREATE_AT DESC
 {executed in 13 msec}
[2026-05-31 21:29:17.819] [INFO ] [http-nio-8080-exec-3] jdbc.sqltiming - SELECT /* BoardMapper.getBoardListWithPaging (페이징 처리된 게시판 목록 조회 (지연 조인 최적화 적용)) */
               B.BOARD_ID
             , B.TITLE
             , B.CONTENT
             , M.USER_ID
             , M.USER_NAME
             , B.MEMBER_ID
             , B.BOARD_CODE
             , B.CATEGORY_ID
             , B.VIEW_COUNT
             , B.LIKE_COUNT
             ,(SELECT COUNT(*)
                 FROM COMMENT_MANAGEMENT CM
                 WHERE CM.BOARD_ID = B.BOARD_ID
                   AND CM.DELETE_YN = 'N') AS commentCount /* 댓글 작성 수 */
             , M.PROFILE_IMAGE
             , B.CREATE_AT
             , B.UPDATE_AT
             , B.TAG_NAME
          FROM BOARD B
    INNER JOIN ( /* 인덱스만 사용하여 필요한 ID들만 빠르게 추출 */
                SELECT BOARD_ID
                  FROM BOARD
             WHERE DELETE_YN = 'N' 
            ORDER BY CREATE_AT DESC
            LIMIT 30 OFFSET 0
        ) AS temp ON B.BOARD_ID = temp.BOARD_ID
        LEFT JOIN MEMBER_INFO M ON B.MEMBER_ID = M.MEMBER_ID
        ORDER BY B.CREATE_AT DESC
 {executed in 21 msec}
[2026-05-31 21:29:17.874] [INFO ] [http-nio-8080-exec-4] jdbc.sqltiming - SELECT /* BoardMapper.getgetBoardTotalCount (게시글 총 개수 조회) */
               COUNT(*)
          FROM BOARD
         WHERE DELETE_YN = 'N'

                AND BOARD_CODE = 'B_SQLD_01'

                AND CATEGORY_ID = 'S002'
 {executed in 4 msec}
[2026-05-31 21:29:17.951] [INFO ] [http-nio-8080-exec-3] jdbc.sqltiming - SELECT /* BoardMapper.getgetBoardTotalCount (게시글 총 개수 조회) */
               COUNT(*)
          FROM BOARD
         WHERE DELETE_YN = 'N'
 {executed in 5 msec}
[2026-05-31 21:29:19.149] [INFO ] [http-nio-8080-exec-6] c.sqld_board.sqld.handler.JwtHandler - JWT token is expired: JWT expired at 2026-05-31T10:39:42Z. Current time: 2026-05-31T12:29:19Z, a difference of 6577149 milliseconds.  Allowed clock skew: 0 milliseconds.
[2026-05-31 21:29:19.233] [INFO ] [http-nio-8080-exec-9] jdbc.sqltiming - SELECT  /* BoardMapper.getBoardList (게시판 목록 전체를 조회하는 쿼리 (사용자 정보 JOIN))*/
               B.BOARD_ID
             , B.TITLE
             , B.CONTENT
             , M.USER_ID
             , M.USER_NAME
             , B.MEMBER_ID
             , B.BOARD_CODE
             , B.CATEGORY_ID
             , B.VIEW_COUNT
             , B.LIKE_COUNT
             ,(SELECT COUNT(*)
                 FROM COMMENT_MANAGEMENT CM
                WHERE CM.BOARD_ID = B.BOARD_ID
                  AND CM.DELETE_YN = 'N') AS commentCount /* 댓글 작성 수 */
             , M.PROFILE_IMAGE
             , B.CREATE_AT
             , B.UPDATE_AT
             , B.TAG_NAME
        FROM
            BOARD B
        LEFT JOIN MEMBER_INFO M ON B.MEMBER_ID = M.MEMBER_ID
        WHERE B.DELETE_YN = 'N'
        ORDER BY
            B.CREATE_AT DESC
 {executed in 14 msec}
[2026-05-31 21:29:25.520] [INFO ] [http-nio-8080-exec-10] jdbc.sqltiming - SELECT MEMBER_ID
             , USER_ID
             , USER_PASS
             , USER_NAME
             , USER_EMAIL
             , EMAIL_VERIFIED
             , USER_ROLE
             , USER_STATUS
             , PROFILE_IMAGE
             , CREATE_AT
             , UPDATE_AT
             , LAST_LOG_AT
          FROM MEMBER_INFO
         WHERE USER_ID = 'Admin'
         LIMIT 1
 {executed in 5 msec}
[2026-05-31 21:29:25.637] [INFO ] [http-nio-8080-exec-10] jdbc.sqltiming - UPDATE MEMBER_INFO
        SET LAST_LOG_AT = NOW()
        WHERE MEMBER_ID = 'MEMBER_20260427_001'
 {executed in 10 msec}
[2026-05-31 21:29:25.661] [INFO ] [http-nio-8080-exec-10] jdbc.sqltiming - DELETE FROM REFRESH_TOKEN WHERE MEMBER_ID = 'MEMBER_20260427_001'
 {executed in 9 msec}
[2026-05-31 21:29:25.679] [INFO ] [http-nio-8080-exec-10] jdbc.sqltiming - INSERT INTO REFRESH_TOKEN (MEMBER_ID, R_TOKEN, EXPIRY_DATE)
        VALUES ('MEMBER_20260427_001', 'd732cb0a-7284-4102-a126-a1962482b114', '06/07/2026 21:29:25.661')
 {executed in 14 msec}
[2026-05-31 21:29:25.833] [INFO ] [http-nio-8080-exec-2] jdbc.sqltiming - SELECT /* MemberMapper.readMemberByMemberId (memberId를 통한 회원 정보 조회) */
               MEMBER_ID
             , USER_ID
             , USER_PASS
             , USER_NAME
             , USER_EMAIL
             , EMAIL_VERIFIED
             , USER_ROLE
             , USER_STATUS
             , PROFILE_IMAGE
             , CREATE_AT
             , UPDATE_AT
             , LAST_LOG_AT
          FROM MEMBER_INFO
        WHERE MEMBER_ID = 'MEMBER_20260427_001'
 {executed in 5 msec}
[2026-05-31 21:29:25.833] [INFO ] [http-nio-8080-exec-8] jdbc.sqltiming - SELECT /* MemberMapper.readMemberByMemberId (memberId를 통한 회원 정보 조회) */
               MEMBER_ID
             , USER_ID
             , USER_PASS
             , USER_NAME
             , USER_EMAIL
             , EMAIL_VERIFIED
             , USER_ROLE
             , USER_STATUS
             , PROFILE_IMAGE
             , CREATE_AT
             , UPDATE_AT
             , LAST_LOG_AT
          FROM MEMBER_INFO
        WHERE MEMBER_ID = 'MEMBER_20260427_001'
 {executed in 5 msec}
[2026-05-31 21:29:25.855] [INFO ] [http-nio-8080-exec-8] jdbc.sqltiming - SELECT /* WebSocketMapper.searchNotification */
               NOTI_ID
             , RECEIVER_ID
             , SENDER_ID
             , NOTI_TYPE
             , MESSAGE
             , IS_READ
             , CREATE_AT
             , TARGET_URL
        FROM NOTIFICATION
        WHERE RECEIVER_ID = 'MEMBER_20260427_001'
          AND IS_READ = 'N'
 {executed in 3 msec}
[2026-05-31 21:29:25.861] [INFO ] [http-nio-8080-exec-2] jdbc.sqltiming - SELECT  /* BoardMapper.getBoardList (게시판 목록 전체를 조회하는 쿼리 (사용자 정보 JOIN))*/
               B.BOARD_ID
             , B.TITLE
             , B.CONTENT
             , M.USER_ID
             , M.USER_NAME
             , B.MEMBER_ID
             , B.BOARD_CODE
             , B.CATEGORY_ID
             , B.VIEW_COUNT
             , B.LIKE_COUNT
             ,(SELECT COUNT(*)
                 FROM COMMENT_MANAGEMENT CM
                WHERE CM.BOARD_ID = B.BOARD_ID
                  AND CM.DELETE_YN = 'N') AS commentCount /* 댓글 작성 수 */
             , M.PROFILE_IMAGE
             , B.CREATE_AT
             , B.UPDATE_AT
             , B.TAG_NAME
        FROM
            BOARD B
        LEFT JOIN MEMBER_INFO M ON B.MEMBER_ID = M.MEMBER_ID
        WHERE B.DELETE_YN = 'N'
        ORDER BY
            B.CREATE_AT DESC
 {executed in 15 msec}
[2026-05-31 21:29:25.950] [INFO ] [http-nio-8080-exec-5] jdbc.sqltiming - SELECT /* MemberMapper.readMemberByMemberId (memberId를 통한 회원 정보 조회) */
               MEMBER_ID
             , USER_ID
             , USER_PASS
             , USER_NAME
             , USER_EMAIL
             , EMAIL_VERIFIED
             , USER_ROLE
             , USER_STATUS
             , PROFILE_IMAGE
             , CREATE_AT
             , UPDATE_AT
             , LAST_LOG_AT
          FROM MEMBER_INFO
        WHERE MEMBER_ID = 'MEMBER_20260427_001'
 {executed in 5 msec}
[2026-05-31 21:29:25.987] [INFO ] [http-nio-8080-exec-4] c.s.s.s.w.WebSocketServiceImpl - [Presence] User 관리자 joined room OPEN_CHAT
[2026-05-31 21:29:25.999] [INFO ] [http-nio-8080-exec-4] c.s.s.c.w.WebSocketEventListener - [Presence] User 관리자 joined room OPEN_CHAT
[2026-05-31 21:29:26.046] [INFO ] [http-nio-8080-exec-4] c.s.s.c.w.WebSocketEventListener - [Presence] Room OPEN_CHAT  updated. Count: 1
[2026-05-31 21:29:26.109] [INFO ] [http-nio-8080-exec-4] c.s.s.c.w.WebSocketEventListener - [Presence] Room OPEN_CHAT  updated. Count: 1
[2026-05-31 21:29:26.506] [INFO ] [clientInboundChannel-13] jdbc.sqltiming - SELECT /* MemberMapper.readMemberByMemberId (memberId를 통한 회원 정보 조회) */
               MEMBER_ID
             , USER_ID
             , USER_PASS
             , USER_NAME
             , USER_EMAIL
             , EMAIL_VERIFIED
             , USER_ROLE
             , USER_STATUS
             , PROFILE_IMAGE
             , CREATE_AT
             , UPDATE_AT
             , LAST_LOG_AT
          FROM MEMBER_INFO
        WHERE MEMBER_ID = 'MEMBER_20260427_001'
 {executed in 9 msec}
[2026-05-31 21:29:26.522] [INFO ] [clientInboundChannel-13] jdbc.sqltiming - INSERT INTO CHAT_MESSAGE( /* WebSocketMapper.insertChatMessage (채팅 저장) */
                    ROOM_ID
                  , SENDER_ID
                  , CONTENT
                  , SEND_TIME
                  , CHAT_TYPE
        )    VALUES(
                    'OPEN_CHAT'
                  , 'MEMBER_20260427_001'
                  , '관리자님이 입장하셨습니다.'
                  , 2026-05-31T21:29:26.508398
                  , 'ENTER'
               )
 {executed in 12 msec}
[2026-05-31 21:29:26.524] [INFO ] [clientInboundChannel-13] jdbc.sqltiming - getGeneratedKeys on query: INSERT INTO CHAT_MESSAGE( /* WebSocketMapper.insertChatMessage (채팅 저장) */
                    ROOM_ID
                  , SENDER_ID
                  , CONTENT
                  , SEND_TIME
                  , CHAT_TYPE
        )    VALUES(
                    'OPEN_CHAT'
                  , 'MEMBER_20260427_001'
                  , '관리자님이 입장하셨습니다.'
                  , 2026-05-31T21:29:26.508398
                  , 'ENTER'
               )
 {executed in 0 msec}
[2026-05-31 21:29:26.537] [INFO ] [clientInboundChannel-13] c.s.s.s.w.WebSocketServiceImpl - JSON Message to Redis: {"notiId":null,"senderName":"관리자","type":"ENTER","roomId":"OPEN_CHAT","senderId":"MEMBER_20260427_001","targetId":null,"content":"관리자님이 입장하셨습니다.","timestamp":"2026-05-31 21:29:26","targetUrl":null}
[2026-05-31 21:29:26.551] [INFO ] [redisContainer-1] c.s.s.s.redisConfig.RedisSubscriber - Redis Subscribe - Message Received: {"notiId":null,"senderName":"관리자","type":"ENTER","roomId":"OPEN_CHAT","senderId":"MEMBER_20260427_001","targetId":null,"content":"관리자님이 입장하셨습니다.","timestamp":"2026-05-31 21:29:26","targetUrl":null}
[2026-05-31 21:29:27.533] [INFO ] [http-nio-8080-exec-10] jdbc.sqltiming - SELECT /* MemberMapper.readMemberByMemberId (memberId를 통한 회원 정보 조회) */
               MEMBER_ID
             , USER_ID
             , USER_PASS
             , USER_NAME
             , USER_EMAIL
             , EMAIL_VERIFIED
             , USER_ROLE
             , USER_STATUS
             , PROFILE_IMAGE
             , CREATE_AT
             , UPDATE_AT
             , LAST_LOG_AT
          FROM MEMBER_INFO
        WHERE MEMBER_ID = 'MEMBER_20260427_001'
 {executed in 5 msec}
[2026-05-31 21:29:27.533] [INFO ] [http-nio-8080-exec-6] jdbc.sqltiming - SELECT /* MemberMapper.readMemberByMemberId (memberId를 통한 회원 정보 조회) */
               MEMBER_ID
             , USER_ID
             , USER_PASS
             , USER_NAME
             , USER_EMAIL
             , EMAIL_VERIFIED
             , USER_ROLE
             , USER_STATUS
             , PROFILE_IMAGE
             , CREATE_AT
             , UPDATE_AT
             , LAST_LOG_AT
          FROM MEMBER_INFO
        WHERE MEMBER_ID = 'MEMBER_20260427_001'
 {executed in 5 msec}
[2026-05-31 21:29:27.533] [INFO ] [http-nio-8080-exec-1] jdbc.sqltiming - SELECT /* MemberMapper.readMemberByMemberId (memberId를 통한 회원 정보 조회) */
               MEMBER_ID
             , USER_ID
             , USER_PASS
             , USER_NAME
             , USER_EMAIL
             , EMAIL_VERIFIED
             , USER_ROLE
             , USER_STATUS
             , PROFILE_IMAGE
             , CREATE_AT
             , UPDATE_AT
             , LAST_LOG_AT
          FROM MEMBER_INFO
        WHERE MEMBER_ID = 'MEMBER_20260427_001'
 {executed in 5 msec}
[2026-05-31 21:29:27.539] [INFO ] [http-nio-8080-exec-9] jdbc.sqltiming - SELECT /* MemberMapper.readMemberByMemberId (memberId를 통한 회원 정보 조회) */
               MEMBER_ID
             , USER_ID
             , USER_PASS
             , USER_NAME
             , USER_EMAIL
             , EMAIL_VERIFIED
             , USER_ROLE
             , USER_STATUS
             , PROFILE_IMAGE
             , CREATE_AT
             , UPDATE_AT
             , LAST_LOG_AT
          FROM MEMBER_INFO
        WHERE MEMBER_ID = 'MEMBER_20260427_001'
 {executed in 7 msec}
[2026-05-31 21:29:27.546] [INFO ] [http-nio-8080-exec-6] jdbc.sqltiming - SELECT /* BoardMapper.existBoardContent */
               COUNT(1)
          FROM BOARD
         WHERE BOARD_ID = 26
           AND DELETE_YN = 'N'
 {executed in 4 msec}
[2026-05-31 21:29:27.555] [INFO ] [http-nio-8080-exec-1] jdbc.sqltiming - SELECT /* commentMapper.getChildCommentCount (자식 대댓글 유무 확인)*/
               CM.COMMENT_ID
             , CM.BOARD_ID
             , CM.MEMBER_ID
             , CM.USER_ID
             , M.USER_NAME
             , CM.CONTENT
             , CM.PARENT_COMMENT_ID
             , CM.LIKE_COUNT
             , CM.CREATE_AT
             , CM.UPDATE_AT
             , CM.DELETE_YN
        FROM COMMENT_MANAGEMENT CM
                 LEFT JOIN MEMBER_INFO M ON CM.MEMBER_ID = M.MEMBER_ID
        WHERE CM.BOARD_ID = 26
          AND CM.DELETE_YN = 'N'
        ORDER BY CM.CREATE_AT ASC
 {executed in 9 msec}
[2026-05-31 21:29:27.563] [INFO ] [http-nio-8080-exec-6] jdbc.sqltiming - SELECT /* BoardMapper.getSearchBoard (게시판 글 단건조회 (사용자 정보 JOIN)) */
               B.BOARD_ID
             , B.TITLE
             , B.CONTENT
             , M.USER_ID
             , M.USER_NAME
             , B.MEMBER_ID
             , B.BOARD_CODE
             , B.CATEGORY_ID
             , B.VIEW_COUNT
             , B.LIKE_COUNT
             , M.PROFILE_IMAGE
             , B.CREATE_AT
             , B.UPDATE_AT
             , B.TAG_NAME
             , BS.SCRAP_ID /* 스크랩 고유 ID */
          FROM BOARD B
          LEFT JOIN MEMBER_INFO M ON B.MEMBER_ID = M.MEMBER_ID
          LEFT JOIN BOARD_SCRAP BS ON B.BOARD_ID = BS.BOARD_ID AND BS.MEMBER_ID = 'MEMBER_20260427_001'
         WHERE B.BOARD_ID = 26
           AND B.DELETE_YN = 'N'
 {executed in 7 msec}
[2026-05-31 21:29:27.563] [INFO ] [http-nio-8080-exec-9] jdbc.sqltiming - SELECT /* BoardMapper.getBoardListWithPaging (페이징 처리된 게시판 목록 조회 (지연 조인 최적화 적용)) */
               B.BOARD_ID
             , B.TITLE
             , B.CONTENT
             , M.USER_ID
             , M.USER_NAME
             , B.MEMBER_ID
             , B.BOARD_CODE
             , B.CATEGORY_ID
             , B.VIEW_COUNT
             , B.LIKE_COUNT
             ,(SELECT COUNT(*)
                 FROM COMMENT_MANAGEMENT CM
                 WHERE CM.BOARD_ID = B.BOARD_ID
                   AND CM.DELETE_YN = 'N') AS commentCount /* 댓글 작성 수 */
             , M.PROFILE_IMAGE
             , B.CREATE_AT
             , B.UPDATE_AT
             , B.TAG_NAME
          FROM BOARD B
    INNER JOIN ( /* 인덱스만 사용하여 필요한 ID들만 빠르게 추출 */
                SELECT BOARD_ID
                  FROM BOARD
             WHERE DELETE_YN = 'N' 
            ORDER BY CREATE_AT DESC
            LIMIT 20 OFFSET 0
        ) AS temp ON B.BOARD_ID = temp.BOARD_ID
        LEFT JOIN MEMBER_INFO M ON B.MEMBER_ID = M.MEMBER_ID
        ORDER BY B.CREATE_AT DESC
 {executed in 15 msec}
[2026-05-31 21:29:27.585] [INFO ] [http-nio-8080-exec-6] jdbc.sqltiming - SELECT /* BoardMapper.getBoardFileList (게시글에 첨부된 파일 리스트 조회) */
               FILE_ID
             , BOARD_ID
             , ORIGIN_NAME
             , SAVE_NAME
             , FILE_PATH
             , FILE_SIZE
             , CREATE_AT
          FROM BOARD_FILE
         WHERE BOARD_ID = 26
 {executed in 12 msec}
[2026-05-31 21:29:27.610] [INFO ] [http-nio-8080-exec-6] jdbc.sqltiming - SELECT COUNT(*)
        FROM BOARD_LIKE
        WHERE BOARD_ID = 26 AND MEMBER_ID = 'MEMBER_20260427_001'
 {executed in 24 msec}
[2026-05-31 21:29:27.615] [INFO ] [http-nio-8080-exec-6] jdbc.sqltiming - SELECT /* BoardMapper.checkBoardScrap (페이지 스크랩 여부  확인) */
               COUNT(*)
          FROM BOARD_SCRAP
         WHERE BOARD_ID = 26
           AND MEMBER_ID = 'MEMBER_20260427_001'
 {executed in 4 msec}
[2026-05-31 21:29:27.708] [INFO ] [http-nio-8080-exec-9] jdbc.sqltiming - SELECT /* BoardMapper.getgetBoardTotalCount (게시글 총 개수 조회) */
               COUNT(*)
          FROM BOARD
         WHERE DELETE_YN = 'N'
 {executed in 5 msec}
[2026-05-31 21:29:29.042] [INFO ] [http-nio-8080-exec-7] jdbc.sqltiming - SELECT /* MemberMapper.readMemberByMemberId (memberId를 통한 회원 정보 조회) */
               MEMBER_ID
             , USER_ID
             , USER_PASS
             , USER_NAME
             , USER_EMAIL
             , EMAIL_VERIFIED
             , USER_ROLE
             , USER_STATUS
             , PROFILE_IMAGE
             , CREATE_AT
             , UPDATE_AT
             , LAST_LOG_AT
          FROM MEMBER_INFO
        WHERE MEMBER_ID = 'MEMBER_20260427_001'
 {executed in 5 msec}
[2026-05-31 21:29:29.068] [INFO ] [http-nio-8080-exec-7] jdbc.sqltiming - SELECT  /* BoardMapper.getBoardList (게시판 목록 전체를 조회하는 쿼리 (사용자 정보 JOIN))*/
               B.BOARD_ID
             , B.TITLE
             , B.CONTENT
             , M.USER_ID
             , M.USER_NAME
             , B.MEMBER_ID
             , B.BOARD_CODE
             , B.CATEGORY_ID
             , B.VIEW_COUNT
             , B.LIKE_COUNT
             ,(SELECT COUNT(*)
                 FROM COMMENT_MANAGEMENT CM
                WHERE CM.BOARD_ID = B.BOARD_ID
                  AND CM.DELETE_YN = 'N') AS commentCount /* 댓글 작성 수 */
             , M.PROFILE_IMAGE
             , B.CREATE_AT
             , B.UPDATE_AT
             , B.TAG_NAME
        FROM
            BOARD B
        LEFT JOIN MEMBER_INFO M ON B.MEMBER_ID = M.MEMBER_ID
        WHERE B.DELETE_YN = 'N'
        ORDER BY
            B.CREATE_AT DESC
 {executed in 15 msec}
[2026-05-31 21:29:30.610] [INFO ] [http-nio-8080-exec-8] jdbc.sqltiming - SELECT /* MemberMapper.readMemberByMemberId (memberId를 통한 회원 정보 조회) */
               MEMBER_ID
             , USER_ID
             , USER_PASS
             , USER_NAME
             , USER_EMAIL
             , EMAIL_VERIFIED
             , USER_ROLE
             , USER_STATUS
             , PROFILE_IMAGE
             , CREATE_AT
             , UPDATE_AT
             , LAST_LOG_AT
          FROM MEMBER_INFO
        WHERE MEMBER_ID = 'MEMBER_20260427_001'
 {executed in 15 msec}
[2026-05-31 21:29:30.628] [INFO ] [http-nio-8080-exec-8] jdbc.sqltiming - SELECT /* Member.readMemberSimpleInfo (로그인 후, 회원 간편 정보 조회) */
               USER_ID                                  /* 사용자 아이디 */
             , USER_NAME                                /* 사용자 명    */
             , USER_EMAIL                               /* 사용자 이메일 */
             , USER_ROLE                                /* 사용자 권한  */
             , PROFILE_IMAGE                            /* 사용자 프로필  */
             , (SELECT COUNT(*)
                  FROM BOARD B
                 WHERE B.MEMBER_ID = M.MEMBER_ID
                   AND DELETE_YN='N') AS postCount      /* 게시글 수 */
             , (SELECT COUNT(*)
                  FROM COMMENT_MANAGEMENT CM
                 WHERE CM.MEMBER_ID = M.MEMBER_ID
                   AND DELETE_YN = 'N') AS commentCount /* 댓글 작성 수 */
             , LAST_LOG_AT  /* 최근 접속 시간 */
        FROM MEMBER_INFO M
        WHERE MEMBER_ID = 'MEMBER_20260427_001'
 {executed in 5 msec}
[2026-05-31 21:29:31.394] [INFO ] [http-nio-8080-exec-5] jdbc.sqltiming - SELECT /* MemberMapper.readMemberByMemberId (memberId를 통한 회원 정보 조회) */
               MEMBER_ID
             , USER_ID
             , USER_PASS
             , USER_NAME
             , USER_EMAIL
             , EMAIL_VERIFIED
             , USER_ROLE
             , USER_STATUS
             , PROFILE_IMAGE
             , CREATE_AT
             , UPDATE_AT
             , LAST_LOG_AT
          FROM MEMBER_INFO
        WHERE MEMBER_ID = 'MEMBER_20260427_001'
 {executed in 5 msec}
[2026-05-31 21:29:31.413] [INFO ] [http-nio-8080-exec-5] jdbc.sqltiming - SELECT /* BoardMapper.getBoardListWithPaging (페이징 처리된 게시판 목록 조회 (지연 조인 최적화 적용)) */
               B.BOARD_ID
             , B.TITLE
             , B.CONTENT
             , M.USER_ID
             , M.USER_NAME
             , B.MEMBER_ID
             , B.BOARD_CODE
             , B.CATEGORY_ID
             , B.VIEW_COUNT
             , B.LIKE_COUNT
             ,(SELECT COUNT(*)
                 FROM COMMENT_MANAGEMENT CM
                 WHERE CM.BOARD_ID = B.BOARD_ID
                   AND CM.DELETE_YN = 'N') AS commentCount /* 댓글 작성 수 */
             , M.PROFILE_IMAGE
             , B.CREATE_AT
             , B.UPDATE_AT
             , B.TAG_NAME
          FROM BOARD B
    INNER JOIN ( /* 인덱스만 사용하여 필요한 ID들만 빠르게 추출 */
                SELECT BOARD_ID
                  FROM BOARD
             WHERE DELETE_YN = 'N'

                    AND MEMBER_ID = 'MEMBER_20260427_001' 
            ORDER BY CREATE_AT DESC
            LIMIT 10 OFFSET 0
        ) AS temp ON B.BOARD_ID = temp.BOARD_ID
        LEFT JOIN MEMBER_INFO M ON B.MEMBER_ID = M.MEMBER_ID
        ORDER BY B.CREATE_AT DESC
 {executed in 11 msec}
[2026-05-31 21:29:31.490] [INFO ] [http-nio-8080-exec-5] jdbc.sqltiming - SELECT /* BoardMapper.getgetBoardTotalCount (게시글 총 개수 조회) */
               COUNT(*)
          FROM BOARD
         WHERE DELETE_YN = 'N'

                AND MEMBER_ID = 'MEMBER_20260427_001'
 {executed in 22 msec}
[2026-05-31 21:29:40.586] [INFO ] [http-nio-8080-exec-2] c.s.s.s.w.WebSocketServiceImpl - [Presence] User 관리자 left room OPEN_CHAT
[2026-05-31 21:29:40.640] [INFO ] [http-nio-8080-exec-2] c.s.s.c.w.WebSocketEventListener - [Presence] Room OPEN_CHAT  updated. Count: 0
[2026-05-31 21:29:40.648] [INFO ] [redisContainer-2] c.s.s.s.redisConfig.RedisSubscriber - Redis Subscribe - Message Received: {"notiId":null,"senderName":"관리자","type":"QUIT","roomId":"OPEN_CHAT","senderId":"MEMBER_20260427_001","targetId":null,"content":"관리자님이 퇴장하셨습니다.","timestamp":"2026-05-31 21:29:40","targetUrl":null}
[2026-05-31 21:30:00.032] [INFO ] [MessageBroker-7] c.s.s.c.s.BoardViewCountScheduler - >>> Redis 조회수 DB 동기화 시작
[2026-05-31 21:30:00.044] [INFO ] [MessageBroker-7] c.s.s.c.s.BoardViewCountScheduler - >>> 동기화할 조회수 데이터가 없습니다.
[2026-05-31 21:35:00.100] [INFO ] [MessageBroker-4] c.s.s.c.s.BoardViewCountScheduler - >>> Redis 조회수 DB 동기화 시작
[2026-05-31 21:35:00.165] [INFO ] [MessageBroker-4] c.s.s.c.s.BoardViewCountScheduler - >>> 동기화할 조회수 데이터가 없습니다.
[2026-05-31 21:40:00.007] [INFO ] [MessageBroker-4] c.s.s.c.s.BoardViewCountScheduler - >>> Redis 조회수 DB 동기화 시작
[2026-05-31 21:40:00.020] [INFO ] [MessageBroker-4] c.s.s.c.s.BoardViewCountScheduler - >>> 동기화할 조회수 데이터가 없습니다.
[2026-05-31 21:45:00.016] [INFO ] [MessageBroker-7] c.s.s.c.s.BoardViewCountScheduler - >>> Redis 조회수 DB 동기화 시작
[2026-05-31 21:45:00.032] [INFO ] [MessageBroker-7] c.s.s.c.s.BoardViewCountScheduler - >>> 동기화할 조회수 데이터가 없습니다.
[2026-05-31 21:50:11.146] [INFO ] [MessageBroker-4] c.s.s.c.s.BoardViewCountScheduler - >>> Redis 조회수 DB 동기화 시작
[2026-05-31 21:50:11.275] [INFO ] [MessageBroker-4] c.s.s.c.s.BoardViewCountScheduler - >>> 동기화할 조회수 데이터가 없습니다.
[2026-05-31 21:52:19.190] [INFO ] [http-nio-8080-exec-3] jdbc.sqltiming - SELECT  /* BoardMasterMapper.getBoardConfig 특정 게시판의 설정(이름, 카테고리 그룹, 기능 여부) 전체 리스트 조회 */
               BM.BOARD_CODE
             , BM.BOARD_NAME
             , BM.GROUP_CODE
             , BM.USE_YN
             , BM.FILE_YN
             , BM.REPLY_YN
             , BM.TAG_YN
             , CCG.SORT_ORDER
             , BM.CREATE_AT
             , BM.UPDATE_AT
          FROM BOARD_MASTER BM
          JOIN COMMON_CODE_GROUP CCG ON BM.GROUP_CODE = CCG.GROUP_CODE
         ORDER BY CCG.SORT_ORDER ASC, BM.BOARD_CODE ASC /* 그룹 순서대로 정렬 */
 {executed in 12 msec}
[2026-05-31 21:52:19.195] [INFO ] [http-nio-8080-exec-4] jdbc.sqltiming - SELECT  /* BoardMapper.getBoardList (게시판 목록 전체를 조회하는 쿼리 (사용자 정보 JOIN))*/
               B.BOARD_ID
             , B.TITLE
             , B.CONTENT
             , M.USER_ID
             , M.USER_NAME
             , B.MEMBER_ID
             , B.BOARD_CODE
             , B.CATEGORY_ID
             , B.VIEW_COUNT
             , B.LIKE_COUNT
             ,(SELECT COUNT(*)
                 FROM COMMENT_MANAGEMENT CM
                WHERE CM.BOARD_ID = B.BOARD_ID
                  AND CM.DELETE_YN = 'N') AS commentCount /* 댓글 작성 수 */
             , M.PROFILE_IMAGE
             , B.CREATE_AT
             , B.UPDATE_AT
             , B.TAG_NAME
        FROM
            BOARD B
        LEFT JOIN MEMBER_INFO M ON B.MEMBER_ID = M.MEMBER_ID
        WHERE B.DELETE_YN = 'N'
        ORDER BY
            B.CREATE_AT DESC
 {executed in 18 msec}
[2026-05-31 21:52:19.203] [INFO ] [http-nio-8080-exec-3] jdbc.sqltiming - SELECT /*  boardMapper.getCategoryListByBoardCode 특정 게시판(boardCode)에 소속된 카테고리 목록 조회 */
               CCD.CODE_ID AS categoryId
             , CCD.CODE_NAME AS categoryName
          FROM BOARD_MASTER BM
    INNER JOIN COMMON_CODE_DETAIL CCD
            ON BM.GROUP_CODE = CCD.GROUP_CODE
         WHERE BM.BOARD_CODE = 'B_NOTICE_01'
           AND BM.USE_YN = 'Y'
      ORDER BY CCD.SORT_ORDER ASC
 {executed in 4 msec}
[2026-05-31 21:52:19.209] [INFO ] [http-nio-8080-exec-3] jdbc.sqltiming - SELECT /*  boardMapper.getCategoryListByBoardCode 특정 게시판(boardCode)에 소속된 카테고리 목록 조회 */
               CCD.CODE_ID AS categoryId
             , CCD.CODE_NAME AS categoryName
          FROM BOARD_MASTER BM
    INNER JOIN COMMON_CODE_DETAIL CCD
            ON BM.GROUP_CODE = CCD.GROUP_CODE
         WHERE BM.BOARD_CODE = 'B_SQLD_01'
           AND BM.USE_YN = 'Y'
      ORDER BY CCD.SORT_ORDER ASC
 {executed in 4 msec}
[2026-05-31 21:52:19.215] [INFO ] [http-nio-8080-exec-3] jdbc.sqltiming - SELECT /*  boardMapper.getCategoryListByBoardCode 특정 게시판(boardCode)에 소속된 카테고리 목록 조회 */
               CCD.CODE_ID AS categoryId
             , CCD.CODE_NAME AS categoryName
          FROM BOARD_MASTER BM
    INNER JOIN COMMON_CODE_DETAIL CCD
            ON BM.GROUP_CODE = CCD.GROUP_CODE
         WHERE BM.BOARD_CODE = 'B_GREETING_01'
           AND BM.USE_YN = 'Y'
      ORDER BY CCD.SORT_ORDER ASC
 {executed in 6 msec}
[2026-05-31 21:52:19.245] [INFO ] [http-nio-8080-exec-3] jdbc.sqltiming - SELECT /*  boardMapper.getCategoryListByBoardCode 특정 게시판(boardCode)에 소속된 카테고리 목록 조회 */
               CCD.CODE_ID AS categoryId
             , CCD.CODE_NAME AS categoryName
          FROM BOARD_MASTER BM
    INNER JOIN COMMON_CODE_DETAIL CCD
            ON BM.GROUP_CODE = CCD.GROUP_CODE
         WHERE BM.BOARD_CODE = 'B_G_Q&A_002'
           AND BM.USE_YN = 'Y'
      ORDER BY CCD.SORT_ORDER ASC
 {executed in 29 msec}
[2026-05-31 21:52:21.277] [INFO ] [http-nio-8080-exec-6] c.s.s.service.board.BoardServiceImpl - 인기 게시물 조회를 위해 DB에 접근한다. (캐시 미적용 시에만 출력)
[2026-05-31 21:52:21.283] [INFO ] [http-nio-8080-exec-1] jdbc.sqltiming - SELECT /* BoardMapper.getBoardListWithPaging (페이징 처리된 게시판 목록 조회 (지연 조인 최적화 적용)) */
               B.BOARD_ID
             , B.TITLE
             , B.CONTENT
             , M.USER_ID
             , M.USER_NAME
             , B.MEMBER_ID
             , B.BOARD_CODE
             , B.CATEGORY_ID
             , B.VIEW_COUNT
             , B.LIKE_COUNT
             ,(SELECT COUNT(*)
                 FROM COMMENT_MANAGEMENT CM
                 WHERE CM.BOARD_ID = B.BOARD_ID
                   AND CM.DELETE_YN = 'N') AS commentCount /* 댓글 작성 수 */
             , M.PROFILE_IMAGE
             , B.CREATE_AT
             , B.UPDATE_AT
             , B.TAG_NAME
          FROM BOARD B
    INNER JOIN ( /* 인덱스만 사용하여 필요한 ID들만 빠르게 추출 */
                SELECT BOARD_ID
                  FROM BOARD
             WHERE DELETE_YN = 'N'

                    AND BOARD_CODE = 'B_NOTICE_01' 
            ORDER BY CREATE_AT DESC
            LIMIT 10 OFFSET 0
        ) AS temp ON B.BOARD_ID = temp.BOARD_ID
        LEFT JOIN MEMBER_INFO M ON B.MEMBER_ID = M.MEMBER_ID
        ORDER BY B.CREATE_AT DESC
 {executed in 7 msec}
[2026-05-31 21:52:21.284] [INFO ] [http-nio-8080-exec-6] jdbc.sqltiming - SELECT /* BoardMapper.getPopularBoards (최근 15일 인기 게시글 조회) */
               B.BOARD_ID
             , B.TITLE
             , B.VIEW_COUNT
             , B.LIKE_COUNT
             , B.CREATE_AT
             , M.USER_NAME
             , M.PROFILE_IMAGE
        FROM BOARD B
        LEFT JOIN MEMBER_INFO M ON B.MEMBER_ID = M.MEMBER_ID
        WHERE B.CREATE_AT >= DATE_SUB(NOW(), INTERVAL 15 DAY)
          AND B.DELETE_YN = 'N'
        ORDER BY B.LIKE_COUNT DESC, B.VIEW_COUNT DESC
        LIMIT 5
 {executed in 6 msec}
[2026-05-31 21:52:21.288] [INFO ] [http-nio-8080-exec-9] jdbc.sqltiming - SELECT /* BoardMapper.getBoardListWithPaging (페이징 처리된 게시판 목록 조회 (지연 조인 최적화 적용)) */
               B.BOARD_ID
             , B.TITLE
             , B.CONTENT
             , M.USER_ID
             , M.USER_NAME
             , B.MEMBER_ID
             , B.BOARD_CODE
             , B.CATEGORY_ID
             , B.VIEW_COUNT
             , B.LIKE_COUNT
             ,(SELECT COUNT(*)
                 FROM COMMENT_MANAGEMENT CM
                 WHERE CM.BOARD_ID = B.BOARD_ID
                   AND CM.DELETE_YN = 'N') AS commentCount /* 댓글 작성 수 */
             , M.PROFILE_IMAGE
             , B.CREATE_AT
             , B.UPDATE_AT
             , B.TAG_NAME
          FROM BOARD B
    INNER JOIN ( /* 인덱스만 사용하여 필요한 ID들만 빠르게 추출 */
                SELECT BOARD_ID
                  FROM BOARD
             WHERE DELETE_YN = 'N' 
            ORDER BY CREATE_AT DESC
            LIMIT 30 OFFSET 0
        ) AS temp ON B.BOARD_ID = temp.BOARD_ID
        LEFT JOIN MEMBER_INFO M ON B.MEMBER_ID = M.MEMBER_ID
        ORDER BY B.CREATE_AT DESC
 {executed in 12 msec}
[2026-05-31 21:52:21.306] [INFO ] [http-nio-8080-exec-1] jdbc.sqltiming - SELECT /* BoardMapper.getgetBoardTotalCount (게시글 총 개수 조회) */
               COUNT(*)
          FROM BOARD
         WHERE DELETE_YN = 'N'

                AND BOARD_CODE = 'B_NOTICE_01'
 {executed in 4 msec}
[2026-05-31 21:52:21.455] [INFO ] [http-nio-8080-exec-9] jdbc.sqltiming - SELECT /* BoardMapper.getgetBoardTotalCount (게시글 총 개수 조회) */
               COUNT(*)
          FROM BOARD
         WHERE DELETE_YN = 'N'
 {executed in 5 msec}
[2026-05-31 21:52:22.315] [INFO ] [http-nio-8080-exec-7] jdbc.sqltiming - SELECT /* BoardMapper.getBoardListWithPaging (페이징 처리된 게시판 목록 조회 (지연 조인 최적화 적용)) */
               B.BOARD_ID
             , B.TITLE
             , B.CONTENT
             , M.USER_ID
             , M.USER_NAME
             , B.MEMBER_ID
             , B.BOARD_CODE
             , B.CATEGORY_ID
             , B.VIEW_COUNT
             , B.LIKE_COUNT
             ,(SELECT COUNT(*)
                 FROM COMMENT_MANAGEMENT CM
                 WHERE CM.BOARD_ID = B.BOARD_ID
                   AND CM.DELETE_YN = 'N') AS commentCount /* 댓글 작성 수 */
             , M.PROFILE_IMAGE
             , B.CREATE_AT
             , B.UPDATE_AT
             , B.TAG_NAME
          FROM BOARD B
    INNER JOIN ( /* 인덱스만 사용하여 필요한 ID들만 빠르게 추출 */
                SELECT BOARD_ID
                  FROM BOARD
             WHERE DELETE_YN = 'N'

                    AND BOARD_CODE = 'B_NOTICE_01'

                    AND CATEGORY_ID = 'N001' 
            ORDER BY CREATE_AT DESC
            LIMIT 10 OFFSET 0
        ) AS temp ON B.BOARD_ID = temp.BOARD_ID
        LEFT JOIN MEMBER_INFO M ON B.MEMBER_ID = M.MEMBER_ID
        ORDER BY B.CREATE_AT DESC
 {executed in 7 msec}
[2026-05-31 21:52:22.327] [INFO ] [http-nio-8080-exec-5] jdbc.sqltiming - SELECT /* BoardMapper.getBoardListWithPaging (페이징 처리된 게시판 목록 조회 (지연 조인 최적화 적용)) */
               B.BOARD_ID
             , B.TITLE
             , B.CONTENT
             , M.USER_ID
             , M.USER_NAME
             , B.MEMBER_ID
             , B.BOARD_CODE
             , B.CATEGORY_ID
             , B.VIEW_COUNT
             , B.LIKE_COUNT
             ,(SELECT COUNT(*)
                 FROM COMMENT_MANAGEMENT CM
                 WHERE CM.BOARD_ID = B.BOARD_ID
                   AND CM.DELETE_YN = 'N') AS commentCount /* 댓글 작성 수 */
             , M.PROFILE_IMAGE
             , B.CREATE_AT
             , B.UPDATE_AT
             , B.TAG_NAME
          FROM BOARD B
    INNER JOIN ( /* 인덱스만 사용하여 필요한 ID들만 빠르게 추출 */
                SELECT BOARD_ID
                  FROM BOARD
             WHERE DELETE_YN = 'N' 
            ORDER BY CREATE_AT DESC
            LIMIT 30 OFFSET 0
        ) AS temp ON B.BOARD_ID = temp.BOARD_ID
        LEFT JOIN MEMBER_INFO M ON B.MEMBER_ID = M.MEMBER_ID
        ORDER BY B.CREATE_AT DESC
 {executed in 19 msec}
[2026-05-31 21:52:22.340] [INFO ] [http-nio-8080-exec-7] jdbc.sqltiming - SELECT /* BoardMapper.getgetBoardTotalCount (게시글 총 개수 조회) */
               COUNT(*)
          FROM BOARD
         WHERE DELETE_YN = 'N'

                AND BOARD_CODE = 'B_NOTICE_01'

                AND CATEGORY_ID = 'N001'
 {executed in 7 msec}
[2026-05-31 21:52:22.452] [INFO ] [http-nio-8080-exec-5] jdbc.sqltiming - SELECT /* BoardMapper.getgetBoardTotalCount (게시글 총 개수 조회) */
               COUNT(*)
          FROM BOARD
         WHERE DELETE_YN = 'N'
 {executed in 4 msec}
[2026-05-31 21:52:23.641] [INFO ] [http-nio-8080-exec-2] jdbc.sqltiming - SELECT /* BoardMapper.getBoardListWithPaging (페이징 처리된 게시판 목록 조회 (지연 조인 최적화 적용)) */
               B.BOARD_ID
             , B.TITLE
             , B.CONTENT
             , M.USER_ID
             , M.USER_NAME
             , B.MEMBER_ID
             , B.BOARD_CODE
             , B.CATEGORY_ID
             , B.VIEW_COUNT
             , B.LIKE_COUNT
             ,(SELECT COUNT(*)
                 FROM COMMENT_MANAGEMENT CM
                 WHERE CM.BOARD_ID = B.BOARD_ID
                   AND CM.DELETE_YN = 'N') AS commentCount /* 댓글 작성 수 */
             , M.PROFILE_IMAGE
             , B.CREATE_AT
             , B.UPDATE_AT
             , B.TAG_NAME
          FROM BOARD B
    INNER JOIN ( /* 인덱스만 사용하여 필요한 ID들만 빠르게 추출 */
                SELECT BOARD_ID
                  FROM BOARD
             WHERE DELETE_YN = 'N'

                    AND BOARD_CODE = 'B_SQLD_01'

                    AND CATEGORY_ID = 'S001' 
            ORDER BY CREATE_AT DESC
            LIMIT 10 OFFSET 0
        ) AS temp ON B.BOARD_ID = temp.BOARD_ID
        LEFT JOIN MEMBER_INFO M ON B.MEMBER_ID = M.MEMBER_ID
        ORDER BY B.CREATE_AT DESC
 {executed in 7 msec}
[2026-05-31 21:52:23.647] [INFO ] [http-nio-8080-exec-4] jdbc.sqltiming - SELECT /* BoardMapper.getBoardListWithPaging (페이징 처리된 게시판 목록 조회 (지연 조인 최적화 적용)) */
               B.BOARD_ID
             , B.TITLE
             , B.CONTENT
             , M.USER_ID
             , M.USER_NAME
             , B.MEMBER_ID
             , B.BOARD_CODE
             , B.CATEGORY_ID
             , B.VIEW_COUNT
             , B.LIKE_COUNT
             ,(SELECT COUNT(*)
                 FROM COMMENT_MANAGEMENT CM
                 WHERE CM.BOARD_ID = B.BOARD_ID
                   AND CM.DELETE_YN = 'N') AS commentCount /* 댓글 작성 수 */
             , M.PROFILE_IMAGE
             , B.CREATE_AT
             , B.UPDATE_AT
             , B.TAG_NAME
          FROM BOARD B
    INNER JOIN ( /* 인덱스만 사용하여 필요한 ID들만 빠르게 추출 */
                SELECT BOARD_ID
                  FROM BOARD
             WHERE DELETE_YN = 'N' 
            ORDER BY CREATE_AT DESC
            LIMIT 30 OFFSET 0
        ) AS temp ON B.BOARD_ID = temp.BOARD_ID
        LEFT JOIN MEMBER_INFO M ON B.MEMBER_ID = M.MEMBER_ID
        ORDER BY B.CREATE_AT DESC
 {executed in 13 msec}
[2026-05-31 21:52:23.650] [INFO ] [http-nio-8080-exec-2] jdbc.sqltiming - SELECT /* BoardMapper.getgetBoardTotalCount (게시글 총 개수 조회) */
               COUNT(*)
          FROM BOARD
         WHERE DELETE_YN = 'N'

                AND BOARD_CODE = 'B_SQLD_01'

                AND CATEGORY_ID = 'S001'
 {executed in 6 msec}
[2026-05-31 21:52:23.807] [INFO ] [http-nio-8080-exec-4] jdbc.sqltiming - SELECT /* BoardMapper.getgetBoardTotalCount (게시글 총 개수 조회) */
               COUNT(*)
          FROM BOARD
         WHERE DELETE_YN = 'N'
 {executed in 4 msec}
[2026-05-31 21:52:24.688] [INFO ] [http-nio-8080-exec-10] jdbc.sqltiming - SELECT /* BoardMapper.getBoardListWithPaging (페이징 처리된 게시판 목록 조회 (지연 조인 최적화 적용)) */
               B.BOARD_ID
             , B.TITLE
             , B.CONTENT
             , M.USER_ID
             , M.USER_NAME
             , B.MEMBER_ID
             , B.BOARD_CODE
             , B.CATEGORY_ID
             , B.VIEW_COUNT
             , B.LIKE_COUNT
             ,(SELECT COUNT(*)
                 FROM COMMENT_MANAGEMENT CM
                 WHERE CM.BOARD_ID = B.BOARD_ID
                   AND CM.DELETE_YN = 'N') AS commentCount /* 댓글 작성 수 */
             , M.PROFILE_IMAGE
             , B.CREATE_AT
             , B.UPDATE_AT
             , B.TAG_NAME
          FROM BOARD B
    INNER JOIN ( /* 인덱스만 사용하여 필요한 ID들만 빠르게 추출 */
                SELECT BOARD_ID
                  FROM BOARD
             WHERE DELETE_YN = 'N'

                    AND BOARD_CODE = 'B_SQLD_01'

                    AND CATEGORY_ID = 'S002' 
            ORDER BY CREATE_AT DESC
            LIMIT 10 OFFSET 0
        ) AS temp ON B.BOARD_ID = temp.BOARD_ID
        LEFT JOIN MEMBER_INFO M ON B.MEMBER_ID = M.MEMBER_ID
        ORDER BY B.CREATE_AT DESC
 {executed in 16 msec}
[2026-05-31 21:52:24.688] [INFO ] [http-nio-8080-exec-6] jdbc.sqltiming - SELECT /* BoardMapper.getBoardListWithPaging (페이징 처리된 게시판 목록 조회 (지연 조인 최적화 적용)) */
               B.BOARD_ID
             , B.TITLE
             , B.CONTENT
             , M.USER_ID
             , M.USER_NAME
             , B.MEMBER_ID
             , B.BOARD_CODE
             , B.CATEGORY_ID
             , B.VIEW_COUNT
             , B.LIKE_COUNT
             ,(SELECT COUNT(*)
                 FROM COMMENT_MANAGEMENT CM
                 WHERE CM.BOARD_ID = B.BOARD_ID
                   AND CM.DELETE_YN = 'N') AS commentCount /* 댓글 작성 수 */
             , M.PROFILE_IMAGE
             , B.CREATE_AT
             , B.UPDATE_AT
             , B.TAG_NAME
          FROM BOARD B
    INNER JOIN ( /* 인덱스만 사용하여 필요한 ID들만 빠르게 추출 */
                SELECT BOARD_ID
                  FROM BOARD
             WHERE DELETE_YN = 'N' 
            ORDER BY CREATE_AT DESC
            LIMIT 30 OFFSET 0
        ) AS temp ON B.BOARD_ID = temp.BOARD_ID
        LEFT JOIN MEMBER_INFO M ON B.MEMBER_ID = M.MEMBER_ID
        ORDER BY B.CREATE_AT DESC
 {executed in 16 msec}
[2026-05-31 21:52:24.749] [INFO ] [http-nio-8080-exec-10] jdbc.sqltiming - SELECT /* BoardMapper.getgetBoardTotalCount (게시글 총 개수 조회) */
               COUNT(*)
          FROM BOARD
         WHERE DELETE_YN = 'N'

                AND BOARD_CODE = 'B_SQLD_01'

                AND CATEGORY_ID = 'S002'
 {executed in 4 msec}
[2026-05-31 21:52:24.822] [INFO ] [http-nio-8080-exec-6] jdbc.sqltiming - SELECT /* BoardMapper.getgetBoardTotalCount (게시글 총 개수 조회) */
               COUNT(*)
          FROM BOARD
         WHERE DELETE_YN = 'N'
 {executed in 4 msec}
[2026-05-31 21:52:26.529] [INFO ] [http-nio-8080-exec-9] jdbc.sqltiming - SELECT /* BoardMapper.getBoardListWithPaging (페이징 처리된 게시판 목록 조회 (지연 조인 최적화 적용)) */
               B.BOARD_ID
             , B.TITLE
             , B.CONTENT
             , M.USER_ID
             , M.USER_NAME
             , B.MEMBER_ID
             , B.BOARD_CODE
             , B.CATEGORY_ID
             , B.VIEW_COUNT
             , B.LIKE_COUNT
             ,(SELECT COUNT(*)
                 FROM COMMENT_MANAGEMENT CM
                 WHERE CM.BOARD_ID = B.BOARD_ID
                   AND CM.DELETE_YN = 'N') AS commentCount /* 댓글 작성 수 */
             , M.PROFILE_IMAGE
             , B.CREATE_AT
             , B.UPDATE_AT
             , B.TAG_NAME
          FROM BOARD B
    INNER JOIN ( /* 인덱스만 사용하여 필요한 ID들만 빠르게 추출 */
                SELECT BOARD_ID
                  FROM BOARD
             WHERE DELETE_YN = 'N'

                    AND BOARD_CODE = 'B_GREETING_01'

                    AND CATEGORY_ID = 'G001' 
            ORDER BY CREATE_AT DESC
            LIMIT 10 OFFSET 0
        ) AS temp ON B.BOARD_ID = temp.BOARD_ID
        LEFT JOIN MEMBER_INFO M ON B.MEMBER_ID = M.MEMBER_ID
        ORDER BY B.CREATE_AT DESC
 {executed in 15 msec}
[2026-05-31 21:52:26.534] [INFO ] [http-nio-8080-exec-7] jdbc.sqltiming - SELECT /* BoardMapper.getBoardListWithPaging (페이징 처리된 게시판 목록 조회 (지연 조인 최적화 적용)) */
               B.BOARD_ID
             , B.TITLE
             , B.CONTENT
             , M.USER_ID
             , M.USER_NAME
             , B.MEMBER_ID
             , B.BOARD_CODE
             , B.CATEGORY_ID
             , B.VIEW_COUNT
             , B.LIKE_COUNT
             ,(SELECT COUNT(*)
                 FROM COMMENT_MANAGEMENT CM
                 WHERE CM.BOARD_ID = B.BOARD_ID
                   AND CM.DELETE_YN = 'N') AS commentCount /* 댓글 작성 수 */
             , M.PROFILE_IMAGE
             , B.CREATE_AT
             , B.UPDATE_AT
             , B.TAG_NAME
          FROM BOARD B
    INNER JOIN ( /* 인덱스만 사용하여 필요한 ID들만 빠르게 추출 */
                SELECT BOARD_ID
                  FROM BOARD
             WHERE DELETE_YN = 'N' 
            ORDER BY CREATE_AT DESC
            LIMIT 30 OFFSET 0
        ) AS temp ON B.BOARD_ID = temp.BOARD_ID
        LEFT JOIN MEMBER_INFO M ON B.MEMBER_ID = M.MEMBER_ID
        ORDER BY B.CREATE_AT DESC
 {executed in 13 msec}
[2026-05-31 21:52:26.549] [INFO ] [http-nio-8080-exec-9] jdbc.sqltiming - SELECT /* BoardMapper.getgetBoardTotalCount (게시글 총 개수 조회) */
               COUNT(*)
          FROM BOARD
         WHERE DELETE_YN = 'N'

                AND BOARD_CODE = 'B_GREETING_01'

                AND CATEGORY_ID = 'G001'
 {executed in 3 msec}
[2026-05-31 21:52:26.662] [INFO ] [http-nio-8080-exec-7] jdbc.sqltiming - SELECT /* BoardMapper.getgetBoardTotalCount (게시글 총 개수 조회) */
               COUNT(*)
          FROM BOARD
         WHERE DELETE_YN = 'N'
 {executed in 5 msec}
[2026-05-31 21:52:28.045] [INFO ] [http-nio-8080-exec-5] jdbc.sqltiming - SELECT /* BoardMapper.getBoardListWithPaging (페이징 처리된 게시판 목록 조회 (지연 조인 최적화 적용)) */
               B.BOARD_ID
             , B.TITLE
             , B.CONTENT
             , M.USER_ID
             , M.USER_NAME
             , B.MEMBER_ID
             , B.BOARD_CODE
             , B.CATEGORY_ID
             , B.VIEW_COUNT
             , B.LIKE_COUNT
             ,(SELECT COUNT(*)
                 FROM COMMENT_MANAGEMENT CM
                 WHERE CM.BOARD_ID = B.BOARD_ID
                   AND CM.DELETE_YN = 'N') AS commentCount /* 댓글 작성 수 */
             , M.PROFILE_IMAGE
             , B.CREATE_AT
             , B.UPDATE_AT
             , B.TAG_NAME
          FROM BOARD B
    INNER JOIN ( /* 인덱스만 사용하여 필요한 ID들만 빠르게 추출 */
                SELECT BOARD_ID
                  FROM BOARD
             WHERE DELETE_YN = 'N'

                    AND BOARD_CODE = 'B_GREETING_01' 
            ORDER BY CREATE_AT DESC
            LIMIT 10 OFFSET 0
        ) AS temp ON B.BOARD_ID = temp.BOARD_ID
        LEFT JOIN MEMBER_INFO M ON B.MEMBER_ID = M.MEMBER_ID
        ORDER BY B.CREATE_AT DESC
 {executed in 5 msec}
[2026-05-31 21:52:28.054] [INFO ] [http-nio-8080-exec-2] jdbc.sqltiming - SELECT /* BoardMapper.getBoardListWithPaging (페이징 처리된 게시판 목록 조회 (지연 조인 최적화 적용)) */
               B.BOARD_ID
             , B.TITLE
             , B.CONTENT
             , M.USER_ID
             , M.USER_NAME
             , B.MEMBER_ID
             , B.BOARD_CODE
             , B.CATEGORY_ID
             , B.VIEW_COUNT
             , B.LIKE_COUNT
             ,(SELECT COUNT(*)
                 FROM COMMENT_MANAGEMENT CM
                 WHERE CM.BOARD_ID = B.BOARD_ID
                   AND CM.DELETE_YN = 'N') AS commentCount /* 댓글 작성 수 */
             , M.PROFILE_IMAGE
             , B.CREATE_AT
             , B.UPDATE_AT
             , B.TAG_NAME
          FROM BOARD B
    INNER JOIN ( /* 인덱스만 사용하여 필요한 ID들만 빠르게 추출 */
                SELECT BOARD_ID
                  FROM BOARD
             WHERE DELETE_YN = 'N' 
            ORDER BY CREATE_AT DESC
            LIMIT 30 OFFSET 0
        ) AS temp ON B.BOARD_ID = temp.BOARD_ID
        LEFT JOIN MEMBER_INFO M ON B.MEMBER_ID = M.MEMBER_ID
        ORDER BY B.CREATE_AT DESC
 {executed in 14 msec}
[2026-05-31 21:52:28.062] [INFO ] [http-nio-8080-exec-5] jdbc.sqltiming - SELECT /* BoardMapper.getgetBoardTotalCount (게시글 총 개수 조회) */
               COUNT(*)
          FROM BOARD
         WHERE DELETE_YN = 'N'

                AND BOARD_CODE = 'B_GREETING_01'
 {executed in 3 msec}
[2026-05-31 21:52:28.179] [INFO ] [http-nio-8080-exec-2] jdbc.sqltiming - SELECT /* BoardMapper.getgetBoardTotalCount (게시글 총 개수 조회) */
               COUNT(*)
          FROM BOARD
         WHERE DELETE_YN = 'N'
 {executed in 6 msec}
[2026-05-31 21:52:34.925] [INFO ] [http-nio-8080-exec-4] jdbc.sqltiming - SELECT MEMBER_ID
             , USER_ID
             , USER_PASS
             , USER_NAME
             , USER_EMAIL
             , EMAIL_VERIFIED
             , USER_ROLE
             , USER_STATUS
             , PROFILE_IMAGE
             , CREATE_AT
             , UPDATE_AT
             , LAST_LOG_AT
          FROM MEMBER_INFO
         WHERE USER_ID = 'Admin'
         LIMIT 1
 {executed in 4 msec}
[2026-05-31 21:52:35.060] [INFO ] [http-nio-8080-exec-4] jdbc.sqltiming - UPDATE MEMBER_INFO
        SET LAST_LOG_AT = NOW()
        WHERE MEMBER_ID = 'MEMBER_20260427_001'
 {executed in 11 msec}
[2026-05-31 21:52:35.085] [INFO ] [http-nio-8080-exec-4] jdbc.sqltiming - DELETE FROM REFRESH_TOKEN WHERE MEMBER_ID = 'MEMBER_20260427_001'
 {executed in 9 msec}
[2026-05-31 21:52:35.105] [INFO ] [http-nio-8080-exec-4] jdbc.sqltiming - INSERT INTO REFRESH_TOKEN (MEMBER_ID, R_TOKEN, EXPIRY_DATE)
        VALUES ('MEMBER_20260427_001', '1daa6f38-0974-42be-8ba4-d81a4295df63', '06/07/2026 21:52:35.085')
 {executed in 12 msec}
[2026-05-31 21:52:35.204] [INFO ] [http-nio-8080-exec-8] jdbc.sqltiming - SELECT /* MemberMapper.readMemberByMemberId (memberId를 통한 회원 정보 조회) */
               MEMBER_ID
             , USER_ID
             , USER_PASS
             , USER_NAME
             , USER_EMAIL
             , EMAIL_VERIFIED
             , USER_ROLE
             , USER_STATUS
             , PROFILE_IMAGE
             , CREATE_AT
             , UPDATE_AT
             , LAST_LOG_AT
          FROM MEMBER_INFO
        WHERE MEMBER_ID = 'MEMBER_20260427_001'
 {executed in 5 msec}
[2026-05-31 21:52:35.205] [INFO ] [http-nio-8080-exec-10] jdbc.sqltiming - SELECT /* MemberMapper.readMemberByMemberId (memberId를 통한 회원 정보 조회) */
               MEMBER_ID
             , USER_ID
             , USER_PASS
             , USER_NAME
             , USER_EMAIL
             , EMAIL_VERIFIED
             , USER_ROLE
             , USER_STATUS
             , PROFILE_IMAGE
             , CREATE_AT
             , UPDATE_AT
             , LAST_LOG_AT
          FROM MEMBER_INFO
        WHERE MEMBER_ID = 'MEMBER_20260427_001'
 {executed in 4 msec}
[2026-05-31 21:52:35.205] [INFO ] [http-nio-8080-exec-6] jdbc.sqltiming - SELECT /* MemberMapper.readMemberByMemberId (memberId를 통한 회원 정보 조회) */
               MEMBER_ID
             , USER_ID
             , USER_PASS
             , USER_NAME
             , USER_EMAIL
             , EMAIL_VERIFIED
             , USER_ROLE
             , USER_STATUS
             , PROFILE_IMAGE
             , CREATE_AT
             , UPDATE_AT
             , LAST_LOG_AT
          FROM MEMBER_INFO
        WHERE MEMBER_ID = 'MEMBER_20260427_001'
 {executed in 5 msec}
[2026-05-31 21:52:35.214] [INFO ] [http-nio-8080-exec-9] jdbc.sqltiming - SELECT /* MemberMapper.readMemberByMemberId (memberId를 통한 회원 정보 조회) */
               MEMBER_ID
             , USER_ID
             , USER_PASS
             , USER_NAME
             , USER_EMAIL
             , EMAIL_VERIFIED
             , USER_ROLE
             , USER_STATUS
             , PROFILE_IMAGE
             , CREATE_AT
             , UPDATE_AT
             , LAST_LOG_AT
          FROM MEMBER_INFO
        WHERE MEMBER_ID = 'MEMBER_20260427_001'
 {executed in 7 msec}
[2026-05-31 21:52:35.228] [INFO ] [http-nio-8080-exec-8] jdbc.sqltiming - SELECT /* BoardMapper.getBoardListWithPaging (페이징 처리된 게시판 목록 조회 (지연 조인 최적화 적용)) */
               B.BOARD_ID
             , B.TITLE
             , B.CONTENT
             , M.USER_ID
             , M.USER_NAME
             , B.MEMBER_ID
             , B.BOARD_CODE
             , B.CATEGORY_ID
             , B.VIEW_COUNT
             , B.LIKE_COUNT
             ,(SELECT COUNT(*)
                 FROM COMMENT_MANAGEMENT CM
                 WHERE CM.BOARD_ID = B.BOARD_ID
                   AND CM.DELETE_YN = 'N') AS commentCount /* 댓글 작성 수 */
             , M.PROFILE_IMAGE
             , B.CREATE_AT
             , B.UPDATE_AT
             , B.TAG_NAME
          FROM BOARD B
    INNER JOIN ( /* 인덱스만 사용하여 필요한 ID들만 빠르게 추출 */
                SELECT BOARD_ID
                  FROM BOARD
             WHERE DELETE_YN = 'N' 
            ORDER BY CREATE_AT DESC
            LIMIT 30 OFFSET 0
        ) AS temp ON B.BOARD_ID = temp.BOARD_ID
        LEFT JOIN MEMBER_INFO M ON B.MEMBER_ID = M.MEMBER_ID
        ORDER BY B.CREATE_AT DESC
 {executed in 12 msec}
[2026-05-31 21:52:35.230] [INFO ] [http-nio-8080-exec-10] jdbc.sqltiming - SELECT /* BoardMapper.getBoardListWithPaging (페이징 처리된 게시판 목록 조회 (지연 조인 최적화 적용)) */
               B.BOARD_ID
             , B.TITLE
             , B.CONTENT
             , M.USER_ID
             , M.USER_NAME
             , B.MEMBER_ID
             , B.BOARD_CODE
             , B.CATEGORY_ID
             , B.VIEW_COUNT
             , B.LIKE_COUNT
             ,(SELECT COUNT(*)
                 FROM COMMENT_MANAGEMENT CM
                 WHERE CM.BOARD_ID = B.BOARD_ID
                   AND CM.DELETE_YN = 'N') AS commentCount /* 댓글 작성 수 */
             , M.PROFILE_IMAGE
             , B.CREATE_AT
             , B.UPDATE_AT
             , B.TAG_NAME
          FROM BOARD B
    INNER JOIN ( /* 인덱스만 사용하여 필요한 ID들만 빠르게 추출 */
                SELECT BOARD_ID
                  FROM BOARD
             WHERE DELETE_YN = 'N'

                    AND BOARD_CODE = 'B_GREETING_01' 
            ORDER BY CREATE_AT DESC
            LIMIT 10 OFFSET 0
        ) AS temp ON B.BOARD_ID = temp.BOARD_ID
        LEFT JOIN MEMBER_INFO M ON B.MEMBER_ID = M.MEMBER_ID
        ORDER BY B.CREATE_AT DESC
 {executed in 5 msec}
[2026-05-31 21:52:35.233] [INFO ] [http-nio-8080-exec-9] jdbc.sqltiming - SELECT /* WebSocketMapper.searchNotification */
               NOTI_ID
             , RECEIVER_ID
             , SENDER_ID
             , NOTI_TYPE
             , MESSAGE
             , IS_READ
             , CREATE_AT
             , TARGET_URL
        FROM NOTIFICATION
        WHERE RECEIVER_ID = 'MEMBER_20260427_001'
          AND IS_READ = 'N'
 {executed in 4 msec}
[2026-05-31 21:52:35.236] [INFO ] [http-nio-8080-exec-5] jdbc.sqltiming - SELECT /* MemberMapper.readMemberByMemberId (memberId를 통한 회원 정보 조회) */
               MEMBER_ID
             , USER_ID
             , USER_PASS
             , USER_NAME
             , USER_EMAIL
             , EMAIL_VERIFIED
             , USER_ROLE
             , USER_STATUS
             , PROFILE_IMAGE
             , CREATE_AT
             , UPDATE_AT
             , LAST_LOG_AT
          FROM MEMBER_INFO
        WHERE MEMBER_ID = 'MEMBER_20260427_001'
 {executed in 5 msec}
[2026-05-31 21:52:35.247] [INFO ] [http-nio-8080-exec-10] jdbc.sqltiming - SELECT /* BoardMapper.getgetBoardTotalCount (게시글 총 개수 조회) */
               COUNT(*)
          FROM BOARD
         WHERE DELETE_YN = 'N'

                AND BOARD_CODE = 'B_GREETING_01'
 {executed in 5 msec}
[2026-05-31 21:52:35.252] [INFO ] [http-nio-8080-exec-2] c.s.s.s.w.WebSocketServiceImpl - [Presence] User 관리자 joined room OPEN_CHAT
[2026-05-31 21:52:35.308] [INFO ] [http-nio-8080-exec-2] c.s.s.c.w.WebSocketEventListener - [Presence] User 관리자 joined room OPEN_CHAT
[2026-05-31 21:52:35.351] [INFO ] [http-nio-8080-exec-2] c.s.s.c.w.WebSocketEventListener - [Presence] Room OPEN_CHAT  updated. Count: 1
[2026-05-31 21:52:35.385] [INFO ] [http-nio-8080-exec-2] c.s.s.c.w.WebSocketEventListener - [Presence] Room OPEN_CHAT  updated. Count: 1
[2026-05-31 21:52:35.405] [INFO ] [http-nio-8080-exec-8] jdbc.sqltiming - SELECT /* BoardMapper.getgetBoardTotalCount (게시글 총 개수 조회) */
               COUNT(*)
          FROM BOARD
         WHERE DELETE_YN = 'N'
 {executed in 10 msec}
[2026-05-31 21:52:35.768] [INFO ] [clientInboundChannel-29] jdbc.sqltiming - SELECT /* MemberMapper.readMemberByMemberId (memberId를 통한 회원 정보 조회) */
               MEMBER_ID
             , USER_ID
             , USER_PASS
             , USER_NAME
             , USER_EMAIL
             , EMAIL_VERIFIED
             , USER_ROLE
             , USER_STATUS
             , PROFILE_IMAGE
             , CREATE_AT
             , UPDATE_AT
             , LAST_LOG_AT
          FROM MEMBER_INFO
        WHERE MEMBER_ID = 'MEMBER_20260427_001'
 {executed in 5 msec}
[2026-05-31 21:52:35.781] [INFO ] [clientInboundChannel-29] jdbc.sqltiming - INSERT INTO CHAT_MESSAGE( /* WebSocketMapper.insertChatMessage (채팅 저장) */
                    ROOM_ID
                  , SENDER_ID
                  , CONTENT
                  , SEND_TIME
                  , CHAT_TYPE
        )    VALUES(
                    'OPEN_CHAT'
                  , 'MEMBER_20260427_001'
                  , '관리자님이 입장하셨습니다.'
                  , 2026-05-31T21:52:35.769842
                  , 'ENTER'
               )
 {executed in 9 msec}
[2026-05-31 21:52:35.781] [INFO ] [clientInboundChannel-29] jdbc.sqltiming - getGeneratedKeys on query: INSERT INTO CHAT_MESSAGE( /* WebSocketMapper.insertChatMessage (채팅 저장) */
                    ROOM_ID
                  , SENDER_ID
                  , CONTENT
                  , SEND_TIME
                  , CHAT_TYPE
        )    VALUES(
                    'OPEN_CHAT'
                  , 'MEMBER_20260427_001'
                  , '관리자님이 입장하셨습니다.'
                  , 2026-05-31T21:52:35.769842
                  , 'ENTER'
               )
 {executed in 0 msec}
[2026-05-31 21:52:35.783] [INFO ] [clientInboundChannel-29] c.s.s.s.w.WebSocketServiceImpl - JSON Message to Redis: {"notiId":null,"senderName":"관리자","type":"ENTER","roomId":"OPEN_CHAT","senderId":"MEMBER_20260427_001","targetId":null,"content":"관리자님이 입장하셨습니다.","timestamp":"2026-05-31 21:52:35","targetUrl":null}
[2026-05-31 21:52:35.795] [INFO ] [redisContainer-3] c.s.s.s.redisConfig.RedisSubscriber - Redis Subscribe - Message Received: {"notiId":null,"senderName":"관리자","type":"ENTER","roomId":"OPEN_CHAT","senderId":"MEMBER_20260427_001","targetId":null,"content":"관리자님이 입장하셨습니다.","timestamp":"2026-05-31 21:52:35","targetUrl":null}
[2026-05-31 21:52:43.747] [INFO ] [http-nio-8080-exec-6] jdbc.sqltiming - SELECT /* MemberMapper.readMemberByMemberId (memberId를 통한 회원 정보 조회) */
               MEMBER_ID
             , USER_ID
             , USER_PASS
             , USER_NAME
             , USER_EMAIL
             , EMAIL_VERIFIED
             , USER_ROLE
             , USER_STATUS
             , PROFILE_IMAGE
             , CREATE_AT
             , UPDATE_AT
             , LAST_LOG_AT
          FROM MEMBER_INFO
        WHERE MEMBER_ID = 'MEMBER_20260427_001'
 {executed in 7 msec}
[2026-05-31 21:52:43.750] [INFO ] [http-nio-8080-exec-1] jdbc.sqltiming - SELECT /* MemberMapper.readMemberByMemberId (memberId를 통한 회원 정보 조회) */
               MEMBER_ID
             , USER_ID
             , USER_PASS
             , USER_NAME
             , USER_EMAIL
             , EMAIL_VERIFIED
             , USER_ROLE
             , USER_STATUS
             , PROFILE_IMAGE
             , CREATE_AT
             , UPDATE_AT
             , LAST_LOG_AT
          FROM MEMBER_INFO
        WHERE MEMBER_ID = 'MEMBER_20260427_001'
 {executed in 10 msec}
[2026-05-31 21:52:43.750] [INFO ] [http-nio-8080-exec-7] jdbc.sqltiming - SELECT /* MemberMapper.readMemberByMemberId (memberId를 통한 회원 정보 조회) */
               MEMBER_ID
             , USER_ID
             , USER_PASS
             , USER_NAME
             , USER_EMAIL
             , EMAIL_VERIFIED
             , USER_ROLE
             , USER_STATUS
             , PROFILE_IMAGE
             , CREATE_AT
             , UPDATE_AT
             , LAST_LOG_AT
          FROM MEMBER_INFO
        WHERE MEMBER_ID = 'MEMBER_20260427_001'
 {executed in 14 msec}
[2026-05-31 21:52:43.776] [INFO ] [http-nio-8080-exec-1] jdbc.sqltiming - SELECT /* BoardMapper.getBoardListWithPaging (페이징 처리된 게시판 목록 조회 (지연 조인 최적화 적용)) */
               B.BOARD_ID
             , B.TITLE
             , B.CONTENT
             , M.USER_ID
             , M.USER_NAME
             , B.MEMBER_ID
             , B.BOARD_CODE
             , B.CATEGORY_ID
             , B.VIEW_COUNT
             , B.LIKE_COUNT
             ,(SELECT COUNT(*)
                 FROM COMMENT_MANAGEMENT CM
                 WHERE CM.BOARD_ID = B.BOARD_ID
                   AND CM.DELETE_YN = 'N') AS commentCount /* 댓글 작성 수 */
             , M.PROFILE_IMAGE
             , B.CREATE_AT
             , B.UPDATE_AT
             , B.TAG_NAME
          FROM BOARD B
    INNER JOIN ( /* 인덱스만 사용하여 필요한 ID들만 빠르게 추출 */
                SELECT BOARD_ID
                  FROM BOARD
             WHERE DELETE_YN = 'N'

                    AND BOARD_CODE = 'B_NOTICE_01'

                    AND CATEGORY_ID = 'N001' 
            ORDER BY CREATE_AT DESC
            LIMIT 10 OFFSET 0
        ) AS temp ON B.BOARD_ID = temp.BOARD_ID
        LEFT JOIN MEMBER_INFO M ON B.MEMBER_ID = M.MEMBER_ID
        ORDER BY B.CREATE_AT DESC
 {executed in 15 msec}
[2026-05-31 21:52:43.785] [INFO ] [http-nio-8080-exec-6] jdbc.sqltiming - SELECT /* BoardMapper.getBoardListWithPaging (페이징 처리된 게시판 목록 조회 (지연 조인 최적화 적용)) */
               B.BOARD_ID
             , B.TITLE
             , B.CONTENT
             , M.USER_ID
             , M.USER_NAME
             , B.MEMBER_ID
             , B.BOARD_CODE
             , B.CATEGORY_ID
             , B.VIEW_COUNT
             , B.LIKE_COUNT
             ,(SELECT COUNT(*)
                 FROM COMMENT_MANAGEMENT CM
                 WHERE CM.BOARD_ID = B.BOARD_ID
                   AND CM.DELETE_YN = 'N') AS commentCount /* 댓글 작성 수 */
             , M.PROFILE_IMAGE
             , B.CREATE_AT
             , B.UPDATE_AT
             , B.TAG_NAME
          FROM BOARD B
    INNER JOIN ( /* 인덱스만 사용하여 필요한 ID들만 빠르게 추출 */
                SELECT BOARD_ID
                  FROM BOARD
             WHERE DELETE_YN = 'N' 
            ORDER BY CREATE_AT DESC
            LIMIT 30 OFFSET 0
        ) AS temp ON B.BOARD_ID = temp.BOARD_ID
        LEFT JOIN MEMBER_INFO M ON B.MEMBER_ID = M.MEMBER_ID
        ORDER BY B.CREATE_AT DESC
 {executed in 29 msec}
[2026-05-31 21:52:43.803] [INFO ] [http-nio-8080-exec-1] jdbc.sqltiming - SELECT /* BoardMapper.getgetBoardTotalCount (게시글 총 개수 조회) */
               COUNT(*)
          FROM BOARD
         WHERE DELETE_YN = 'N'

                AND BOARD_CODE = 'B_NOTICE_01'

                AND CATEGORY_ID = 'N001'
 {executed in 11 msec}
[2026-05-31 21:52:43.977] [INFO ] [http-nio-8080-exec-6] jdbc.sqltiming - SELECT /* BoardMapper.getgetBoardTotalCount (게시글 총 개수 조회) */
               COUNT(*)
          FROM BOARD
         WHERE DELETE_YN = 'N'
 {executed in 5 msec}
[2026-05-31 21:52:45.345] [INFO ] [http-nio-8080-exec-5] jdbc.sqltiming - SELECT /* MemberMapper.readMemberByMemberId (memberId를 통한 회원 정보 조회) */
               MEMBER_ID
             , USER_ID
             , USER_PASS
             , USER_NAME
             , USER_EMAIL
             , EMAIL_VERIFIED
             , USER_ROLE
             , USER_STATUS
             , PROFILE_IMAGE
             , CREATE_AT
             , UPDATE_AT
             , LAST_LOG_AT
          FROM MEMBER_INFO
        WHERE MEMBER_ID = 'MEMBER_20260427_001'
 {executed in 5 msec}
[2026-05-31 21:52:45.345] [INFO ] [http-nio-8080-exec-9] jdbc.sqltiming - SELECT /* MemberMapper.readMemberByMemberId (memberId를 통한 회원 정보 조회) */
               MEMBER_ID
             , USER_ID
             , USER_PASS
             , USER_NAME
             , USER_EMAIL
             , EMAIL_VERIFIED
             , USER_ROLE
             , USER_STATUS
             , PROFILE_IMAGE
             , CREATE_AT
             , UPDATE_AT
             , LAST_LOG_AT
          FROM MEMBER_INFO
        WHERE MEMBER_ID = 'MEMBER_20260427_001'
 {executed in 5 msec}
[2026-05-31 21:52:45.352] [INFO ] [http-nio-8080-exec-3] jdbc.sqltiming - SELECT /* MemberMapper.readMemberByMemberId (memberId를 통한 회원 정보 조회) */
               MEMBER_ID
             , USER_ID
             , USER_PASS
             , USER_NAME
             , USER_EMAIL
             , EMAIL_VERIFIED
             , USER_ROLE
             , USER_STATUS
             , PROFILE_IMAGE
             , CREATE_AT
             , UPDATE_AT
             , LAST_LOG_AT
          FROM MEMBER_INFO
        WHERE MEMBER_ID = 'MEMBER_20260427_001'
 {executed in 7 msec}
[2026-05-31 21:52:45.372] [INFO ] [http-nio-8080-exec-3] jdbc.sqltiming - SELECT /* BoardMapper.getBoardListWithPaging (페이징 처리된 게시판 목록 조회 (지연 조인 최적화 적용)) */
               B.BOARD_ID
             , B.TITLE
             , B.CONTENT
             , M.USER_ID
             , M.USER_NAME
             , B.MEMBER_ID
             , B.BOARD_CODE
             , B.CATEGORY_ID
             , B.VIEW_COUNT
             , B.LIKE_COUNT
             ,(SELECT COUNT(*)
                 FROM COMMENT_MANAGEMENT CM
                 WHERE CM.BOARD_ID = B.BOARD_ID
                   AND CM.DELETE_YN = 'N') AS commentCount /* 댓글 작성 수 */
             , M.PROFILE_IMAGE
             , B.CREATE_AT
             , B.UPDATE_AT
             , B.TAG_NAME
          FROM BOARD B
    INNER JOIN ( /* 인덱스만 사용하여 필요한 ID들만 빠르게 추출 */
                SELECT BOARD_ID
                  FROM BOARD
             WHERE DELETE_YN = 'N'

                    AND BOARD_CODE = 'B_GREETING_01' 
            ORDER BY CREATE_AT DESC
            LIMIT 10 OFFSET 0
        ) AS temp ON B.BOARD_ID = temp.BOARD_ID
        LEFT JOIN MEMBER_INFO M ON B.MEMBER_ID = M.MEMBER_ID
        ORDER BY B.CREATE_AT DESC
 {executed in 11 msec}
[2026-05-31 21:52:45.372] [INFO ] [http-nio-8080-exec-9] jdbc.sqltiming - SELECT /* BoardMapper.getBoardListWithPaging (페이징 처리된 게시판 목록 조회 (지연 조인 최적화 적용)) */
               B.BOARD_ID
             , B.TITLE
             , B.CONTENT
             , M.USER_ID
             , M.USER_NAME
             , B.MEMBER_ID
             , B.BOARD_CODE
             , B.CATEGORY_ID
             , B.VIEW_COUNT
             , B.LIKE_COUNT
             ,(SELECT COUNT(*)
                 FROM COMMENT_MANAGEMENT CM
                 WHERE CM.BOARD_ID = B.BOARD_ID
                   AND CM.DELETE_YN = 'N') AS commentCount /* 댓글 작성 수 */
             , M.PROFILE_IMAGE
             , B.CREATE_AT
             , B.UPDATE_AT
             , B.TAG_NAME
          FROM BOARD B
    INNER JOIN ( /* 인덱스만 사용하여 필요한 ID들만 빠르게 추출 */
                SELECT BOARD_ID
                  FROM BOARD
             WHERE DELETE_YN = 'N' 
            ORDER BY CREATE_AT DESC
            LIMIT 30 OFFSET 0
        ) AS temp ON B.BOARD_ID = temp.BOARD_ID
        LEFT JOIN MEMBER_INFO M ON B.MEMBER_ID = M.MEMBER_ID
        ORDER BY B.CREATE_AT DESC
 {executed in 19 msec}
[2026-05-31 21:52:45.391] [INFO ] [http-nio-8080-exec-3] jdbc.sqltiming - SELECT /* BoardMapper.getgetBoardTotalCount (게시글 총 개수 조회) */
               COUNT(*)
          FROM BOARD
         WHERE DELETE_YN = 'N'

                AND BOARD_CODE = 'B_GREETING_01'
 {executed in 5 msec}
[2026-05-31 21:52:45.521] [INFO ] [http-nio-8080-exec-9] jdbc.sqltiming - SELECT /* BoardMapper.getgetBoardTotalCount (게시글 총 개수 조회) */
               COUNT(*)
          FROM BOARD
         WHERE DELETE_YN = 'N'
 {executed in 4 msec}
[2026-05-31 21:52:46.395] [INFO ] [http-nio-8080-exec-8] jdbc.sqltiming - SELECT /* MemberMapper.readMemberByMemberId (memberId를 통한 회원 정보 조회) */
               MEMBER_ID
             , USER_ID
             , USER_PASS
             , USER_NAME
             , USER_EMAIL
             , EMAIL_VERIFIED
             , USER_ROLE
             , USER_STATUS
             , PROFILE_IMAGE
             , CREATE_AT
             , UPDATE_AT
             , LAST_LOG_AT
          FROM MEMBER_INFO
        WHERE MEMBER_ID = 'MEMBER_20260427_001'
 {executed in 5 msec}
[2026-05-31 21:52:46.395] [INFO ] [http-nio-8080-exec-4] jdbc.sqltiming - SELECT /* MemberMapper.readMemberByMemberId (memberId를 통한 회원 정보 조회) */
               MEMBER_ID
             , USER_ID
             , USER_PASS
             , USER_NAME
             , USER_EMAIL
             , EMAIL_VERIFIED
             , USER_ROLE
             , USER_STATUS
             , PROFILE_IMAGE
             , CREATE_AT
             , UPDATE_AT
             , LAST_LOG_AT
          FROM MEMBER_INFO
        WHERE MEMBER_ID = 'MEMBER_20260427_001'
 {executed in 5 msec}
[2026-05-31 21:52:46.395] [INFO ] [http-nio-8080-exec-10] jdbc.sqltiming - SELECT /* MemberMapper.readMemberByMemberId (memberId를 통한 회원 정보 조회) */
               MEMBER_ID
             , USER_ID
             , USER_PASS
             , USER_NAME
             , USER_EMAIL
             , EMAIL_VERIFIED
             , USER_ROLE
             , USER_STATUS
             , PROFILE_IMAGE
             , CREATE_AT
             , UPDATE_AT
             , LAST_LOG_AT
          FROM MEMBER_INFO
        WHERE MEMBER_ID = 'MEMBER_20260427_001'
 {executed in 5 msec}
[2026-05-31 21:52:46.395] [INFO ] [http-nio-8080-exec-2] jdbc.sqltiming - SELECT /* MemberMapper.readMemberByMemberId (memberId를 통한 회원 정보 조회) */
               MEMBER_ID
             , USER_ID
             , USER_PASS
             , USER_NAME
             , USER_EMAIL
             , EMAIL_VERIFIED
             , USER_ROLE
             , USER_STATUS
             , PROFILE_IMAGE
             , CREATE_AT
             , UPDATE_AT
             , LAST_LOG_AT
          FROM MEMBER_INFO
        WHERE MEMBER_ID = 'MEMBER_20260427_001'
 {executed in 5 msec}
[2026-05-31 21:52:46.412] [INFO ] [http-nio-8080-exec-10] jdbc.sqltiming - SELECT /* BoardMapper.existBoardContent */
               COUNT(1)
          FROM BOARD
         WHERE BOARD_ID = 7
           AND DELETE_YN = 'N'
 {executed in 8 msec}
[2026-05-31 21:52:46.419] [INFO ] [http-nio-8080-exec-8] jdbc.sqltiming - SELECT /* BoardMapper.getBoardListWithPaging (페이징 처리된 게시판 목록 조회 (지연 조인 최적화 적용)) */
               B.BOARD_ID
             , B.TITLE
             , B.CONTENT
             , M.USER_ID
             , M.USER_NAME
             , B.MEMBER_ID
             , B.BOARD_CODE
             , B.CATEGORY_ID
             , B.VIEW_COUNT
             , B.LIKE_COUNT
             ,(SELECT COUNT(*)
                 FROM COMMENT_MANAGEMENT CM
                 WHERE CM.BOARD_ID = B.BOARD_ID
                   AND CM.DELETE_YN = 'N') AS commentCount /* 댓글 작성 수 */
             , M.PROFILE_IMAGE
             , B.CREATE_AT
             , B.UPDATE_AT
             , B.TAG_NAME
          FROM BOARD B
    INNER JOIN ( /* 인덱스만 사용하여 필요한 ID들만 빠르게 추출 */
                SELECT BOARD_ID
                  FROM BOARD
             WHERE DELETE_YN = 'N' 
            ORDER BY CREATE_AT DESC
            LIMIT 20 OFFSET 0
        ) AS temp ON B.BOARD_ID = temp.BOARD_ID
        LEFT JOIN MEMBER_INFO M ON B.MEMBER_ID = M.MEMBER_ID
        ORDER BY B.CREATE_AT DESC
 {executed in 15 msec}
[2026-05-31 21:52:46.419] [INFO ] [http-nio-8080-exec-2] jdbc.sqltiming - SELECT /* commentMapper.getChildCommentCount (자식 대댓글 유무 확인)*/
               CM.COMMENT_ID
             , CM.BOARD_ID
             , CM.MEMBER_ID
             , CM.USER_ID
             , M.USER_NAME
             , CM.CONTENT
             , CM.PARENT_COMMENT_ID
             , CM.LIKE_COUNT
             , CM.CREATE_AT
             , CM.UPDATE_AT
             , CM.DELETE_YN
        FROM COMMENT_MANAGEMENT CM
                 LEFT JOIN MEMBER_INFO M ON CM.MEMBER_ID = M.MEMBER_ID
        WHERE CM.BOARD_ID = 7
          AND CM.DELETE_YN = 'N'
        ORDER BY CM.CREATE_AT ASC
 {executed in 6 msec}
[2026-05-31 21:52:46.427] [INFO ] [http-nio-8080-exec-10] jdbc.sqltiming - SELECT /* BoardMapper.getSearchBoard (게시판 글 단건조회 (사용자 정보 JOIN)) */
               B.BOARD_ID
             , B.TITLE
             , B.CONTENT
             , M.USER_ID
             , M.USER_NAME
             , B.MEMBER_ID
             , B.BOARD_CODE
             , B.CATEGORY_ID
             , B.VIEW_COUNT
             , B.LIKE_COUNT
             , M.PROFILE_IMAGE
             , B.CREATE_AT
             , B.UPDATE_AT
             , B.TAG_NAME
             , BS.SCRAP_ID /* 스크랩 고유 ID */
          FROM BOARD B
          LEFT JOIN MEMBER_INFO M ON B.MEMBER_ID = M.MEMBER_ID
          LEFT JOIN BOARD_SCRAP BS ON B.BOARD_ID = BS.BOARD_ID AND BS.MEMBER_ID = 'MEMBER_20260427_001'
         WHERE B.BOARD_ID = 7
           AND B.DELETE_YN = 'N'
 {executed in 7 msec}
[2026-05-31 21:52:46.449] [INFO ] [http-nio-8080-exec-10] jdbc.sqltiming - SELECT /* BoardMapper.getBoardFileList (게시글에 첨부된 파일 리스트 조회) */
               FILE_ID
             , BOARD_ID
             , ORIGIN_NAME
             , SAVE_NAME
             , FILE_PATH
             , FILE_SIZE
             , CREATE_AT
          FROM BOARD_FILE
         WHERE BOARD_ID = 7
 {executed in 5 msec}
[2026-05-31 21:52:46.453] [INFO ] [http-nio-8080-exec-10] jdbc.sqltiming - SELECT COUNT(*)
        FROM BOARD_LIKE
        WHERE BOARD_ID = 7 AND MEMBER_ID = 'MEMBER_20260427_001'
 {executed in 4 msec}
[2026-05-31 21:52:46.460] [INFO ] [http-nio-8080-exec-10] jdbc.sqltiming - SELECT /* BoardMapper.checkBoardScrap (페이지 스크랩 여부  확인) */
               COUNT(*)
          FROM BOARD_SCRAP
         WHERE BOARD_ID = 7
           AND MEMBER_ID = 'MEMBER_20260427_001'
 {executed in 6 msec}
[2026-05-31 21:52:46.567] [INFO ] [http-nio-8080-exec-8] jdbc.sqltiming - SELECT /* BoardMapper.getgetBoardTotalCount (게시글 총 개수 조회) */
               COUNT(*)
          FROM BOARD
         WHERE DELETE_YN = 'N'
 {executed in 6 msec}
[2026-05-31 21:52:51.425] [INFO ] [http-nio-8080-exec-7] jdbc.sqltiming - SELECT /* MemberMapper.readMemberByMemberId (memberId를 통한 회원 정보 조회) */
               MEMBER_ID
             , USER_ID
             , USER_PASS
             , USER_NAME
             , USER_EMAIL
             , EMAIL_VERIFIED
             , USER_ROLE
             , USER_STATUS
             , PROFILE_IMAGE
             , CREATE_AT
             , UPDATE_AT
             , LAST_LOG_AT
          FROM MEMBER_INFO
        WHERE MEMBER_ID = 'MEMBER_20260427_001'
 {executed in 11 msec}
[2026-05-31 21:52:51.485] [INFO ] [http-nio-8080-exec-7] jdbc.sqltiming - UPDATE BOARD
           SET DELETE_YN = 'Y'
             , UPDATE_AT = NOW()
         WHERE BOARD_ID IN
          (  
             7
          )
 {executed in 10 msec}
[2026-05-31 21:52:51.494] [INFO ] [http-nio-8080-exec-7] jdbc.sqltiming - UPDATE COMMENT_MANAGEMENT
           SET DELETE_YN = 'Y'
             , UPDATE_AT = NOW()
         WHERE BOARD_ID IN
          (  
             7
          )
 {executed in 9 msec}
[2026-05-31 21:52:51.504] [INFO ] [http-nio-8080-exec-7] jdbc.sqltiming - UPDATE BOARD_FILE
           SET DELETE_YN = 'Y'
             , UPDATE_AT = NOW()
         WHERE BOARD_ID IN
             (  
                7
             )
 {executed in 9 msec}
[2026-05-31 21:52:51.579] [INFO ] [http-nio-8080-exec-6] c.s.s.s.w.WebSocketServiceImpl - [Presence] User 관리자 left room OPEN_CHAT
[2026-05-31 21:52:51.590] [INFO ] [http-nio-8080-exec-9] jdbc.sqltiming - SELECT /* MemberMapper.readMemberByMemberId (memberId를 통한 회원 정보 조회) */
               MEMBER_ID
             , USER_ID
             , USER_PASS
             , USER_NAME
             , USER_EMAIL
             , EMAIL_VERIFIED
             , USER_ROLE
             , USER_STATUS
             , PROFILE_IMAGE
             , CREATE_AT
             , UPDATE_AT
             , LAST_LOG_AT
          FROM MEMBER_INFO
        WHERE MEMBER_ID = 'MEMBER_20260427_001'
 {executed in 7 msec}
[2026-05-31 21:52:51.590] [INFO ] [http-nio-8080-exec-4] jdbc.sqltiming - SELECT /* MemberMapper.readMemberByMemberId (memberId를 통한 회원 정보 조회) */
               MEMBER_ID
             , USER_ID
             , USER_PASS
             , USER_NAME
             , USER_EMAIL
             , EMAIL_VERIFIED
             , USER_ROLE
             , USER_STATUS
             , PROFILE_IMAGE
             , CREATE_AT
             , UPDATE_AT
             , LAST_LOG_AT
          FROM MEMBER_INFO
        WHERE MEMBER_ID = 'MEMBER_20260427_001'
 {executed in 6 msec}
[2026-05-31 21:52:51.595] [INFO ] [http-nio-8080-exec-2] jdbc.sqltiming - SELECT /* MemberMapper.readMemberByMemberId (memberId를 통한 회원 정보 조회) */
               MEMBER_ID
             , USER_ID
             , USER_PASS
             , USER_NAME
             , USER_EMAIL
             , EMAIL_VERIFIED
             , USER_ROLE
             , USER_STATUS
             , PROFILE_IMAGE
             , CREATE_AT
             , UPDATE_AT
             , LAST_LOG_AT
          FROM MEMBER_INFO
        WHERE MEMBER_ID = 'MEMBER_20260427_001'
 {executed in 5 msec}
[2026-05-31 21:52:51.595] [INFO ] [http-nio-8080-exec-10] jdbc.sqltiming - SELECT /* MemberMapper.readMemberByMemberId (memberId를 통한 회원 정보 조회) */
               MEMBER_ID
             , USER_ID
             , USER_PASS
             , USER_NAME
             , USER_EMAIL
             , EMAIL_VERIFIED
             , USER_ROLE
             , USER_STATUS
             , PROFILE_IMAGE
             , CREATE_AT
             , UPDATE_AT
             , LAST_LOG_AT
          FROM MEMBER_INFO
        WHERE MEMBER_ID = 'MEMBER_20260427_001'
 {executed in 4 msec}
[2026-05-31 21:52:51.607] [INFO ] [http-nio-8080-exec-9] jdbc.sqltiming - SELECT /* BoardMapper.getBoardListWithPaging (페이징 처리된 게시판 목록 조회 (지연 조인 최적화 적용)) */
               B.BOARD_ID
             , B.TITLE
             , B.CONTENT
             , M.USER_ID
             , M.USER_NAME
             , B.MEMBER_ID
             , B.BOARD_CODE
             , B.CATEGORY_ID
             , B.VIEW_COUNT
             , B.LIKE_COUNT
             ,(SELECT COUNT(*)
                 FROM COMMENT_MANAGEMENT CM
                 WHERE CM.BOARD_ID = B.BOARD_ID
                   AND CM.DELETE_YN = 'N') AS commentCount /* 댓글 작성 수 */
             , M.PROFILE_IMAGE
             , B.CREATE_AT
             , B.UPDATE_AT
             , B.TAG_NAME
          FROM BOARD B
    INNER JOIN ( /* 인덱스만 사용하여 필요한 ID들만 빠르게 추출 */
                SELECT BOARD_ID
                  FROM BOARD
             WHERE DELETE_YN = 'N'

                    AND BOARD_CODE = 'B_GREETING_01' 
            ORDER BY CREATE_AT DESC
            LIMIT 10 OFFSET 0
        ) AS temp ON B.BOARD_ID = temp.BOARD_ID
        LEFT JOIN MEMBER_INFO M ON B.MEMBER_ID = M.MEMBER_ID
        ORDER BY B.CREATE_AT DESC
 {executed in 6 msec}
[2026-05-31 21:52:51.611] [INFO ] [http-nio-8080-exec-8] c.s.s.s.w.WebSocketServiceImpl - [Presence] User 관리자 joined room OPEN_CHAT
[2026-05-31 21:52:51.612] [INFO ] [http-nio-8080-exec-2] jdbc.sqltiming - SELECT /* BoardMapper.getBoardListWithPaging (페이징 처리된 게시판 목록 조회 (지연 조인 최적화 적용)) */
               B.BOARD_ID
             , B.TITLE
             , B.CONTENT
             , M.USER_ID
             , M.USER_NAME
             , B.MEMBER_ID
             , B.BOARD_CODE
             , B.CATEGORY_ID
             , B.VIEW_COUNT
             , B.LIKE_COUNT
             ,(SELECT COUNT(*)
                 FROM COMMENT_MANAGEMENT CM
                 WHERE CM.BOARD_ID = B.BOARD_ID
                   AND CM.DELETE_YN = 'N') AS commentCount /* 댓글 작성 수 */
             , M.PROFILE_IMAGE
             , B.CREATE_AT
             , B.UPDATE_AT
             , B.TAG_NAME
          FROM BOARD B
    INNER JOIN ( /* 인덱스만 사용하여 필요한 ID들만 빠르게 추출 */
                SELECT BOARD_ID
                  FROM BOARD
             WHERE DELETE_YN = 'N' 
            ORDER BY CREATE_AT DESC
            LIMIT 30 OFFSET 0
        ) AS temp ON B.BOARD_ID = temp.BOARD_ID
        LEFT JOIN MEMBER_INFO M ON B.MEMBER_ID = M.MEMBER_ID
        ORDER BY B.CREATE_AT DESC
 {executed in 11 msec}
[2026-05-31 21:52:51.652] [INFO ] [http-nio-8080-exec-8] c.s.s.c.w.WebSocketEventListener - [Presence] User 관리자 joined room OPEN_CHAT
[2026-05-31 21:52:51.652] [INFO ] [http-nio-8080-exec-9] jdbc.sqltiming - SELECT /* BoardMapper.getgetBoardTotalCount (게시글 총 개수 조회) */
               COUNT(*)
          FROM BOARD
         WHERE DELETE_YN = 'N'

                AND BOARD_CODE = 'B_GREETING_01'
 {executed in 8 msec}
[2026-05-31 21:52:51.662] [INFO ] [http-nio-8080-exec-6] c.s.s.c.w.WebSocketEventListener - [Presence] Room OPEN_CHAT  updated. Count: 1
[2026-05-31 21:52:51.671] [INFO ] [redisContainer-4] c.s.s.s.redisConfig.RedisSubscriber - Redis Subscribe - Message Received: {"notiId":null,"senderName":"관리자","type":"QUIT","roomId":"OPEN_CHAT","senderId":"MEMBER_20260427_001","targetId":null,"content":"관리자님이 퇴장하셨습니다.","timestamp":"2026-05-31 21:52:51","targetUrl":null}
[2026-05-31 21:52:51.699] [INFO ] [http-nio-8080-exec-8] c.s.s.c.w.WebSocketEventListener - [Presence] Room OPEN_CHAT  updated. Count: 1
[2026-05-31 21:52:51.739] [INFO ] [http-nio-8080-exec-8] c.s.s.c.w.WebSocketEventListener - [Presence] Room OPEN_CHAT  updated. Count: 1
[2026-05-31 21:52:51.763] [INFO ] [http-nio-8080-exec-2] jdbc.sqltiming - SELECT /* BoardMapper.getgetBoardTotalCount (게시글 총 개수 조회) */
               COUNT(*)
          FROM BOARD
         WHERE DELETE_YN = 'N'
 {executed in 4 msec}
[2026-05-31 21:52:52.117] [INFO ] [clientInboundChannel-27] jdbc.sqltiming - SELECT /* MemberMapper.readMemberByMemberId (memberId를 통한 회원 정보 조회) */
               MEMBER_ID
             , USER_ID
             , USER_PASS
             , USER_NAME
             , USER_EMAIL
             , EMAIL_VERIFIED
             , USER_ROLE
             , USER_STATUS
             , PROFILE_IMAGE
             , CREATE_AT
             , UPDATE_AT
             , LAST_LOG_AT
          FROM MEMBER_INFO
        WHERE MEMBER_ID = 'MEMBER_20260427_001'
 {executed in 5 msec}
[2026-05-31 21:52:52.128] [INFO ] [clientInboundChannel-27] jdbc.sqltiming - INSERT INTO CHAT_MESSAGE( /* WebSocketMapper.insertChatMessage (채팅 저장) */
                    ROOM_ID
                  , SENDER_ID
                  , CONTENT
                  , SEND_TIME
                  , CHAT_TYPE
        )    VALUES(
                    'OPEN_CHAT'
                  , 'MEMBER_20260427_001'
                  , '관리자님이 입장하셨습니다.'
                  , 2026-05-31T21:52:52.118371
                  , 'ENTER'
               )
 {executed in 9 msec}
[2026-05-31 21:52:52.129] [INFO ] [clientInboundChannel-27] jdbc.sqltiming - getGeneratedKeys on query: INSERT INTO CHAT_MESSAGE( /* WebSocketMapper.insertChatMessage (채팅 저장) */
                    ROOM_ID
                  , SENDER_ID
                  , CONTENT
                  , SEND_TIME
                  , CHAT_TYPE
        )    VALUES(
                    'OPEN_CHAT'
                  , 'MEMBER_20260427_001'
                  , '관리자님이 입장하셨습니다.'
                  , 2026-05-31T21:52:52.118371
                  , 'ENTER'
               )
 {executed in 0 msec}
[2026-05-31 21:52:52.130] [INFO ] [clientInboundChannel-27] c.s.s.s.w.WebSocketServiceImpl - JSON Message to Redis: {"notiId":null,"senderName":"관리자","type":"ENTER","roomId":"OPEN_CHAT","senderId":"MEMBER_20260427_001","targetId":null,"content":"관리자님이 입장하셨습니다.","timestamp":"2026-05-31 21:52:52","targetUrl":null}
[2026-05-31 21:52:52.135] [INFO ] [redisContainer-5] c.s.s.s.redisConfig.RedisSubscriber - Redis Subscribe - Message Received: {"notiId":null,"senderName":"관리자","type":"ENTER","roomId":"OPEN_CHAT","senderId":"MEMBER_20260427_001","targetId":null,"content":"관리자님이 입장하셨습니다.","timestamp":"2026-05-31 21:52:52","targetUrl":null}
[2026-05-31 21:52:53.601] [INFO ] [http-nio-8080-exec-3] jdbc.sqltiming - SELECT /* MemberMapper.readMemberByMemberId (memberId를 통한 회원 정보 조회) */
               MEMBER_ID
             , USER_ID
             , USER_PASS
             , USER_NAME
             , USER_EMAIL
             , EMAIL_VERIFIED
             , USER_ROLE
             , USER_STATUS
             , PROFILE_IMAGE
             , CREATE_AT
             , UPDATE_AT
             , LAST_LOG_AT
          FROM MEMBER_INFO
        WHERE MEMBER_ID = 'MEMBER_20260427_001'
 {executed in 5 msec}
[2026-05-31 21:52:53.601] [INFO ] [http-nio-8080-exec-1] jdbc.sqltiming - SELECT /* MemberMapper.readMemberByMemberId (memberId를 통한 회원 정보 조회) */
               MEMBER_ID
             , USER_ID
             , USER_PASS
             , USER_NAME
             , USER_EMAIL
             , EMAIL_VERIFIED
             , USER_ROLE
             , USER_STATUS
             , PROFILE_IMAGE
             , CREATE_AT
             , UPDATE_AT
             , LAST_LOG_AT
          FROM MEMBER_INFO
        WHERE MEMBER_ID = 'MEMBER_20260427_001'
 {executed in 5 msec}
[2026-05-31 21:52:53.601] [INFO ] [http-nio-8080-exec-5] jdbc.sqltiming - SELECT /* MemberMapper.readMemberByMemberId (memberId를 통한 회원 정보 조회) */
               MEMBER_ID
             , USER_ID
             , USER_PASS
             , USER_NAME
             , USER_EMAIL
             , EMAIL_VERIFIED
             , USER_ROLE
             , USER_STATUS
             , PROFILE_IMAGE
             , CREATE_AT
             , UPDATE_AT
             , LAST_LOG_AT
          FROM MEMBER_INFO
        WHERE MEMBER_ID = 'MEMBER_20260427_001'
 {executed in 5 msec}
[2026-05-31 21:52:53.618] [INFO ] [http-nio-8080-exec-1] jdbc.sqltiming - SELECT /* BoardMapper.getBoardListWithPaging (페이징 처리된 게시판 목록 조회 (지연 조인 최적화 적용)) */
               B.BOARD_ID
             , B.TITLE
             , B.CONTENT
             , M.USER_ID
             , M.USER_NAME
             , B.MEMBER_ID
             , B.BOARD_CODE
             , B.CATEGORY_ID
             , B.VIEW_COUNT
             , B.LIKE_COUNT
             ,(SELECT COUNT(*)
                 FROM COMMENT_MANAGEMENT CM
                 WHERE CM.BOARD_ID = B.BOARD_ID
                   AND CM.DELETE_YN = 'N') AS commentCount /* 댓글 작성 수 */
             , M.PROFILE_IMAGE
             , B.CREATE_AT
             , B.UPDATE_AT
             , B.TAG_NAME
          FROM BOARD B
    INNER JOIN ( /* 인덱스만 사용하여 필요한 ID들만 빠르게 추출 */
                SELECT BOARD_ID
                  FROM BOARD
             WHERE DELETE_YN = 'N'

                    AND BOARD_CODE = 'B_SQLD_01' 
            ORDER BY CREATE_AT DESC
            LIMIT 10 OFFSET 0
        ) AS temp ON B.BOARD_ID = temp.BOARD_ID
        LEFT JOIN MEMBER_INFO M ON B.MEMBER_ID = M.MEMBER_ID
        ORDER BY B.CREATE_AT DESC
 {executed in 10 msec}
[2026-05-31 21:52:53.630] [INFO ] [http-nio-8080-exec-3] jdbc.sqltiming - SELECT /* BoardMapper.getBoardListWithPaging (페이징 처리된 게시판 목록 조회 (지연 조인 최적화 적용)) */
               B.BOARD_ID
             , B.TITLE
             , B.CONTENT
             , M.USER_ID
             , M.USER_NAME
             , B.MEMBER_ID
             , B.BOARD_CODE
             , B.CATEGORY_ID
             , B.VIEW_COUNT
             , B.LIKE_COUNT
             ,(SELECT COUNT(*)
                 FROM COMMENT_MANAGEMENT CM
                 WHERE CM.BOARD_ID = B.BOARD_ID
                   AND CM.DELETE_YN = 'N') AS commentCount /* 댓글 작성 수 */
             , M.PROFILE_IMAGE
             , B.CREATE_AT
             , B.UPDATE_AT
             , B.TAG_NAME
          FROM BOARD B
    INNER JOIN ( /* 인덱스만 사용하여 필요한 ID들만 빠르게 추출 */
                SELECT BOARD_ID
                  FROM BOARD
             WHERE DELETE_YN = 'N' 
            ORDER BY CREATE_AT DESC
            LIMIT 30 OFFSET 0
        ) AS temp ON B.BOARD_ID = temp.BOARD_ID
        LEFT JOIN MEMBER_INFO M ON B.MEMBER_ID = M.MEMBER_ID
        ORDER BY B.CREATE_AT DESC
 {executed in 23 msec}
[2026-05-31 21:52:53.677] [INFO ] [http-nio-8080-exec-1] jdbc.sqltiming - SELECT /* BoardMapper.getgetBoardTotalCount (게시글 총 개수 조회) */
               COUNT(*)
          FROM BOARD
         WHERE DELETE_YN = 'N'

                AND BOARD_CODE = 'B_SQLD_01'
 {executed in 7 msec}
[2026-05-31 21:52:53.783] [INFO ] [http-nio-8080-exec-3] jdbc.sqltiming - SELECT /* BoardMapper.getgetBoardTotalCount (게시글 총 개수 조회) */
               COUNT(*)
          FROM BOARD
         WHERE DELETE_YN = 'N'
 {executed in 5 msec}
[2026-05-31 21:52:54.067] [INFO ] [http-nio-8080-exec-10] c.s.s.s.w.WebSocketServiceImpl - [Presence] User 관리자 left room OPEN_CHAT
[2026-05-31 21:52:54.070] [INFO ] [http-nio-8080-exec-8] jdbc.sqltiming - SELECT /* MemberMapper.readMemberByMemberId (memberId를 통한 회원 정보 조회) */
               MEMBER_ID
             , USER_ID
             , USER_PASS
             , USER_NAME
             , USER_EMAIL
             , EMAIL_VERIFIED
             , USER_ROLE
             , USER_STATUS
             , PROFILE_IMAGE
             , CREATE_AT
             , UPDATE_AT
             , LAST_LOG_AT
          FROM MEMBER_INFO
        WHERE MEMBER_ID = 'MEMBER_20260427_001'
 {executed in 6 msec}
[2026-05-31 21:52:54.085] [INFO ] [http-nio-8080-exec-2] c.s.s.s.w.WebSocketServiceImpl - [Presence] User 관리자 joined room OPEN_CHAT
[2026-05-31 21:52:54.094] [INFO ] [http-nio-8080-exec-2] c.s.s.c.w.WebSocketEventListener - [Presence] User 관리자 joined room OPEN_CHAT
[2026-05-31 21:52:54.115] [INFO ] [http-nio-8080-exec-10] c.s.s.c.w.WebSocketEventListener - [Presence] Room OPEN_CHAT  updated. Count: 1
[2026-05-31 21:52:54.120] [INFO ] [redisContainer-6] c.s.s.s.redisConfig.RedisSubscriber - Redis Subscribe - Message Received: {"notiId":null,"senderName":"관리자","type":"QUIT","roomId":"OPEN_CHAT","senderId":"MEMBER_20260427_001","targetId":null,"content":"관리자님이 퇴장하셨습니다.","timestamp":"2026-05-31 21:52:54","targetUrl":null}
[2026-05-31 21:52:54.137] [INFO ] [http-nio-8080-exec-2] c.s.s.c.w.WebSocketEventListener - [Presence] Room OPEN_CHAT  updated. Count: 1
[2026-05-31 21:52:54.174] [INFO ] [http-nio-8080-exec-2] c.s.s.c.w.WebSocketEventListener - [Presence] Room OPEN_CHAT  updated. Count: 1
[2026-05-31 21:52:54.415] [INFO ] [http-nio-8080-exec-7] jdbc.sqltiming - SELECT /* MemberMapper.readMemberByMemberId (memberId를 통한 회원 정보 조회) */
               MEMBER_ID
             , USER_ID
             , USER_PASS
             , USER_NAME
             , USER_EMAIL
             , EMAIL_VERIFIED
             , USER_ROLE
             , USER_STATUS
             , PROFILE_IMAGE
             , CREATE_AT
             , UPDATE_AT
             , LAST_LOG_AT
          FROM MEMBER_INFO
        WHERE MEMBER_ID = 'MEMBER_20260427_001'
 {executed in 5 msec}
[2026-05-31 21:52:54.415] [INFO ] [http-nio-8080-exec-1] jdbc.sqltiming - SELECT /* MemberMapper.readMemberByMemberId (memberId를 통한 회원 정보 조회) */
               MEMBER_ID
             , USER_ID
             , USER_PASS
             , USER_NAME
             , USER_EMAIL
             , EMAIL_VERIFIED
             , USER_ROLE
             , USER_STATUS
             , PROFILE_IMAGE
             , CREATE_AT
             , UPDATE_AT
             , LAST_LOG_AT
          FROM MEMBER_INFO
        WHERE MEMBER_ID = 'MEMBER_20260427_001'
 {executed in 5 msec}
[2026-05-31 21:52:54.415] [INFO ] [http-nio-8080-exec-5] jdbc.sqltiming - SELECT /* MemberMapper.readMemberByMemberId (memberId를 통한 회원 정보 조회) */
               MEMBER_ID
             , USER_ID
             , USER_PASS
             , USER_NAME
             , USER_EMAIL
             , EMAIL_VERIFIED
             , USER_ROLE
             , USER_STATUS
             , PROFILE_IMAGE
             , CREATE_AT
             , UPDATE_AT
             , LAST_LOG_AT
          FROM MEMBER_INFO
        WHERE MEMBER_ID = 'MEMBER_20260427_001'
 {executed in 5 msec}
[2026-05-31 21:52:54.429] [INFO ] [http-nio-8080-exec-7] jdbc.sqltiming - SELECT /* BoardMapper.getBoardListWithPaging (페이징 처리된 게시판 목록 조회 (지연 조인 최적화 적용)) */
               B.BOARD_ID
             , B.TITLE
             , B.CONTENT
             , M.USER_ID
             , M.USER_NAME
             , B.MEMBER_ID
             , B.BOARD_CODE
             , B.CATEGORY_ID
             , B.VIEW_COUNT
             , B.LIKE_COUNT
             ,(SELECT COUNT(*)
                 FROM COMMENT_MANAGEMENT CM
                 WHERE CM.BOARD_ID = B.BOARD_ID
                   AND CM.DELETE_YN = 'N') AS commentCount /* 댓글 작성 수 */
             , M.PROFILE_IMAGE
             , B.CREATE_AT
             , B.UPDATE_AT
             , B.TAG_NAME
          FROM BOARD B
    INNER JOIN ( /* 인덱스만 사용하여 필요한 ID들만 빠르게 추출 */
                SELECT BOARD_ID
                  FROM BOARD
             WHERE DELETE_YN = 'N'

                    AND BOARD_CODE = 'B_SQLD_01'

                    AND CATEGORY_ID = 'S001' 
            ORDER BY CREATE_AT DESC
            LIMIT 10 OFFSET 0
        ) AS temp ON B.BOARD_ID = temp.BOARD_ID
        LEFT JOIN MEMBER_INFO M ON B.MEMBER_ID = M.MEMBER_ID
        ORDER BY B.CREATE_AT DESC
 {executed in 6 msec}
[2026-05-31 21:52:54.436] [INFO ] [http-nio-8080-exec-7] jdbc.sqltiming - SELECT /* BoardMapper.getgetBoardTotalCount (게시글 총 개수 조회) */
               COUNT(*)
          FROM BOARD
         WHERE DELETE_YN = 'N'

                AND BOARD_CODE = 'B_SQLD_01'

                AND CATEGORY_ID = 'S001'
 {executed in 6 msec}
[2026-05-31 21:52:54.436] [INFO ] [http-nio-8080-exec-1] jdbc.sqltiming - SELECT /* BoardMapper.getBoardListWithPaging (페이징 처리된 게시판 목록 조회 (지연 조인 최적화 적용)) */
               B.BOARD_ID
             , B.TITLE
             , B.CONTENT
             , M.USER_ID
             , M.USER_NAME
             , B.MEMBER_ID
             , B.BOARD_CODE
             , B.CATEGORY_ID
             , B.VIEW_COUNT
             , B.LIKE_COUNT
             ,(SELECT COUNT(*)
                 FROM COMMENT_MANAGEMENT CM
                 WHERE CM.BOARD_ID = B.BOARD_ID
                   AND CM.DELETE_YN = 'N') AS commentCount /* 댓글 작성 수 */
             , M.PROFILE_IMAGE
             , B.CREATE_AT
             , B.UPDATE_AT
             , B.TAG_NAME
          FROM BOARD B
    INNER JOIN ( /* 인덱스만 사용하여 필요한 ID들만 빠르게 추출 */
                SELECT BOARD_ID
                  FROM BOARD
             WHERE DELETE_YN = 'N' 
            ORDER BY CREATE_AT DESC
            LIMIT 30 OFFSET 0
        ) AS temp ON B.BOARD_ID = temp.BOARD_ID
        LEFT JOIN MEMBER_INFO M ON B.MEMBER_ID = M.MEMBER_ID
        ORDER BY B.CREATE_AT DESC
 {executed in 12 msec}
[2026-05-31 21:52:54.555] [INFO ] [http-nio-8080-exec-1] jdbc.sqltiming - SELECT /* BoardMapper.getgetBoardTotalCount (게시글 총 개수 조회) */
               COUNT(*)
          FROM BOARD
         WHERE DELETE_YN = 'N'
 {executed in 6 msec}
[2026-05-31 21:52:54.587] [INFO ] [clientInboundChannel-28] jdbc.sqltiming - SELECT /* MemberMapper.readMemberByMemberId (memberId를 통한 회원 정보 조회) */
               MEMBER_ID
             , USER_ID
             , USER_PASS
             , USER_NAME
             , USER_EMAIL
             , EMAIL_VERIFIED
             , USER_ROLE
             , USER_STATUS
             , PROFILE_IMAGE
             , CREATE_AT
             , UPDATE_AT
             , LAST_LOG_AT
          FROM MEMBER_INFO
        WHERE MEMBER_ID = 'MEMBER_20260427_001'
 {executed in 4 msec}
[2026-05-31 21:52:54.600] [INFO ] [clientInboundChannel-28] jdbc.sqltiming - INSERT INTO CHAT_MESSAGE( /* WebSocketMapper.insertChatMessage (채팅 저장) */
                    ROOM_ID
                  , SENDER_ID
                  , CONTENT
                  , SEND_TIME
                  , CHAT_TYPE
        )    VALUES(
                    'OPEN_CHAT'
                  , 'MEMBER_20260427_001'
                  , '관리자님이 입장하셨습니다.'
                  , 2026-05-31T21:52:54.588944
                  , 'ENTER'
               )
 {executed in 11 msec}
[2026-05-31 21:52:54.600] [INFO ] [clientInboundChannel-28] jdbc.sqltiming - getGeneratedKeys on query: INSERT INTO CHAT_MESSAGE( /* WebSocketMapper.insertChatMessage (채팅 저장) */
                    ROOM_ID
                  , SENDER_ID
                  , CONTENT
                  , SEND_TIME
                  , CHAT_TYPE
        )    VALUES(
                    'OPEN_CHAT'
                  , 'MEMBER_20260427_001'
                  , '관리자님이 입장하셨습니다.'
                  , 2026-05-31T21:52:54.588944
                  , 'ENTER'
               )
 {executed in 0 msec}
[2026-05-31 21:52:54.601] [INFO ] [clientInboundChannel-28] c.s.s.s.w.WebSocketServiceImpl - JSON Message to Redis: {"notiId":null,"senderName":"관리자","type":"ENTER","roomId":"OPEN_CHAT","senderId":"MEMBER_20260427_001","targetId":null,"content":"관리자님이 입장하셨습니다.","timestamp":"2026-05-31 21:52:54","targetUrl":null}
[2026-05-31 21:52:54.606] [INFO ] [redisContainer-7] c.s.s.s.redisConfig.RedisSubscriber - Redis Subscribe - Message Received: {"notiId":null,"senderName":"관리자","type":"ENTER","roomId":"OPEN_CHAT","senderId":"MEMBER_20260427_001","targetId":null,"content":"관리자님이 입장하셨습니다.","timestamp":"2026-05-31 21:52:54","targetUrl":null}
[2026-05-31 21:53:03.574] [INFO ] [http-nio-8080-exec-9] jdbc.sqltiming - SELECT /* MemberMapper.readMemberByMemberId (memberId를 통한 회원 정보 조회) */
               MEMBER_ID
             , USER_ID
             , USER_PASS
             , USER_NAME
             , USER_EMAIL
             , EMAIL_VERIFIED
             , USER_ROLE
             , USER_STATUS
             , PROFILE_IMAGE
             , CREATE_AT
             , UPDATE_AT
             , LAST_LOG_AT
          FROM MEMBER_INFO
        WHERE MEMBER_ID = 'MEMBER_20260427_001'
 {executed in 6 msec}
[2026-05-31 21:53:03.574] [INFO ] [http-nio-8080-exec-4] jdbc.sqltiming - SELECT /* MemberMapper.readMemberByMemberId (memberId를 통한 회원 정보 조회) */
               MEMBER_ID
             , USER_ID
             , USER_PASS
             , USER_NAME
             , USER_EMAIL
             , EMAIL_VERIFIED
             , USER_ROLE
             , USER_STATUS
             , PROFILE_IMAGE
             , CREATE_AT
             , UPDATE_AT
             , LAST_LOG_AT
          FROM MEMBER_INFO
        WHERE MEMBER_ID = 'MEMBER_20260427_001'
 {executed in 6 msec}
[2026-05-31 21:53:03.574] [INFO ] [http-nio-8080-exec-6] jdbc.sqltiming - SELECT /* MemberMapper.readMemberByMemberId (memberId를 통한 회원 정보 조회) */
               MEMBER_ID
             , USER_ID
             , USER_PASS
             , USER_NAME
             , USER_EMAIL
             , EMAIL_VERIFIED
             , USER_ROLE
             , USER_STATUS
             , PROFILE_IMAGE
             , CREATE_AT
             , UPDATE_AT
             , LAST_LOG_AT
          FROM MEMBER_INFO
        WHERE MEMBER_ID = 'MEMBER_20260427_001'
 {executed in 6 msec}
[2026-05-31 21:53:03.593] [INFO ] [http-nio-8080-exec-4] jdbc.sqltiming - SELECT /* BoardMapper.getBoardListWithPaging (페이징 처리된 게시판 목록 조회 (지연 조인 최적화 적용)) */
               B.BOARD_ID
             , B.TITLE
             , B.CONTENT
             , M.USER_ID
             , M.USER_NAME
             , B.MEMBER_ID
             , B.BOARD_CODE
             , B.CATEGORY_ID
             , B.VIEW_COUNT
             , B.LIKE_COUNT
             ,(SELECT COUNT(*)
                 FROM COMMENT_MANAGEMENT CM
                 WHERE CM.BOARD_ID = B.BOARD_ID
                   AND CM.DELETE_YN = 'N') AS commentCount /* 댓글 작성 수 */
             , M.PROFILE_IMAGE
             , B.CREATE_AT
             , B.UPDATE_AT
             , B.TAG_NAME
          FROM BOARD B
    INNER JOIN ( /* 인덱스만 사용하여 필요한 ID들만 빠르게 추출 */
                SELECT BOARD_ID
                  FROM BOARD
             WHERE DELETE_YN = 'N'

                    AND BOARD_CODE = 'B_SQLD_01' 
            ORDER BY CREATE_AT DESC
            LIMIT 10 OFFSET 0
        ) AS temp ON B.BOARD_ID = temp.BOARD_ID
        LEFT JOIN MEMBER_INFO M ON B.MEMBER_ID = M.MEMBER_ID
        ORDER BY B.CREATE_AT DESC
 {executed in 9 msec}
[2026-05-31 21:53:03.599] [INFO ] [http-nio-8080-exec-9] jdbc.sqltiming - SELECT /* BoardMapper.getBoardListWithPaging (페이징 처리된 게시판 목록 조회 (지연 조인 최적화 적용)) */
               B.BOARD_ID
             , B.TITLE
             , B.CONTENT
             , M.USER_ID
             , M.USER_NAME
             , B.MEMBER_ID
             , B.BOARD_CODE
             , B.CATEGORY_ID
             , B.VIEW_COUNT
             , B.LIKE_COUNT
             ,(SELECT COUNT(*)
                 FROM COMMENT_MANAGEMENT CM
                 WHERE CM.BOARD_ID = B.BOARD_ID
                   AND CM.DELETE_YN = 'N') AS commentCount /* 댓글 작성 수 */
             , M.PROFILE_IMAGE
             , B.CREATE_AT
             , B.UPDATE_AT
             , B.TAG_NAME
          FROM BOARD B
    INNER JOIN ( /* 인덱스만 사용하여 필요한 ID들만 빠르게 추출 */
                SELECT BOARD_ID
                  FROM BOARD
             WHERE DELETE_YN = 'N' 
            ORDER BY CREATE_AT DESC
            LIMIT 30 OFFSET 0
        ) AS temp ON B.BOARD_ID = temp.BOARD_ID
        LEFT JOIN MEMBER_INFO M ON B.MEMBER_ID = M.MEMBER_ID
        ORDER BY B.CREATE_AT DESC
 {executed in 15 msec}
[2026-05-31 21:53:03.680] [INFO ] [http-nio-8080-exec-4] jdbc.sqltiming - SELECT /* BoardMapper.getgetBoardTotalCount (게시글 총 개수 조회) */
               COUNT(*)
          FROM BOARD
         WHERE DELETE_YN = 'N'

                AND BOARD_CODE = 'B_SQLD_01'
 {executed in 4 msec}
[2026-05-31 21:53:03.771] [INFO ] [http-nio-8080-exec-9] jdbc.sqltiming - SELECT /* BoardMapper.getgetBoardTotalCount (게시글 총 개수 조회) */
               COUNT(*)
          FROM BOARD
         WHERE DELETE_YN = 'N'
 {executed in 6 msec}
[2026-05-31 21:53:03.998] [INFO ] [http-nio-8080-exec-8] jdbc.sqltiming - SELECT /* MemberMapper.readMemberByMemberId (memberId를 통한 회원 정보 조회) */
               MEMBER_ID
             , USER_ID
             , USER_PASS
             , USER_NAME
             , USER_EMAIL
             , EMAIL_VERIFIED
             , USER_ROLE
             , USER_STATUS
             , PROFILE_IMAGE
             , CREATE_AT
             , UPDATE_AT
             , LAST_LOG_AT
          FROM MEMBER_INFO
        WHERE MEMBER_ID = 'MEMBER_20260427_001'
 {executed in 5 msec}
[2026-05-31 21:53:04.020] [INFO ] [http-nio-8080-exec-8] jdbc.sqltiming - SELECT  /* BoardMapper.getBoardList (게시판 목록 전체를 조회하는 쿼리 (사용자 정보 JOIN))*/
               B.BOARD_ID
             , B.TITLE
             , B.CONTENT
             , M.USER_ID
             , M.USER_NAME
             , B.MEMBER_ID
             , B.BOARD_CODE
             , B.CATEGORY_ID
             , B.VIEW_COUNT
             , B.LIKE_COUNT
             ,(SELECT COUNT(*)
                 FROM COMMENT_MANAGEMENT CM
                WHERE CM.BOARD_ID = B.BOARD_ID
                  AND CM.DELETE_YN = 'N') AS commentCount /* 댓글 작성 수 */
             , M.PROFILE_IMAGE
             , B.CREATE_AT
             , B.UPDATE_AT
             , B.TAG_NAME
        FROM
            BOARD B
        LEFT JOIN MEMBER_INFO M ON B.MEMBER_ID = M.MEMBER_ID
        WHERE B.DELETE_YN = 'N'
        ORDER BY
            B.CREATE_AT DESC
 {executed in 17 msec}
[2026-05-31 21:53:06.460] [INFO ] [http-nio-8080-exec-2] jdbc.sqltiming - SELECT /* MemberMapper.readMemberByMemberId (memberId를 통한 회원 정보 조회) */
               MEMBER_ID
             , USER_ID
             , USER_PASS
             , USER_NAME
             , USER_EMAIL
             , EMAIL_VERIFIED
             , USER_ROLE
             , USER_STATUS
             , PROFILE_IMAGE
             , CREATE_AT
             , UPDATE_AT
             , LAST_LOG_AT
          FROM MEMBER_INFO
        WHERE MEMBER_ID = 'MEMBER_20260427_001'
 {executed in 6 msec}
[2026-05-31 21:53:06.480] [INFO ] [http-nio-8080-exec-2] jdbc.sqltiming - SELECT /* Member.readMemberSimpleInfo (로그인 후, 회원 간편 정보 조회) */
               USER_ID                                  /* 사용자 아이디 */
             , USER_NAME                                /* 사용자 명    */
             , USER_EMAIL                               /* 사용자 이메일 */
             , USER_ROLE                                /* 사용자 권한  */
             , PROFILE_IMAGE                            /* 사용자 프로필  */
             , (SELECT COUNT(*)
                  FROM BOARD B
                 WHERE B.MEMBER_ID = M.MEMBER_ID
                   AND DELETE_YN='N') AS postCount      /* 게시글 수 */
             , (SELECT COUNT(*)
                  FROM COMMENT_MANAGEMENT CM
                 WHERE CM.MEMBER_ID = M.MEMBER_ID
                   AND DELETE_YN = 'N') AS commentCount /* 댓글 작성 수 */
             , LAST_LOG_AT  /* 최근 접속 시간 */
        FROM MEMBER_INFO M
        WHERE MEMBER_ID = 'MEMBER_20260427_001'
 {executed in 5 msec}
[2026-05-31 21:53:11.217] [INFO ] [http-nio-8080-exec-7] jdbc.sqltiming - SELECT /* MemberMapper.readMemberByMemberId (memberId를 통한 회원 정보 조회) */
               MEMBER_ID
             , USER_ID
             , USER_PASS
             , USER_NAME
             , USER_EMAIL
             , EMAIL_VERIFIED
             , USER_ROLE
             , USER_STATUS
             , PROFILE_IMAGE
             , CREATE_AT
             , UPDATE_AT
             , LAST_LOG_AT
          FROM MEMBER_INFO
        WHERE MEMBER_ID = 'MEMBER_20260427_001'
 {executed in 7 msec}
[2026-05-31 21:53:11.219] [INFO ] [http-nio-8080-exec-5] jdbc.sqltiming - SELECT /* MemberMapper.readMemberByMemberId (memberId를 통한 회원 정보 조회) */
               MEMBER_ID
             , USER_ID
             , USER_PASS
             , USER_NAME
             , USER_EMAIL
             , EMAIL_VERIFIED
             , USER_ROLE
             , USER_STATUS
             , PROFILE_IMAGE
             , CREATE_AT
             , UPDATE_AT
             , LAST_LOG_AT
          FROM MEMBER_INFO
        WHERE MEMBER_ID = 'MEMBER_20260427_001'
 {executed in 8 msec}
[2026-05-31 21:53:11.218] [INFO ] [http-nio-8080-exec-1] jdbc.sqltiming - SELECT /* MemberMapper.readMemberByMemberId (memberId를 통한 회원 정보 조회) */
               MEMBER_ID
             , USER_ID
             , USER_PASS
             , USER_NAME
             , USER_EMAIL
             , EMAIL_VERIFIED
             , USER_ROLE
             , USER_STATUS
             , PROFILE_IMAGE
             , CREATE_AT
             , UPDATE_AT
             , LAST_LOG_AT
          FROM MEMBER_INFO
        WHERE MEMBER_ID = 'MEMBER_20260427_001'
 {executed in 8 msec}
[2026-05-31 21:53:11.243] [INFO ] [http-nio-8080-exec-5] jdbc.sqltiming - SELECT /* BoardMapper.getBoardListWithPaging (페이징 처리된 게시판 목록 조회 (지연 조인 최적화 적용)) */
               B.BOARD_ID
             , B.TITLE
             , B.CONTENT
             , M.USER_ID
             , M.USER_NAME
             , B.MEMBER_ID
             , B.BOARD_CODE
             , B.CATEGORY_ID
             , B.VIEW_COUNT
             , B.LIKE_COUNT
             ,(SELECT COUNT(*)
                 FROM COMMENT_MANAGEMENT CM
                 WHERE CM.BOARD_ID = B.BOARD_ID
                   AND CM.DELETE_YN = 'N') AS commentCount /* 댓글 작성 수 */
             , M.PROFILE_IMAGE
             , B.CREATE_AT
             , B.UPDATE_AT
             , B.TAG_NAME
          FROM BOARD B
    INNER JOIN ( /* 인덱스만 사용하여 필요한 ID들만 빠르게 추출 */
                SELECT BOARD_ID
                  FROM BOARD
             WHERE DELETE_YN = 'N'

                    AND BOARD_CODE = 'B_SQLD_01'

                    AND CATEGORY_ID = 'S001' 
            ORDER BY CREATE_AT DESC
            LIMIT 10 OFFSET 0
        ) AS temp ON B.BOARD_ID = temp.BOARD_ID
        LEFT JOIN MEMBER_INFO M ON B.MEMBER_ID = M.MEMBER_ID
        ORDER BY B.CREATE_AT DESC
 {executed in 6 msec}
[2026-05-31 21:53:11.251] [INFO ] [http-nio-8080-exec-5] jdbc.sqltiming - SELECT /* BoardMapper.getgetBoardTotalCount (게시글 총 개수 조회) */
               COUNT(*)
          FROM BOARD
         WHERE DELETE_YN = 'N'

                AND BOARD_CODE = 'B_SQLD_01'

                AND CATEGORY_ID = 'S001'
 {executed in 4 msec}
[2026-05-31 21:53:11.258] [INFO ] [http-nio-8080-exec-7] jdbc.sqltiming - SELECT /* BoardMapper.getBoardListWithPaging (페이징 처리된 게시판 목록 조회 (지연 조인 최적화 적용)) */
               B.BOARD_ID
             , B.TITLE
             , B.CONTENT
             , M.USER_ID
             , M.USER_NAME
             , B.MEMBER_ID
             , B.BOARD_CODE
             , B.CATEGORY_ID
             , B.VIEW_COUNT
             , B.LIKE_COUNT
             ,(SELECT COUNT(*)
                 FROM COMMENT_MANAGEMENT CM
                 WHERE CM.BOARD_ID = B.BOARD_ID
                   AND CM.DELETE_YN = 'N') AS commentCount /* 댓글 작성 수 */
             , M.PROFILE_IMAGE
             , B.CREATE_AT
             , B.UPDATE_AT
             , B.TAG_NAME
          FROM BOARD B
    INNER JOIN ( /* 인덱스만 사용하여 필요한 ID들만 빠르게 추출 */
                SELECT BOARD_ID
                  FROM BOARD
             WHERE DELETE_YN = 'N' 
            ORDER BY CREATE_AT DESC
            LIMIT 30 OFFSET 0
        ) AS temp ON B.BOARD_ID = temp.BOARD_ID
        LEFT JOIN MEMBER_INFO M ON B.MEMBER_ID = M.MEMBER_ID
        ORDER BY B.CREATE_AT DESC
 {executed in 23 msec}
[2026-05-31 21:53:11.402] [INFO ] [http-nio-8080-exec-7] jdbc.sqltiming - SELECT /* BoardMapper.getgetBoardTotalCount (게시글 총 개수 조회) */
               COUNT(*)
          FROM BOARD
         WHERE DELETE_YN = 'N'
 {executed in 4 msec}
[2026-05-31 21:53:18.375] [INFO ] [http-nio-8080-exec-6] jdbc.sqltiming - SELECT /* MemberMapper.readMemberByMemberId (memberId를 통한 회원 정보 조회) */
               MEMBER_ID
             , USER_ID
             , USER_PASS
             , USER_NAME
             , USER_EMAIL
             , EMAIL_VERIFIED
             , USER_ROLE
             , USER_STATUS
             , PROFILE_IMAGE
             , CREATE_AT
             , UPDATE_AT
             , LAST_LOG_AT
          FROM MEMBER_INFO
        WHERE MEMBER_ID = 'MEMBER_20260427_001'
 {executed in 7 msec}
[2026-05-31 21:53:18.375] [INFO ] [http-nio-8080-exec-4] jdbc.sqltiming - SELECT /* MemberMapper.readMemberByMemberId (memberId를 통한 회원 정보 조회) */
               MEMBER_ID
             , USER_ID
             , USER_PASS
             , USER_NAME
             , USER_EMAIL
             , EMAIL_VERIFIED
             , USER_ROLE
             , USER_STATUS
             , PROFILE_IMAGE
             , CREATE_AT
             , UPDATE_AT
             , LAST_LOG_AT
          FROM MEMBER_INFO
        WHERE MEMBER_ID = 'MEMBER_20260427_001'
 {executed in 7 msec}
[2026-05-31 21:53:18.375] [INFO ] [http-nio-8080-exec-3] jdbc.sqltiming - SELECT /* MemberMapper.readMemberByMemberId (memberId를 통한 회원 정보 조회) */
               MEMBER_ID
             , USER_ID
             , USER_PASS
             , USER_NAME
             , USER_EMAIL
             , EMAIL_VERIFIED
             , USER_ROLE
             , USER_STATUS
             , PROFILE_IMAGE
             , CREATE_AT
             , UPDATE_AT
             , LAST_LOG_AT
          FROM MEMBER_INFO
        WHERE MEMBER_ID = 'MEMBER_20260427_001'
 {executed in 7 msec}
[2026-05-31 21:53:18.388] [INFO ] [http-nio-8080-exec-3] jdbc.sqltiming - SELECT /* BoardMapper.getBoardListWithPaging (페이징 처리된 게시판 목록 조회 (지연 조인 최적화 적용)) */
               B.BOARD_ID
             , B.TITLE
             , B.CONTENT
             , M.USER_ID
             , M.USER_NAME
             , B.MEMBER_ID
             , B.BOARD_CODE
             , B.CATEGORY_ID
             , B.VIEW_COUNT
             , B.LIKE_COUNT
             ,(SELECT COUNT(*)
                 FROM COMMENT_MANAGEMENT CM
                 WHERE CM.BOARD_ID = B.BOARD_ID
                   AND CM.DELETE_YN = 'N') AS commentCount /* 댓글 작성 수 */
             , M.PROFILE_IMAGE
             , B.CREATE_AT
             , B.UPDATE_AT
             , B.TAG_NAME
          FROM BOARD B
    INNER JOIN ( /* 인덱스만 사용하여 필요한 ID들만 빠르게 추출 */
                SELECT BOARD_ID
                  FROM BOARD
             WHERE DELETE_YN = 'N'

                    AND BOARD_CODE = 'B_GREETING_01' 
            ORDER BY CREATE_AT DESC
            LIMIT 10 OFFSET 0
        ) AS temp ON B.BOARD_ID = temp.BOARD_ID
        LEFT JOIN MEMBER_INFO M ON B.MEMBER_ID = M.MEMBER_ID
        ORDER BY B.CREATE_AT DESC
 {executed in 6 msec}
[2026-05-31 21:53:18.400] [INFO ] [http-nio-8080-exec-3] jdbc.sqltiming - SELECT /* BoardMapper.getgetBoardTotalCount (게시글 총 개수 조회) */
               COUNT(*)
          FROM BOARD
         WHERE DELETE_YN = 'N'

                AND BOARD_CODE = 'B_GREETING_01'
 {executed in 7 msec}
[2026-05-31 21:53:18.400] [INFO ] [http-nio-8080-exec-4] jdbc.sqltiming - SELECT /* BoardMapper.getBoardListWithPaging (페이징 처리된 게시판 목록 조회 (지연 조인 최적화 적용)) */
               B.BOARD_ID
             , B.TITLE
             , B.CONTENT
             , M.USER_ID
             , M.USER_NAME
             , B.MEMBER_ID
             , B.BOARD_CODE
             , B.CATEGORY_ID
             , B.VIEW_COUNT
             , B.LIKE_COUNT
             ,(SELECT COUNT(*)
                 FROM COMMENT_MANAGEMENT CM
                 WHERE CM.BOARD_ID = B.BOARD_ID
                   AND CM.DELETE_YN = 'N') AS commentCount /* 댓글 작성 수 */
             , M.PROFILE_IMAGE
             , B.CREATE_AT
             , B.UPDATE_AT
             , B.TAG_NAME
          FROM BOARD B
    INNER JOIN ( /* 인덱스만 사용하여 필요한 ID들만 빠르게 추출 */
                SELECT BOARD_ID
                  FROM BOARD
             WHERE DELETE_YN = 'N' 
            ORDER BY CREATE_AT DESC
            LIMIT 30 OFFSET 0
        ) AS temp ON B.BOARD_ID = temp.BOARD_ID
        LEFT JOIN MEMBER_INFO M ON B.MEMBER_ID = M.MEMBER_ID
        ORDER BY B.CREATE_AT DESC
 {executed in 18 msec}
[2026-05-31 21:53:18.523] [INFO ] [http-nio-8080-exec-4] jdbc.sqltiming - SELECT /* BoardMapper.getgetBoardTotalCount (게시글 총 개수 조회) */
               COUNT(*)
          FROM BOARD
         WHERE DELETE_YN = 'N'
 {executed in 4 msec}
[2026-05-31 21:53:26.244] [INFO ] [http-nio-8080-exec-9] c.s.s.s.w.WebSocketServiceImpl - [Presence] User 관리자 left room OPEN_CHAT
[2026-05-31 21:53:26.310] [INFO ] [http-nio-8080-exec-9] c.s.s.c.w.WebSocketEventListener - [Presence] Room OPEN_CHAT  updated. Count: 0
[2026-05-31 21:53:26.317] [INFO ] [redisContainer-8] c.s.s.s.redisConfig.RedisSubscriber - Redis Subscribe - Message Received: {"notiId":null,"senderName":"관리자","type":"QUIT","roomId":"OPEN_CHAT","senderId":"MEMBER_20260427_001","targetId":null,"content":"관리자님이 퇴장하셨습니다.","timestamp":"2026-05-31 21:53:26","targetUrl":null}
[2026-05-31 21:54:19.498] [INFO ] [MessageBroker-1] o.s.w.s.c.WebSocketMessageBrokerStats - WebSocketSession[0 current WS(0)-HttpStream(0)-HttpPoll(0), 4 total, 0 closed abnormally (0 connect failure, 0 send limit, 1 transport error)], stompSubProtocol[processed CONNECT(4)-CONNECTED(4)-DISCONNECT(2)], stompBrokerRelay[null], inboundChannel[pool size = 2, active threads = 0, queued tasks = 0, completed tasks = 87], outboundChannel[pool size = 2, active threads = 0, queued tasks = 0, completed tasks = 22], sockJsScheduler[pool size = 8, active threads = 1, queued tasks = 5, completed tasks = 305]
[2026-05-31 21:55:00.002] [INFO ] [MessageBroker-3] c.s.s.c.s.BoardViewCountScheduler - >>> Redis 조회수 DB 동기화 시작
[2026-05-31 21:55:00.014] [INFO ] [MessageBroker-3] c.s.s.c.s.BoardViewCountScheduler - >>> 동기화할 조회수 데이터가 없습니다.
[2026-05-31 22:00:00.013] [INFO ] [MessageBroker-6] c.s.s.c.s.BoardViewCountScheduler - >>> Redis 조회수 DB 동기화 시작
[2026-05-31 22:00:00.031] [INFO ] [MessageBroker-6] c.s.s.c.s.BoardViewCountScheduler - >>> 동기화할 조회수 데이터가 없습니다.
[2026-05-31 22:05:00.039] [INFO ] [MessageBroker-4] c.s.s.c.s.BoardViewCountScheduler - >>> Redis 조회수 DB 동기화 시작
[2026-05-31 22:05:00.059] [INFO ] [MessageBroker-4] c.s.s.c.s.BoardViewCountScheduler - >>> 동기화할 조회수 데이터가 없습니다.
[2026-05-31 22:06:36.230] [INFO ] [http-nio-8080-exec-8] jdbc.sqltiming - SELECT  /* BoardMasterMapper.getBoardConfig 특정 게시판의 설정(이름, 카테고리 그룹, 기능 여부) 전체 리스트 조회 */
               BM.BOARD_CODE
             , BM.BOARD_NAME
             , BM.GROUP_CODE
             , BM.USE_YN
             , BM.FILE_YN
             , BM.REPLY_YN
             , BM.TAG_YN
             , CCG.SORT_ORDER
             , BM.CREATE_AT
             , BM.UPDATE_AT
          FROM BOARD_MASTER BM
          JOIN COMMON_CODE_GROUP CCG ON BM.GROUP_CODE = CCG.GROUP_CODE
         ORDER BY CCG.SORT_ORDER ASC, BM.BOARD_CODE ASC /* 그룹 순서대로 정렬 */
 {executed in 23 msec}
[2026-05-31 22:06:36.344] [INFO ] [http-nio-8080-exec-8] jdbc.sqltiming - SELECT /*  boardMapper.getCategoryListByBoardCode 특정 게시판(boardCode)에 소속된 카테고리 목록 조회 */
               CCD.CODE_ID AS categoryId
             , CCD.CODE_NAME AS categoryName
          FROM BOARD_MASTER BM
    INNER JOIN COMMON_CODE_DETAIL CCD
            ON BM.GROUP_CODE = CCD.GROUP_CODE
         WHERE BM.BOARD_CODE = 'B_NOTICE_01'
           AND BM.USE_YN = 'Y'
      ORDER BY CCD.SORT_ORDER ASC
 {executed in 95 msec}
[2026-05-31 22:06:36.351] [INFO ] [http-nio-8080-exec-8] jdbc.sqltiming - SELECT /*  boardMapper.getCategoryListByBoardCode 특정 게시판(boardCode)에 소속된 카테고리 목록 조회 */
               CCD.CODE_ID AS categoryId
             , CCD.CODE_NAME AS categoryName
          FROM BOARD_MASTER BM
    INNER JOIN COMMON_CODE_DETAIL CCD
            ON BM.GROUP_CODE = CCD.GROUP_CODE
         WHERE BM.BOARD_CODE = 'B_SQLD_01'
           AND BM.USE_YN = 'Y'
      ORDER BY CCD.SORT_ORDER ASC
 {executed in 6 msec}
[2026-05-31 22:06:36.360] [INFO ] [http-nio-8080-exec-8] jdbc.sqltiming - SELECT /*  boardMapper.getCategoryListByBoardCode 특정 게시판(boardCode)에 소속된 카테고리 목록 조회 */
               CCD.CODE_ID AS categoryId
             , CCD.CODE_NAME AS categoryName
          FROM BOARD_MASTER BM
    INNER JOIN COMMON_CODE_DETAIL CCD
            ON BM.GROUP_CODE = CCD.GROUP_CODE
         WHERE BM.BOARD_CODE = 'B_GREETING_01'
           AND BM.USE_YN = 'Y'
      ORDER BY CCD.SORT_ORDER ASC
 {executed in 8 msec}
[2026-05-31 22:06:36.382] [INFO ] [http-nio-8080-exec-8] jdbc.sqltiming - SELECT /*  boardMapper.getCategoryListByBoardCode 특정 게시판(boardCode)에 소속된 카테고리 목록 조회 */
               CCD.CODE_ID AS categoryId
             , CCD.CODE_NAME AS categoryName
          FROM BOARD_MASTER BM
    INNER JOIN COMMON_CODE_DETAIL CCD
            ON BM.GROUP_CODE = CCD.GROUP_CODE
         WHERE BM.BOARD_CODE = 'B_G_Q&A_002'
           AND BM.USE_YN = 'Y'
      ORDER BY CCD.SORT_ORDER ASC
 {executed in 20 msec}
[2026-05-31 22:06:36.518] [INFO ] [http-nio-8080-exec-10] jdbc.sqltiming - SELECT  /* BoardMapper.getBoardList (게시판 목록 전체를 조회하는 쿼리 (사용자 정보 JOIN))*/
               B.BOARD_ID
             , B.TITLE
             , B.CONTENT
             , M.USER_ID
             , M.USER_NAME
             , B.MEMBER_ID
             , B.BOARD_CODE
             , B.CATEGORY_ID
             , B.VIEW_COUNT
             , B.LIKE_COUNT
             ,(SELECT COUNT(*)
                 FROM COMMENT_MANAGEMENT CM
                WHERE CM.BOARD_ID = B.BOARD_ID
                  AND CM.DELETE_YN = 'N') AS commentCount /* 댓글 작성 수 */
             , M.PROFILE_IMAGE
             , B.CREATE_AT
             , B.UPDATE_AT
             , B.TAG_NAME
        FROM
            BOARD B
        LEFT JOIN MEMBER_INFO M ON B.MEMBER_ID = M.MEMBER_ID
        WHERE B.DELETE_YN = 'N'
        ORDER BY
            B.CREATE_AT DESC
 {executed in 313 msec}
[2026-05-31 22:06:37.864] [INFO ] [http-nio-8080-exec-5] c.s.s.service.board.BoardServiceImpl - 인기 게시물 조회를 위해 DB에 접근한다. (캐시 미적용 시에만 출력)
[2026-05-31 22:06:37.870] [INFO ] [http-nio-8080-exec-5] jdbc.sqltiming - SELECT /* BoardMapper.getPopularBoards (최근 15일 인기 게시글 조회) */
               B.BOARD_ID
             , B.TITLE
             , B.VIEW_COUNT
             , B.LIKE_COUNT
             , B.CREATE_AT
             , M.USER_NAME
             , M.PROFILE_IMAGE
        FROM BOARD B
        LEFT JOIN MEMBER_INFO M ON B.MEMBER_ID = M.MEMBER_ID
        WHERE B.CREATE_AT >= DATE_SUB(NOW(), INTERVAL 15 DAY)
          AND B.DELETE_YN = 'N'
        ORDER BY B.LIKE_COUNT DESC, B.VIEW_COUNT DESC
        LIMIT 5
 {executed in 5 msec}
[2026-05-31 22:06:37.885] [INFO ] [http-nio-8080-exec-1] jdbc.sqltiming - SELECT /* BoardMapper.getBoardListWithPaging (페이징 처리된 게시판 목록 조회 (지연 조인 최적화 적용)) */
               B.BOARD_ID
             , B.TITLE
             , B.CONTENT
             , M.USER_ID
             , M.USER_NAME
             , B.MEMBER_ID
             , B.BOARD_CODE
             , B.CATEGORY_ID
             , B.VIEW_COUNT
             , B.LIKE_COUNT
             ,(SELECT COUNT(*)
                 FROM COMMENT_MANAGEMENT CM
                 WHERE CM.BOARD_ID = B.BOARD_ID
                   AND CM.DELETE_YN = 'N') AS commentCount /* 댓글 작성 수 */
             , M.PROFILE_IMAGE
             , B.CREATE_AT
             , B.UPDATE_AT
             , B.TAG_NAME
          FROM BOARD B
    INNER JOIN ( /* 인덱스만 사용하여 필요한 ID들만 빠르게 추출 */
                SELECT BOARD_ID
                  FROM BOARD
             WHERE DELETE_YN = 'N'

                    AND BOARD_CODE = 'B_SQLD_01' 
            ORDER BY CREATE_AT DESC
            LIMIT 10 OFFSET 0
        ) AS temp ON B.BOARD_ID = temp.BOARD_ID
        LEFT JOIN MEMBER_INFO M ON B.MEMBER_ID = M.MEMBER_ID
        ORDER BY B.CREATE_AT DESC
 {executed in 17 msec}
[2026-05-31 22:06:37.885] [INFO ] [http-nio-8080-exec-7] jdbc.sqltiming - SELECT /* BoardMapper.getBoardListWithPaging (페이징 처리된 게시판 목록 조회 (지연 조인 최적화 적용)) */
               B.BOARD_ID
             , B.TITLE
             , B.CONTENT
             , M.USER_ID
             , M.USER_NAME
             , B.MEMBER_ID
             , B.BOARD_CODE
             , B.CATEGORY_ID
             , B.VIEW_COUNT
             , B.LIKE_COUNT
             ,(SELECT COUNT(*)
                 FROM COMMENT_MANAGEMENT CM
                 WHERE CM.BOARD_ID = B.BOARD_ID
                   AND CM.DELETE_YN = 'N') AS commentCount /* 댓글 작성 수 */
             , M.PROFILE_IMAGE
             , B.CREATE_AT
             , B.UPDATE_AT
             , B.TAG_NAME
          FROM BOARD B
    INNER JOIN ( /* 인덱스만 사용하여 필요한 ID들만 빠르게 추출 */
                SELECT BOARD_ID
                  FROM BOARD
             WHERE DELETE_YN = 'N' 
            ORDER BY CREATE_AT DESC
            LIMIT 30 OFFSET 0
        ) AS temp ON B.BOARD_ID = temp.BOARD_ID
        LEFT JOIN MEMBER_INFO M ON B.MEMBER_ID = M.MEMBER_ID
        ORDER BY B.CREATE_AT DESC
 {executed in 17 msec}
[2026-05-31 22:06:37.942] [INFO ] [http-nio-8080-exec-1] jdbc.sqltiming - SELECT /* BoardMapper.getgetBoardTotalCount (게시글 총 개수 조회) */
               COUNT(*)
          FROM BOARD
         WHERE DELETE_YN = 'N'

                AND BOARD_CODE = 'B_SQLD_01'
 {executed in 5 msec}
[2026-05-31 22:06:38.007] [INFO ] [http-nio-8080-exec-7] jdbc.sqltiming - SELECT /* BoardMapper.getgetBoardTotalCount (게시글 총 개수 조회) */
               COUNT(*)
          FROM BOARD
         WHERE DELETE_YN = 'N'
 {executed in 4 msec}
[2026-05-31 22:10:00.018] [INFO ] [MessageBroker-6] c.s.s.c.s.BoardViewCountScheduler - >>> Redis 조회수 DB 동기화 시작
[2026-05-31 22:10:00.033] [INFO ] [MessageBroker-6] c.s.s.c.s.BoardViewCountScheduler - >>> 동기화할 조회수 데이터가 없습니다.
[2026-05-31 22:13:15.683] [INFO ] [http-nio-8080-exec-3] jdbc.sqltiming - SELECT  /* BoardMasterMapper.getBoardConfig 특정 게시판의 설정(이름, 카테고리 그룹, 기능 여부) 전체 리스트 조회 */
               BM.BOARD_CODE
             , BM.BOARD_NAME
             , BM.GROUP_CODE
             , BM.USE_YN
             , BM.FILE_YN
             , BM.REPLY_YN
             , BM.TAG_YN
             , CCG.SORT_ORDER
             , BM.CREATE_AT
             , BM.UPDATE_AT
          FROM BOARD_MASTER BM
          JOIN COMMON_CODE_GROUP CCG ON BM.GROUP_CODE = CCG.GROUP_CODE
         ORDER BY CCG.SORT_ORDER ASC, BM.BOARD_CODE ASC /* 그룹 순서대로 정렬 */
 {executed in 8 msec}
[2026-05-31 22:13:15.690] [INFO ] [http-nio-8080-exec-6] jdbc.sqltiming - SELECT  /* BoardMapper.getBoardList (게시판 목록 전체를 조회하는 쿼리 (사용자 정보 JOIN))*/
               B.BOARD_ID
             , B.TITLE
             , B.CONTENT
             , M.USER_ID
             , M.USER_NAME
             , B.MEMBER_ID
             , B.BOARD_CODE
             , B.CATEGORY_ID
             , B.VIEW_COUNT
             , B.LIKE_COUNT
             ,(SELECT COUNT(*)
                 FROM COMMENT_MANAGEMENT CM
                WHERE CM.BOARD_ID = B.BOARD_ID
                  AND CM.DELETE_YN = 'N') AS commentCount /* 댓글 작성 수 */
             , M.PROFILE_IMAGE
             , B.CREATE_AT
             , B.UPDATE_AT
             , B.TAG_NAME
        FROM
            BOARD B
        LEFT JOIN MEMBER_INFO M ON B.MEMBER_ID = M.MEMBER_ID
        WHERE B.DELETE_YN = 'N'
        ORDER BY
            B.CREATE_AT DESC
 {executed in 15 msec}
[2026-05-31 22:13:15.691] [INFO ] [http-nio-8080-exec-3] jdbc.sqltiming - SELECT /*  boardMapper.getCategoryListByBoardCode 특정 게시판(boardCode)에 소속된 카테고리 목록 조회 */
               CCD.CODE_ID AS categoryId
             , CCD.CODE_NAME AS categoryName
          FROM BOARD_MASTER BM
    INNER JOIN COMMON_CODE_DETAIL CCD
            ON BM.GROUP_CODE = CCD.GROUP_CODE
         WHERE BM.BOARD_CODE = 'B_NOTICE_01'
           AND BM.USE_YN = 'Y'
      ORDER BY CCD.SORT_ORDER ASC
 {executed in 4 msec}
[2026-05-31 22:13:15.699] [INFO ] [http-nio-8080-exec-3] jdbc.sqltiming - SELECT /*  boardMapper.getCategoryListByBoardCode 특정 게시판(boardCode)에 소속된 카테고리 목록 조회 */
               CCD.CODE_ID AS categoryId
             , CCD.CODE_NAME AS categoryName
          FROM BOARD_MASTER BM
    INNER JOIN COMMON_CODE_DETAIL CCD
            ON BM.GROUP_CODE = CCD.GROUP_CODE
         WHERE BM.BOARD_CODE = 'B_SQLD_01'
           AND BM.USE_YN = 'Y'
      ORDER BY CCD.SORT_ORDER ASC
 {executed in 5 msec}
[2026-05-31 22:13:15.711] [INFO ] [http-nio-8080-exec-3] jdbc.sqltiming - SELECT /*  boardMapper.getCategoryListByBoardCode 특정 게시판(boardCode)에 소속된 카테고리 목록 조회 */
               CCD.CODE_ID AS categoryId
             , CCD.CODE_NAME AS categoryName
          FROM BOARD_MASTER BM
    INNER JOIN COMMON_CODE_DETAIL CCD
            ON BM.GROUP_CODE = CCD.GROUP_CODE
         WHERE BM.BOARD_CODE = 'B_GREETING_01'
           AND BM.USE_YN = 'Y'
      ORDER BY CCD.SORT_ORDER ASC
 {executed in 5 msec}
[2026-05-31 22:13:15.732] [INFO ] [http-nio-8080-exec-3] jdbc.sqltiming - SELECT /*  boardMapper.getCategoryListByBoardCode 특정 게시판(boardCode)에 소속된 카테고리 목록 조회 */
               CCD.CODE_ID AS categoryId
             , CCD.CODE_NAME AS categoryName
          FROM BOARD_MASTER BM
    INNER JOIN COMMON_CODE_DETAIL CCD
            ON BM.GROUP_CODE = CCD.GROUP_CODE
         WHERE BM.BOARD_CODE = 'B_G_Q&A_002'
           AND BM.USE_YN = 'Y'
      ORDER BY CCD.SORT_ORDER ASC
 {executed in 3 msec}
[2026-05-31 22:13:32.041] [INFO ] [http-nio-8080-exec-9] jdbc.sqltiming - SELECT  /* BoardMasterMapper.getBoardConfig 특정 게시판의 설정(이름, 카테고리 그룹, 기능 여부) 전체 리스트 조회 */
               BM.BOARD_CODE
             , BM.BOARD_NAME
             , BM.GROUP_CODE
             , BM.USE_YN
             , BM.FILE_YN
             , BM.REPLY_YN
             , BM.TAG_YN
             , CCG.SORT_ORDER
             , BM.CREATE_AT
             , BM.UPDATE_AT
          FROM BOARD_MASTER BM
          JOIN COMMON_CODE_GROUP CCG ON BM.GROUP_CODE = CCG.GROUP_CODE
         ORDER BY CCG.SORT_ORDER ASC, BM.BOARD_CODE ASC /* 그룹 순서대로 정렬 */
 {executed in 5 msec}
[2026-05-31 22:13:32.052] [INFO ] [http-nio-8080-exec-9] jdbc.sqltiming - SELECT /*  boardMapper.getCategoryListByBoardCode 특정 게시판(boardCode)에 소속된 카테고리 목록 조회 */
               CCD.CODE_ID AS categoryId
             , CCD.CODE_NAME AS categoryName
          FROM BOARD_MASTER BM
    INNER JOIN COMMON_CODE_DETAIL CCD
            ON BM.GROUP_CODE = CCD.GROUP_CODE
         WHERE BM.BOARD_CODE = 'B_NOTICE_01'
           AND BM.USE_YN = 'Y'
      ORDER BY CCD.SORT_ORDER ASC
 {executed in 9 msec}
[2026-05-31 22:13:32.059] [INFO ] [http-nio-8080-exec-9] jdbc.sqltiming - SELECT /*  boardMapper.getCategoryListByBoardCode 특정 게시판(boardCode)에 소속된 카테고리 목록 조회 */
               CCD.CODE_ID AS categoryId
             , CCD.CODE_NAME AS categoryName
          FROM BOARD_MASTER BM
    INNER JOIN COMMON_CODE_DETAIL CCD
            ON BM.GROUP_CODE = CCD.GROUP_CODE
         WHERE BM.BOARD_CODE = 'B_SQLD_01'
           AND BM.USE_YN = 'Y'
      ORDER BY CCD.SORT_ORDER ASC
 {executed in 6 msec}
[2026-05-31 22:13:32.065] [INFO ] [http-nio-8080-exec-9] jdbc.sqltiming - SELECT /*  boardMapper.getCategoryListByBoardCode 특정 게시판(boardCode)에 소속된 카테고리 목록 조회 */
               CCD.CODE_ID AS categoryId
             , CCD.CODE_NAME AS categoryName
          FROM BOARD_MASTER BM
    INNER JOIN COMMON_CODE_DETAIL CCD
            ON BM.GROUP_CODE = CCD.GROUP_CODE
         WHERE BM.BOARD_CODE = 'B_GREETING_01'
           AND BM.USE_YN = 'Y'
      ORDER BY CCD.SORT_ORDER ASC
 {executed in 5 msec}
[2026-05-31 22:13:32.098] [INFO ] [http-nio-8080-exec-9] jdbc.sqltiming - SELECT /*  boardMapper.getCategoryListByBoardCode 특정 게시판(boardCode)에 소속된 카테고리 목록 조회 */
               CCD.CODE_ID AS categoryId
             , CCD.CODE_NAME AS categoryName
          FROM BOARD_MASTER BM
    INNER JOIN COMMON_CODE_DETAIL CCD
            ON BM.GROUP_CODE = CCD.GROUP_CODE
         WHERE BM.BOARD_CODE = 'B_G_Q&A_002'
           AND BM.USE_YN = 'Y'
      ORDER BY CCD.SORT_ORDER ASC
 {executed in 31 msec}
[2026-05-31 22:13:32.543] [INFO ] [http-nio-8080-exec-8] jdbc.sqltiming - SELECT  /* BoardMapper.getBoardList (게시판 목록 전체를 조회하는 쿼리 (사용자 정보 JOIN))*/
               B.BOARD_ID
             , B.TITLE
             , B.CONTENT
             , M.USER_ID
             , M.USER_NAME
             , B.MEMBER_ID
             , B.BOARD_CODE
             , B.CATEGORY_ID
             , B.VIEW_COUNT
             , B.LIKE_COUNT
             ,(SELECT COUNT(*)
                 FROM COMMENT_MANAGEMENT CM
                WHERE CM.BOARD_ID = B.BOARD_ID
                  AND CM.DELETE_YN = 'N') AS commentCount /* 댓글 작성 수 */
             , M.PROFILE_IMAGE
             , B.CREATE_AT
             , B.UPDATE_AT
             , B.TAG_NAME
        FROM
            BOARD B
        LEFT JOIN MEMBER_INFO M ON B.MEMBER_ID = M.MEMBER_ID
        WHERE B.DELETE_YN = 'N'
        ORDER BY
            B.CREATE_AT DESC
 {executed in 20 msec}
[2026-05-31 22:15:00.023] [INFO ] [MessageBroker-5] c.s.s.c.s.BoardViewCountScheduler - >>> Redis 조회수 DB 동기화 시작
[2026-05-31 22:15:00.042] [INFO ] [MessageBroker-5] c.s.s.c.s.BoardViewCountScheduler - >>> 동기화할 조회수 데이터가 없습니다.
[2026-05-31 22:17:46.235] [INFO ] [http-nio-8080-exec-2] jdbc.sqltiming - SELECT  /* BoardMasterMapper.getBoardConfig 특정 게시판의 설정(이름, 카테고리 그룹, 기능 여부) 전체 리스트 조회 */
               BM.BOARD_CODE
             , BM.BOARD_NAME
             , BM.GROUP_CODE
             , BM.USE_YN
             , BM.FILE_YN
             , BM.REPLY_YN
             , BM.TAG_YN
             , CCG.SORT_ORDER
             , BM.CREATE_AT
             , BM.UPDATE_AT
          FROM BOARD_MASTER BM
          JOIN COMMON_CODE_GROUP CCG ON BM.GROUP_CODE = CCG.GROUP_CODE
         ORDER BY CCG.SORT_ORDER ASC, BM.BOARD_CODE ASC /* 그룹 순서대로 정렬 */
 {executed in 11 msec}
[2026-05-31 22:17:46.262] [INFO ] [http-nio-8080-exec-2] jdbc.sqltiming - SELECT /*  boardMapper.getCategoryListByBoardCode 특정 게시판(boardCode)에 소속된 카테고리 목록 조회 */
               CCD.CODE_ID AS categoryId
             , CCD.CODE_NAME AS categoryName
          FROM BOARD_MASTER BM
    INNER JOIN COMMON_CODE_DETAIL CCD
            ON BM.GROUP_CODE = CCD.GROUP_CODE
         WHERE BM.BOARD_CODE = 'B_NOTICE_01'
           AND BM.USE_YN = 'Y'
      ORDER BY CCD.SORT_ORDER ASC
 {executed in 6 msec}
[2026-05-31 22:17:46.274] [INFO ] [http-nio-8080-exec-2] jdbc.sqltiming - SELECT /*  boardMapper.getCategoryListByBoardCode 특정 게시판(boardCode)에 소속된 카테고리 목록 조회 */
               CCD.CODE_ID AS categoryId
             , CCD.CODE_NAME AS categoryName
          FROM BOARD_MASTER BM
    INNER JOIN COMMON_CODE_DETAIL CCD
            ON BM.GROUP_CODE = CCD.GROUP_CODE
         WHERE BM.BOARD_CODE = 'B_SQLD_01'
           AND BM.USE_YN = 'Y'
      ORDER BY CCD.SORT_ORDER ASC
 {executed in 7 msec}
[2026-05-31 22:17:46.280] [INFO ] [http-nio-8080-exec-2] jdbc.sqltiming - SELECT /*  boardMapper.getCategoryListByBoardCode 특정 게시판(boardCode)에 소속된 카테고리 목록 조회 */
               CCD.CODE_ID AS categoryId
             , CCD.CODE_NAME AS categoryName
          FROM BOARD_MASTER BM
    INNER JOIN COMMON_CODE_DETAIL CCD
            ON BM.GROUP_CODE = CCD.GROUP_CODE
         WHERE BM.BOARD_CODE = 'B_GREETING_01'
           AND BM.USE_YN = 'Y'
      ORDER BY CCD.SORT_ORDER ASC
 {executed in 5 msec}
[2026-05-31 22:17:46.286] [INFO ] [http-nio-8080-exec-2] jdbc.sqltiming - SELECT /*  boardMapper.getCategoryListByBoardCode 특정 게시판(boardCode)에 소속된 카테고리 목록 조회 */
               CCD.CODE_ID AS categoryId
             , CCD.CODE_NAME AS categoryName
          FROM BOARD_MASTER BM
    INNER JOIN COMMON_CODE_DETAIL CCD
            ON BM.GROUP_CODE = CCD.GROUP_CODE
         WHERE BM.BOARD_CODE = 'B_G_Q&A_002'
           AND BM.USE_YN = 'Y'
      ORDER BY CCD.SORT_ORDER ASC
 {executed in 4 msec}
[2026-05-31 22:17:46.780] [INFO ] [http-nio-8080-exec-1] c.s.s.service.board.BoardServiceImpl - 인기 게시물 조회를 위해 DB에 접근한다. (캐시 미적용 시에만 출력)
[2026-05-31 22:17:46.794] [INFO ] [http-nio-8080-exec-1] jdbc.sqltiming - SELECT /* BoardMapper.getPopularBoards (최근 15일 인기 게시글 조회) */
               B.BOARD_ID
             , B.TITLE
             , B.VIEW_COUNT
             , B.LIKE_COUNT
             , B.CREATE_AT
             , M.USER_NAME
             , M.PROFILE_IMAGE
        FROM BOARD B
        LEFT JOIN MEMBER_INFO M ON B.MEMBER_ID = M.MEMBER_ID
        WHERE B.CREATE_AT >= DATE_SUB(NOW(), INTERVAL 15 DAY)
          AND B.DELETE_YN = 'N'
        ORDER BY B.LIKE_COUNT DESC, B.VIEW_COUNT DESC
        LIMIT 5
 {executed in 14 msec}
[2026-05-31 22:17:46.811] [INFO ] [http-nio-8080-exec-5] jdbc.sqltiming - SELECT /* BoardMapper.getBoardListWithPaging (페이징 처리된 게시판 목록 조회 (지연 조인 최적화 적용)) */
               B.BOARD_ID
             , B.TITLE
             , B.CONTENT
             , M.USER_ID
             , M.USER_NAME
             , B.MEMBER_ID
             , B.BOARD_CODE
             , B.CATEGORY_ID
             , B.VIEW_COUNT
             , B.LIKE_COUNT
             ,(SELECT COUNT(*)
                 FROM COMMENT_MANAGEMENT CM
                 WHERE CM.BOARD_ID = B.BOARD_ID
                   AND CM.DELETE_YN = 'N') AS commentCount /* 댓글 작성 수 */
             , M.PROFILE_IMAGE
             , B.CREATE_AT
             , B.UPDATE_AT
             , B.TAG_NAME
          FROM BOARD B
    INNER JOIN ( /* 인덱스만 사용하여 필요한 ID들만 빠르게 추출 */
                SELECT BOARD_ID
                  FROM BOARD
             WHERE DELETE_YN = 'N'

                    AND BOARD_CODE = 'B_SQLD_01' 
            ORDER BY CREATE_AT DESC
            LIMIT 10 OFFSET 0
        ) AS temp ON B.BOARD_ID = temp.BOARD_ID
        LEFT JOIN MEMBER_INFO M ON B.MEMBER_ID = M.MEMBER_ID
        ORDER BY B.CREATE_AT DESC
 {executed in 11 msec}
[2026-05-31 22:17:46.814] [INFO ] [http-nio-8080-exec-7] jdbc.sqltiming - SELECT /* BoardMapper.getBoardListWithPaging (페이징 처리된 게시판 목록 조회 (지연 조인 최적화 적용)) */
               B.BOARD_ID
             , B.TITLE
             , B.CONTENT
             , M.USER_ID
             , M.USER_NAME
             , B.MEMBER_ID
             , B.BOARD_CODE
             , B.CATEGORY_ID
             , B.VIEW_COUNT
             , B.LIKE_COUNT
             ,(SELECT COUNT(*)
                 FROM COMMENT_MANAGEMENT CM
                 WHERE CM.BOARD_ID = B.BOARD_ID
                   AND CM.DELETE_YN = 'N') AS commentCount /* 댓글 작성 수 */
             , M.PROFILE_IMAGE
             , B.CREATE_AT
             , B.UPDATE_AT
             , B.TAG_NAME
          FROM BOARD B
    INNER JOIN ( /* 인덱스만 사용하여 필요한 ID들만 빠르게 추출 */
                SELECT BOARD_ID
                  FROM BOARD
             WHERE DELETE_YN = 'N' 
            ORDER BY CREATE_AT DESC
            LIMIT 30 OFFSET 0
        ) AS temp ON B.BOARD_ID = temp.BOARD_ID
        LEFT JOIN MEMBER_INFO M ON B.MEMBER_ID = M.MEMBER_ID
        ORDER BY B.CREATE_AT DESC
 {executed in 15 msec}
[2026-05-31 22:17:46.981] [INFO ] [http-nio-8080-exec-5] jdbc.sqltiming - SELECT /* BoardMapper.getgetBoardTotalCount (게시글 총 개수 조회) */
               COUNT(*)
          FROM BOARD
         WHERE DELETE_YN = 'N'

                AND BOARD_CODE = 'B_SQLD_01'
 {executed in 4 msec}
[2026-05-31 22:17:47.050] [INFO ] [http-nio-8080-exec-7] jdbc.sqltiming - SELECT /* BoardMapper.getgetBoardTotalCount (게시글 총 개수 조회) */
               COUNT(*)
          FROM BOARD
         WHERE DELETE_YN = 'N'
 {executed in 6 msec}
[2026-05-31 22:17:49.887] [INFO ] [http-nio-8080-exec-3] jdbc.sqltiming - SELECT /* BoardMapper.getBoardListWithPaging (페이징 처리된 게시판 목록 조회 (지연 조인 최적화 적용)) */
               B.BOARD_ID
             , B.TITLE
             , B.CONTENT
             , M.USER_ID
             , M.USER_NAME
             , B.MEMBER_ID
             , B.BOARD_CODE
             , B.CATEGORY_ID
             , B.VIEW_COUNT
             , B.LIKE_COUNT
             ,(SELECT COUNT(*)
                 FROM COMMENT_MANAGEMENT CM
                 WHERE CM.BOARD_ID = B.BOARD_ID
                   AND CM.DELETE_YN = 'N') AS commentCount /* 댓글 작성 수 */
             , M.PROFILE_IMAGE
             , B.CREATE_AT
             , B.UPDATE_AT
             , B.TAG_NAME
          FROM BOARD B
    INNER JOIN ( /* 인덱스만 사용하여 필요한 ID들만 빠르게 추출 */
                SELECT BOARD_ID
                  FROM BOARD
             WHERE DELETE_YN = 'N'

                    AND BOARD_CODE = 'B_SQLD_01' 
            ORDER BY CREATE_AT DESC
            LIMIT 10 OFFSET 10
        ) AS temp ON B.BOARD_ID = temp.BOARD_ID
        LEFT JOIN MEMBER_INFO M ON B.MEMBER_ID = M.MEMBER_ID
        ORDER BY B.CREATE_AT DESC
 {executed in 87 msec}
[2026-05-31 22:17:49.902] [INFO ] [http-nio-8080-exec-4] jdbc.sqltiming - SELECT /* BoardMapper.getBoardListWithPaging (페이징 처리된 게시판 목록 조회 (지연 조인 최적화 적용)) */
               B.BOARD_ID
             , B.TITLE
             , B.CONTENT
             , M.USER_ID
             , M.USER_NAME
             , B.MEMBER_ID
             , B.BOARD_CODE
             , B.CATEGORY_ID
             , B.VIEW_COUNT
             , B.LIKE_COUNT
             ,(SELECT COUNT(*)
                 FROM COMMENT_MANAGEMENT CM
                 WHERE CM.BOARD_ID = B.BOARD_ID
                   AND CM.DELETE_YN = 'N') AS commentCount /* 댓글 작성 수 */
             , M.PROFILE_IMAGE
             , B.CREATE_AT
             , B.UPDATE_AT
             , B.TAG_NAME
          FROM BOARD B
    INNER JOIN ( /* 인덱스만 사용하여 필요한 ID들만 빠르게 추출 */
                SELECT BOARD_ID
                  FROM BOARD
             WHERE DELETE_YN = 'N' 
            ORDER BY CREATE_AT DESC
            LIMIT 30 OFFSET 0
        ) AS temp ON B.BOARD_ID = temp.BOARD_ID
        LEFT JOIN MEMBER_INFO M ON B.MEMBER_ID = M.MEMBER_ID
        ORDER BY B.CREATE_AT DESC
 {executed in 17 msec}
[2026-05-31 22:17:49.951] [INFO ] [http-nio-8080-exec-3] jdbc.sqltiming - SELECT /* BoardMapper.getgetBoardTotalCount (게시글 총 개수 조회) */
               COUNT(*)
          FROM BOARD
         WHERE DELETE_YN = 'N'

                AND BOARD_CODE = 'B_SQLD_01'
 {executed in 3 msec}
[2026-05-31 22:17:50.025] [INFO ] [http-nio-8080-exec-4] jdbc.sqltiming - SELECT /* BoardMapper.getgetBoardTotalCount (게시글 총 개수 조회) */
               COUNT(*)
          FROM BOARD
         WHERE DELETE_YN = 'N'
 {executed in 5 msec}
[2026-05-31 22:17:54.429] [INFO ] [http-nio-8080-exec-8] jdbc.sqltiming - SELECT /* BoardMapper.getBoardListWithPaging (페이징 처리된 게시판 목록 조회 (지연 조인 최적화 적용)) */
               B.BOARD_ID
             , B.TITLE
             , B.CONTENT
             , M.USER_ID
             , M.USER_NAME
             , B.MEMBER_ID
             , B.BOARD_CODE
             , B.CATEGORY_ID
             , B.VIEW_COUNT
             , B.LIKE_COUNT
             ,(SELECT COUNT(*)
                 FROM COMMENT_MANAGEMENT CM
                 WHERE CM.BOARD_ID = B.BOARD_ID
                   AND CM.DELETE_YN = 'N') AS commentCount /* 댓글 작성 수 */
             , M.PROFILE_IMAGE
             , B.CREATE_AT
             , B.UPDATE_AT
             , B.TAG_NAME
          FROM BOARD B
    INNER JOIN ( /* 인덱스만 사용하여 필요한 ID들만 빠르게 추출 */
                SELECT BOARD_ID
                  FROM BOARD
             WHERE DELETE_YN = 'N'

                    AND BOARD_CODE = 'B_SQLD_01'

                    AND CATEGORY_ID = 'S001' 
            ORDER BY CREATE_AT DESC
            LIMIT 10 OFFSET 0
        ) AS temp ON B.BOARD_ID = temp.BOARD_ID
        LEFT JOIN MEMBER_INFO M ON B.MEMBER_ID = M.MEMBER_ID
        ORDER BY B.CREATE_AT DESC
 {executed in 5 msec}
[2026-05-31 22:17:54.432] [INFO ] [http-nio-8080-exec-10] jdbc.sqltiming - SELECT /* BoardMapper.getBoardListWithPaging (페이징 처리된 게시판 목록 조회 (지연 조인 최적화 적용)) */
               B.BOARD_ID
             , B.TITLE
             , B.CONTENT
             , M.USER_ID
             , M.USER_NAME
             , B.MEMBER_ID
             , B.BOARD_CODE
             , B.CATEGORY_ID
             , B.VIEW_COUNT
             , B.LIKE_COUNT
             ,(SELECT COUNT(*)
                 FROM COMMENT_MANAGEMENT CM
                 WHERE CM.BOARD_ID = B.BOARD_ID
                   AND CM.DELETE_YN = 'N') AS commentCount /* 댓글 작성 수 */
             , M.PROFILE_IMAGE
             , B.CREATE_AT
             , B.UPDATE_AT
             , B.TAG_NAME
          FROM BOARD B
    INNER JOIN ( /* 인덱스만 사용하여 필요한 ID들만 빠르게 추출 */
                SELECT BOARD_ID
                  FROM BOARD
             WHERE DELETE_YN = 'N' 
            ORDER BY CREATE_AT DESC
            LIMIT 30 OFFSET 0
        ) AS temp ON B.BOARD_ID = temp.BOARD_ID
        LEFT JOIN MEMBER_INFO M ON B.MEMBER_ID = M.MEMBER_ID
        ORDER BY B.CREATE_AT DESC
 {executed in 12 msec}
[2026-05-31 22:17:54.436] [INFO ] [http-nio-8080-exec-8] jdbc.sqltiming - SELECT /* BoardMapper.getgetBoardTotalCount (게시글 총 개수 조회) */
               COUNT(*)
          FROM BOARD
         WHERE DELETE_YN = 'N'

                AND BOARD_CODE = 'B_SQLD_01'

                AND CATEGORY_ID = 'S001'
 {executed in 5 msec}
[2026-05-31 22:17:54.555] [INFO ] [http-nio-8080-exec-10] jdbc.sqltiming - SELECT /* BoardMapper.getgetBoardTotalCount (게시글 총 개수 조회) */
               COUNT(*)
          FROM BOARD
         WHERE DELETE_YN = 'N'
 {executed in 9 msec}
[2026-05-31 22:17:55.215] [INFO ] [http-nio-8080-exec-1] jdbc.sqltiming - SELECT /* BoardMapper.getBoardListWithPaging (페이징 처리된 게시판 목록 조회 (지연 조인 최적화 적용)) */
               B.BOARD_ID
             , B.TITLE
             , B.CONTENT
             , M.USER_ID
             , M.USER_NAME
             , B.MEMBER_ID
             , B.BOARD_CODE
             , B.CATEGORY_ID
             , B.VIEW_COUNT
             , B.LIKE_COUNT
             ,(SELECT COUNT(*)
                 FROM COMMENT_MANAGEMENT CM
                 WHERE CM.BOARD_ID = B.BOARD_ID
                   AND CM.DELETE_YN = 'N') AS commentCount /* 댓글 작성 수 */
             , M.PROFILE_IMAGE
             , B.CREATE_AT
             , B.UPDATE_AT
             , B.TAG_NAME
          FROM BOARD B
    INNER JOIN ( /* 인덱스만 사용하여 필요한 ID들만 빠르게 추출 */
                SELECT BOARD_ID
                  FROM BOARD
             WHERE DELETE_YN = 'N'

                    AND BOARD_CODE = 'B_SQLD_01'

                    AND CATEGORY_ID = 'S002' 
            ORDER BY CREATE_AT DESC
            LIMIT 10 OFFSET 0
        ) AS temp ON B.BOARD_ID = temp.BOARD_ID
        LEFT JOIN MEMBER_INFO M ON B.MEMBER_ID = M.MEMBER_ID
        ORDER BY B.CREATE_AT DESC
 {executed in 11 msec}
[2026-05-31 22:17:55.221] [INFO ] [http-nio-8080-exec-5] jdbc.sqltiming - SELECT /* BoardMapper.getBoardListWithPaging (페이징 처리된 게시판 목록 조회 (지연 조인 최적화 적용)) */
               B.BOARD_ID
             , B.TITLE
             , B.CONTENT
             , M.USER_ID
             , M.USER_NAME
             , B.MEMBER_ID
             , B.BOARD_CODE
             , B.CATEGORY_ID
             , B.VIEW_COUNT
             , B.LIKE_COUNT
             ,(SELECT COUNT(*)
                 FROM COMMENT_MANAGEMENT CM
                 WHERE CM.BOARD_ID = B.BOARD_ID
                   AND CM.DELETE_YN = 'N') AS commentCount /* 댓글 작성 수 */
             , M.PROFILE_IMAGE
             , B.CREATE_AT
             , B.UPDATE_AT
             , B.TAG_NAME
          FROM BOARD B
    INNER JOIN ( /* 인덱스만 사용하여 필요한 ID들만 빠르게 추출 */
                SELECT BOARD_ID
                  FROM BOARD
             WHERE DELETE_YN = 'N' 
            ORDER BY CREATE_AT DESC
            LIMIT 30 OFFSET 0
        ) AS temp ON B.BOARD_ID = temp.BOARD_ID
        LEFT JOIN MEMBER_INFO M ON B.MEMBER_ID = M.MEMBER_ID
        ORDER BY B.CREATE_AT DESC
 {executed in 18 msec}
[2026-05-31 22:17:55.271] [INFO ] [http-nio-8080-exec-1] jdbc.sqltiming - SELECT /* BoardMapper.getgetBoardTotalCount (게시글 총 개수 조회) */
               COUNT(*)
          FROM BOARD
         WHERE DELETE_YN = 'N'

                AND BOARD_CODE = 'B_SQLD_01'

                AND CATEGORY_ID = 'S002'
 {executed in 4 msec}
[2026-05-31 22:17:55.367] [INFO ] [http-nio-8080-exec-5] jdbc.sqltiming - SELECT /* BoardMapper.getgetBoardTotalCount (게시글 총 개수 조회) */
               COUNT(*)
          FROM BOARD
         WHERE DELETE_YN = 'N'
 {executed in 5 msec}
[2026-05-31 22:17:55.918] [INFO ] [http-nio-8080-exec-7] jdbc.sqltiming - SELECT /* BoardMapper.getBoardListWithPaging (페이징 처리된 게시판 목록 조회 (지연 조인 최적화 적용)) */
               B.BOARD_ID
             , B.TITLE
             , B.CONTENT
             , M.USER_ID
             , M.USER_NAME
             , B.MEMBER_ID
             , B.BOARD_CODE
             , B.CATEGORY_ID
             , B.VIEW_COUNT
             , B.LIKE_COUNT
             ,(SELECT COUNT(*)
                 FROM COMMENT_MANAGEMENT CM
                 WHERE CM.BOARD_ID = B.BOARD_ID
                   AND CM.DELETE_YN = 'N') AS commentCount /* 댓글 작성 수 */
             , M.PROFILE_IMAGE
             , B.CREATE_AT
             , B.UPDATE_AT
             , B.TAG_NAME
          FROM BOARD B
    INNER JOIN ( /* 인덱스만 사용하여 필요한 ID들만 빠르게 추출 */
                SELECT BOARD_ID
                  FROM BOARD
             WHERE DELETE_YN = 'N'

                    AND BOARD_CODE = 'B_SQLD_01'

                    AND CATEGORY_ID = 'S001' 
            ORDER BY CREATE_AT DESC
            LIMIT 10 OFFSET 0
        ) AS temp ON B.BOARD_ID = temp.BOARD_ID
        LEFT JOIN MEMBER_INFO M ON B.MEMBER_ID = M.MEMBER_ID
        ORDER BY B.CREATE_AT DESC
 {executed in 6 msec}
[2026-05-31 22:17:55.926] [INFO ] [http-nio-8080-exec-7] jdbc.sqltiming - SELECT /* BoardMapper.getgetBoardTotalCount (게시글 총 개수 조회) */
               COUNT(*)
          FROM BOARD
         WHERE DELETE_YN = 'N'

                AND BOARD_CODE = 'B_SQLD_01'

                AND CATEGORY_ID = 'S001'
 {executed in 7 msec}
[2026-05-31 22:17:55.926] [INFO ] [http-nio-8080-exec-3] jdbc.sqltiming - SELECT /* BoardMapper.getBoardListWithPaging (페이징 처리된 게시판 목록 조회 (지연 조인 최적화 적용)) */
               B.BOARD_ID
             , B.TITLE
             , B.CONTENT
             , M.USER_ID
             , M.USER_NAME
             , B.MEMBER_ID
             , B.BOARD_CODE
             , B.CATEGORY_ID
             , B.VIEW_COUNT
             , B.LIKE_COUNT
             ,(SELECT COUNT(*)
                 FROM COMMENT_MANAGEMENT CM
                 WHERE CM.BOARD_ID = B.BOARD_ID
                   AND CM.DELETE_YN = 'N') AS commentCount /* 댓글 작성 수 */
             , M.PROFILE_IMAGE
             , B.CREATE_AT
             , B.UPDATE_AT
             , B.TAG_NAME
          FROM BOARD B
    INNER JOIN ( /* 인덱스만 사용하여 필요한 ID들만 빠르게 추출 */
                SELECT BOARD_ID
                  FROM BOARD
             WHERE DELETE_YN = 'N' 
            ORDER BY CREATE_AT DESC
            LIMIT 30 OFFSET 0
        ) AS temp ON B.BOARD_ID = temp.BOARD_ID
        LEFT JOIN MEMBER_INFO M ON B.MEMBER_ID = M.MEMBER_ID
        ORDER BY B.CREATE_AT DESC
 {executed in 14 msec}
[2026-05-31 22:17:56.044] [INFO ] [http-nio-8080-exec-3] jdbc.sqltiming - SELECT /* BoardMapper.getgetBoardTotalCount (게시글 총 개수 조회) */
               COUNT(*)
          FROM BOARD
         WHERE DELETE_YN = 'N'
 {executed in 4 msec}
[2026-05-31 22:17:57.010] [INFO ] [http-nio-8080-exec-4] jdbc.sqltiming - SELECT /* BoardMapper.getBoardListWithPaging (페이징 처리된 게시판 목록 조회 (지연 조인 최적화 적용)) */
               B.BOARD_ID
             , B.TITLE
             , B.CONTENT
             , M.USER_ID
             , M.USER_NAME
             , B.MEMBER_ID
             , B.BOARD_CODE
             , B.CATEGORY_ID
             , B.VIEW_COUNT
             , B.LIKE_COUNT
             ,(SELECT COUNT(*)
                 FROM COMMENT_MANAGEMENT CM
                 WHERE CM.BOARD_ID = B.BOARD_ID
                   AND CM.DELETE_YN = 'N') AS commentCount /* 댓글 작성 수 */
             , M.PROFILE_IMAGE
             , B.CREATE_AT
             , B.UPDATE_AT
             , B.TAG_NAME
          FROM BOARD B
    INNER JOIN ( /* 인덱스만 사용하여 필요한 ID들만 빠르게 추출 */
                SELECT BOARD_ID
                  FROM BOARD
             WHERE DELETE_YN = 'N'

                    AND BOARD_CODE = 'B_NOTICE_01'

                    AND CATEGORY_ID = 'N001' 
            ORDER BY CREATE_AT DESC
            LIMIT 10 OFFSET 0
        ) AS temp ON B.BOARD_ID = temp.BOARD_ID
        LEFT JOIN MEMBER_INFO M ON B.MEMBER_ID = M.MEMBER_ID
        ORDER BY B.CREATE_AT DESC
 {executed in 7 msec}
[2026-05-31 22:17:57.021] [INFO ] [http-nio-8080-exec-8] jdbc.sqltiming - SELECT /* BoardMapper.getBoardListWithPaging (페이징 처리된 게시판 목록 조회 (지연 조인 최적화 적용)) */
               B.BOARD_ID
             , B.TITLE
             , B.CONTENT
             , M.USER_ID
             , M.USER_NAME
             , B.MEMBER_ID
             , B.BOARD_CODE
             , B.CATEGORY_ID
             , B.VIEW_COUNT
             , B.LIKE_COUNT
             ,(SELECT COUNT(*)
                 FROM COMMENT_MANAGEMENT CM
                 WHERE CM.BOARD_ID = B.BOARD_ID
                   AND CM.DELETE_YN = 'N') AS commentCount /* 댓글 작성 수 */
             , M.PROFILE_IMAGE
             , B.CREATE_AT
             , B.UPDATE_AT
             , B.TAG_NAME
          FROM BOARD B
    INNER JOIN ( /* 인덱스만 사용하여 필요한 ID들만 빠르게 추출 */
                SELECT BOARD_ID
                  FROM BOARD
             WHERE DELETE_YN = 'N' 
            ORDER BY CREATE_AT DESC
            LIMIT 30 OFFSET 0
        ) AS temp ON B.BOARD_ID = temp.BOARD_ID
        LEFT JOIN MEMBER_INFO M ON B.MEMBER_ID = M.MEMBER_ID
        ORDER BY B.CREATE_AT DESC
 {executed in 18 msec}
[2026-05-31 22:17:57.033] [INFO ] [http-nio-8080-exec-4] jdbc.sqltiming - SELECT /* BoardMapper.getgetBoardTotalCount (게시글 총 개수 조회) */
               COUNT(*)
          FROM BOARD
         WHERE DELETE_YN = 'N'

                AND BOARD_CODE = 'B_NOTICE_01'

                AND CATEGORY_ID = 'N001'
 {executed in 5 msec}
[2026-05-31 22:17:57.131] [INFO ] [http-nio-8080-exec-8] jdbc.sqltiming - SELECT /* BoardMapper.getgetBoardTotalCount (게시글 총 개수 조회) */
               COUNT(*)
          FROM BOARD
         WHERE DELETE_YN = 'N'
 {executed in 5 msec}
[2026-05-31 22:17:59.120] [INFO ] [http-nio-8080-exec-10] jdbc.sqltiming - SELECT /* BoardMapper.getBoardListWithPaging (페이징 처리된 게시판 목록 조회 (지연 조인 최적화 적용)) */
               B.BOARD_ID
             , B.TITLE
             , B.CONTENT
             , M.USER_ID
             , M.USER_NAME
             , B.MEMBER_ID
             , B.BOARD_CODE
             , B.CATEGORY_ID
             , B.VIEW_COUNT
             , B.LIKE_COUNT
             ,(SELECT COUNT(*)
                 FROM COMMENT_MANAGEMENT CM
                 WHERE CM.BOARD_ID = B.BOARD_ID
                   AND CM.DELETE_YN = 'N') AS commentCount /* 댓글 작성 수 */
             , M.PROFILE_IMAGE
             , B.CREATE_AT
             , B.UPDATE_AT
             , B.TAG_NAME
          FROM BOARD B
    INNER JOIN ( /* 인덱스만 사용하여 필요한 ID들만 빠르게 추출 */
                SELECT BOARD_ID
                  FROM BOARD
             WHERE DELETE_YN = 'N'

                    AND BOARD_CODE = 'B_G_Q&A_002'

                    AND CATEGORY_ID = 'QA1' 
            ORDER BY CREATE_AT DESC
            LIMIT 10 OFFSET 0
        ) AS temp ON B.BOARD_ID = temp.BOARD_ID
        LEFT JOIN MEMBER_INFO M ON B.MEMBER_ID = M.MEMBER_ID
        ORDER BY B.CREATE_AT DESC
 {executed in 6 msec}
[2026-05-31 22:17:59.125] [INFO ] [http-nio-8080-exec-1] jdbc.sqltiming - SELECT /* BoardMapper.getBoardListWithPaging (페이징 처리된 게시판 목록 조회 (지연 조인 최적화 적용)) */
               B.BOARD_ID
             , B.TITLE
             , B.CONTENT
             , M.USER_ID
             , M.USER_NAME
             , B.MEMBER_ID
             , B.BOARD_CODE
             , B.CATEGORY_ID
             , B.VIEW_COUNT
             , B.LIKE_COUNT
             ,(SELECT COUNT(*)
                 FROM COMMENT_MANAGEMENT CM
                 WHERE CM.BOARD_ID = B.BOARD_ID
                   AND CM.DELETE_YN = 'N') AS commentCount /* 댓글 작성 수 */
             , M.PROFILE_IMAGE
             , B.CREATE_AT
             , B.UPDATE_AT
             , B.TAG_NAME
          FROM BOARD B
    INNER JOIN ( /* 인덱스만 사용하여 필요한 ID들만 빠르게 추출 */
                SELECT BOARD_ID
                  FROM BOARD
             WHERE DELETE_YN = 'N' 
            ORDER BY CREATE_AT DESC
            LIMIT 30 OFFSET 0
        ) AS temp ON B.BOARD_ID = temp.BOARD_ID
        LEFT JOIN MEMBER_INFO M ON B.MEMBER_ID = M.MEMBER_ID
        ORDER BY B.CREATE_AT DESC
 {executed in 11 msec}
[2026-05-31 22:17:59.126] [INFO ] [http-nio-8080-exec-10] jdbc.sqltiming - SELECT /* BoardMapper.getgetBoardTotalCount (게시글 총 개수 조회) */
               COUNT(*)
          FROM BOARD
         WHERE DELETE_YN = 'N'

                AND BOARD_CODE = 'B_G_Q&A_002'

                AND CATEGORY_ID = 'QA1'
 {executed in 5 msec}
[2026-05-31 22:17:59.242] [INFO ] [http-nio-8080-exec-1] jdbc.sqltiming - SELECT /* BoardMapper.getgetBoardTotalCount (게시글 총 개수 조회) */
               COUNT(*)
          FROM BOARD
         WHERE DELETE_YN = 'N'
 {executed in 4 msec}
[2026-05-31 22:18:00.630] [INFO ] [http-nio-8080-exec-5] jdbc.sqltiming - SELECT /* BoardMapper.getBoardListWithPaging (페이징 처리된 게시판 목록 조회 (지연 조인 최적화 적용)) */
               B.BOARD_ID
             , B.TITLE
             , B.CONTENT
             , M.USER_ID
             , M.USER_NAME
             , B.MEMBER_ID
             , B.BOARD_CODE
             , B.CATEGORY_ID
             , B.VIEW_COUNT
             , B.LIKE_COUNT
             ,(SELECT COUNT(*)
                 FROM COMMENT_MANAGEMENT CM
                 WHERE CM.BOARD_ID = B.BOARD_ID
                   AND CM.DELETE_YN = 'N') AS commentCount /* 댓글 작성 수 */
             , M.PROFILE_IMAGE
             , B.CREATE_AT
             , B.UPDATE_AT
             , B.TAG_NAME
          FROM BOARD B
    INNER JOIN ( /* 인덱스만 사용하여 필요한 ID들만 빠르게 추출 */
                SELECT BOARD_ID
                  FROM BOARD
             WHERE DELETE_YN = 'N'

                    AND BOARD_CODE = 'B_GREETING_01'

                    AND CATEGORY_ID = 'G001' 
            ORDER BY CREATE_AT DESC
            LIMIT 10 OFFSET 0
        ) AS temp ON B.BOARD_ID = temp.BOARD_ID
        LEFT JOIN MEMBER_INFO M ON B.MEMBER_ID = M.MEMBER_ID
        ORDER BY B.CREATE_AT DESC
 {executed in 5 msec}
[2026-05-31 22:18:00.639] [INFO ] [http-nio-8080-exec-7] jdbc.sqltiming - SELECT /* BoardMapper.getBoardListWithPaging (페이징 처리된 게시판 목록 조회 (지연 조인 최적화 적용)) */
               B.BOARD_ID
             , B.TITLE
             , B.CONTENT
             , M.USER_ID
             , M.USER_NAME
             , B.MEMBER_ID
             , B.BOARD_CODE
             , B.CATEGORY_ID
             , B.VIEW_COUNT
             , B.LIKE_COUNT
             ,(SELECT COUNT(*)
                 FROM COMMENT_MANAGEMENT CM
                 WHERE CM.BOARD_ID = B.BOARD_ID
                   AND CM.DELETE_YN = 'N') AS commentCount /* 댓글 작성 수 */
             , M.PROFILE_IMAGE
             , B.CREATE_AT
             , B.UPDATE_AT
             , B.TAG_NAME
          FROM BOARD B
    INNER JOIN ( /* 인덱스만 사용하여 필요한 ID들만 빠르게 추출 */
                SELECT BOARD_ID
                  FROM BOARD
             WHERE DELETE_YN = 'N' 
            ORDER BY CREATE_AT DESC
            LIMIT 30 OFFSET 0
        ) AS temp ON B.BOARD_ID = temp.BOARD_ID
        LEFT JOIN MEMBER_INFO M ON B.MEMBER_ID = M.MEMBER_ID
        ORDER BY B.CREATE_AT DESC
 {executed in 14 msec}
[2026-05-31 22:18:00.641] [INFO ] [http-nio-8080-exec-5] jdbc.sqltiming - SELECT /* BoardMapper.getgetBoardTotalCount (게시글 총 개수 조회) */
               COUNT(*)
          FROM BOARD
         WHERE DELETE_YN = 'N'

                AND BOARD_CODE = 'B_GREETING_01'

                AND CATEGORY_ID = 'G001'
 {executed in 5 msec}
[2026-05-31 22:18:00.956] [INFO ] [http-nio-8080-exec-7] jdbc.sqltiming - SELECT /* BoardMapper.getgetBoardTotalCount (게시글 총 개수 조회) */
               COUNT(*)
          FROM BOARD
         WHERE DELETE_YN = 'N'
 {executed in 6 msec}
[2026-05-31 22:18:02.786] [INFO ] [http-nio-8080-exec-3] jdbc.sqltiming - SELECT /* BoardMapper.getBoardListWithPaging (페이징 처리된 게시판 목록 조회 (지연 조인 최적화 적용)) */
               B.BOARD_ID
             , B.TITLE
             , B.CONTENT
             , M.USER_ID
             , M.USER_NAME
             , B.MEMBER_ID
             , B.BOARD_CODE
             , B.CATEGORY_ID
             , B.VIEW_COUNT
             , B.LIKE_COUNT
             ,(SELECT COUNT(*)
                 FROM COMMENT_MANAGEMENT CM
                 WHERE CM.BOARD_ID = B.BOARD_ID
                   AND CM.DELETE_YN = 'N') AS commentCount /* 댓글 작성 수 */
             , M.PROFILE_IMAGE
             , B.CREATE_AT
             , B.UPDATE_AT
             , B.TAG_NAME
          FROM BOARD B
    INNER JOIN ( /* 인덱스만 사용하여 필요한 ID들만 빠르게 추출 */
                SELECT BOARD_ID
                  FROM BOARD
             WHERE DELETE_YN = 'N'

                    AND BOARD_CODE = 'B_G_Q&A_002'

                    AND CATEGORY_ID = 'QA1' 
            ORDER BY CREATE_AT DESC
            LIMIT 10 OFFSET 0
        ) AS temp ON B.BOARD_ID = temp.BOARD_ID
        LEFT JOIN MEMBER_INFO M ON B.MEMBER_ID = M.MEMBER_ID
        ORDER BY B.CREATE_AT DESC
 {executed in 8 msec}
[2026-05-31 22:18:02.790] [INFO ] [http-nio-8080-exec-4] jdbc.sqltiming - SELECT /* BoardMapper.getBoardListWithPaging (페이징 처리된 게시판 목록 조회 (지연 조인 최적화 적용)) */
               B.BOARD_ID
             , B.TITLE
             , B.CONTENT
             , M.USER_ID
             , M.USER_NAME
             , B.MEMBER_ID
             , B.BOARD_CODE
             , B.CATEGORY_ID
             , B.VIEW_COUNT
             , B.LIKE_COUNT
             ,(SELECT COUNT(*)
                 FROM COMMENT_MANAGEMENT CM
                 WHERE CM.BOARD_ID = B.BOARD_ID
                   AND CM.DELETE_YN = 'N') AS commentCount /* 댓글 작성 수 */
             , M.PROFILE_IMAGE
             , B.CREATE_AT
             , B.UPDATE_AT
             , B.TAG_NAME
          FROM BOARD B
    INNER JOIN ( /* 인덱스만 사용하여 필요한 ID들만 빠르게 추출 */
                SELECT BOARD_ID
                  FROM BOARD
             WHERE DELETE_YN = 'N' 
            ORDER BY CREATE_AT DESC
            LIMIT 30 OFFSET 0
        ) AS temp ON B.BOARD_ID = temp.BOARD_ID
        LEFT JOIN MEMBER_INFO M ON B.MEMBER_ID = M.MEMBER_ID
        ORDER BY B.CREATE_AT DESC
 {executed in 12 msec}
[2026-05-31 22:18:02.792] [INFO ] [http-nio-8080-exec-3] jdbc.sqltiming - SELECT /* BoardMapper.getgetBoardTotalCount (게시글 총 개수 조회) */
               COUNT(*)
          FROM BOARD
         WHERE DELETE_YN = 'N'

                AND BOARD_CODE = 'B_G_Q&A_002'

                AND CATEGORY_ID = 'QA1'
 {executed in 5 msec}
[2026-05-31 22:18:02.906] [INFO ] [http-nio-8080-exec-4] jdbc.sqltiming - SELECT /* BoardMapper.getgetBoardTotalCount (게시글 총 개수 조회) */
               COUNT(*)
          FROM BOARD
         WHERE DELETE_YN = 'N'
 {executed in 5 msec}
[2026-05-31 22:20:00.015] [INFO ] [MessageBroker-4] c.s.s.c.s.BoardViewCountScheduler - >>> Redis 조회수 DB 동기화 시작
[2026-05-31 22:20:00.023] [INFO ] [MessageBroker-4] c.s.s.c.s.BoardViewCountScheduler - >>> 동기화할 조회수 데이터가 없습니다.
[2026-05-31 22:21:11.479] [INFO ] [http-nio-8080-exec-8] jdbc.sqltiming - SELECT  /* BoardMapper.getBoardList (게시판 목록 전체를 조회하는 쿼리 (사용자 정보 JOIN))*/
               B.BOARD_ID
             , B.TITLE
             , B.CONTENT
             , M.USER_ID
             , M.USER_NAME
             , B.MEMBER_ID
             , B.BOARD_CODE
             , B.CATEGORY_ID
             , B.VIEW_COUNT
             , B.LIKE_COUNT
             ,(SELECT COUNT(*)
                 FROM COMMENT_MANAGEMENT CM
                WHERE CM.BOARD_ID = B.BOARD_ID
                  AND CM.DELETE_YN = 'N') AS commentCount /* 댓글 작성 수 */
             , M.PROFILE_IMAGE
             , B.CREATE_AT
             , B.UPDATE_AT
             , B.TAG_NAME
        FROM
            BOARD B
        LEFT JOIN MEMBER_INFO M ON B.MEMBER_ID = M.MEMBER_ID
        WHERE B.DELETE_YN = 'N'
        ORDER BY
            B.CREATE_AT DESC
 {executed in 14 msec}
[2026-05-31 22:24:19.420] [INFO ] [MessageBroker-2] o.s.w.s.c.WebSocketMessageBrokerStats - WebSocketSession[0 current WS(0)-HttpStream(0)-HttpPoll(0), 4 total, 0 closed abnormally (0 connect failure, 0 send limit, 1 transport error)], stompSubProtocol[processed CONNECT(4)-CONNECTED(4)-DISCONNECT(2)], stompBrokerRelay[null], inboundChannel[pool size = 0, active threads = 0, queued tasks = 0, completed tasks = 87], outboundChannel[pool size = 0, active threads = 0, queued tasks = 0, completed tasks = 22], sockJsScheduler[pool size = 8, active threads = 1, queued tasks = 5, completed tasks = 672]
[2026-05-31 22:24:21.342] [INFO ] [http-nio-8080-exec-1] jdbc.sqltiming - SELECT  /* BoardMasterMapper.getBoardConfig 특정 게시판의 설정(이름, 카테고리 그룹, 기능 여부) 전체 리스트 조회 */
               BM.BOARD_CODE
             , BM.BOARD_NAME
             , BM.GROUP_CODE
             , BM.USE_YN
             , BM.FILE_YN
             , BM.REPLY_YN
             , BM.TAG_YN
             , CCG.SORT_ORDER
             , BM.CREATE_AT
             , BM.UPDATE_AT
          FROM BOARD_MASTER BM
          JOIN COMMON_CODE_GROUP CCG ON BM.GROUP_CODE = CCG.GROUP_CODE
         ORDER BY CCG.SORT_ORDER ASC, BM.BOARD_CODE ASC /* 그룹 순서대로 정렬 */
 {executed in 8 msec}
[2026-05-31 22:24:21.349] [INFO ] [http-nio-8080-exec-10] jdbc.sqltiming - SELECT  /* BoardMapper.getBoardList (게시판 목록 전체를 조회하는 쿼리 (사용자 정보 JOIN))*/
               B.BOARD_ID
             , B.TITLE
             , B.CONTENT
             , M.USER_ID
             , M.USER_NAME
             , B.MEMBER_ID
             , B.BOARD_CODE
             , B.CATEGORY_ID
             , B.VIEW_COUNT
             , B.LIKE_COUNT
             ,(SELECT COUNT(*)
                 FROM COMMENT_MANAGEMENT CM
                WHERE CM.BOARD_ID = B.BOARD_ID
                  AND CM.DELETE_YN = 'N') AS commentCount /* 댓글 작성 수 */
             , M.PROFILE_IMAGE
             , B.CREATE_AT
             , B.UPDATE_AT
             , B.TAG_NAME
        FROM
            BOARD B
        LEFT JOIN MEMBER_INFO M ON B.MEMBER_ID = M.MEMBER_ID
        WHERE B.DELETE_YN = 'N'
        ORDER BY
            B.CREATE_AT DESC
 {executed in 19 msec}
[2026-05-31 22:24:21.357] [INFO ] [http-nio-8080-exec-1] jdbc.sqltiming - SELECT /*  boardMapper.getCategoryListByBoardCode 특정 게시판(boardCode)에 소속된 카테고리 목록 조회 */
               CCD.CODE_ID AS categoryId
             , CCD.CODE_NAME AS categoryName
          FROM BOARD_MASTER BM
    INNER JOIN COMMON_CODE_DETAIL CCD
            ON BM.GROUP_CODE = CCD.GROUP_CODE
         WHERE BM.BOARD_CODE = 'B_NOTICE_01'
           AND BM.USE_YN = 'Y'
      ORDER BY CCD.SORT_ORDER ASC
 {executed in 5 msec}
[2026-05-31 22:24:21.364] [INFO ] [http-nio-8080-exec-1] jdbc.sqltiming - SELECT /*  boardMapper.getCategoryListByBoardCode 특정 게시판(boardCode)에 소속된 카테고리 목록 조회 */
               CCD.CODE_ID AS categoryId
             , CCD.CODE_NAME AS categoryName
          FROM BOARD_MASTER BM
    INNER JOIN COMMON_CODE_DETAIL CCD
            ON BM.GROUP_CODE = CCD.GROUP_CODE
         WHERE BM.BOARD_CODE = 'B_SQLD_01'
           AND BM.USE_YN = 'Y'
      ORDER BY CCD.SORT_ORDER ASC
 {executed in 5 msec}
[2026-05-31 22:24:21.373] [INFO ] [http-nio-8080-exec-1] jdbc.sqltiming - SELECT /*  boardMapper.getCategoryListByBoardCode 특정 게시판(boardCode)에 소속된 카테고리 목록 조회 */
               CCD.CODE_ID AS categoryId
             , CCD.CODE_NAME AS categoryName
          FROM BOARD_MASTER BM
    INNER JOIN COMMON_CODE_DETAIL CCD
            ON BM.GROUP_CODE = CCD.GROUP_CODE
         WHERE BM.BOARD_CODE = 'B_GREETING_01'
           AND BM.USE_YN = 'Y'
      ORDER BY CCD.SORT_ORDER ASC
 {executed in 8 msec}
[2026-05-31 22:24:21.377] [INFO ] [http-nio-8080-exec-1] jdbc.sqltiming - SELECT /*  boardMapper.getCategoryListByBoardCode 특정 게시판(boardCode)에 소속된 카테고리 목록 조회 */
               CCD.CODE_ID AS categoryId
             , CCD.CODE_NAME AS categoryName
          FROM BOARD_MASTER BM
    INNER JOIN COMMON_CODE_DETAIL CCD
            ON BM.GROUP_CODE = CCD.GROUP_CODE
         WHERE BM.BOARD_CODE = 'B_G_Q&A_002'
           AND BM.USE_YN = 'Y'
      ORDER BY CCD.SORT_ORDER ASC
 {executed in 4 msec}
[2026-05-31 22:24:23.958] [INFO ] [http-nio-8080-exec-7] c.s.s.service.board.BoardServiceImpl - 인기 게시물 조회를 위해 DB에 접근한다. (캐시 미적용 시에만 출력)
[2026-05-31 22:24:23.965] [INFO ] [http-nio-8080-exec-7] jdbc.sqltiming - SELECT /* BoardMapper.getPopularBoards (최근 15일 인기 게시글 조회) */
               B.BOARD_ID
             , B.TITLE
             , B.VIEW_COUNT
             , B.LIKE_COUNT
             , B.CREATE_AT
             , M.USER_NAME
             , M.PROFILE_IMAGE
        FROM BOARD B
        LEFT JOIN MEMBER_INFO M ON B.MEMBER_ID = M.MEMBER_ID
        WHERE B.CREATE_AT >= DATE_SUB(NOW(), INTERVAL 15 DAY)
          AND B.DELETE_YN = 'N'
        ORDER BY B.LIKE_COUNT DESC, B.VIEW_COUNT DESC
        LIMIT 5
 {executed in 6 msec}
[2026-05-31 22:24:23.972] [INFO ] [http-nio-8080-exec-5] jdbc.sqltiming - SELECT /* BoardMapper.getBoardListWithPaging (페이징 처리된 게시판 목록 조회 (지연 조인 최적화 적용)) */
               B.BOARD_ID
             , B.TITLE
             , B.CONTENT
             , M.USER_ID
             , M.USER_NAME
             , B.MEMBER_ID
             , B.BOARD_CODE
             , B.CATEGORY_ID
             , B.VIEW_COUNT
             , B.LIKE_COUNT
             ,(SELECT COUNT(*)
                 FROM COMMENT_MANAGEMENT CM
                 WHERE CM.BOARD_ID = B.BOARD_ID
                   AND CM.DELETE_YN = 'N') AS commentCount /* 댓글 작성 수 */
             , M.PROFILE_IMAGE
             , B.CREATE_AT
             , B.UPDATE_AT
             , B.TAG_NAME
          FROM BOARD B
    INNER JOIN ( /* 인덱스만 사용하여 필요한 ID들만 빠르게 추출 */
                SELECT BOARD_ID
                  FROM BOARD
             WHERE DELETE_YN = 'N'

                    AND BOARD_CODE = 'B_SQLD_01' 
            ORDER BY CREATE_AT DESC
            LIMIT 10 OFFSET 0
        ) AS temp ON B.BOARD_ID = temp.BOARD_ID
        LEFT JOIN MEMBER_INFO M ON B.MEMBER_ID = M.MEMBER_ID
        ORDER BY B.CREATE_AT DESC
 {executed in 10 msec}
[2026-05-31 22:24:23.979] [INFO ] [http-nio-8080-exec-9] jdbc.sqltiming - SELECT /* BoardMapper.getBoardListWithPaging (페이징 처리된 게시판 목록 조회 (지연 조인 최적화 적용)) */
               B.BOARD_ID
             , B.TITLE
             , B.CONTENT
             , M.USER_ID
             , M.USER_NAME
             , B.MEMBER_ID
             , B.BOARD_CODE
             , B.CATEGORY_ID
             , B.VIEW_COUNT
             , B.LIKE_COUNT
             ,(SELECT COUNT(*)
                 FROM COMMENT_MANAGEMENT CM
                 WHERE CM.BOARD_ID = B.BOARD_ID
                   AND CM.DELETE_YN = 'N') AS commentCount /* 댓글 작성 수 */
             , M.PROFILE_IMAGE
             , B.CREATE_AT
             , B.UPDATE_AT
             , B.TAG_NAME
          FROM BOARD B
    INNER JOIN ( /* 인덱스만 사용하여 필요한 ID들만 빠르게 추출 */
                SELECT BOARD_ID
                  FROM BOARD
             WHERE DELETE_YN = 'N' 
            ORDER BY CREATE_AT DESC
            LIMIT 30 OFFSET 0
        ) AS temp ON B.BOARD_ID = temp.BOARD_ID
        LEFT JOIN MEMBER_INFO M ON B.MEMBER_ID = M.MEMBER_ID
        ORDER BY B.CREATE_AT DESC
 {executed in 17 msec}
[2026-05-31 22:24:24.035] [INFO ] [http-nio-8080-exec-5] jdbc.sqltiming - SELECT /* BoardMapper.getgetBoardTotalCount (게시글 총 개수 조회) */
               COUNT(*)
          FROM BOARD
         WHERE DELETE_YN = 'N'

                AND BOARD_CODE = 'B_SQLD_01'
 {executed in 5 msec}
[2026-05-31 22:24:24.105] [INFO ] [http-nio-8080-exec-9] jdbc.sqltiming - SELECT /* BoardMapper.getgetBoardTotalCount (게시글 총 개수 조회) */
               COUNT(*)
          FROM BOARD
         WHERE DELETE_YN = 'N'
 {executed in 4 msec}
[2026-05-31 22:25:00.011] [INFO ] [MessageBroker-4] c.s.s.c.s.BoardViewCountScheduler - >>> Redis 조회수 DB 동기화 시작
[2026-05-31 22:25:00.019] [INFO ] [MessageBroker-4] c.s.s.c.s.BoardViewCountScheduler - >>> 동기화할 조회수 데이터가 없습니다.
[2026-05-31 22:27:58.117] [INFO ] [http-nio-8080-exec-4] c.s.s.service.board.BoardServiceImpl - 인기 게시물 조회를 위해 DB에 접근한다. (캐시 미적용 시에만 출력)
[2026-05-31 22:27:58.140] [INFO ] [http-nio-8080-exec-4] jdbc.sqltiming - SELECT /* BoardMapper.getPopularBoards (최근 15일 인기 게시글 조회) */
               B.BOARD_ID
             , B.TITLE
             , B.VIEW_COUNT
             , B.LIKE_COUNT
             , B.CREATE_AT
             , M.USER_NAME
             , M.PROFILE_IMAGE
        FROM BOARD B
        LEFT JOIN MEMBER_INFO M ON B.MEMBER_ID = M.MEMBER_ID
        WHERE B.CREATE_AT >= DATE_SUB(NOW(), INTERVAL 15 DAY)
          AND B.DELETE_YN = 'N'
        ORDER BY B.LIKE_COUNT DESC, B.VIEW_COUNT DESC
        LIMIT 5
 {executed in 17 msec}
[2026-05-31 22:27:58.142] [INFO ] [http-nio-8080-exec-8] jdbc.sqltiming - SELECT /* BoardMapper.getBoardListWithPaging (페이징 처리된 게시판 목록 조회 (지연 조인 최적화 적용)) */
               B.BOARD_ID
             , B.TITLE
             , B.CONTENT
             , M.USER_ID
             , M.USER_NAME
             , B.MEMBER_ID
             , B.BOARD_CODE
             , B.CATEGORY_ID
             , B.VIEW_COUNT
             , B.LIKE_COUNT
             ,(SELECT COUNT(*)
                 FROM COMMENT_MANAGEMENT CM
                 WHERE CM.BOARD_ID = B.BOARD_ID
                   AND CM.DELETE_YN = 'N') AS commentCount /* 댓글 작성 수 */
             , M.PROFILE_IMAGE
             , B.CREATE_AT
             , B.UPDATE_AT
             , B.TAG_NAME
          FROM BOARD B
    INNER JOIN ( /* 인덱스만 사용하여 필요한 ID들만 빠르게 추출 */
                SELECT BOARD_ID
                  FROM BOARD
             WHERE DELETE_YN = 'N' 
            ORDER BY CREATE_AT DESC
            LIMIT 30 OFFSET 0
        ) AS temp ON B.BOARD_ID = temp.BOARD_ID
        LEFT JOIN MEMBER_INFO M ON B.MEMBER_ID = M.MEMBER_ID
        ORDER BY B.CREATE_AT DESC
 {executed in 17 msec}
[2026-05-31 22:27:58.142] [INFO ] [http-nio-8080-exec-3] jdbc.sqltiming - SELECT /* BoardMapper.getBoardListWithPaging (페이징 처리된 게시판 목록 조회 (지연 조인 최적화 적용)) */
               B.BOARD_ID
             , B.TITLE
             , B.CONTENT
             , M.USER_ID
             , M.USER_NAME
             , B.MEMBER_ID
             , B.BOARD_CODE
             , B.CATEGORY_ID
             , B.VIEW_COUNT
             , B.LIKE_COUNT
             ,(SELECT COUNT(*)
                 FROM COMMENT_MANAGEMENT CM
                 WHERE CM.BOARD_ID = B.BOARD_ID
                   AND CM.DELETE_YN = 'N') AS commentCount /* 댓글 작성 수 */
             , M.PROFILE_IMAGE
             , B.CREATE_AT
             , B.UPDATE_AT
             , B.TAG_NAME
          FROM BOARD B
    INNER JOIN ( /* 인덱스만 사용하여 필요한 ID들만 빠르게 추출 */
                SELECT BOARD_ID
                  FROM BOARD
             WHERE DELETE_YN = 'N'

                    AND BOARD_CODE = 'B_SQLD_01' 
            ORDER BY CREATE_AT DESC
            LIMIT 10 OFFSET 0
        ) AS temp ON B.BOARD_ID = temp.BOARD_ID
        LEFT JOIN MEMBER_INFO M ON B.MEMBER_ID = M.MEMBER_ID
        ORDER BY B.CREATE_AT DESC
 {executed in 17 msec}
[2026-05-31 22:27:58.245] [INFO ] [http-nio-8080-exec-3] jdbc.sqltiming - SELECT /* BoardMapper.getgetBoardTotalCount (게시글 총 개수 조회) */
               COUNT(*)
          FROM BOARD
         WHERE DELETE_YN = 'N'

                AND BOARD_CODE = 'B_SQLD_01'
 {executed in 6 msec}
[2026-05-31 22:27:58.338] [INFO ] [http-nio-8080-exec-8] jdbc.sqltiming - SELECT /* BoardMapper.getgetBoardTotalCount (게시글 총 개수 조회) */
               COUNT(*)
          FROM BOARD
         WHERE DELETE_YN = 'N'
 {executed in 6 msec}
[2026-05-31 22:28:18.141] [INFO ] [http-nio-8080-exec-2] jdbc.sqltiming - SELECT  /* BoardMasterMapper.getBoardConfig 특정 게시판의 설정(이름, 카테고리 그룹, 기능 여부) 전체 리스트 조회 */
               BM.BOARD_CODE
             , BM.BOARD_NAME
             , BM.GROUP_CODE
             , BM.USE_YN
             , BM.FILE_YN
             , BM.REPLY_YN
             , BM.TAG_YN
             , CCG.SORT_ORDER
             , BM.CREATE_AT
             , BM.UPDATE_AT
          FROM BOARD_MASTER BM
          JOIN COMMON_CODE_GROUP CCG ON BM.GROUP_CODE = CCG.GROUP_CODE
         ORDER BY CCG.SORT_ORDER ASC, BM.BOARD_CODE ASC /* 그룹 순서대로 정렬 */
 {executed in 7 msec}
[2026-05-31 22:28:18.158] [INFO ] [http-nio-8080-exec-2] jdbc.sqltiming - SELECT /*  boardMapper.getCategoryListByBoardCode 특정 게시판(boardCode)에 소속된 카테고리 목록 조회 */
               CCD.CODE_ID AS categoryId
             , CCD.CODE_NAME AS categoryName
          FROM BOARD_MASTER BM
    INNER JOIN COMMON_CODE_DETAIL CCD
            ON BM.GROUP_CODE = CCD.GROUP_CODE
         WHERE BM.BOARD_CODE = 'B_NOTICE_01'
           AND BM.USE_YN = 'Y'
      ORDER BY CCD.SORT_ORDER ASC
 {executed in 12 msec}
[2026-05-31 22:28:18.167] [INFO ] [http-nio-8080-exec-2] jdbc.sqltiming - SELECT /*  boardMapper.getCategoryListByBoardCode 특정 게시판(boardCode)에 소속된 카테고리 목록 조회 */
               CCD.CODE_ID AS categoryId
             , CCD.CODE_NAME AS categoryName
          FROM BOARD_MASTER BM
    INNER JOIN COMMON_CODE_DETAIL CCD
            ON BM.GROUP_CODE = CCD.GROUP_CODE
         WHERE BM.BOARD_CODE = 'B_SQLD_01'
           AND BM.USE_YN = 'Y'
      ORDER BY CCD.SORT_ORDER ASC
 {executed in 6 msec}
[2026-05-31 22:28:18.199] [INFO ] [http-nio-8080-exec-2] jdbc.sqltiming - SELECT /*  boardMapper.getCategoryListByBoardCode 특정 게시판(boardCode)에 소속된 카테고리 목록 조회 */
               CCD.CODE_ID AS categoryId
             , CCD.CODE_NAME AS categoryName
          FROM BOARD_MASTER BM
    INNER JOIN COMMON_CODE_DETAIL CCD
            ON BM.GROUP_CODE = CCD.GROUP_CODE
         WHERE BM.BOARD_CODE = 'B_GREETING_01'
           AND BM.USE_YN = 'Y'
      ORDER BY CCD.SORT_ORDER ASC
 {executed in 29 msec}
[2026-05-31 22:28:18.209] [INFO ] [http-nio-8080-exec-2] jdbc.sqltiming - SELECT /*  boardMapper.getCategoryListByBoardCode 특정 게시판(boardCode)에 소속된 카테고리 목록 조회 */
               CCD.CODE_ID AS categoryId
             , CCD.CODE_NAME AS categoryName
          FROM BOARD_MASTER BM
    INNER JOIN COMMON_CODE_DETAIL CCD
            ON BM.GROUP_CODE = CCD.GROUP_CODE
         WHERE BM.BOARD_CODE = 'B_G_Q&A_002'
           AND BM.USE_YN = 'Y'
      ORDER BY CCD.SORT_ORDER ASC
 {executed in 8 msec}
[2026-05-31 22:28:18.829] [INFO ] [http-nio-8080-exec-6] jdbc.sqltiming - SELECT /* BoardMapper.getBoardListWithPaging (페이징 처리된 게시판 목록 조회 (지연 조인 최적화 적용)) */
               B.BOARD_ID
             , B.TITLE
             , B.CONTENT
             , M.USER_ID
             , M.USER_NAME
             , B.MEMBER_ID
             , B.BOARD_CODE
             , B.CATEGORY_ID
             , B.VIEW_COUNT
             , B.LIKE_COUNT
             ,(SELECT COUNT(*)
                 FROM COMMENT_MANAGEMENT CM
                 WHERE CM.BOARD_ID = B.BOARD_ID
                   AND CM.DELETE_YN = 'N') AS commentCount /* 댓글 작성 수 */
             , M.PROFILE_IMAGE
             , B.CREATE_AT
             , B.UPDATE_AT
             , B.TAG_NAME
          FROM BOARD B
    INNER JOIN ( /* 인덱스만 사용하여 필요한 ID들만 빠르게 추출 */
                SELECT BOARD_ID
                  FROM BOARD
             WHERE DELETE_YN = 'N'

                    AND BOARD_CODE = 'B_SQLD_01' 
            ORDER BY CREATE_AT DESC
            LIMIT 10 OFFSET 0
        ) AS temp ON B.BOARD_ID = temp.BOARD_ID
        LEFT JOIN MEMBER_INFO M ON B.MEMBER_ID = M.MEMBER_ID
        ORDER BY B.CREATE_AT DESC
 {executed in 20 msec}
[2026-05-31 22:28:18.831] [INFO ] [http-nio-8080-exec-1] jdbc.sqltiming - SELECT /* BoardMapper.getBoardListWithPaging (페이징 처리된 게시판 목록 조회 (지연 조인 최적화 적용)) */
               B.BOARD_ID
             , B.TITLE
             , B.CONTENT
             , M.USER_ID
             , M.USER_NAME
             , B.MEMBER_ID
             , B.BOARD_CODE
             , B.CATEGORY_ID
             , B.VIEW_COUNT
             , B.LIKE_COUNT
             ,(SELECT COUNT(*)
                 FROM COMMENT_MANAGEMENT CM
                 WHERE CM.BOARD_ID = B.BOARD_ID
                   AND CM.DELETE_YN = 'N') AS commentCount /* 댓글 작성 수 */
             , M.PROFILE_IMAGE
             , B.CREATE_AT
             , B.UPDATE_AT
             , B.TAG_NAME
          FROM BOARD B
    INNER JOIN ( /* 인덱스만 사용하여 필요한 ID들만 빠르게 추출 */
                SELECT BOARD_ID
                  FROM BOARD
             WHERE DELETE_YN = 'N' 
            ORDER BY CREATE_AT DESC
            LIMIT 30 OFFSET 0
        ) AS temp ON B.BOARD_ID = temp.BOARD_ID
        LEFT JOIN MEMBER_INFO M ON B.MEMBER_ID = M.MEMBER_ID
        ORDER BY B.CREATE_AT DESC
 {executed in 23 msec}
[2026-05-31 22:28:18.891] [INFO ] [http-nio-8080-exec-6] jdbc.sqltiming - SELECT /* BoardMapper.getgetBoardTotalCount (게시글 총 개수 조회) */
               COUNT(*)
          FROM BOARD
         WHERE DELETE_YN = 'N'

                AND BOARD_CODE = 'B_SQLD_01'
 {executed in 6 msec}
[2026-05-31 22:28:18.966] [INFO ] [http-nio-8080-exec-1] jdbc.sqltiming - SELECT /* BoardMapper.getgetBoardTotalCount (게시글 총 개수 조회) */
               COUNT(*)
          FROM BOARD
         WHERE DELETE_YN = 'N'
 {executed in 5 msec}
[2026-05-31 22:28:34.823] [INFO ] [http-nio-8080-exec-7] jdbc.sqltiming - SELECT /* BoardMapper.getBoardListWithPaging (페이징 처리된 게시판 목록 조회 (지연 조인 최적화 적용)) */
               B.BOARD_ID
             , B.TITLE
             , B.CONTENT
             , M.USER_ID
             , M.USER_NAME
             , B.MEMBER_ID
             , B.BOARD_CODE
             , B.CATEGORY_ID
             , B.VIEW_COUNT
             , B.LIKE_COUNT
             ,(SELECT COUNT(*)
                 FROM COMMENT_MANAGEMENT CM
                 WHERE CM.BOARD_ID = B.BOARD_ID
                   AND CM.DELETE_YN = 'N') AS commentCount /* 댓글 작성 수 */
             , M.PROFILE_IMAGE
             , B.CREATE_AT
             , B.UPDATE_AT
             , B.TAG_NAME
          FROM BOARD B
    INNER JOIN ( /* 인덱스만 사용하여 필요한 ID들만 빠르게 추출 */
                SELECT BOARD_ID
                  FROM BOARD
             WHERE DELETE_YN = 'N'

                    AND BOARD_CODE = 'B_G_Q&A_002' 
            ORDER BY CREATE_AT DESC
            LIMIT 10 OFFSET 0
        ) AS temp ON B.BOARD_ID = temp.BOARD_ID
        LEFT JOIN MEMBER_INFO M ON B.MEMBER_ID = M.MEMBER_ID
        ORDER BY B.CREATE_AT DESC
 {executed in 5 msec}
[2026-05-31 22:28:34.831] [INFO ] [http-nio-8080-exec-7] jdbc.sqltiming - SELECT /* BoardMapper.getgetBoardTotalCount (게시글 총 개수 조회) */
               COUNT(*)
          FROM BOARD
         WHERE DELETE_YN = 'N'

                AND BOARD_CODE = 'B_G_Q&A_002'
 {executed in 7 msec}
[2026-05-31 22:28:34.838] [INFO ] [http-nio-8080-exec-9] jdbc.sqltiming - SELECT /* BoardMapper.getBoardListWithPaging (페이징 처리된 게시판 목록 조회 (지연 조인 최적화 적용)) */
               B.BOARD_ID
             , B.TITLE
             , B.CONTENT
             , M.USER_ID
             , M.USER_NAME
             , B.MEMBER_ID
             , B.BOARD_CODE
             , B.CATEGORY_ID
             , B.VIEW_COUNT
             , B.LIKE_COUNT
             ,(SELECT COUNT(*)
                 FROM COMMENT_MANAGEMENT CM
                 WHERE CM.BOARD_ID = B.BOARD_ID
                   AND CM.DELETE_YN = 'N') AS commentCount /* 댓글 작성 수 */
             , M.PROFILE_IMAGE
             , B.CREATE_AT
             , B.UPDATE_AT
             , B.TAG_NAME
          FROM BOARD B
    INNER JOIN ( /* 인덱스만 사용하여 필요한 ID들만 빠르게 추출 */
                SELECT BOARD_ID
                  FROM BOARD
             WHERE DELETE_YN = 'N' 
            ORDER BY CREATE_AT DESC
            LIMIT 30 OFFSET 0
        ) AS temp ON B.BOARD_ID = temp.BOARD_ID
        LEFT JOIN MEMBER_INFO M ON B.MEMBER_ID = M.MEMBER_ID
        ORDER BY B.CREATE_AT DESC
 {executed in 21 msec}
[2026-05-31 22:28:34.951] [INFO ] [http-nio-8080-exec-9] jdbc.sqltiming - SELECT /* BoardMapper.getgetBoardTotalCount (게시글 총 개수 조회) */
               COUNT(*)
          FROM BOARD
         WHERE DELETE_YN = 'N'
 {executed in 4 msec}
[2026-05-31 22:28:35.673] [INFO ] [http-nio-8080-exec-4] jdbc.sqltiming - SELECT /* BoardMapper.getBoardListWithPaging (페이징 처리된 게시판 목록 조회 (지연 조인 최적화 적용)) */
               B.BOARD_ID
             , B.TITLE
             , B.CONTENT
             , M.USER_ID
             , M.USER_NAME
             , B.MEMBER_ID
             , B.BOARD_CODE
             , B.CATEGORY_ID
             , B.VIEW_COUNT
             , B.LIKE_COUNT
             ,(SELECT COUNT(*)
                 FROM COMMENT_MANAGEMENT CM
                 WHERE CM.BOARD_ID = B.BOARD_ID
                   AND CM.DELETE_YN = 'N') AS commentCount /* 댓글 작성 수 */
             , M.PROFILE_IMAGE
             , B.CREATE_AT
             , B.UPDATE_AT
             , B.TAG_NAME
          FROM BOARD B
    INNER JOIN ( /* 인덱스만 사용하여 필요한 ID들만 빠르게 추출 */
                SELECT BOARD_ID
                  FROM BOARD
             WHERE DELETE_YN = 'N'

                    AND BOARD_CODE = 'B_GREETING_01' 
            ORDER BY CREATE_AT DESC
            LIMIT 10 OFFSET 0
        ) AS temp ON B.BOARD_ID = temp.BOARD_ID
        LEFT JOIN MEMBER_INFO M ON B.MEMBER_ID = M.MEMBER_ID
        ORDER BY B.CREATE_AT DESC
 {executed in 4 msec}
[2026-05-31 22:28:35.682] [INFO ] [http-nio-8080-exec-8] jdbc.sqltiming - SELECT /* BoardMapper.getBoardListWithPaging (페이징 처리된 게시판 목록 조회 (지연 조인 최적화 적용)) */
               B.BOARD_ID
             , B.TITLE
             , B.CONTENT
             , M.USER_ID
             , M.USER_NAME
             , B.MEMBER_ID
             , B.BOARD_CODE
             , B.CATEGORY_ID
             , B.VIEW_COUNT
             , B.LIKE_COUNT
             ,(SELECT COUNT(*)
                 FROM COMMENT_MANAGEMENT CM
                 WHERE CM.BOARD_ID = B.BOARD_ID
                   AND CM.DELETE_YN = 'N') AS commentCount /* 댓글 작성 수 */
             , M.PROFILE_IMAGE
             , B.CREATE_AT
             , B.UPDATE_AT
             , B.TAG_NAME
          FROM BOARD B
    INNER JOIN ( /* 인덱스만 사용하여 필요한 ID들만 빠르게 추출 */
                SELECT BOARD_ID
                  FROM BOARD
             WHERE DELETE_YN = 'N' 
            ORDER BY CREATE_AT DESC
            LIMIT 30 OFFSET 0
        ) AS temp ON B.BOARD_ID = temp.BOARD_ID
        LEFT JOIN MEMBER_INFO M ON B.MEMBER_ID = M.MEMBER_ID
        ORDER BY B.CREATE_AT DESC
 {executed in 14 msec}
[2026-05-31 22:28:35.685] [INFO ] [http-nio-8080-exec-4] jdbc.sqltiming - SELECT /* BoardMapper.getgetBoardTotalCount (게시글 총 개수 조회) */
               COUNT(*)
          FROM BOARD
         WHERE DELETE_YN = 'N'

                AND BOARD_CODE = 'B_GREETING_01'
 {executed in 7 msec}
[2026-05-31 22:28:35.801] [INFO ] [http-nio-8080-exec-8] jdbc.sqltiming - SELECT /* BoardMapper.getgetBoardTotalCount (게시글 총 개수 조회) */
               COUNT(*)
          FROM BOARD
         WHERE DELETE_YN = 'N'
 {executed in 5 msec}
[2026-05-31 22:28:36.321] [INFO ] [http-nio-8080-exec-2] jdbc.sqltiming - SELECT /* BoardMapper.getBoardListWithPaging (페이징 처리된 게시판 목록 조회 (지연 조인 최적화 적용)) */
               B.BOARD_ID
             , B.TITLE
             , B.CONTENT
             , M.USER_ID
             , M.USER_NAME
             , B.MEMBER_ID
             , B.BOARD_CODE
             , B.CATEGORY_ID
             , B.VIEW_COUNT
             , B.LIKE_COUNT
             ,(SELECT COUNT(*)
                 FROM COMMENT_MANAGEMENT CM
                 WHERE CM.BOARD_ID = B.BOARD_ID
                   AND CM.DELETE_YN = 'N') AS commentCount /* 댓글 작성 수 */
             , M.PROFILE_IMAGE
             , B.CREATE_AT
             , B.UPDATE_AT
             , B.TAG_NAME
          FROM BOARD B
    INNER JOIN ( /* 인덱스만 사용하여 필요한 ID들만 빠르게 추출 */
                SELECT BOARD_ID
                  FROM BOARD
             WHERE DELETE_YN = 'N'

                    AND BOARD_CODE = 'B_GREETING_01'

                    AND CATEGORY_ID = 'G001' 
            ORDER BY CREATE_AT DESC
            LIMIT 10 OFFSET 0
        ) AS temp ON B.BOARD_ID = temp.BOARD_ID
        LEFT JOIN MEMBER_INFO M ON B.MEMBER_ID = M.MEMBER_ID
        ORDER BY B.CREATE_AT DESC
 {executed in 9 msec}
[2026-05-31 22:28:36.323] [INFO ] [http-nio-8080-exec-6] jdbc.sqltiming - SELECT /* BoardMapper.getBoardListWithPaging (페이징 처리된 게시판 목록 조회 (지연 조인 최적화 적용)) */
               B.BOARD_ID
             , B.TITLE
             , B.CONTENT
             , M.USER_ID
             , M.USER_NAME
             , B.MEMBER_ID
             , B.BOARD_CODE
             , B.CATEGORY_ID
             , B.VIEW_COUNT
             , B.LIKE_COUNT
             ,(SELECT COUNT(*)
                 FROM COMMENT_MANAGEMENT CM
                 WHERE CM.BOARD_ID = B.BOARD_ID
                   AND CM.DELETE_YN = 'N') AS commentCount /* 댓글 작성 수 */
             , M.PROFILE_IMAGE
             , B.CREATE_AT
             , B.UPDATE_AT
             , B.TAG_NAME
          FROM BOARD B
    INNER JOIN ( /* 인덱스만 사용하여 필요한 ID들만 빠르게 추출 */
                SELECT BOARD_ID
                  FROM BOARD
             WHERE DELETE_YN = 'N' 
            ORDER BY CREATE_AT DESC
            LIMIT 30 OFFSET 0
        ) AS temp ON B.BOARD_ID = temp.BOARD_ID
        LEFT JOIN MEMBER_INFO M ON B.MEMBER_ID = M.MEMBER_ID
        ORDER BY B.CREATE_AT DESC
 {executed in 16 msec}
[2026-05-31 22:28:36.329] [INFO ] [http-nio-8080-exec-2] jdbc.sqltiming - SELECT /* BoardMapper.getgetBoardTotalCount (게시글 총 개수 조회) */
               COUNT(*)
          FROM BOARD
         WHERE DELETE_YN = 'N'

                AND BOARD_CODE = 'B_GREETING_01'

                AND CATEGORY_ID = 'G001'
 {executed in 3 msec}
[2026-05-31 22:28:36.451] [INFO ] [http-nio-8080-exec-6] jdbc.sqltiming - SELECT /* BoardMapper.getgetBoardTotalCount (게시글 총 개수 조회) */
               COUNT(*)
          FROM BOARD
         WHERE DELETE_YN = 'N'
 {executed in 5 msec}
[2026-05-31 22:28:37.175] [INFO ] [http-nio-8080-exec-1] jdbc.sqltiming - SELECT /* BoardMapper.getBoardListWithPaging (페이징 처리된 게시판 목록 조회 (지연 조인 최적화 적용)) */
               B.BOARD_ID
             , B.TITLE
             , B.CONTENT
             , M.USER_ID
             , M.USER_NAME
             , B.MEMBER_ID
             , B.BOARD_CODE
             , B.CATEGORY_ID
             , B.VIEW_COUNT
             , B.LIKE_COUNT
             ,(SELECT COUNT(*)
                 FROM COMMENT_MANAGEMENT CM
                 WHERE CM.BOARD_ID = B.BOARD_ID
                   AND CM.DELETE_YN = 'N') AS commentCount /* 댓글 작성 수 */
             , M.PROFILE_IMAGE
             , B.CREATE_AT
             , B.UPDATE_AT
             , B.TAG_NAME
          FROM BOARD B
    INNER JOIN ( /* 인덱스만 사용하여 필요한 ID들만 빠르게 추출 */
                SELECT BOARD_ID
                  FROM BOARD
             WHERE DELETE_YN = 'N'

                    AND BOARD_CODE = 'B_G_Q&A_002' 
            ORDER BY CREATE_AT DESC
            LIMIT 10 OFFSET 0
        ) AS temp ON B.BOARD_ID = temp.BOARD_ID
        LEFT JOIN MEMBER_INFO M ON B.MEMBER_ID = M.MEMBER_ID
        ORDER BY B.CREATE_AT DESC
 {executed in 6 msec}
[2026-05-31 22:28:37.182] [INFO ] [http-nio-8080-exec-1] jdbc.sqltiming - SELECT /* BoardMapper.getgetBoardTotalCount (게시글 총 개수 조회) */
               COUNT(*)
          FROM BOARD
         WHERE DELETE_YN = 'N'

                AND BOARD_CODE = 'B_G_Q&A_002'
 {executed in 6 msec}
[2026-05-31 22:28:37.182] [INFO ] [http-nio-8080-exec-7] jdbc.sqltiming - SELECT /* BoardMapper.getBoardListWithPaging (페이징 처리된 게시판 목록 조회 (지연 조인 최적화 적용)) */
               B.BOARD_ID
             , B.TITLE
             , B.CONTENT
             , M.USER_ID
             , M.USER_NAME
             , B.MEMBER_ID
             , B.BOARD_CODE
             , B.CATEGORY_ID
             , B.VIEW_COUNT
             , B.LIKE_COUNT
             ,(SELECT COUNT(*)
                 FROM COMMENT_MANAGEMENT CM
                 WHERE CM.BOARD_ID = B.BOARD_ID
                   AND CM.DELETE_YN = 'N') AS commentCount /* 댓글 작성 수 */
             , M.PROFILE_IMAGE
             , B.CREATE_AT
             , B.UPDATE_AT
             , B.TAG_NAME
          FROM BOARD B
    INNER JOIN ( /* 인덱스만 사용하여 필요한 ID들만 빠르게 추출 */
                SELECT BOARD_ID
                  FROM BOARD
             WHERE DELETE_YN = 'N' 
            ORDER BY CREATE_AT DESC
            LIMIT 30 OFFSET 0
        ) AS temp ON B.BOARD_ID = temp.BOARD_ID
        LEFT JOIN MEMBER_INFO M ON B.MEMBER_ID = M.MEMBER_ID
        ORDER BY B.CREATE_AT DESC
 {executed in 14 msec}
[2026-05-31 22:28:37.337] [INFO ] [http-nio-8080-exec-7] jdbc.sqltiming - SELECT /* BoardMapper.getgetBoardTotalCount (게시글 총 개수 조회) */
               COUNT(*)
          FROM BOARD
         WHERE DELETE_YN = 'N'
 {executed in 9 msec}
[2026-05-31 22:28:38.751] [INFO ] [http-nio-8080-exec-9] jdbc.sqltiming - SELECT /* BoardMapper.getBoardListWithPaging (페이징 처리된 게시판 목록 조회 (지연 조인 최적화 적용)) */
               B.BOARD_ID
             , B.TITLE
             , B.CONTENT
             , M.USER_ID
             , M.USER_NAME
             , B.MEMBER_ID
             , B.BOARD_CODE
             , B.CATEGORY_ID
             , B.VIEW_COUNT
             , B.LIKE_COUNT
             ,(SELECT COUNT(*)
                 FROM COMMENT_MANAGEMENT CM
                 WHERE CM.BOARD_ID = B.BOARD_ID
                   AND CM.DELETE_YN = 'N') AS commentCount /* 댓글 작성 수 */
             , M.PROFILE_IMAGE
             , B.CREATE_AT
             , B.UPDATE_AT
             , B.TAG_NAME
          FROM BOARD B
    INNER JOIN ( /* 인덱스만 사용하여 필요한 ID들만 빠르게 추출 */
                SELECT BOARD_ID
                  FROM BOARD
             WHERE DELETE_YN = 'N'

                    AND BOARD_CODE = 'B_SQLD_01' 
            ORDER BY CREATE_AT DESC
            LIMIT 10 OFFSET 0
        ) AS temp ON B.BOARD_ID = temp.BOARD_ID
        LEFT JOIN MEMBER_INFO M ON B.MEMBER_ID = M.MEMBER_ID
        ORDER BY B.CREATE_AT DESC
 {executed in 11 msec}
[2026-05-31 22:28:38.754] [INFO ] [http-nio-8080-exec-4] jdbc.sqltiming - SELECT /* BoardMapper.getBoardListWithPaging (페이징 처리된 게시판 목록 조회 (지연 조인 최적화 적용)) */
               B.BOARD_ID
             , B.TITLE
             , B.CONTENT
             , M.USER_ID
             , M.USER_NAME
             , B.MEMBER_ID
             , B.BOARD_CODE
             , B.CATEGORY_ID
             , B.VIEW_COUNT
             , B.LIKE_COUNT
             ,(SELECT COUNT(*)
                 FROM COMMENT_MANAGEMENT CM
                 WHERE CM.BOARD_ID = B.BOARD_ID
                   AND CM.DELETE_YN = 'N') AS commentCount /* 댓글 작성 수 */
             , M.PROFILE_IMAGE
             , B.CREATE_AT
             , B.UPDATE_AT
             , B.TAG_NAME
          FROM BOARD B
    INNER JOIN ( /* 인덱스만 사용하여 필요한 ID들만 빠르게 추출 */
                SELECT BOARD_ID
                  FROM BOARD
             WHERE DELETE_YN = 'N' 
            ORDER BY CREATE_AT DESC
            LIMIT 30 OFFSET 0
        ) AS temp ON B.BOARD_ID = temp.BOARD_ID
        LEFT JOIN MEMBER_INFO M ON B.MEMBER_ID = M.MEMBER_ID
        ORDER BY B.CREATE_AT DESC
 {executed in 14 msec}
[2026-05-31 22:28:38.814] [INFO ] [http-nio-8080-exec-9] jdbc.sqltiming - SELECT /* BoardMapper.getgetBoardTotalCount (게시글 총 개수 조회) */
               COUNT(*)
          FROM BOARD
         WHERE DELETE_YN = 'N'

                AND BOARD_CODE = 'B_SQLD_01'
 {executed in 5 msec}
[2026-05-31 22:28:38.901] [INFO ] [http-nio-8080-exec-4] jdbc.sqltiming - SELECT /* BoardMapper.getgetBoardTotalCount (게시글 총 개수 조회) */
               COUNT(*)
          FROM BOARD
         WHERE DELETE_YN = 'N'
 {executed in 9 msec}
[2026-05-31 22:28:39.476] [INFO ] [http-nio-8080-exec-8] jdbc.sqltiming - SELECT /* BoardMapper.getBoardListWithPaging (페이징 처리된 게시판 목록 조회 (지연 조인 최적화 적용)) */
               B.BOARD_ID
             , B.TITLE
             , B.CONTENT
             , M.USER_ID
             , M.USER_NAME
             , B.MEMBER_ID
             , B.BOARD_CODE
             , B.CATEGORY_ID
             , B.VIEW_COUNT
             , B.LIKE_COUNT
             ,(SELECT COUNT(*)
                 FROM COMMENT_MANAGEMENT CM
                 WHERE CM.BOARD_ID = B.BOARD_ID
                   AND CM.DELETE_YN = 'N') AS commentCount /* 댓글 작성 수 */
             , M.PROFILE_IMAGE
             , B.CREATE_AT
             , B.UPDATE_AT
             , B.TAG_NAME
          FROM BOARD B
    INNER JOIN ( /* 인덱스만 사용하여 필요한 ID들만 빠르게 추출 */
                SELECT BOARD_ID
                  FROM BOARD
             WHERE DELETE_YN = 'N'

                    AND BOARD_CODE = 'B_SQLD_01'

                    AND CATEGORY_ID = 'S001' 
            ORDER BY CREATE_AT DESC
            LIMIT 10 OFFSET 0
        ) AS temp ON B.BOARD_ID = temp.BOARD_ID
        LEFT JOIN MEMBER_INFO M ON B.MEMBER_ID = M.MEMBER_ID
        ORDER BY B.CREATE_AT DESC
 {executed in 8 msec}
[2026-05-31 22:28:39.511] [INFO ] [http-nio-8080-exec-8] jdbc.sqltiming - SELECT /* BoardMapper.getgetBoardTotalCount (게시글 총 개수 조회) */
               COUNT(*)
          FROM BOARD
         WHERE DELETE_YN = 'N'

                AND BOARD_CODE = 'B_SQLD_01'

                AND CATEGORY_ID = 'S001'
 {executed in 34 msec}
[2026-05-31 22:28:39.511] [INFO ] [http-nio-8080-exec-2] jdbc.sqltiming - SELECT /* BoardMapper.getBoardListWithPaging (페이징 처리된 게시판 목록 조회 (지연 조인 최적화 적용)) */
               B.BOARD_ID
             , B.TITLE
             , B.CONTENT
             , M.USER_ID
             , M.USER_NAME
             , B.MEMBER_ID
             , B.BOARD_CODE
             , B.CATEGORY_ID
             , B.VIEW_COUNT
             , B.LIKE_COUNT
             ,(SELECT COUNT(*)
                 FROM COMMENT_MANAGEMENT CM
                 WHERE CM.BOARD_ID = B.BOARD_ID
                   AND CM.DELETE_YN = 'N') AS commentCount /* 댓글 작성 수 */
             , M.PROFILE_IMAGE
             , B.CREATE_AT
             , B.UPDATE_AT
             , B.TAG_NAME
          FROM BOARD B
    INNER JOIN ( /* 인덱스만 사용하여 필요한 ID들만 빠르게 추출 */
                SELECT BOARD_ID
                  FROM BOARD
             WHERE DELETE_YN = 'N' 
            ORDER BY CREATE_AT DESC
            LIMIT 30 OFFSET 0
        ) AS temp ON B.BOARD_ID = temp.BOARD_ID
        LEFT JOIN MEMBER_INFO M ON B.MEMBER_ID = M.MEMBER_ID
        ORDER BY B.CREATE_AT DESC
 {executed in 44 msec}
[2026-05-31 22:28:39.646] [INFO ] [http-nio-8080-exec-2] jdbc.sqltiming - SELECT /* BoardMapper.getgetBoardTotalCount (게시글 총 개수 조회) */
               COUNT(*)
          FROM BOARD
         WHERE DELETE_YN = 'N'
 {executed in 6 msec}
[2026-05-31 22:28:40.966] [INFO ] [http-nio-8080-exec-6] jdbc.sqltiming - SELECT /* BoardMapper.getBoardListWithPaging (페이징 처리된 게시판 목록 조회 (지연 조인 최적화 적용)) */
               B.BOARD_ID
             , B.TITLE
             , B.CONTENT
             , M.USER_ID
             , M.USER_NAME
             , B.MEMBER_ID
             , B.BOARD_CODE
             , B.CATEGORY_ID
             , B.VIEW_COUNT
             , B.LIKE_COUNT
             ,(SELECT COUNT(*)
                 FROM COMMENT_MANAGEMENT CM
                 WHERE CM.BOARD_ID = B.BOARD_ID
                   AND CM.DELETE_YN = 'N') AS commentCount /* 댓글 작성 수 */
             , M.PROFILE_IMAGE
             , B.CREATE_AT
             , B.UPDATE_AT
             , B.TAG_NAME
          FROM BOARD B
    INNER JOIN ( /* 인덱스만 사용하여 필요한 ID들만 빠르게 추출 */
                SELECT BOARD_ID
                  FROM BOARD
             WHERE DELETE_YN = 'N'

                    AND BOARD_CODE = 'B_SQLD_01'

                    AND CATEGORY_ID = 'S002' 
            ORDER BY CREATE_AT DESC
            LIMIT 10 OFFSET 0
        ) AS temp ON B.BOARD_ID = temp.BOARD_ID
        LEFT JOIN MEMBER_INFO M ON B.MEMBER_ID = M.MEMBER_ID
        ORDER BY B.CREATE_AT DESC
 {executed in 12 msec}
[2026-05-31 22:28:40.970] [INFO ] [http-nio-8080-exec-1] jdbc.sqltiming - SELECT /* BoardMapper.getBoardListWithPaging (페이징 처리된 게시판 목록 조회 (지연 조인 최적화 적용)) */
               B.BOARD_ID
             , B.TITLE
             , B.CONTENT
             , M.USER_ID
             , M.USER_NAME
             , B.MEMBER_ID
             , B.BOARD_CODE
             , B.CATEGORY_ID
             , B.VIEW_COUNT
             , B.LIKE_COUNT
             ,(SELECT COUNT(*)
                 FROM COMMENT_MANAGEMENT CM
                 WHERE CM.BOARD_ID = B.BOARD_ID
                   AND CM.DELETE_YN = 'N') AS commentCount /* 댓글 작성 수 */
             , M.PROFILE_IMAGE
             , B.CREATE_AT
             , B.UPDATE_AT
             , B.TAG_NAME
          FROM BOARD B
    INNER JOIN ( /* 인덱스만 사용하여 필요한 ID들만 빠르게 추출 */
                SELECT BOARD_ID
                  FROM BOARD
             WHERE DELETE_YN = 'N' 
            ORDER BY CREATE_AT DESC
            LIMIT 30 OFFSET 0
        ) AS temp ON B.BOARD_ID = temp.BOARD_ID
        LEFT JOIN MEMBER_INFO M ON B.MEMBER_ID = M.MEMBER_ID
        ORDER BY B.CREATE_AT DESC
 {executed in 16 msec}
[2026-05-31 22:28:41.067] [INFO ] [http-nio-8080-exec-6] jdbc.sqltiming - SELECT /* BoardMapper.getgetBoardTotalCount (게시글 총 개수 조회) */
               COUNT(*)
          FROM BOARD
         WHERE DELETE_YN = 'N'

                AND BOARD_CODE = 'B_SQLD_01'

                AND CATEGORY_ID = 'S002'
 {executed in 4 msec}
[2026-05-31 22:28:41.158] [INFO ] [http-nio-8080-exec-1] jdbc.sqltiming - SELECT /* BoardMapper.getgetBoardTotalCount (게시글 총 개수 조회) */
               COUNT(*)
          FROM BOARD
         WHERE DELETE_YN = 'N'
 {executed in 9 msec}
[2026-05-31 22:30:00.004] [INFO ] [MessageBroker-4] c.s.s.c.s.BoardViewCountScheduler - >>> Redis 조회수 DB 동기화 시작
[2026-05-31 22:30:00.017] [INFO ] [MessageBroker-4] c.s.s.c.s.BoardViewCountScheduler - >>> 동기화할 조회수 데이터가 없습니다.
[2026-05-31 22:32:10.455] [INFO ] [SpringApplicationShutdownHook] o.s.b.w.e.tomcat.GracefulShutdown - Commencing graceful shutdown. Waiting for active requests to complete
[2026-05-31 22:32:10.459] [INFO ] [tomcat-shutdown] o.s.b.w.e.tomcat.GracefulShutdown - Graceful shutdown complete
[2026-05-31 22:32:10.495] [INFO ] [SpringApplicationShutdownHook] o.s.m.s.b.SimpleBrokerMessageHandler - Stopping...
[2026-05-31 22:32:10.496] [INFO ] [SpringApplicationShutdownHook] o.s.m.s.b.SimpleBrokerMessageHandler - BrokerAvailabilityEvent[available=false, SimpleBrokerMessageHandler [org.springframework.messaging.simp.broker.DefaultSubscriptionRegistry@2c40d7dd]]
[2026-05-31 22:32:10.496] [INFO ] [SpringApplicationShutdownHook] o.s.m.s.b.SimpleBrokerMessageHandler - Stopped.
[2026-05-31 22:32:10.522] [INFO ] [SpringApplicationShutdownHook] com.zaxxer.hikari.HikariDataSource - HikariPool-1 - Shutdown initiated...
[2026-05-31 22:32:10.527] [INFO ] [SpringApplicationShutdownHook] com.zaxxer.hikari.HikariDataSource - HikariPool-1 - Shutdown completed.
