[2026-05-11 10:46:04.265] [INFO ] [background-preinit] o.h.validator.internal.util.Version - HV000001: Hibernate Validator 8.0.3.Final
[2026-05-11 10:46:04.317] [INFO ] [restartedMain] com.sqld_board.sqld.SqldApplication - Starting SqldApplication using Java 17.0.11 with PID 17856 (/Users/minboklee/Downloads/sqld/build/classes/java/main started by minboklee in /Users/minboklee/Downloads/sqld)
[2026-05-11 10:46:04.318] [INFO ] [restartedMain] com.sqld_board.sqld.SqldApplication - The following 1 profile is active: "dev"
[2026-05-11 10:46:04.339] [INFO ] [restartedMain] o.s.b.d.restart.ChangeableUrls - The Class-Path manifest attribute in /Users/minboklee/.gradle/caches/modules-2/files-2.1/com.oracle.database.jdbc/ojdbc11/23.7.0.25.01/665f52abef9122ce003b5cfc1d9d44f7302e2cfe/ojdbc11-23.7.0.25.01.jar referenced one or more files that do not exist: file:/Users/minboklee/.gradle/caches/modules-2/files-2.1/com.oracle.database.jdbc/ojdbc11/23.7.0.25.01/665f52abef9122ce003b5cfc1d9d44f7302e2cfe/oraclepki.jar
[2026-05-11 10:46:04.339] [INFO ] [restartedMain] o.s.b.d.e.DevToolsPropertyDefaultsPostProcessor - Devtools property defaults active! Set 'spring.devtools.add-properties' to 'false' to disable
[2026-05-11 10:46:04.339] [INFO ] [restartedMain] o.s.b.d.e.DevToolsPropertyDefaultsPostProcessor - For additional web related logging consider setting the 'logging.level.web' property to 'DEBUG'
[2026-05-11 10:46:05.420] [INFO ] [restartedMain] o.s.d.r.c.RepositoryConfigurationDelegate - Multiple Spring Data modules found, entering strict repository configuration mode
[2026-05-11 10:46:05.422] [INFO ] [restartedMain] o.s.d.r.c.RepositoryConfigurationDelegate - Bootstrapping Spring Data Redis repositories in DEFAULT mode.
[2026-05-11 10:46:05.444] [INFO ] [restartedMain] o.s.d.r.c.RepositoryConfigurationDelegate - Finished Spring Data repository scanning in 11 ms. Found 0 Redis repository interfaces.
[2026-05-11 10:46:05.757] [INFO ] [restartedMain] c.u.j.c.EnableEncryptablePropertiesBeanFactoryPostProcessor - Post-processing PropertySource instances
[2026-05-11 10:46:05.758] [INFO ] [restartedMain] c.u.j.EncryptablePropertySourceConverter - Skipping PropertySource configurationProperties [class org.springframework.boot.context.properties.source.ConfigurationPropertySourcesPropertySource
[2026-05-11 10:46:05.759] [INFO ] [restartedMain] c.u.j.EncryptablePropertySourceConverter - Skipping PropertySource servletConfigInitParams [class org.springframework.core.env.PropertySource$StubPropertySource
[2026-05-11 10:46:05.759] [INFO ] [restartedMain] c.u.j.EncryptablePropertySourceConverter - Skipping PropertySource servletContextInitParams [class org.springframework.core.env.PropertySource$StubPropertySource
[2026-05-11 10:46:05.759] [INFO ] [restartedMain] c.u.j.EncryptablePropertySourceConverter - Converting PropertySource systemProperties [org.springframework.core.env.PropertiesPropertySource] to EncryptableMapPropertySourceWrapper
[2026-05-11 10:46:05.760] [INFO ] [restartedMain] c.u.j.EncryptablePropertySourceConverter - Converting PropertySource systemEnvironment [org.springframework.boot.env.SystemEnvironmentPropertySourceEnvironmentPostProcessor$OriginAwareSystemEnvironmentPropertySource] to EncryptableSystemEnvironmentPropertySourceWrapper
[2026-05-11 10:46:05.760] [INFO ] [restartedMain] c.u.j.EncryptablePropertySourceConverter - Converting PropertySource random [org.springframework.boot.env.RandomValuePropertySource] to EncryptablePropertySourceWrapper
[2026-05-11 10:46:05.760] [INFO ] [restartedMain] c.u.j.EncryptablePropertySourceConverter - Converting PropertySource Config resource 'class path resource [application-dev.yml]' via location 'optional:classpath:/' [org.springframework.boot.env.OriginTrackedMapPropertySource] to EncryptableMapPropertySourceWrapper
[2026-05-11 10:46:05.760] [INFO ] [restartedMain] c.u.j.EncryptablePropertySourceConverter - Converting PropertySource Config resource 'class path resource [application.yml]' via location 'optional:classpath:/' [org.springframework.boot.env.OriginTrackedMapPropertySource] to EncryptableMapPropertySourceWrapper
[2026-05-11 10:46:05.760] [INFO ] [restartedMain] c.u.j.EncryptablePropertySourceConverter - Converting PropertySource devtools [org.springframework.core.env.MapPropertySource] to EncryptableMapPropertySourceWrapper
[2026-05-11 10:46:05.760] [INFO ] [restartedMain] c.u.j.EncryptablePropertySourceConverter - Converting PropertySource applicationInfo [org.springframework.boot.ApplicationInfoPropertySource] to EncryptableMapPropertySourceWrapper
[2026-05-11 10:46:05.786] [INFO ] [restartedMain] c.u.j.f.DefaultLazyPropertyFilter - Property Filter custom Bean not found with name 'encryptablePropertyFilter'. Initializing Default Property Filter
[2026-05-11 10:46:05.793] [INFO ] [restartedMain] c.u.j.r.DefaultLazyPropertyResolver - Property Resolver custom Bean not found with name 'encryptablePropertyResolver'. Initializing Default Property Resolver
[2026-05-11 10:46:05.795] [INFO ] [restartedMain] c.u.j.d.DefaultLazyPropertyDetector - Property Detector custom Bean not found with name 'encryptablePropertyDetector'. Initializing Default Property Detector
[2026-05-11 10:46:06.226] [INFO ] [restartedMain] o.s.b.w.e.tomcat.TomcatWebServer - Tomcat initialized with port 8881 (http)
[2026-05-11 10:46:06.233] [INFO ] [restartedMain] o.a.coyote.http11.Http11NioProtocol - Initializing ProtocolHandler ["http-nio-8881"]
[2026-05-11 10:46:06.234] [INFO ] [restartedMain] o.a.catalina.core.StandardService - Starting service [Tomcat]
[2026-05-11 10:46:06.234] [INFO ] [restartedMain] o.a.catalina.core.StandardEngine - Starting Servlet engine: [Apache Tomcat/10.1.46]
[2026-05-11 10:46:06.254] [INFO ] [restartedMain] o.a.c.c.C.[Tomcat].[localhost].[/] - Initializing Spring embedded WebApplicationContext
[2026-05-11 10:46:06.254] [INFO ] [restartedMain] o.s.b.w.s.c.ServletWebServerApplicationContext - Root WebApplicationContext: initialization completed in 1915 ms
[2026-05-11 10:46:06.268] [INFO ] [restartedMain] c.u.j.encryptor.DefaultLazyEncryptor - String Encryptor custom Bean not found with name 'jasyptStringEncryptor'. Initializing Default String Encryptor
[2026-05-11 10:46:06.273] [INFO ] [restartedMain] c.u.j.c.StringEncryptorBuilder - Encryptor config not found for property jasypt.encryptor.key-obtention-iterations, using default value: 1000
[2026-05-11 10:46:06.273] [INFO ] [restartedMain] c.u.j.c.StringEncryptorBuilder - Encryptor config not found for property jasypt.encryptor.pool-size, using default value: 1
[2026-05-11 10:46:06.273] [INFO ] [restartedMain] c.u.j.c.StringEncryptorBuilder - Encryptor config not found for property jasypt.encryptor.provider-name, using default value: null
[2026-05-11 10:46:06.273] [INFO ] [restartedMain] c.u.j.c.StringEncryptorBuilder - Encryptor config not found for property jasypt.encryptor.provider-class-name, using default value: null
[2026-05-11 10:46:06.273] [INFO ] [restartedMain] c.u.j.c.StringEncryptorBuilder - Encryptor config not found for property jasypt.encryptor.salt-generator-classname, using default value: org.jasypt.salt.RandomSaltGenerator
[2026-05-11 10:46:06.274] [INFO ] [restartedMain] c.u.j.c.StringEncryptorBuilder - Encryptor config not found for property jasypt.encryptor.string-output-type, using default value: base64
[2026-05-11 10:46:07.191] [INFO ] [restartedMain] o.s.s.c.a.a.c.InitializeUserDetailsBeanManagerConfigurer$InitializeUserDetailsManagerConfigurer - Global AuthenticationManager configured with UserDetailsService bean with name customUserDetailService
[2026-05-11 10:46:07.214] [INFO ] [restartedMain] c.s.s.c.s.CustomSecurityConfig - ********* Security Config Loading: WebSocket Support Added
[2026-05-11 10:46:07.263] [WARN ] [restartedMain] o.s.s.c.a.w.b.WebSecurity$IgnoredRequestConfigurer - One of the patterns in [/demo-ui.html, /swagger-ui/**, /api-docs/**, /swagger-resources/**, /webjars/**, ws-stomp] is missing a leading slash. This is discouraged; please include the leading slash in all your request matcher patterns. In future versions of Spring Security, leaving out the leading slash will result in an exception.
[2026-05-11 10:46:07.267] [WARN ] [restartedMain] o.s.s.c.a.web.builders.WebSecurity - You are asking Spring Security to ignore Deferred [Mvc [pattern='/demo-ui.html'], Ant [pattern='/demo-ui.html']]. This is not recommended -- please use permitAll via HttpSecurity#authorizeHttpRequests instead.
[2026-05-11 10:46:07.267] [WARN ] [restartedMain] o.s.s.c.a.web.builders.WebSecurity - You are asking Spring Security to ignore Deferred [Mvc [pattern='/swagger-ui/**'], Ant [pattern='/swagger-ui/**']]. This is not recommended -- please use permitAll via HttpSecurity#authorizeHttpRequests instead.
[2026-05-11 10:46:07.267] [WARN ] [restartedMain] o.s.s.c.a.web.builders.WebSecurity - You are asking Spring Security to ignore Deferred [Mvc [pattern='/api-docs/**'], Ant [pattern='/api-docs/**']]. This is not recommended -- please use permitAll via HttpSecurity#authorizeHttpRequests instead.
[2026-05-11 10:46:07.267] [WARN ] [restartedMain] o.s.s.c.a.web.builders.WebSecurity - You are asking Spring Security to ignore Deferred [Mvc [pattern='/swagger-resources/**'], Ant [pattern='/swagger-resources/**']]. This is not recommended -- please use permitAll via HttpSecurity#authorizeHttpRequests instead.
[2026-05-11 10:46:07.267] [WARN ] [restartedMain] o.s.s.c.a.web.builders.WebSecurity - You are asking Spring Security to ignore Deferred [Mvc [pattern='/webjars/**'], Ant [pattern='/webjars/**']]. This is not recommended -- please use permitAll via HttpSecurity#authorizeHttpRequests instead.
[2026-05-11 10:46:07.267] [WARN ] [restartedMain] o.s.s.c.a.web.builders.WebSecurity - You are asking Spring Security to ignore Deferred [Mvc [pattern='ws-stomp'], Ant [pattern='ws-stomp']]. This is not recommended -- please use permitAll via HttpSecurity#authorizeHttpRequests instead.
[2026-05-11 10:46:07.550] [WARN ] [restartedMain] com.zaxxer.hikari.HikariConfig - HikariPool-1 - idleTimeout has been set but has no effect because the pool is operating as a fixed size pool.
[2026-05-11 10:46:07.550] [INFO ] [restartedMain] com.zaxxer.hikari.HikariDataSource - HikariPool-1 - Starting...
[2026-05-11 10:46:07.800] [INFO ] [restartedMain] com.zaxxer.hikari.pool.HikariPool - HikariPool-1 - Added connection net.sf.log4jdbc.sql.jdbcapi.ConnectionSpy@51cf78c0
[2026-05-11 10:46:07.801] [INFO ] [restartedMain] com.zaxxer.hikari.HikariDataSource - HikariPool-1 - Start completed.
[2026-05-11 10:46:07.805] [INFO ] [restartedMain] o.s.b.a.h.H2ConsoleAutoConfiguration - H2 console available at '/h2-console'. Database available at 'jdbc:mysql://175.197.69.42:3306/sqld_database?serverTimezone=Asia/Seoul&useSSL=false&allowPublicKeyRetrieval=true&useUnicode=true&characterEncoding=UTF-8'
[2026-05-11 10:46:07.863] [INFO ] [restartedMain] o.s.b.d.a.OptionalLiveReloadServer - LiveReload server is running on port 35729
[2026-05-11 10:46:07.880] [INFO ] [restartedMain] o.s.m.s.b.SimpleBrokerMessageHandler - Starting...
[2026-05-11 10:46:07.880] [INFO ] [restartedMain] o.s.m.s.b.SimpleBrokerMessageHandler - BrokerAvailabilityEvent[available=true, SimpleBrokerMessageHandler [org.springframework.messaging.simp.broker.DefaultSubscriptionRegistry@1573cc4e]]
[2026-05-11 10:46:07.881] [INFO ] [restartedMain] o.s.m.s.b.SimpleBrokerMessageHandler - Started.
[2026-05-11 10:46:07.881] [INFO ] [restartedMain] o.a.coyote.http11.Http11NioProtocol - Starting ProtocolHandler ["http-nio-8881"]
[2026-05-11 10:46:07.891] [INFO ] [restartedMain] o.s.b.w.e.tomcat.TomcatWebServer - Tomcat started on port 8881 (http) with context path '/'
[2026-05-11 10:46:07.891] [INFO ] [restartedMain] c.u.j.c.RefreshScopeRefreshedEventListener - Refreshing cached encryptable property sources on ServletWebServerInitializedEvent
[2026-05-11 10:46:07.891] [INFO ] [restartedMain] c.u.j.c.CachingDelegateEncryptablePropertySource - Property Source systemProperties refreshed
[2026-05-11 10:46:07.891] [INFO ] [restartedMain] c.u.j.c.CachingDelegateEncryptablePropertySource - Property Source systemEnvironment refreshed
[2026-05-11 10:46:07.892] [INFO ] [restartedMain] c.u.j.c.CachingDelegateEncryptablePropertySource - Property Source random refreshed
[2026-05-11 10:46:07.892] [INFO ] [restartedMain] c.u.j.c.CachingDelegateEncryptablePropertySource - Property Source Config resource 'class path resource [application-dev.yml]' via location 'optional:classpath:/' refreshed
[2026-05-11 10:46:07.892] [INFO ] [restartedMain] c.u.j.c.CachingDelegateEncryptablePropertySource - Property Source Config resource 'class path resource [application.yml]' via location 'optional:classpath:/' refreshed
[2026-05-11 10:46:07.892] [INFO ] [restartedMain] c.u.j.c.CachingDelegateEncryptablePropertySource - Property Source devtools refreshed
[2026-05-11 10:46:07.892] [INFO ] [restartedMain] c.u.j.c.CachingDelegateEncryptablePropertySource - Property Source applicationInfo refreshed
[2026-05-11 10:46:07.892] [INFO ] [restartedMain] c.u.j.EncryptablePropertySourceConverter - Skipping PropertySource configurationProperties [class org.springframework.boot.context.properties.source.ConfigurationPropertySourcesPropertySource
[2026-05-11 10:46:07.892] [INFO ] [restartedMain] c.u.j.EncryptablePropertySourceConverter - Skipping PropertySource servletConfigInitParams [class org.springframework.core.env.PropertySource$StubPropertySource
[2026-05-11 10:46:07.892] [INFO ] [restartedMain] c.u.j.EncryptablePropertySourceConverter - Converting PropertySource servletContextInitParams [org.springframework.web.context.support.ServletContextPropertySource] to EncryptableEnumerablePropertySourceWrapper
[2026-05-11 10:46:08.312] [INFO ] [restartedMain] com.sqld_board.sqld.SqldApplication - Started SqldApplication in 4.328 seconds (process running for 4.751)
[2026-05-11 10:46:19.482] [INFO ] [File Watcher] o.s.b.d.a.LocalDevToolsAutoConfiguration$RestartingClassPathChangeChangedEventListener - Restarting due to 23 class path changes (0 additions, 0 deletions, 23 modifications)
[2026-05-11 10:46:19.504] [INFO ] [Thread-5] o.s.b.w.e.tomcat.GracefulShutdown - Commencing graceful shutdown. Waiting for active requests to complete
[2026-05-11 10:46:19.506] [INFO ] [tomcat-shutdown] o.a.coyote.http11.Http11NioProtocol - Pausing ProtocolHandler ["http-nio-8881"]
[2026-05-11 10:46:19.508] [INFO ] [tomcat-shutdown] o.s.b.w.e.tomcat.GracefulShutdown - Graceful shutdown complete
[2026-05-11 10:46:19.509] [INFO ] [Thread-5] o.a.coyote.http11.Http11NioProtocol - Stopping ProtocolHandler ["http-nio-8881"]
[2026-05-11 10:46:19.512] [INFO ] [Thread-5] o.s.m.s.b.SimpleBrokerMessageHandler - Stopping...
[2026-05-11 10:46:19.512] [INFO ] [Thread-5] o.s.m.s.b.SimpleBrokerMessageHandler - BrokerAvailabilityEvent[available=false, SimpleBrokerMessageHandler [org.springframework.messaging.simp.broker.DefaultSubscriptionRegistry@1573cc4e]]
[2026-05-11 10:46:19.512] [INFO ] [Thread-5] o.s.m.s.b.SimpleBrokerMessageHandler - Stopped.
[2026-05-11 10:46:19.544] [INFO ] [Thread-5] com.zaxxer.hikari.HikariDataSource - HikariPool-1 - Shutdown initiated...
[2026-05-11 10:46:19.547] [INFO ] [Thread-5] com.zaxxer.hikari.HikariDataSource - HikariPool-1 - Shutdown completed.
[2026-05-11 10:46:19.602] [INFO ] [restartedMain] com.sqld_board.sqld.SqldApplication - Starting SqldApplication using Java 17.0.11 with PID 17856 (/Users/minboklee/Downloads/sqld/build/classes/java/main started by minboklee in /Users/minboklee/Downloads/sqld)
[2026-05-11 10:46:19.602] [INFO ] [restartedMain] com.sqld_board.sqld.SqldApplication - The following 1 profile is active: "dev"
[2026-05-11 10:46:19.783] [INFO ] [restartedMain] o.s.d.r.c.RepositoryConfigurationDelegate - Multiple Spring Data modules found, entering strict repository configuration mode
[2026-05-11 10:46:19.783] [INFO ] [restartedMain] o.s.d.r.c.RepositoryConfigurationDelegate - Bootstrapping Spring Data Redis repositories in DEFAULT mode.
[2026-05-11 10:46:19.789] [INFO ] [restartedMain] o.s.d.r.c.RepositoryConfigurationDelegate - Finished Spring Data repository scanning in 5 ms. Found 0 Redis repository interfaces.
[2026-05-11 10:46:19.830] [INFO ] [restartedMain] c.u.j.c.EnableEncryptablePropertiesBeanFactoryPostProcessor - Post-processing PropertySource instances
[2026-05-11 10:46:19.830] [INFO ] [restartedMain] c.u.j.EncryptablePropertySourceConverter - Skipping PropertySource configurationProperties [class org.springframework.boot.context.properties.source.ConfigurationPropertySourcesPropertySource
[2026-05-11 10:46:19.830] [INFO ] [restartedMain] c.u.j.EncryptablePropertySourceConverter - Skipping PropertySource servletConfigInitParams [class org.springframework.core.env.PropertySource$StubPropertySource
[2026-05-11 10:46:19.830] [INFO ] [restartedMain] c.u.j.EncryptablePropertySourceConverter - Skipping PropertySource servletContextInitParams [class org.springframework.core.env.PropertySource$StubPropertySource
[2026-05-11 10:46:19.830] [INFO ] [restartedMain] c.u.j.EncryptablePropertySourceConverter - Converting PropertySource systemProperties [org.springframework.core.env.PropertiesPropertySource] to EncryptableMapPropertySourceWrapper
[2026-05-11 10:46:19.830] [INFO ] [restartedMain] c.u.j.EncryptablePropertySourceConverter - Converting PropertySource systemEnvironment [org.springframework.boot.env.SystemEnvironmentPropertySourceEnvironmentPostProcessor$OriginAwareSystemEnvironmentPropertySource] to EncryptableSystemEnvironmentPropertySourceWrapper
[2026-05-11 10:46:19.830] [INFO ] [restartedMain] c.u.j.EncryptablePropertySourceConverter - Converting PropertySource random [org.springframework.boot.env.RandomValuePropertySource] to EncryptablePropertySourceWrapper
[2026-05-11 10:46:19.830] [INFO ] [restartedMain] c.u.j.EncryptablePropertySourceConverter - Converting PropertySource Config resource 'class path resource [application-dev.yml]' via location 'optional:classpath:/' [org.springframework.boot.env.OriginTrackedMapPropertySource] to EncryptableMapPropertySourceWrapper
[2026-05-11 10:46:19.830] [INFO ] [restartedMain] c.u.j.EncryptablePropertySourceConverter - Converting PropertySource Config resource 'class path resource [application.yml]' via location 'optional:classpath:/' [org.springframework.boot.env.OriginTrackedMapPropertySource] to EncryptableMapPropertySourceWrapper
[2026-05-11 10:46:19.830] [INFO ] [restartedMain] c.u.j.EncryptablePropertySourceConverter - Converting PropertySource devtools [org.springframework.core.env.MapPropertySource] to EncryptableMapPropertySourceWrapper
[2026-05-11 10:46:19.830] [INFO ] [restartedMain] c.u.j.EncryptablePropertySourceConverter - Converting PropertySource applicationInfo [org.springframework.boot.ApplicationInfoPropertySource] to EncryptableMapPropertySourceWrapper
[2026-05-11 10:46:19.833] [INFO ] [restartedMain] c.u.j.f.DefaultLazyPropertyFilter - Property Filter custom Bean not found with name 'encryptablePropertyFilter'. Initializing Default Property Filter
[2026-05-11 10:46:19.834] [INFO ] [restartedMain] c.u.j.r.DefaultLazyPropertyResolver - Property Resolver custom Bean not found with name 'encryptablePropertyResolver'. Initializing Default Property Resolver
[2026-05-11 10:46:19.834] [INFO ] [restartedMain] c.u.j.d.DefaultLazyPropertyDetector - Property Detector custom Bean not found with name 'encryptablePropertyDetector'. Initializing Default Property Detector
[2026-05-11 10:46:19.905] [INFO ] [restartedMain] o.s.b.w.e.tomcat.TomcatWebServer - Tomcat initialized with port 8881 (http)
[2026-05-11 10:46:19.905] [INFO ] [restartedMain] o.a.coyote.http11.Http11NioProtocol - Initializing ProtocolHandler ["http-nio-8881"]
[2026-05-11 10:46:19.905] [INFO ] [restartedMain] o.a.catalina.core.StandardService - Starting service [Tomcat]
[2026-05-11 10:46:19.905] [INFO ] [restartedMain] o.a.catalina.core.StandardEngine - Starting Servlet engine: [Apache Tomcat/10.1.46]
[2026-05-11 10:46:19.911] [INFO ] [restartedMain] o.a.c.c.C.[Tomcat].[localhost].[/] - Initializing Spring embedded WebApplicationContext
[2026-05-11 10:46:19.911] [INFO ] [restartedMain] o.s.b.w.s.c.ServletWebServerApplicationContext - Root WebApplicationContext: initialization completed in 308 ms
[2026-05-11 10:46:19.920] [INFO ] [restartedMain] c.u.j.encryptor.DefaultLazyEncryptor - String Encryptor custom Bean not found with name 'jasyptStringEncryptor'. Initializing Default String Encryptor
[2026-05-11 10:46:19.921] [INFO ] [restartedMain] c.u.j.c.StringEncryptorBuilder - Encryptor config not found for property jasypt.encryptor.key-obtention-iterations, using default value: 1000
[2026-05-11 10:46:19.921] [INFO ] [restartedMain] c.u.j.c.StringEncryptorBuilder - Encryptor config not found for property jasypt.encryptor.pool-size, using default value: 1
[2026-05-11 10:46:19.921] [INFO ] [restartedMain] c.u.j.c.StringEncryptorBuilder - Encryptor config not found for property jasypt.encryptor.provider-name, using default value: null
[2026-05-11 10:46:19.921] [INFO ] [restartedMain] c.u.j.c.StringEncryptorBuilder - Encryptor config not found for property jasypt.encryptor.provider-class-name, using default value: null
[2026-05-11 10:46:19.921] [INFO ] [restartedMain] c.u.j.c.StringEncryptorBuilder - Encryptor config not found for property jasypt.encryptor.salt-generator-classname, using default value: org.jasypt.salt.RandomSaltGenerator
[2026-05-11 10:46:19.921] [INFO ] [restartedMain] c.u.j.c.StringEncryptorBuilder - Encryptor config not found for property jasypt.encryptor.string-output-type, using default value: base64
[2026-05-11 10:46:19.935] [INFO ] [restartedMain] o.a.c.loader.WebappClassLoaderBase - Illegal access: this web application instance has been stopped already. Could not load [mapper/]. The following stack trace is thrown for debugging purposes as well as to attempt to terminate the thread which caused the illegal access.
java.lang.IllegalStateException: Illegal access: this web application instance has been stopped already. Could not load [mapper/]. The following stack trace is thrown for debugging purposes as well as to attempt to terminate the thread which caused the illegal access.
	at org.apache.catalina.loader.WebappClassLoaderBase.checkStateForResourceLoading(WebappClassLoaderBase.java:1399)
	at org.apache.catalina.loader.WebappClassLoaderBase.getResource(WebappClassLoaderBase.java:987)
	at org.springframework.core.io.ClassPathResource.resolveURL(ClassPathResource.java:182)
	at org.springframework.core.io.ClassPathResource.getURL(ClassPathResource.java:228)
	at org.springframework.core.io.support.PathMatchingResourcePatternResolver.findPathMatchingResources(PathMatchingResourcePatternResolver.java:743)
	at org.springframework.core.io.support.PathMatchingResourcePatternResolver.getResources(PathMatchingResourcePatternResolver.java:394)
	at org.mybatis.spring.boot.autoconfigure.MybatisProperties.getResources(MybatisProperties.java:218)
	at org.mybatis.spring.boot.autoconfigure.MybatisProperties.lambda$resolveMapperLocations$0(MybatisProperties.java:213)
	at java.base/java.util.stream.ReferencePipeline$7$1.accept(ReferencePipeline.java:273)
	at java.base/java.util.Spliterators$ArraySpliterator.forEachRemaining(Spliterators.java:992)
	at java.base/java.util.stream.AbstractPipeline.copyInto(AbstractPipeline.java:509)
	at java.base/java.util.stream.AbstractPipeline.wrapAndCopyInto(AbstractPipeline.java:499)
	at java.base/java.util.stream.AbstractPipeline.evaluate(AbstractPipeline.java:575)
	at java.base/java.util.stream.AbstractPipeline.evaluateToArrayNode(AbstractPipeline.java:260)
	at java.base/java.util.stream.ReferencePipeline.toArray(ReferencePipeline.java:616)
	at org.mybatis.spring.boot.autoconfigure.MybatisProperties.resolveMapperLocations(MybatisProperties.java:213)
	at org.mybatis.spring.boot.autoconfigure.MybatisAutoConfiguration.sqlSessionFactory(MybatisAutoConfiguration.java:169)
	at java.base/jdk.internal.reflect.NativeMethodAccessorImpl.invoke0(Native Method)
	at java.base/jdk.internal.reflect.NativeMethodAccessorImpl.invoke(NativeMethodAccessorImpl.java:77)
	at java.base/jdk.internal.reflect.DelegatingMethodAccessorImpl.invoke(DelegatingMethodAccessorImpl.java:43)
	at java.base/java.lang.reflect.Method.invoke(Method.java:568)
	at org.springframework.beans.factory.support.SimpleInstantiationStrategy.lambda$instantiate$0(SimpleInstantiationStrategy.java:172)
	at org.springframework.beans.factory.support.SimpleInstantiationStrategy.instantiateWithFactoryMethod(SimpleInstantiationStrategy.java:89)
	at org.springframework.beans.factory.support.SimpleInstantiationStrategy.instantiate(SimpleInstantiationStrategy.java:169)
	at org.springframework.beans.factory.support.ConstructorResolver.instantiate(ConstructorResolver.java:653)
	at org.springframework.beans.factory.support.ConstructorResolver.instantiateUsingFactoryMethod(ConstructorResolver.java:645)
	at org.springframework.beans.factory.support.AbstractAutowireCapableBeanFactory.instantiateUsingFactoryMethod(AbstractAutowireCapableBeanFactory.java:1375)
	at org.springframework.beans.factory.support.AbstractAutowireCapableBeanFactory.createBeanInstance(AbstractAutowireCapableBeanFactory.java:1205)
	at org.springframework.beans.factory.support.AbstractAutowireCapableBeanFactory.doCreateBean(AbstractAutowireCapableBeanFactory.java:569)
	at org.springframework.beans.factory.support.AbstractAutowireCapableBeanFactory.createBean(AbstractAutowireCapableBeanFactory.java:529)
	at org.springframework.beans.factory.support.AbstractBeanFactory.lambda$doGetBean$0(AbstractBeanFactory.java:339)
	at org.springframework.beans.factory.support.DefaultSingletonBeanRegistry.getSingleton(DefaultSingletonBeanRegistry.java:373)
	at org.springframework.beans.factory.support.AbstractBeanFactory.doGetBean(AbstractBeanFactory.java:337)
	at org.springframework.beans.factory.support.AbstractBeanFactory.getBean(AbstractBeanFactory.java:202)
	at org.springframework.beans.factory.support.DefaultListableBeanFactory.doResolveDependency(DefaultListableBeanFactory.java:1698)
	at org.springframework.beans.factory.support.DefaultListableBeanFactory.resolveDependency(DefaultListableBeanFactory.java:1643)
	at org.springframework.beans.factory.support.ConstructorResolver.resolveAutowiredArgument(ConstructorResolver.java:913)
	at org.springframework.beans.factory.support.ConstructorResolver.createArgumentArray(ConstructorResolver.java:791)
	at org.springframework.beans.factory.support.ConstructorResolver.instantiateUsingFactoryMethod(ConstructorResolver.java:546)
	at org.springframework.beans.factory.support.AbstractAutowireCapableBeanFactory.instantiateUsingFactoryMethod(AbstractAutowireCapableBeanFactory.java:1375)
	at org.springframework.beans.factory.support.AbstractAutowireCapableBeanFactory.createBeanInstance(AbstractAutowireCapableBeanFactory.java:1205)
	at org.springframework.beans.factory.support.AbstractAutowireCapableBeanFactory.doCreateBean(AbstractAutowireCapableBeanFactory.java:569)
	at org.springframework.beans.factory.support.AbstractAutowireCapableBeanFactory.createBean(AbstractAutowireCapableBeanFactory.java:529)
	at org.springframework.beans.factory.support.AbstractBeanFactory.lambda$doGetBean$0(AbstractBeanFactory.java:339)
	at org.springframework.beans.factory.support.DefaultSingletonBeanRegistry.getSingleton(DefaultSingletonBeanRegistry.java:373)
	at org.springframework.beans.factory.support.AbstractBeanFactory.doGetBean(AbstractBeanFactory.java:337)
	at org.springframework.beans.factory.support.AbstractBeanFactory.getBean(AbstractBeanFactory.java:202)
	at org.springframework.beans.factory.support.BeanDefinitionValueResolver.resolveReference(BeanDefinitionValueResolver.java:365)
	at org.springframework.beans.factory.support.BeanDefinitionValueResolver.resolveValueIfNecessary(BeanDefinitionValueResolver.java:135)
	at org.springframework.beans.factory.support.AbstractAutowireCapableBeanFactory.applyPropertyValues(AbstractAutowireCapableBeanFactory.java:1725)
	at org.springframework.beans.factory.support.AbstractAutowireCapableBeanFactory.populateBean(AbstractAutowireCapableBeanFactory.java:1474)
	at org.springframework.beans.factory.support.AbstractAutowireCapableBeanFactory.doCreateBean(AbstractAutowireCapableBeanFactory.java:606)
	at org.springframework.beans.factory.support.AbstractAutowireCapableBeanFactory.createBean(AbstractAutowireCapableBeanFactory.java:529)
	at org.springframework.beans.factory.support.AbstractBeanFactory.lambda$doGetBean$0(AbstractBeanFactory.java:339)
	at org.springframework.beans.factory.support.DefaultSingletonBeanRegistry.getSingleton(DefaultSingletonBeanRegistry.java:373)
	at org.springframework.beans.factory.support.AbstractBeanFactory.doGetBean(AbstractBeanFactory.java:337)
	at org.springframework.beans.factory.support.AbstractBeanFactory.getBean(AbstractBeanFactory.java:202)
	at org.springframework.beans.factory.support.DefaultListableBeanFactory.doResolveDependency(DefaultListableBeanFactory.java:1698)
	at org.springframework.beans.factory.support.DefaultListableBeanFactory.resolveDependency(DefaultListableBeanFactory.java:1643)
	at org.springframework.beans.factory.support.ConstructorResolver.resolveAutowiredArgument(ConstructorResolver.java:913)
	at org.springframework.beans.factory.support.ConstructorResolver.createArgumentArray(ConstructorResolver.java:791)
	at org.springframework.beans.factory.support.ConstructorResolver.autowireConstructor(ConstructorResolver.java:240)
	at org.springframework.beans.factory.support.AbstractAutowireCapableBeanFactory.autowireConstructor(AbstractAutowireCapableBeanFactory.java:1395)
	at org.springframework.beans.factory.support.AbstractAutowireCapableBeanFactory.createBeanInstance(AbstractAutowireCapableBeanFactory.java:1232)
	at org.springframework.beans.factory.support.AbstractAutowireCapableBeanFactory.doCreateBean(AbstractAutowireCapableBeanFactory.java:569)
	at org.springframework.beans.factory.support.AbstractAutowireCapableBeanFactory.createBean(AbstractAutowireCapableBeanFactory.java:529)
	at org.springframework.beans.factory.support.AbstractBeanFactory.lambda$doGetBean$0(AbstractBeanFactory.java:339)
	at org.springframework.beans.factory.support.DefaultSingletonBeanRegistry.getSingleton(DefaultSingletonBeanRegistry.java:373)
	at org.springframework.beans.factory.support.AbstractBeanFactory.doGetBean(AbstractBeanFactory.java:337)
	at org.springframework.beans.factory.support.AbstractBeanFactory.getBean(AbstractBeanFactory.java:202)
	at org.springframework.beans.factory.support.DefaultListableBeanFactory.doResolveDependency(DefaultListableBeanFactory.java:1698)
	at org.springframework.beans.factory.support.DefaultListableBeanFactory.resolveDependency(DefaultListableBeanFactory.java:1643)
	at org.springframework.beans.factory.support.ConstructorResolver.resolveAutowiredArgument(ConstructorResolver.java:913)
	at org.springframework.beans.factory.support.ConstructorResolver.createArgumentArray(ConstructorResolver.java:791)
	at org.springframework.beans.factory.support.ConstructorResolver.autowireConstructor(ConstructorResolver.java:240)
	at org.springframework.beans.factory.support.AbstractAutowireCapableBeanFactory.autowireConstructor(AbstractAutowireCapableBeanFactory.java:1395)
	at org.springframework.beans.factory.support.AbstractAutowireCapableBeanFactory.createBeanInstance(AbstractAutowireCapableBeanFactory.java:1232)
	at org.springframework.beans.factory.support.AbstractAutowireCapableBeanFactory.doCreateBean(AbstractAutowireCapableBeanFactory.java:569)
	at org.springframework.beans.factory.support.AbstractAutowireCapableBeanFactory.createBean(AbstractAutowireCapableBeanFactory.java:529)
	at org.springframework.beans.factory.support.AbstractBeanFactory.lambda$doGetBean$0(AbstractBeanFactory.java:339)
	at org.springframework.beans.factory.support.DefaultSingletonBeanRegistry.getSingleton(DefaultSingletonBeanRegistry.java:373)
	at org.springframework.beans.factory.support.AbstractBeanFactory.doGetBean(AbstractBeanFactory.java:337)
	at org.springframework.beans.factory.support.AbstractBeanFactory.getBean(AbstractBeanFactory.java:207)
	at org.springframework.boot.web.servlet.ServletContextInitializerBeans.getOrderedBeansOfType(ServletContextInitializerBeans.java:230)
	at org.springframework.boot.web.servlet.ServletContextInitializerBeans.addAsRegistrationBean(ServletContextInitializerBeans.java:184)
	at org.springframework.boot.web.servlet.ServletContextInitializerBeans.addAsRegistrationBean(ServletContextInitializerBeans.java:179)
	at org.springframework.boot.web.servlet.ServletContextInitializerBeans.addAdaptableBeans(ServletContextInitializerBeans.java:164)
	at org.springframework.boot.web.servlet.ServletContextInitializerBeans.<init>(ServletContextInitializerBeans.java:96)
	at org.springframework.boot.web.servlet.context.ServletWebServerApplicationContext.getServletContextInitializerBeans(ServletWebServerApplicationContext.java:271)
	at org.springframework.boot.web.servlet.context.ServletWebServerApplicationContext.selfInitialize(ServletWebServerApplicationContext.java:245)
	at org.springframework.boot.web.embedded.tomcat.TomcatStarter.onStartup(TomcatStarter.java:52)
	at org.apache.catalina.core.StandardContext.startInternal(StandardContext.java:4464)
	at org.apache.catalina.util.LifecycleBase.start(LifecycleBase.java:164)
	at org.apache.catalina.core.ContainerBase$StartChild.call(ContainerBase.java:1203)
	at org.apache.catalina.core.ContainerBase$StartChild.call(ContainerBase.java:1193)
	at java.base/java.util.concurrent.FutureTask.run(FutureTask.java:264)
	at org.apache.tomcat.util.threads.InlineExecutorService.execute(InlineExecutorService.java:81)
	at java.base/java.util.concurrent.AbstractExecutorService.submit(AbstractExecutorService.java:145)
	at org.apache.catalina.core.ContainerBase.startInternal(ContainerBase.java:749)
	at org.apache.catalina.core.StandardHost.startInternal(StandardHost.java:773)
	at org.apache.catalina.util.LifecycleBase.start(LifecycleBase.java:164)
	at org.apache.catalina.core.ContainerBase$StartChild.call(ContainerBase.java:1203)
	at org.apache.catalina.core.ContainerBase$StartChild.call(ContainerBase.java:1193)
	at java.base/java.util.concurrent.FutureTask.run(FutureTask.java:264)
	at org.apache.tomcat.util.threads.InlineExecutorService.execute(InlineExecutorService.java:81)
	at java.base/java.util.concurrent.AbstractExecutorService.submit(AbstractExecutorService.java:145)
	at org.apache.catalina.core.ContainerBase.startInternal(ContainerBase.java:749)
	at org.apache.catalina.core.StandardEngine.startInternal(StandardEngine.java:203)
	at org.apache.catalina.util.LifecycleBase.start(LifecycleBase.java:164)
	at org.apache.catalina.core.StandardService.startInternal(StandardService.java:412)
	at org.apache.catalina.util.LifecycleBase.start(LifecycleBase.java:164)
	at org.apache.catalina.core.StandardServer.startInternal(StandardServer.java:870)
	at org.apache.catalina.util.LifecycleBase.start(LifecycleBase.java:164)
	at org.apache.catalina.startup.Tomcat.start(Tomcat.java:438)
	at org.springframework.boot.web.embedded.tomcat.TomcatWebServer.initialize(TomcatWebServer.java:128)
	at org.springframework.boot.web.embedded.tomcat.TomcatWebServer.<init>(TomcatWebServer.java:107)
	at org.springframework.boot.web.embedded.tomcat.TomcatServletWebServerFactory.getTomcatWebServer(TomcatServletWebServerFactory.java:517)
	at org.springframework.boot.web.embedded.tomcat.TomcatServletWebServerFactory.getWebServer(TomcatServletWebServerFactory.java:219)
	at org.springframework.boot.web.servlet.context.ServletWebServerApplicationContext.createWebServer(ServletWebServerApplicationContext.java:193)
	at org.springframework.boot.web.servlet.context.ServletWebServerApplicationContext.onRefresh(ServletWebServerApplicationContext.java:167)
	at org.springframework.context.support.AbstractApplicationContext.refresh(AbstractApplicationContext.java:621)
	at org.springframework.boot.web.servlet.context.ServletWebServerApplicationContext.refresh(ServletWebServerApplicationContext.java:146)
	at org.springframework.boot.SpringApplication.refresh(SpringApplication.java:752)
	at org.springframework.boot.SpringApplication.refreshContext(SpringApplication.java:439)
	at org.springframework.boot.SpringApplication.run(SpringApplication.java:318)
	at org.springframework.boot.SpringApplication.run(SpringApplication.java:1361)
	at org.springframework.boot.SpringApplication.run(SpringApplication.java:1350)
	at com.sqld_board.sqld.SqldApplication.main(SqldApplication.java:17)
	at java.base/jdk.internal.reflect.NativeMethodAccessorImpl.invoke0(Native Method)
	at java.base/jdk.internal.reflect.NativeMethodAccessorImpl.invoke(NativeMethodAccessorImpl.java:77)
	at java.base/jdk.internal.reflect.DelegatingMethodAccessorImpl.invoke(DelegatingMethodAccessorImpl.java:43)
	at java.base/java.lang.reflect.Method.invoke(Method.java:568)
	at org.springframework.boot.devtools.restart.RestartLauncher.run(RestartLauncher.java:50)
[2026-05-11 10:46:19.937] [ERROR] [restartedMain] o.s.b.w.e.tomcat.TomcatStarter - Error starting Tomcat context. Exception: org.springframework.beans.factory.UnsatisfiedDependencyException. Message: Error creating bean with name 'jwtAuthenticationFilter' defined in file [/Users/minboklee/Downloads/sqld/build/classes/java/main/com/sqld_board/sqld/config/security/JwtAuthenticationFilter.class]: Unsatisfied dependency expressed through constructor parameter 1: Error creating bean with name 'customUserDetailService' defined in file [/Users/minboklee/Downloads/sqld/build/classes/java/main/com/sqld_board/sqld/config/security/CustomUserDetailService.class]: Unsatisfied dependency expressed through constructor parameter 0: Error creating bean with name 'memberMapper' defined in file [/Users/minboklee/Downloads/sqld/build/classes/java/main/com/sqld_board/sqld/mapper/MemberMapper.class]: Cannot resolve reference to bean 'sqlSessionTemplate' while setting bean property 'sqlSessionTemplate'
[2026-05-11 10:46:19.937] [INFO ] [restartedMain] o.a.catalina.core.StandardService - Stopping service [Tomcat]
[2026-05-11 10:46:19.938] [WARN ] [restartedMain] o.s.b.w.s.c.AnnotationConfigServletWebServerApplicationContext - Exception encountered during context initialization - cancelling refresh attempt: org.springframework.context.ApplicationContextException: Unable to start web server
[2026-05-11 10:46:19.941] [INFO ] [restartedMain] o.s.b.a.l.ConditionEvaluationReportLogger - 

Error starting ApplicationContext. To display the condition evaluation report re-run your application with 'debug' enabled.
[2026-05-11 10:46:19.950] [ERROR] [restartedMain] o.s.boot.SpringApplication - Application run failed
org.springframework.context.ApplicationContextException: Unable to start web server
	at org.springframework.boot.web.servlet.context.ServletWebServerApplicationContext.onRefresh(ServletWebServerApplicationContext.java:170)
	at org.springframework.context.support.AbstractApplicationContext.refresh(AbstractApplicationContext.java:621)
	at org.springframework.boot.web.servlet.context.ServletWebServerApplicationContext.refresh(ServletWebServerApplicationContext.java:146)
	at org.springframework.boot.SpringApplication.refresh(SpringApplication.java:752)
	at org.springframework.boot.SpringApplication.refreshContext(SpringApplication.java:439)
	at org.springframework.boot.SpringApplication.run(SpringApplication.java:318)
	at org.springframework.boot.SpringApplication.run(SpringApplication.java:1361)
	at org.springframework.boot.SpringApplication.run(SpringApplication.java:1350)
	at com.sqld_board.sqld.SqldApplication.main(SqldApplication.java:17)
	at java.base/jdk.internal.reflect.NativeMethodAccessorImpl.invoke0(Native Method)
	at java.base/jdk.internal.reflect.NativeMethodAccessorImpl.invoke(NativeMethodAccessorImpl.java:77)
	at java.base/jdk.internal.reflect.DelegatingMethodAccessorImpl.invoke(DelegatingMethodAccessorImpl.java:43)
	at java.base/java.lang.reflect.Method.invoke(Method.java:568)
	at org.springframework.boot.devtools.restart.RestartLauncher.run(RestartLauncher.java:50)
Caused by: org.springframework.boot.web.server.WebServerException: Unable to start embedded Tomcat
	at org.springframework.boot.web.embedded.tomcat.TomcatWebServer.initialize(TomcatWebServer.java:147)
	at org.springframework.boot.web.embedded.tomcat.TomcatWebServer.<init>(TomcatWebServer.java:107)
	at org.springframework.boot.web.embedded.tomcat.TomcatServletWebServerFactory.getTomcatWebServer(TomcatServletWebServerFactory.java:517)
	at org.springframework.boot.web.embedded.tomcat.TomcatServletWebServerFactory.getWebServer(TomcatServletWebServerFactory.java:219)
	at org.springframework.boot.web.servlet.context.ServletWebServerApplicationContext.createWebServer(ServletWebServerApplicationContext.java:193)
	at org.springframework.boot.web.servlet.context.ServletWebServerApplicationContext.onRefresh(ServletWebServerApplicationContext.java:167)
	... 13 common frames omitted
Caused by: org.springframework.beans.factory.UnsatisfiedDependencyException: Error creating bean with name 'jwtAuthenticationFilter' defined in file [/Users/minboklee/Downloads/sqld/build/classes/java/main/com/sqld_board/sqld/config/security/JwtAuthenticationFilter.class]: Unsatisfied dependency expressed through constructor parameter 1: Error creating bean with name 'customUserDetailService' defined in file [/Users/minboklee/Downloads/sqld/build/classes/java/main/com/sqld_board/sqld/config/security/CustomUserDetailService.class]: Unsatisfied dependency expressed through constructor parameter 0: Error creating bean with name 'memberMapper' defined in file [/Users/minboklee/Downloads/sqld/build/classes/java/main/com/sqld_board/sqld/mapper/MemberMapper.class]: Cannot resolve reference to bean 'sqlSessionTemplate' while setting bean property 'sqlSessionTemplate'
	at org.springframework.beans.factory.support.ConstructorResolver.createArgumentArray(ConstructorResolver.java:804)
	at org.springframework.beans.factory.support.ConstructorResolver.autowireConstructor(ConstructorResolver.java:240)
	at org.springframework.beans.factory.support.AbstractAutowireCapableBeanFactory.autowireConstructor(AbstractAutowireCapableBeanFactory.java:1395)
	at org.springframework.beans.factory.support.AbstractAutowireCapableBeanFactory.createBeanInstance(AbstractAutowireCapableBeanFactory.java:1232)
	at org.springframework.beans.factory.support.AbstractAutowireCapableBeanFactory.doCreateBean(AbstractAutowireCapableBeanFactory.java:569)
	at org.springframework.beans.factory.support.AbstractAutowireCapableBeanFactory.createBean(AbstractAutowireCapableBeanFactory.java:529)
	at org.springframework.beans.factory.support.AbstractBeanFactory.lambda$doGetBean$0(AbstractBeanFactory.java:339)
	at org.springframework.beans.factory.support.DefaultSingletonBeanRegistry.getSingleton(DefaultSingletonBeanRegistry.java:373)
	at org.springframework.beans.factory.support.AbstractBeanFactory.doGetBean(AbstractBeanFactory.java:337)
	at org.springframework.beans.factory.support.AbstractBeanFactory.getBean(AbstractBeanFactory.java:207)
	at org.springframework.boot.web.servlet.ServletContextInitializerBeans.getOrderedBeansOfType(ServletContextInitializerBeans.java:230)
	at org.springframework.boot.web.servlet.ServletContextInitializerBeans.addAsRegistrationBean(ServletContextInitializerBeans.java:184)
	at org.springframework.boot.web.servlet.ServletContextInitializerBeans.addAsRegistrationBean(ServletContextInitializerBeans.java:179)
	at org.springframework.boot.web.servlet.ServletContextInitializerBeans.addAdaptableBeans(ServletContextInitializerBeans.java:164)
	at org.springframework.boot.web.servlet.ServletContextInitializerBeans.<init>(ServletContextInitializerBeans.java:96)
	at org.springframework.boot.web.servlet.context.ServletWebServerApplicationContext.getServletContextInitializerBeans(ServletWebServerApplicationContext.java:271)
	at org.springframework.boot.web.servlet.context.ServletWebServerApplicationContext.selfInitialize(ServletWebServerApplicationContext.java:245)
	at org.springframework.boot.web.embedded.tomcat.TomcatStarter.onStartup(TomcatStarter.java:52)
	at org.apache.catalina.core.StandardContext.startInternal(StandardContext.java:4464)
	at org.apache.catalina.util.LifecycleBase.start(LifecycleBase.java:164)
	at org.apache.catalina.core.ContainerBase$StartChild.call(ContainerBase.java:1203)
	at org.apache.catalina.core.ContainerBase$StartChild.call(ContainerBase.java:1193)
	at java.base/java.util.concurrent.FutureTask.run(FutureTask.java:264)
	at org.apache.tomcat.util.threads.InlineExecutorService.execute(InlineExecutorService.java:81)
	at java.base/java.util.concurrent.AbstractExecutorService.submit(AbstractExecutorService.java:145)
	at org.apache.catalina.core.ContainerBase.startInternal(ContainerBase.java:749)
	at org.apache.catalina.core.StandardHost.startInternal(StandardHost.java:773)
	at org.apache.catalina.util.LifecycleBase.start(LifecycleBase.java:164)
	at org.apache.catalina.core.ContainerBase$StartChild.call(ContainerBase.java:1203)
	at org.apache.catalina.core.ContainerBase$StartChild.call(ContainerBase.java:1193)
	at java.base/java.util.concurrent.FutureTask.run(FutureTask.java:264)
	at org.apache.tomcat.util.threads.InlineExecutorService.execute(InlineExecutorService.java:81)
	at java.base/java.util.concurrent.AbstractExecutorService.submit(AbstractExecutorService.java:145)
	at org.apache.catalina.core.ContainerBase.startInternal(ContainerBase.java:749)
	at org.apache.catalina.core.StandardEngine.startInternal(StandardEngine.java:203)
	at org.apache.catalina.util.LifecycleBase.start(LifecycleBase.java:164)
	at org.apache.catalina.core.StandardService.startInternal(StandardService.java:412)
	at org.apache.catalina.util.LifecycleBase.start(LifecycleBase.java:164)
	at org.apache.catalina.core.StandardServer.startInternal(StandardServer.java:870)
	at org.apache.catalina.util.LifecycleBase.start(LifecycleBase.java:164)
	at org.apache.catalina.startup.Tomcat.start(Tomcat.java:438)
	at org.springframework.boot.web.embedded.tomcat.TomcatWebServer.initialize(TomcatWebServer.java:128)
	... 18 common frames omitted
Caused by: org.springframework.beans.factory.UnsatisfiedDependencyException: Error creating bean with name 'customUserDetailService' defined in file [/Users/minboklee/Downloads/sqld/build/classes/java/main/com/sqld_board/sqld/config/security/CustomUserDetailService.class]: Unsatisfied dependency expressed through constructor parameter 0: Error creating bean with name 'memberMapper' defined in file [/Users/minboklee/Downloads/sqld/build/classes/java/main/com/sqld_board/sqld/mapper/MemberMapper.class]: Cannot resolve reference to bean 'sqlSessionTemplate' while setting bean property 'sqlSessionTemplate'
	at org.springframework.beans.factory.support.ConstructorResolver.createArgumentArray(ConstructorResolver.java:804)
	at org.springframework.beans.factory.support.ConstructorResolver.autowireConstructor(ConstructorResolver.java:240)
	at org.springframework.beans.factory.support.AbstractAutowireCapableBeanFactory.autowireConstructor(AbstractAutowireCapableBeanFactory.java:1395)
	at org.springframework.beans.factory.support.AbstractAutowireCapableBeanFactory.createBeanInstance(AbstractAutowireCapableBeanFactory.java:1232)
	at org.springframework.beans.factory.support.AbstractAutowireCapableBeanFactory.doCreateBean(AbstractAutowireCapableBeanFactory.java:569)
	at org.springframework.beans.factory.support.AbstractAutowireCapableBeanFactory.createBean(AbstractAutowireCapableBeanFactory.java:529)
	at org.springframework.beans.factory.support.AbstractBeanFactory.lambda$doGetBean$0(AbstractBeanFactory.java:339)
	at org.springframework.beans.factory.support.DefaultSingletonBeanRegistry.getSingleton(DefaultSingletonBeanRegistry.java:373)
	at org.springframework.beans.factory.support.AbstractBeanFactory.doGetBean(AbstractBeanFactory.java:337)
	at org.springframework.beans.factory.support.AbstractBeanFactory.getBean(AbstractBeanFactory.java:202)
	at org.springframework.beans.factory.support.DefaultListableBeanFactory.doResolveDependency(DefaultListableBeanFactory.java:1698)
	at org.springframework.beans.factory.support.DefaultListableBeanFactory.resolveDependency(DefaultListableBeanFactory.java:1643)
	at org.springframework.beans.factory.support.ConstructorResolver.resolveAutowiredArgument(ConstructorResolver.java:913)
	at org.springframework.beans.factory.support.ConstructorResolver.createArgumentArray(ConstructorResolver.java:791)
	... 59 common frames omitted
Caused by: org.springframework.beans.factory.BeanCreationException: Error creating bean with name 'memberMapper' defined in file [/Users/minboklee/Downloads/sqld/build/classes/java/main/com/sqld_board/sqld/mapper/MemberMapper.class]: Cannot resolve reference to bean 'sqlSessionTemplate' while setting bean property 'sqlSessionTemplate'
	at org.springframework.beans.factory.support.BeanDefinitionValueResolver.resolveReference(BeanDefinitionValueResolver.java:377)
	at org.springframework.beans.factory.support.BeanDefinitionValueResolver.resolveValueIfNecessary(BeanDefinitionValueResolver.java:135)
	at org.springframework.beans.factory.support.AbstractAutowireCapableBeanFactory.applyPropertyValues(AbstractAutowireCapableBeanFactory.java:1725)
	at org.springframework.beans.factory.support.AbstractAutowireCapableBeanFactory.populateBean(AbstractAutowireCapableBeanFactory.java:1474)
	at org.springframework.beans.factory.support.AbstractAutowireCapableBeanFactory.doCreateBean(AbstractAutowireCapableBeanFactory.java:606)
	at org.springframework.beans.factory.support.AbstractAutowireCapableBeanFactory.createBean(AbstractAutowireCapableBeanFactory.java:529)
	at org.springframework.beans.factory.support.AbstractBeanFactory.lambda$doGetBean$0(AbstractBeanFactory.java:339)
	at org.springframework.beans.factory.support.DefaultSingletonBeanRegistry.getSingleton(DefaultSingletonBeanRegistry.java:373)
	at org.springframework.beans.factory.support.AbstractBeanFactory.doGetBean(AbstractBeanFactory.java:337)
	at org.springframework.beans.factory.support.AbstractBeanFactory.getBean(AbstractBeanFactory.java:202)
	at org.springframework.beans.factory.support.DefaultListableBeanFactory.doResolveDependency(DefaultListableBeanFactory.java:1698)
	at org.springframework.beans.factory.support.DefaultListableBeanFactory.resolveDependency(DefaultListableBeanFactory.java:1643)
	at org.springframework.beans.factory.support.ConstructorResolver.resolveAutowiredArgument(ConstructorResolver.java:913)
	at org.springframework.beans.factory.support.ConstructorResolver.createArgumentArray(ConstructorResolver.java:791)
	... 72 common frames omitted
Caused by: org.springframework.beans.factory.UnsatisfiedDependencyException: Error creating bean with name 'sqlSessionTemplate' defined in class path resource [org/mybatis/spring/boot/autoconfigure/MybatisAutoConfiguration.class]: Unsatisfied dependency expressed through method 'sqlSessionTemplate' parameter 0: Error creating bean with name 'sqlSessionFactory' defined in class path resource [org/mybatis/spring/boot/autoconfigure/MybatisAutoConfiguration.class]: Failed to instantiate [org.apache.ibatis.session.SqlSessionFactory]: Factory method 'sqlSessionFactory' threw exception with message: Illegal access: this web application instance has been stopped already. Could not load [mapper/]. The following stack trace is thrown for debugging purposes as well as to attempt to terminate the thread which caused the illegal access.
	at org.springframework.beans.factory.support.ConstructorResolver.createArgumentArray(ConstructorResolver.java:804)
	at org.springframework.beans.factory.support.ConstructorResolver.instantiateUsingFactoryMethod(ConstructorResolver.java:546)
	at org.springframework.beans.factory.support.AbstractAutowireCapableBeanFactory.instantiateUsingFactoryMethod(AbstractAutowireCapableBeanFactory.java:1375)
	at org.springframework.beans.factory.support.AbstractAutowireCapableBeanFactory.createBeanInstance(AbstractAutowireCapableBeanFactory.java:1205)
	at org.springframework.beans.factory.support.AbstractAutowireCapableBeanFactory.doCreateBean(AbstractAutowireCapableBeanFactory.java:569)
	at org.springframework.beans.factory.support.AbstractAutowireCapableBeanFactory.createBean(AbstractAutowireCapableBeanFactory.java:529)
	at org.springframework.beans.factory.support.AbstractBeanFactory.lambda$doGetBean$0(AbstractBeanFactory.java:339)
	at org.springframework.beans.factory.support.DefaultSingletonBeanRegistry.getSingleton(DefaultSingletonBeanRegistry.java:373)
	at org.springframework.beans.factory.support.AbstractBeanFactory.doGetBean(AbstractBeanFactory.java:337)
	at org.springframework.beans.factory.support.AbstractBeanFactory.getBean(AbstractBeanFactory.java:202)
	at org.springframework.beans.factory.support.BeanDefinitionValueResolver.resolveReference(BeanDefinitionValueResolver.java:365)
	... 85 common frames omitted
Caused by: org.springframework.beans.factory.BeanCreationException: Error creating bean with name 'sqlSessionFactory' defined in class path resource [org/mybatis/spring/boot/autoconfigure/MybatisAutoConfiguration.class]: Failed to instantiate [org.apache.ibatis.session.SqlSessionFactory]: Factory method 'sqlSessionFactory' threw exception with message: Illegal access: this web application instance has been stopped already. Could not load [mapper/]. The following stack trace is thrown for debugging purposes as well as to attempt to terminate the thread which caused the illegal access.
	at org.springframework.beans.factory.support.ConstructorResolver.instantiate(ConstructorResolver.java:657)
	at org.springframework.beans.factory.support.ConstructorResolver.instantiateUsingFactoryMethod(ConstructorResolver.java:645)
	at org.springframework.beans.factory.support.AbstractAutowireCapableBeanFactory.instantiateUsingFactoryMethod(AbstractAutowireCapableBeanFactory.java:1375)
	at org.springframework.beans.factory.support.AbstractAutowireCapableBeanFactory.createBeanInstance(AbstractAutowireCapableBeanFactory.java:1205)
	at org.springframework.beans.factory.support.AbstractAutowireCapableBeanFactory.doCreateBean(AbstractAutowireCapableBeanFactory.java:569)
	at org.springframework.beans.factory.support.AbstractAutowireCapableBeanFactory.createBean(AbstractAutowireCapableBeanFactory.java:529)
	at org.springframework.beans.factory.support.AbstractBeanFactory.lambda$doGetBean$0(AbstractBeanFactory.java:339)
	at org.springframework.beans.factory.support.DefaultSingletonBeanRegistry.getSingleton(DefaultSingletonBeanRegistry.java:373)
	at org.springframework.beans.factory.support.AbstractBeanFactory.doGetBean(AbstractBeanFactory.java:337)
	at org.springframework.beans.factory.support.AbstractBeanFactory.getBean(AbstractBeanFactory.java:202)
	at org.springframework.beans.factory.support.DefaultListableBeanFactory.doResolveDependency(DefaultListableBeanFactory.java:1698)
	at org.springframework.beans.factory.support.DefaultListableBeanFactory.resolveDependency(DefaultListableBeanFactory.java:1643)
	at org.springframework.beans.factory.support.ConstructorResolver.resolveAutowiredArgument(ConstructorResolver.java:913)
	at org.springframework.beans.factory.support.ConstructorResolver.createArgumentArray(ConstructorResolver.java:791)
	... 95 common frames omitted
Caused by: org.springframework.beans.BeanInstantiationException: Failed to instantiate [org.apache.ibatis.session.SqlSessionFactory]: Factory method 'sqlSessionFactory' threw exception with message: Illegal access: this web application instance has been stopped already. Could not load [mapper/]. The following stack trace is thrown for debugging purposes as well as to attempt to terminate the thread which caused the illegal access.
	at org.springframework.beans.factory.support.SimpleInstantiationStrategy.lambda$instantiate$0(SimpleInstantiationStrategy.java:200)
	at org.springframework.beans.factory.support.SimpleInstantiationStrategy.instantiateWithFactoryMethod(SimpleInstantiationStrategy.java:89)
	at org.springframework.beans.factory.support.SimpleInstantiationStrategy.instantiate(SimpleInstantiationStrategy.java:169)
	at org.springframework.beans.factory.support.ConstructorResolver.instantiate(ConstructorResolver.java:653)
	... 108 common frames omitted
Caused by: java.lang.IllegalStateException: Illegal access: this web application instance has been stopped already. Could not load [mapper/]. The following stack trace is thrown for debugging purposes as well as to attempt to terminate the thread which caused the illegal access.
	at org.apache.catalina.loader.WebappClassLoaderBase.checkStateForResourceLoading(WebappClassLoaderBase.java:1399)
	at org.apache.catalina.loader.WebappClassLoaderBase.getResource(WebappClassLoaderBase.java:987)
	at org.springframework.core.io.ClassPathResource.resolveURL(ClassPathResource.java:182)
	at org.springframework.core.io.ClassPathResource.getURL(ClassPathResource.java:228)
	at org.springframework.core.io.support.PathMatchingResourcePatternResolver.findPathMatchingResources(PathMatchingResourcePatternResolver.java:743)
	at org.springframework.core.io.support.PathMatchingResourcePatternResolver.getResources(PathMatchingResourcePatternResolver.java:394)
	at org.mybatis.spring.boot.autoconfigure.MybatisProperties.getResources(MybatisProperties.java:218)
	at org.mybatis.spring.boot.autoconfigure.MybatisProperties.lambda$resolveMapperLocations$0(MybatisProperties.java:213)
	at java.base/java.util.stream.ReferencePipeline$7$1.accept(ReferencePipeline.java:273)
	at java.base/java.util.Spliterators$ArraySpliterator.forEachRemaining(Spliterators.java:992)
	at java.base/java.util.stream.AbstractPipeline.copyInto(AbstractPipeline.java:509)
	at java.base/java.util.stream.AbstractPipeline.wrapAndCopyInto(AbstractPipeline.java:499)
	at java.base/java.util.stream.AbstractPipeline.evaluate(AbstractPipeline.java:575)
	at java.base/java.util.stream.AbstractPipeline.evaluateToArrayNode(AbstractPipeline.java:260)
	at java.base/java.util.stream.ReferencePipeline.toArray(ReferencePipeline.java:616)
	at org.mybatis.spring.boot.autoconfigure.MybatisProperties.resolveMapperLocations(MybatisProperties.java:213)
	at org.mybatis.spring.boot.autoconfigure.MybatisAutoConfiguration.sqlSessionFactory(MybatisAutoConfiguration.java:169)
	at java.base/jdk.internal.reflect.NativeMethodAccessorImpl.invoke0(Native Method)
	at java.base/jdk.internal.reflect.NativeMethodAccessorImpl.invoke(NativeMethodAccessorImpl.java:77)
	at java.base/jdk.internal.reflect.DelegatingMethodAccessorImpl.invoke(DelegatingMethodAccessorImpl.java:43)
	at java.base/java.lang.reflect.Method.invoke(Method.java:568)
	at org.springframework.beans.factory.support.SimpleInstantiationStrategy.lambda$instantiate$0(SimpleInstantiationStrategy.java:172)
	... 111 common frames omitted
[2026-05-11 10:48:51.127] [INFO ] [background-preinit] o.h.validator.internal.util.Version - HV000001: Hibernate Validator 8.0.3.Final
[2026-05-11 10:48:51.146] [INFO ] [restartedMain] com.sqld_board.sqld.SqldApplication - Starting SqldApplication using Java 17.0.11 with PID 18362 (/Users/minboklee/Downloads/sqld/build/classes/java/main started by minboklee in /Users/minboklee/Downloads/sqld)
[2026-05-11 10:48:51.147] [INFO ] [restartedMain] com.sqld_board.sqld.SqldApplication - The following 1 profile is active: "dev"
[2026-05-11 10:48:51.167] [INFO ] [restartedMain] o.s.b.d.restart.ChangeableUrls - The Class-Path manifest attribute in /Users/minboklee/.gradle/caches/modules-2/files-2.1/com.oracle.database.jdbc/ojdbc11/23.7.0.25.01/665f52abef9122ce003b5cfc1d9d44f7302e2cfe/ojdbc11-23.7.0.25.01.jar referenced one or more files that do not exist: file:/Users/minboklee/.gradle/caches/modules-2/files-2.1/com.oracle.database.jdbc/ojdbc11/23.7.0.25.01/665f52abef9122ce003b5cfc1d9d44f7302e2cfe/oraclepki.jar
[2026-05-11 10:48:51.167] [INFO ] [restartedMain] o.s.b.d.e.DevToolsPropertyDefaultsPostProcessor - Devtools property defaults active! Set 'spring.devtools.add-properties' to 'false' to disable
[2026-05-11 10:48:51.167] [INFO ] [restartedMain] o.s.b.d.e.DevToolsPropertyDefaultsPostProcessor - For additional web related logging consider setting the 'logging.level.web' property to 'DEBUG'
[2026-05-11 10:48:51.743] [INFO ] [restartedMain] o.s.d.r.c.RepositoryConfigurationDelegate - Multiple Spring Data modules found, entering strict repository configuration mode
[2026-05-11 10:48:51.745] [INFO ] [restartedMain] o.s.d.r.c.RepositoryConfigurationDelegate - Bootstrapping Spring Data Redis repositories in DEFAULT mode.
[2026-05-11 10:48:51.762] [INFO ] [restartedMain] o.s.d.r.c.RepositoryConfigurationDelegate - Finished Spring Data repository scanning in 8 ms. Found 0 Redis repository interfaces.
[2026-05-11 10:48:51.925] [INFO ] [restartedMain] c.u.j.c.EnableEncryptablePropertiesBeanFactoryPostProcessor - Post-processing PropertySource instances
[2026-05-11 10:48:51.925] [INFO ] [restartedMain] c.u.j.EncryptablePropertySourceConverter - Skipping PropertySource configurationProperties [class org.springframework.boot.context.properties.source.ConfigurationPropertySourcesPropertySource
[2026-05-11 10:48:51.925] [INFO ] [restartedMain] c.u.j.EncryptablePropertySourceConverter - Skipping PropertySource servletConfigInitParams [class org.springframework.core.env.PropertySource$StubPropertySource
[2026-05-11 10:48:51.925] [INFO ] [restartedMain] c.u.j.EncryptablePropertySourceConverter - Skipping PropertySource servletContextInitParams [class org.springframework.core.env.PropertySource$StubPropertySource
[2026-05-11 10:48:51.925] [INFO ] [restartedMain] c.u.j.EncryptablePropertySourceConverter - Converting PropertySource systemProperties [org.springframework.core.env.PropertiesPropertySource] to EncryptableMapPropertySourceWrapper
[2026-05-11 10:48:51.926] [INFO ] [restartedMain] c.u.j.EncryptablePropertySourceConverter - Converting PropertySource systemEnvironment [org.springframework.boot.env.SystemEnvironmentPropertySourceEnvironmentPostProcessor$OriginAwareSystemEnvironmentPropertySource] to EncryptableSystemEnvironmentPropertySourceWrapper
[2026-05-11 10:48:51.926] [INFO ] [restartedMain] c.u.j.EncryptablePropertySourceConverter - Converting PropertySource random [org.springframework.boot.env.RandomValuePropertySource] to EncryptablePropertySourceWrapper
[2026-05-11 10:48:51.926] [INFO ] [restartedMain] c.u.j.EncryptablePropertySourceConverter - Converting PropertySource Config resource 'class path resource [application-dev.yml]' via location 'optional:classpath:/' [org.springframework.boot.env.OriginTrackedMapPropertySource] to EncryptableMapPropertySourceWrapper
[2026-05-11 10:48:51.926] [INFO ] [restartedMain] c.u.j.EncryptablePropertySourceConverter - Converting PropertySource Config resource 'class path resource [application.yml]' via location 'optional:classpath:/' [org.springframework.boot.env.OriginTrackedMapPropertySource] to EncryptableMapPropertySourceWrapper
[2026-05-11 10:48:51.926] [INFO ] [restartedMain] c.u.j.EncryptablePropertySourceConverter - Converting PropertySource devtools [org.springframework.core.env.MapPropertySource] to EncryptableMapPropertySourceWrapper
[2026-05-11 10:48:51.926] [INFO ] [restartedMain] c.u.j.EncryptablePropertySourceConverter - Converting PropertySource applicationInfo [org.springframework.boot.ApplicationInfoPropertySource] to EncryptableMapPropertySourceWrapper
[2026-05-11 10:48:51.936] [INFO ] [restartedMain] c.u.j.f.DefaultLazyPropertyFilter - Property Filter custom Bean not found with name 'encryptablePropertyFilter'. Initializing Default Property Filter
[2026-05-11 10:48:51.939] [INFO ] [restartedMain] c.u.j.r.DefaultLazyPropertyResolver - Property Resolver custom Bean not found with name 'encryptablePropertyResolver'. Initializing Default Property Resolver
[2026-05-11 10:48:51.940] [INFO ] [restartedMain] c.u.j.d.DefaultLazyPropertyDetector - Property Detector custom Bean not found with name 'encryptablePropertyDetector'. Initializing Default Property Detector
[2026-05-11 10:48:52.260] [INFO ] [restartedMain] o.s.b.w.e.tomcat.TomcatWebServer - Tomcat initialized with port 8881 (http)
[2026-05-11 10:48:52.267] [INFO ] [restartedMain] o.a.coyote.http11.Http11NioProtocol - Initializing ProtocolHandler ["http-nio-8881"]
[2026-05-11 10:48:52.268] [INFO ] [restartedMain] o.a.catalina.core.StandardService - Starting service [Tomcat]
[2026-05-11 10:48:52.268] [INFO ] [restartedMain] o.a.catalina.core.StandardEngine - Starting Servlet engine: [Apache Tomcat/10.1.46]
[2026-05-11 10:48:52.289] [INFO ] [restartedMain] o.a.c.c.C.[Tomcat].[localhost].[/] - Initializing Spring embedded WebApplicationContext
[2026-05-11 10:48:52.289] [INFO ] [restartedMain] o.s.b.w.s.c.ServletWebServerApplicationContext - Root WebApplicationContext: initialization completed in 1122 ms
[2026-05-11 10:48:52.303] [INFO ] [restartedMain] c.u.j.encryptor.DefaultLazyEncryptor - String Encryptor custom Bean not found with name 'jasyptStringEncryptor'. Initializing Default String Encryptor
[2026-05-11 10:48:52.308] [INFO ] [restartedMain] c.u.j.c.StringEncryptorBuilder - Encryptor config not found for property jasypt.encryptor.key-obtention-iterations, using default value: 1000
[2026-05-11 10:48:52.308] [INFO ] [restartedMain] c.u.j.c.StringEncryptorBuilder - Encryptor config not found for property jasypt.encryptor.pool-size, using default value: 1
[2026-05-11 10:48:52.308] [INFO ] [restartedMain] c.u.j.c.StringEncryptorBuilder - Encryptor config not found for property jasypt.encryptor.provider-name, using default value: null
[2026-05-11 10:48:52.308] [INFO ] [restartedMain] c.u.j.c.StringEncryptorBuilder - Encryptor config not found for property jasypt.encryptor.provider-class-name, using default value: null
[2026-05-11 10:48:52.308] [INFO ] [restartedMain] c.u.j.c.StringEncryptorBuilder - Encryptor config not found for property jasypt.encryptor.salt-generator-classname, using default value: org.jasypt.salt.RandomSaltGenerator
[2026-05-11 10:48:52.308] [INFO ] [restartedMain] c.u.j.c.StringEncryptorBuilder - Encryptor config not found for property jasypt.encryptor.string-output-type, using default value: base64
[2026-05-11 10:48:53.157] [INFO ] [restartedMain] o.s.s.c.a.a.c.InitializeUserDetailsBeanManagerConfigurer$InitializeUserDetailsManagerConfigurer - Global AuthenticationManager configured with UserDetailsService bean with name customUserDetailService
[2026-05-11 10:48:53.180] [INFO ] [restartedMain] c.s.s.c.s.CustomSecurityConfig - ********* Security Config Loading: WebSocket Support Added
[2026-05-11 10:48:53.229] [WARN ] [restartedMain] o.s.s.c.a.w.b.WebSecurity$IgnoredRequestConfigurer - One of the patterns in [/demo-ui.html, /swagger-ui/**, /api-docs/**, /swagger-resources/**, /webjars/**, ws-stomp] is missing a leading slash. This is discouraged; please include the leading slash in all your request matcher patterns. In future versions of Spring Security, leaving out the leading slash will result in an exception.
[2026-05-11 10:48:53.234] [WARN ] [restartedMain] o.s.s.c.a.web.builders.WebSecurity - You are asking Spring Security to ignore Deferred [Mvc [pattern='/demo-ui.html'], Ant [pattern='/demo-ui.html']]. This is not recommended -- please use permitAll via HttpSecurity#authorizeHttpRequests instead.
[2026-05-11 10:48:53.234] [WARN ] [restartedMain] o.s.s.c.a.web.builders.WebSecurity - You are asking Spring Security to ignore Deferred [Mvc [pattern='/swagger-ui/**'], Ant [pattern='/swagger-ui/**']]. This is not recommended -- please use permitAll via HttpSecurity#authorizeHttpRequests instead.
[2026-05-11 10:48:53.234] [WARN ] [restartedMain] o.s.s.c.a.web.builders.WebSecurity - You are asking Spring Security to ignore Deferred [Mvc [pattern='/api-docs/**'], Ant [pattern='/api-docs/**']]. This is not recommended -- please use permitAll via HttpSecurity#authorizeHttpRequests instead.
[2026-05-11 10:48:53.234] [WARN ] [restartedMain] o.s.s.c.a.web.builders.WebSecurity - You are asking Spring Security to ignore Deferred [Mvc [pattern='/swagger-resources/**'], Ant [pattern='/swagger-resources/**']]. This is not recommended -- please use permitAll via HttpSecurity#authorizeHttpRequests instead.
[2026-05-11 10:48:53.234] [WARN ] [restartedMain] o.s.s.c.a.web.builders.WebSecurity - You are asking Spring Security to ignore Deferred [Mvc [pattern='/webjars/**'], Ant [pattern='/webjars/**']]. This is not recommended -- please use permitAll via HttpSecurity#authorizeHttpRequests instead.
[2026-05-11 10:48:53.234] [WARN ] [restartedMain] o.s.s.c.a.web.builders.WebSecurity - You are asking Spring Security to ignore Deferred [Mvc [pattern='ws-stomp'], Ant [pattern='ws-stomp']]. This is not recommended -- please use permitAll via HttpSecurity#authorizeHttpRequests instead.
[2026-05-11 10:48:53.509] [WARN ] [restartedMain] com.zaxxer.hikari.HikariConfig - HikariPool-1 - idleTimeout has been set but has no effect because the pool is operating as a fixed size pool.
[2026-05-11 10:48:53.510] [INFO ] [restartedMain] com.zaxxer.hikari.HikariDataSource - HikariPool-1 - Starting...
[2026-05-11 10:48:53.713] [INFO ] [restartedMain] com.zaxxer.hikari.pool.HikariPool - HikariPool-1 - Added connection net.sf.log4jdbc.sql.jdbcapi.ConnectionSpy@66384559
[2026-05-11 10:48:53.714] [INFO ] [restartedMain] com.zaxxer.hikari.HikariDataSource - HikariPool-1 - Start completed.
[2026-05-11 10:48:53.720] [INFO ] [restartedMain] o.s.b.a.h.H2ConsoleAutoConfiguration - H2 console available at '/h2-console'. Database available at 'jdbc:mysql://175.197.69.42:3306/sqld_database?serverTimezone=Asia/Seoul&useSSL=false&allowPublicKeyRetrieval=true&useUnicode=true&characterEncoding=UTF-8'
[2026-05-11 10:48:53.785] [INFO ] [restartedMain] o.s.b.d.a.OptionalLiveReloadServer - LiveReload server is running on port 35729
[2026-05-11 10:48:53.803] [INFO ] [restartedMain] o.s.m.s.b.SimpleBrokerMessageHandler - Starting...
[2026-05-11 10:48:53.803] [INFO ] [restartedMain] o.s.m.s.b.SimpleBrokerMessageHandler - BrokerAvailabilityEvent[available=true, SimpleBrokerMessageHandler [org.springframework.messaging.simp.broker.DefaultSubscriptionRegistry@63083f17]]
[2026-05-11 10:48:53.804] [INFO ] [restartedMain] o.s.m.s.b.SimpleBrokerMessageHandler - Started.
[2026-05-11 10:48:53.804] [INFO ] [restartedMain] o.a.coyote.http11.Http11NioProtocol - Starting ProtocolHandler ["http-nio-8881"]
[2026-05-11 10:48:53.814] [INFO ] [restartedMain] o.s.b.w.e.tomcat.TomcatWebServer - Tomcat started on port 8881 (http) with context path '/'
[2026-05-11 10:48:53.814] [INFO ] [restartedMain] c.u.j.c.RefreshScopeRefreshedEventListener - Refreshing cached encryptable property sources on ServletWebServerInitializedEvent
[2026-05-11 10:48:53.814] [INFO ] [restartedMain] c.u.j.c.CachingDelegateEncryptablePropertySource - Property Source systemProperties refreshed
[2026-05-11 10:48:53.814] [INFO ] [restartedMain] c.u.j.c.CachingDelegateEncryptablePropertySource - Property Source systemEnvironment refreshed
[2026-05-11 10:48:53.814] [INFO ] [restartedMain] c.u.j.c.CachingDelegateEncryptablePropertySource - Property Source random refreshed
[2026-05-11 10:48:53.814] [INFO ] [restartedMain] c.u.j.c.CachingDelegateEncryptablePropertySource - Property Source Config resource 'class path resource [application-dev.yml]' via location 'optional:classpath:/' refreshed
[2026-05-11 10:48:53.814] [INFO ] [restartedMain] c.u.j.c.CachingDelegateEncryptablePropertySource - Property Source Config resource 'class path resource [application.yml]' via location 'optional:classpath:/' refreshed
[2026-05-11 10:48:53.814] [INFO ] [restartedMain] c.u.j.c.CachingDelegateEncryptablePropertySource - Property Source devtools refreshed
[2026-05-11 10:48:53.814] [INFO ] [restartedMain] c.u.j.c.CachingDelegateEncryptablePropertySource - Property Source applicationInfo refreshed
[2026-05-11 10:48:53.814] [INFO ] [restartedMain] c.u.j.EncryptablePropertySourceConverter - Skipping PropertySource configurationProperties [class org.springframework.boot.context.properties.source.ConfigurationPropertySourcesPropertySource
[2026-05-11 10:48:53.815] [INFO ] [restartedMain] c.u.j.EncryptablePropertySourceConverter - Skipping PropertySource servletConfigInitParams [class org.springframework.core.env.PropertySource$StubPropertySource
[2026-05-11 10:48:53.815] [INFO ] [restartedMain] c.u.j.EncryptablePropertySourceConverter - Converting PropertySource servletContextInitParams [org.springframework.web.context.support.ServletContextPropertySource] to EncryptableEnumerablePropertySourceWrapper
[2026-05-11 10:48:54.155] [INFO ] [restartedMain] com.sqld_board.sqld.SqldApplication - Started SqldApplication in 3.286 seconds (process running for 3.93)
[2026-05-11 10:48:58.296] [INFO ] [http-nio-8881-exec-2] o.a.c.c.C.[Tomcat].[localhost].[/] - Initializing Spring DispatcherServlet 'dispatcherServlet'
[2026-05-11 10:48:58.297] [INFO ] [http-nio-8881-exec-2] o.s.web.servlet.DispatcherServlet - Initializing Servlet 'dispatcherServlet'
[2026-05-11 10:48:58.307] [INFO ] [http-nio-8881-exec-2] o.s.web.servlet.DispatcherServlet - Completed initialization in 9 ms
[2026-05-11 10:48:58.405] [INFO ] [http-nio-8881-exec-3] jdbc.sqltiming - SELECT  /* BoardMasterMapper.getBoardConfig 특정 게시판의 설정(이름, 카테고리 그룹, 기능 여부) 전체 리스트 조회 */
               BM.BOARD_CODE
             , BM.BOARD_NAME
             , BM.GROUP_CODE
             , BM.USE_YN
             , BM.FILE_YN
             , BM.REPLY_YN
             , BM.TAG_YN
             , CCG.SORT_ORDER
             , BM.CREATE_AT
             , BM.UPDATE_AT
          FROM BOARD_MASTER BM
          JOIN COMMON_CODE_GROUP CCG ON BM.GROUP_CODE = CCG.GROUP_CODE
         ORDER BY CCG.SORT_ORDER ASC, BM.BOARD_CODE ASC /* 그룹 순서대로 정렬 */
 {executed in 21 msec}
[2026-05-11 10:48:58.405] [INFO ] [http-nio-8881-exec-2] jdbc.sqltiming - SELECT  /* BoardMapper.getBoardList (게시판 목록 전체를 조회하는 쿼리 (사용자 정보 JOIN))*/
               B.BOARD_ID
             , B.TITLE
             , B.CONTENT
             , M.USER_ID
             , M.USER_NAME
             , B.MEMBER_ID
             , B.BOARD_CODE
             , B.CATEGORY_ID
             , B.VIEW_COUNT
             , B.LIKE_COUNT
             ,(SELECT COUNT(*)
                 FROM COMMENT_MANAGEMENT CM
                WHERE CM.BOARD_ID = B.BOARD_ID
                  AND CM.DELETE_YN = 'N') AS commentCount /* 댓글 작성 수 */
             , M.PROFILE_IMAGE
             , B.CREATE_AT
             , B.UPDATE_AT
             , B.TAG_NAME
        FROM
            BOARD B
        LEFT JOIN MEMBER_INFO M ON B.MEMBER_ID = M.MEMBER_ID
        WHERE B.DELETE_YN = 'N'
        ORDER BY
            B.CREATE_AT DESC
 {executed in 21 msec}
[2026-05-11 10:48:58.425] [INFO ] [http-nio-8881-exec-3] jdbc.sqltiming - SELECT /*  boardMapper.getCategoryListByBoardCode 특정 게시판(boardCode)에 소속된 카테고리 목록 조회 */
               CCD.CODE_ID AS categoryId
             , CCD.CODE_NAME AS categoryName
          FROM BOARD_MASTER BM
    INNER JOIN COMMON_CODE_DETAIL CCD
            ON BM.GROUP_CODE = CCD.GROUP_CODE
         WHERE BM.BOARD_CODE = 'B_NOTICE_01'
           AND BM.USE_YN = 'Y'
      ORDER BY CCD.SORT_ORDER ASC
 {executed in 12 msec}
[2026-05-11 10:48:58.434] [INFO ] [http-nio-8881-exec-3] jdbc.sqltiming - SELECT /*  boardMapper.getCategoryListByBoardCode 특정 게시판(boardCode)에 소속된 카테고리 목록 조회 */
               CCD.CODE_ID AS categoryId
             , CCD.CODE_NAME AS categoryName
          FROM BOARD_MASTER BM
    INNER JOIN COMMON_CODE_DETAIL CCD
            ON BM.GROUP_CODE = CCD.GROUP_CODE
         WHERE BM.BOARD_CODE = 'B_SQLD_01'
           AND BM.USE_YN = 'Y'
      ORDER BY CCD.SORT_ORDER ASC
 {executed in 7 msec}
[2026-05-11 10:48:58.443] [INFO ] [http-nio-8881-exec-3] jdbc.sqltiming - SELECT /*  boardMapper.getCategoryListByBoardCode 특정 게시판(boardCode)에 소속된 카테고리 목록 조회 */
               CCD.CODE_ID AS categoryId
             , CCD.CODE_NAME AS categoryName
          FROM BOARD_MASTER BM
    INNER JOIN COMMON_CODE_DETAIL CCD
            ON BM.GROUP_CODE = CCD.GROUP_CODE
         WHERE BM.BOARD_CODE = 'B_GREETING_01'
           AND BM.USE_YN = 'Y'
      ORDER BY CCD.SORT_ORDER ASC
 {executed in 9 msec}
[2026-05-11 10:49:08.019] [INFO ] [http-nio-8881-exec-4] jdbc.sqltiming - SELECT MEMBER_ID
             , USER_ID
             , USER_PASS
             , USER_NAME
             , USER_EMAIL
             , EMAIL_VERIFIED
             , USER_ROLE
             , USER_STATUS
             , PROFILE_IMAGE
             , CREATE_AT
             , UPDATE_AT
             , LAST_LOG_AT
          FROM MEMBER_INFO
         WHERE USER_ID = 'Admin'
         LIMIT 1
 {executed in 15 msec}
[2026-05-11 10:49:08.149] [INFO ] [http-nio-8881-exec-4] jdbc.sqltiming - UPDATE MEMBER_INFO
        SET LAST_LOG_AT = NOW()
        WHERE MEMBER_ID = 'MEMBER_20260427_001'
 {executed in 33 msec}
[2026-05-11 10:49:08.207] [INFO ] [http-nio-8881-exec-4] jdbc.sqltiming - DELETE FROM REFRESH_TOKEN WHERE MEMBER_ID = 'MEMBER_20260427_001'
 {executed in 42 msec}
[2026-05-11 10:49:08.240] [INFO ] [http-nio-8881-exec-4] jdbc.sqltiming - INSERT INTO REFRESH_TOKEN (MEMBER_ID, R_TOKEN, EXPIRY_DATE)
        VALUES ('MEMBER_20260427_001', 'c6e26471-3e0f-4d93-af27-c73ea8e1977f', '05/18/2026 10:49:08.208')
 {executed in 31 msec}
[2026-05-11 10:49:08.365] [INFO ] [http-nio-8881-exec-5] jdbc.sqltiming - SELECT /* MemberMapper.readMemberByMemberId (memberId를 통한 회원 정보 조회) */
               MEMBER_ID
             , USER_ID
             , USER_PASS
             , USER_NAME
             , USER_EMAIL
             , EMAIL_VERIFIED
             , USER_ROLE
             , USER_STATUS
             , PROFILE_IMAGE
             , CREATE_AT
             , UPDATE_AT
             , LAST_LOG_AT
          FROM MEMBER_INFO
        WHERE MEMBER_ID = 'MEMBER_20260427_001'
 {executed in 10 msec}
[2026-05-11 10:49:08.382] [INFO ] [http-nio-8881-exec-6] jdbc.sqltiming - SELECT /* MemberMapper.readMemberByMemberId (memberId를 통한 회원 정보 조회) */
               MEMBER_ID
             , USER_ID
             , USER_PASS
             , USER_NAME
             , USER_EMAIL
             , EMAIL_VERIFIED
             , USER_ROLE
             , USER_STATUS
             , PROFILE_IMAGE
             , CREATE_AT
             , UPDATE_AT
             , LAST_LOG_AT
          FROM MEMBER_INFO
        WHERE MEMBER_ID = 'MEMBER_20260427_001'
 {executed in 19 msec}
[2026-05-11 10:49:08.397] [INFO ] [http-nio-8881-exec-5] jdbc.sqltiming - SELECT  /* BoardMapper.getBoardList (게시판 목록 전체를 조회하는 쿼리 (사용자 정보 JOIN))*/
               B.BOARD_ID
             , B.TITLE
             , B.CONTENT
             , M.USER_ID
             , M.USER_NAME
             , B.MEMBER_ID
             , B.BOARD_CODE
             , B.CATEGORY_ID
             , B.VIEW_COUNT
             , B.LIKE_COUNT
             ,(SELECT COUNT(*)
                 FROM COMMENT_MANAGEMENT CM
                WHERE CM.BOARD_ID = B.BOARD_ID
                  AND CM.DELETE_YN = 'N') AS commentCount /* 댓글 작성 수 */
             , M.PROFILE_IMAGE
             , B.CREATE_AT
             , B.UPDATE_AT
             , B.TAG_NAME
        FROM
            BOARD B
        LEFT JOIN MEMBER_INFO M ON B.MEMBER_ID = M.MEMBER_ID
        WHERE B.DELETE_YN = 'N'
        ORDER BY
            B.CREATE_AT DESC
 {executed in 15 msec}
[2026-05-11 10:49:08.418] [INFO ] [http-nio-8881-exec-6] jdbc.sqltiming - SELECT /* WebSocketMapper.searchNotification */
               NOTI_ID
             , RECEIVER_ID
             , SENDER_ID
             , NOTI_TYPE
             , MESSAGE
             , IS_READ
             , CREATE_AT
             , TARGET_URL
        FROM NOTIFICATION
        WHERE RECEIVER_ID = 'MEMBER_20260427_001'
 {executed in 11 msec}
[2026-05-11 10:49:08.429] [INFO ] [http-nio-8881-exec-8] jdbc.sqltiming - SELECT /* MemberMapper.readMemberByMemberId (memberId를 통한 회원 정보 조회) */
               MEMBER_ID
             , USER_ID
             , USER_PASS
             , USER_NAME
             , USER_EMAIL
             , EMAIL_VERIFIED
             , USER_ROLE
             , USER_STATUS
             , PROFILE_IMAGE
             , CREATE_AT
             , UPDATE_AT
             , LAST_LOG_AT
          FROM MEMBER_INFO
        WHERE MEMBER_ID = 'MEMBER_20260427_001'
 {executed in 13 msec}
[2026-05-11 10:49:08.464] [INFO ] [http-nio-8881-exec-9] c.s.s.s.w.WebSocketServiceImpl - [Presence] User 관리자 joined room OPEN_CHAT
[2026-05-11 10:49:08.492] [INFO ] [http-nio-8881-exec-9] c.s.s.c.w.WebSocketEventListener - [Presence] User 관리자 joined room OPEN_CHAT
[2026-05-11 10:49:08.593] [INFO ] [http-nio-8881-exec-9] c.s.s.c.w.WebSocketEventListener - [Presence] Room OPEN_CHAT  updated. Count: 1
[2026-05-11 10:49:08.678] [INFO ] [http-nio-8881-exec-9] c.s.s.c.w.WebSocketEventListener - [Presence] Room OPEN_CHAT  updated. Count: 1
[2026-05-11 10:49:08.990] [INFO ] [clientInboundChannel-13] jdbc.sqltiming - SELECT /* MemberMapper.readMemberByMemberId (memberId를 통한 회원 정보 조회) */
               MEMBER_ID
             , USER_ID
             , USER_PASS
             , USER_NAME
             , USER_EMAIL
             , EMAIL_VERIFIED
             , USER_ROLE
             , USER_STATUS
             , PROFILE_IMAGE
             , CREATE_AT
             , UPDATE_AT
             , LAST_LOG_AT
          FROM MEMBER_INFO
        WHERE MEMBER_ID = 'MEMBER_20260427_001'
 {executed in 14 msec}
[2026-05-11 10:49:09.036] [INFO ] [clientInboundChannel-13] jdbc.sqltiming - INSERT INTO CHAT_MESSAGE( /* WebSocketMapper.insertChatMessage (채팅 저장) */
                    ROOM_ID
                  , SENDER_ID
                  , CONTENT
                  , SEND_TIME
                  , CHAT_TYPE
        )    VALUES(
                    'OPEN_CHAT'
                  , 'MEMBER_20260427_001'
                  , '관리자님이 입장하셨습니다.'
                  , 2026-05-11T10:49:08.993910
                  , 'ENTER'
               )
 {executed in 41 msec}
[2026-05-11 10:49:09.038] [INFO ] [clientInboundChannel-13] jdbc.sqltiming - getGeneratedKeys on query: INSERT INTO CHAT_MESSAGE( /* WebSocketMapper.insertChatMessage (채팅 저장) */
                    ROOM_ID
                  , SENDER_ID
                  , CONTENT
                  , SEND_TIME
                  , CHAT_TYPE
        )    VALUES(
                    'OPEN_CHAT'
                  , 'MEMBER_20260427_001'
                  , '관리자님이 입장하셨습니다.'
                  , 2026-05-11T10:49:08.993910
                  , 'ENTER'
               )
 {executed in 1 msec}
[2026-05-11 10:49:09.050] [INFO ] [clientInboundChannel-13] c.s.s.s.w.WebSocketServiceImpl - JSON Message to Redis: {"notiId":null,"senderName":"관리자","type":"ENTER","roomId":"OPEN_CHAT","senderId":"MEMBER_20260427_001","targetId":null,"content":"관리자님이 입장하셨습니다.","timestamp":"2026-05-11 10:49:08","targetUrl":null}
[2026-05-11 10:49:09.070] [INFO ] [redisContainer-1] c.s.s.s.redisConfig.RedisSubscriber - Redis Subscribe - Message Received: {"notiId":null,"senderName":"관리자","type":"ENTER","roomId":"OPEN_CHAT","senderId":"MEMBER_20260427_001","targetId":null,"content":"관리자님이 입장하셨습니다.","timestamp":"2026-05-11 10:49:08","targetUrl":null}
[2026-05-11 10:49:10.069] [INFO ] [http-nio-8881-exec-3] jdbc.sqltiming - SELECT /* MemberMapper.readMemberByMemberId (memberId를 통한 회원 정보 조회) */
               MEMBER_ID
             , USER_ID
             , USER_PASS
             , USER_NAME
             , USER_EMAIL
             , EMAIL_VERIFIED
             , USER_ROLE
             , USER_STATUS
             , PROFILE_IMAGE
             , CREATE_AT
             , UPDATE_AT
             , LAST_LOG_AT
          FROM MEMBER_INFO
        WHERE MEMBER_ID = 'MEMBER_20260427_001'
 {executed in 15 msec}
[2026-05-11 10:49:10.070] [INFO ] [http-nio-8881-exec-2] jdbc.sqltiming - SELECT /* MemberMapper.readMemberByMemberId (memberId를 통한 회원 정보 조회) */
               MEMBER_ID
             , USER_ID
             , USER_PASS
             , USER_NAME
             , USER_EMAIL
             , EMAIL_VERIFIED
             , USER_ROLE
             , USER_STATUS
             , PROFILE_IMAGE
             , CREATE_AT
             , UPDATE_AT
             , LAST_LOG_AT
          FROM MEMBER_INFO
        WHERE MEMBER_ID = 'MEMBER_20260427_001'
 {executed in 15 msec}
[2026-05-11 10:49:10.076] [INFO ] [http-nio-8881-exec-4] jdbc.sqltiming - SELECT /* MemberMapper.readMemberByMemberId (memberId를 통한 회원 정보 조회) */
               MEMBER_ID
             , USER_ID
             , USER_PASS
             , USER_NAME
             , USER_EMAIL
             , EMAIL_VERIFIED
             , USER_ROLE
             , USER_STATUS
             , PROFILE_IMAGE
             , CREATE_AT
             , UPDATE_AT
             , LAST_LOG_AT
          FROM MEMBER_INFO
        WHERE MEMBER_ID = 'MEMBER_20260427_001'
 {executed in 11 msec}
[2026-05-11 10:49:10.079] [INFO ] [http-nio-8881-exec-1] jdbc.sqltiming - SELECT /* MemberMapper.readMemberByMemberId (memberId를 통한 회원 정보 조회) */
               MEMBER_ID
             , USER_ID
             , USER_PASS
             , USER_NAME
             , USER_EMAIL
             , EMAIL_VERIFIED
             , USER_ROLE
             , USER_STATUS
             , PROFILE_IMAGE
             , CREATE_AT
             , UPDATE_AT
             , LAST_LOG_AT
          FROM MEMBER_INFO
        WHERE MEMBER_ID = 'MEMBER_20260427_001'
 {executed in 12 msec}
[2026-05-11 10:49:10.088] [INFO ] [http-nio-8881-exec-3] c.s.s.service.board.BoardServiceImpl - 인기 게시물 조회를 위해 DB에 접근한다. (캐시 미적용 시에만 출력)
[2026-05-11 10:49:10.100] [INFO ] [http-nio-8881-exec-3] jdbc.sqltiming - SELECT /* BoardMapper.getPopularBoards (최근 15일 인기 게시글 조회) */
               B.BOARD_ID
             , B.TITLE
             , B.VIEW_COUNT
             , B.LIKE_COUNT
             , B.CREATE_AT
             , M.USER_NAME
             , M.PROFILE_IMAGE
        FROM BOARD B
        LEFT JOIN MEMBER_INFO M ON B.MEMBER_ID = M.MEMBER_ID
        WHERE B.CREATE_AT >= DATE_SUB(NOW(), INTERVAL 15 DAY)
          AND B.DELETE_YN = 'N'
        ORDER BY B.LIKE_COUNT DESC, B.VIEW_COUNT DESC
        LIMIT 5
 {executed in 11 msec}
[2026-05-11 10:49:10.103] [INFO ] [http-nio-8881-exec-2] jdbc.sqltiming - SELECT /* BoardMapper.existBoardContent */
               COUNT(1)
          FROM BOARD
         WHERE BOARD_ID = 1
           AND DELETE_YN = 'N'
 {executed in 14 msec}
[2026-05-11 10:49:10.126] [INFO ] [http-nio-8881-exec-4] jdbc.sqltiming - SELECT /* BoardMapper.getBoardListWithPaging (페이징 처리된 게시판 목록 조회 (지연 조인 최적화 적용)) */
               B.BOARD_ID
             , B.TITLE
             , B.CONTENT
             , M.USER_ID
             , M.USER_NAME
             , B.MEMBER_ID
             , B.BOARD_CODE
             , B.CATEGORY_ID
             , B.VIEW_COUNT
             , B.LIKE_COUNT
             ,(SELECT COUNT(*)
                 FROM COMMENT_MANAGEMENT CM
                 WHERE CM.BOARD_ID = B.BOARD_ID
                   AND CM.DELETE_YN = 'N') AS commentCount /* 댓글 작성 수 */
             , M.PROFILE_IMAGE
             , B.CREATE_AT
             , B.UPDATE_AT
             , B.TAG_NAME
          FROM BOARD B
    INNER JOIN ( /* 인덱스만 사용하여 필요한 ID들만 빠르게 추출 */
                SELECT BOARD_ID
                  FROM BOARD
             WHERE DELETE_YN = 'N'

                    AND BOARD_CODE = 'S' 
            ORDER BY CREATE_AT DESC
            LIMIT 20 OFFSET 0
        ) AS temp ON B.BOARD_ID = temp.BOARD_ID
        LEFT JOIN MEMBER_INFO M ON B.MEMBER_ID = M.MEMBER_ID
        ORDER BY B.CREATE_AT DESC
 {executed in 12 msec}
[2026-05-11 10:49:10.127] [INFO ] [http-nio-8881-exec-2] jdbc.sqltiming - SELECT /* BoardMapper.getSearchBoard (게시판 글 단건조회 (사용자 정보 JOIN)) */
               B.BOARD_ID
             , B.TITLE
             , B.CONTENT
             , M.USER_ID
             , M.USER_NAME
             , B.MEMBER_ID
             , B.BOARD_CODE
             , B.CATEGORY_ID
             , B.VIEW_COUNT
             , B.LIKE_COUNT
             , M.PROFILE_IMAGE
             , B.CREATE_AT
             , B.UPDATE_AT
             , B.TAG_NAME
             , BS.SCRAP_ID /* 스크랩 고유 ID */
          FROM BOARD B
          LEFT JOIN MEMBER_INFO M ON B.MEMBER_ID = M.MEMBER_ID
          LEFT JOIN BOARD_SCRAP BS ON B.BOARD_ID = BS.BOARD_ID AND BS.MEMBER_ID = 'MEMBER_20260427_001'
         WHERE B.BOARD_ID = 1
           AND B.DELETE_YN = 'N'
 {executed in 13 msec}
[2026-05-11 10:49:10.137] [INFO ] [http-nio-8881-exec-4] jdbc.sqltiming - SELECT /* BoardMapper.getgetBoardTotalCount (게시글 총 개수 조회) */
               COUNT(*)
          FROM BOARD
         WHERE DELETE_YN = 'N'

                AND BOARD_CODE = 'S'
 {executed in 9 msec}
[2026-05-11 10:49:10.145] [ERROR] [http-nio-8881-exec-1] jdbc.sqltiming - 3. PreparedStatement.execute() FAILED! SELECT /* commentMapper.getChildCommentCount (자식 대댓글 유무 확인)*/
               C.COMMENT_ID
             , C.BOARD_ID
             , C.MEMBER_ID
             , C.USER_ID
             , M.USER_NAME
             , C.CONTENT
             , C.PARENT_COMMENT_ID
             , C.LIKE_COUNT
             , C.CREATE_AT
             , C.UPDATE_AT
             , C.DELETE_YN
        FROM emin C
                 LEFT JOIN MEMBER_INFO M ON C.MEMBER_ID = M.MEMBER_ID
        WHERE C.BOARD_ID = 1
          AND C.DELETE_YN = 'N'
        ORDER BY C.CREATE_AT ASC
 {FAILED after 41 msec}
java.sql.SQLSyntaxErrorException: Table 'sqld_database.emin' doesn't exist
	at com.mysql.cj.jdbc.exceptions.SQLError.createSQLException(SQLError.java:112)
	at com.mysql.cj.jdbc.exceptions.SQLExceptionsMapping.translateException(SQLExceptionsMapping.java:114)
	at com.mysql.cj.jdbc.ClientPreparedStatement.executeInternal(ClientPreparedStatement.java:988)
	at com.mysql.cj.jdbc.ClientPreparedStatement.execute(ClientPreparedStatement.java:383)
	at net.sf.log4jdbc.sql.jdbcapi.PreparedStatementSpy.execute(PreparedStatementSpy.java:443)
	at com.zaxxer.hikari.pool.ProxyPreparedStatement.execute(ProxyPreparedStatement.java:44)
	at com.zaxxer.hikari.pool.HikariProxyPreparedStatement.execute(HikariProxyPreparedStatement.java)
	at org.apache.ibatis.executor.statement.PreparedStatementHandler.query(PreparedStatementHandler.java:65)
	at org.apache.ibatis.executor.statement.RoutingStatementHandler.query(RoutingStatementHandler.java:80)
	at org.apache.ibatis.executor.SimpleExecutor.doQuery(SimpleExecutor.java:65)
	at org.apache.ibatis.executor.BaseExecutor.queryFromDatabase(BaseExecutor.java:336)
	at org.apache.ibatis.executor.BaseExecutor.query(BaseExecutor.java:158)
	at org.apache.ibatis.executor.CachingExecutor.query(CachingExecutor.java:110)
	at org.apache.ibatis.executor.CachingExecutor.query(CachingExecutor.java:90)
	at org.apache.ibatis.session.defaults.DefaultSqlSession.selectList(DefaultSqlSession.java:154)
	at org.apache.ibatis.session.defaults.DefaultSqlSession.selectList(DefaultSqlSession.java:147)
	at org.apache.ibatis.session.defaults.DefaultSqlSession.selectList(DefaultSqlSession.java:142)
	at java.base/jdk.internal.reflect.NativeMethodAccessorImpl.invoke0(Native Method)
	at java.base/jdk.internal.reflect.NativeMethodAccessorImpl.invoke(NativeMethodAccessorImpl.java:77)
	at java.base/jdk.internal.reflect.DelegatingMethodAccessorImpl.invoke(DelegatingMethodAccessorImpl.java:43)
	at java.base/java.lang.reflect.Method.invoke(Method.java:568)
	at org.mybatis.spring.SqlSessionTemplate$SqlSessionInterceptor.invoke(SqlSessionTemplate.java:333)
	at jdk.proxy2/jdk.proxy2.$Proxy95.selectList(Unknown Source)
	at org.mybatis.spring.SqlSessionTemplate.selectList(SqlSessionTemplate.java:194)
	at org.apache.ibatis.binding.MapperMethod.executeForMany(MapperMethod.java:147)
	at org.apache.ibatis.binding.MapperMethod.execute(MapperMethod.java:80)
	at org.apache.ibatis.binding.MapperProxy$PlainMethodInvoker.invoke(MapperProxy.java:141)
	at org.apache.ibatis.binding.MapperProxy.invoke(MapperProxy.java:86)
	at jdk.proxy3/jdk.proxy3.$Proxy123.getCommentList(Unknown Source)
	at java.base/jdk.internal.reflect.NativeMethodAccessorImpl.invoke0(Native Method)
	at java.base/jdk.internal.reflect.NativeMethodAccessorImpl.invoke(NativeMethodAccessorImpl.java:77)
	at java.base/jdk.internal.reflect.DelegatingMethodAccessorImpl.invoke(DelegatingMethodAccessorImpl.java:43)
	at java.base/java.lang.reflect.Method.invoke(Method.java:568)
	at org.springframework.aop.support.AopUtils.invokeJoinpointUsingReflection(AopUtils.java:360)
	at org.springframework.aop.framework.ReflectiveMethodInvocation.invokeJoinpoint(ReflectiveMethodInvocation.java:196)
	at org.springframework.aop.framework.ReflectiveMethodInvocation.proceed(ReflectiveMethodInvocation.java:163)
	at org.springframework.dao.support.PersistenceExceptionTranslationInterceptor.invoke(PersistenceExceptionTranslationInterceptor.java:138)
	at org.springframework.aop.framework.ReflectiveMethodInvocation.proceed(ReflectiveMethodInvocation.java:184)
	at org.springframework.aop.framework.JdkDynamicAopProxy.invoke(JdkDynamicAopProxy.java:223)
	at jdk.proxy3/jdk.proxy3.$Proxy124.getCommentList(Unknown Source)
	at com.sqld_board.sqld.service.board.BoardServiceImpl.getCommentList(BoardServiceImpl.java:290)
	at java.base/jdk.internal.reflect.NativeMethodAccessorImpl.invoke0(Native Method)
	at java.base/jdk.internal.reflect.NativeMethodAccessorImpl.invoke(NativeMethodAccessorImpl.java:77)
	at java.base/jdk.internal.reflect.DelegatingMethodAccessorImpl.invoke(DelegatingMethodAccessorImpl.java:43)
	at java.base/java.lang.reflect.Method.invoke(Method.java:568)
	at org.springframework.aop.support.AopUtils.invokeJoinpointUsingReflection(AopUtils.java:360)
	at org.springframework.aop.framework.ReflectiveMethodInvocation.invokeJoinpoint(ReflectiveMethodInvocation.java:196)
	at org.springframework.aop.framework.ReflectiveMethodInvocation.proceed(ReflectiveMethodInvocation.java:163)
	at org.springframework.transaction.interceptor.TransactionAspectSupport.invokeWithinTransaction(TransactionAspectSupport.java:380)
	at org.springframework.transaction.interceptor.TransactionInterceptor.invoke(TransactionInterceptor.java:119)
	at org.springframework.aop.framework.ReflectiveMethodInvocation.proceed(ReflectiveMethodInvocation.java:184)
	at org.springframework.aop.framework.CglibAopProxy$DynamicAdvisedInterceptor.intercept(CglibAopProxy.java:728)
	at com.sqld_board.sqld.service.board.BoardServiceImpl$$SpringCGLIB$$0.getCommentList(<generated>)
	at com.sqld_board.sqld.controller.board.BoardController.readComment(BoardController.java:140)
	at java.base/jdk.internal.reflect.NativeMethodAccessorImpl.invoke0(Native Method)
	at java.base/jdk.internal.reflect.NativeMethodAccessorImpl.invoke(NativeMethodAccessorImpl.java:77)
	at java.base/jdk.internal.reflect.DelegatingMethodAccessorImpl.invoke(DelegatingMethodAccessorImpl.java:43)
	at java.base/java.lang.reflect.Method.invoke(Method.java:568)
	at org.springframework.web.method.support.InvocableHandlerMethod.doInvoke(InvocableHandlerMethod.java:258)
	at org.springframework.web.method.support.InvocableHandlerMethod.invokeForRequest(InvocableHandlerMethod.java:191)
	at org.springframework.web.servlet.mvc.method.annotation.ServletInvocableHandlerMethod.invokeAndHandle(ServletInvocableHandlerMethod.java:118)
	at org.springframework.web.servlet.mvc.method.annotation.RequestMappingHandlerAdapter.invokeHandlerMethod(RequestMappingHandlerAdapter.java:991)
	at org.springframework.web.servlet.mvc.method.annotation.RequestMappingHandlerAdapter.handleInternal(RequestMappingHandlerAdapter.java:896)
	at org.springframework.web.servlet.mvc.method.AbstractHandlerMethodAdapter.handle(AbstractHandlerMethodAdapter.java:87)
	at org.springframework.web.servlet.DispatcherServlet.doDispatch(DispatcherServlet.java:1089)
	at org.springframework.web.servlet.DispatcherServlet.doService(DispatcherServlet.java:979)
	at org.springframework.web.servlet.FrameworkServlet.processRequest(FrameworkServlet.java:1014)
	at org.springframework.web.servlet.FrameworkServlet.doGet(FrameworkServlet.java:903)
	at jakarta.servlet.http.HttpServlet.service(HttpServlet.java:564)
	at org.springframework.web.servlet.FrameworkServlet.service(FrameworkServlet.java:885)
	at jakarta.servlet.http.HttpServlet.service(HttpServlet.java:658)
	at org.apache.catalina.core.ApplicationFilterChain.internalDoFilter(ApplicationFilterChain.java:195)
	at org.apache.catalina.core.ApplicationFilterChain.doFilter(ApplicationFilterChain.java:140)
	at org.apache.tomcat.websocket.server.WsFilter.doFilter(WsFilter.java:51)
	at org.apache.catalina.core.ApplicationFilterChain.internalDoFilter(ApplicationFilterChain.java:164)
	at org.apache.catalina.core.ApplicationFilterChain.doFilter(ApplicationFilterChain.java:140)
	at org.springframework.web.filter.OncePerRequestFilter.doFilter(OncePerRequestFilter.java:110)
	at org.apache.catalina.core.ApplicationFilterChain.internalDoFilter(ApplicationFilterChain.java:164)
	at org.apache.catalina.core.ApplicationFilterChain.doFilter(ApplicationFilterChain.java:140)
	at org.springframework.web.filter.CompositeFilter$VirtualFilterChain.doFilter(CompositeFilter.java:108)
	at org.springframework.web.filter.CompositeFilter$VirtualFilterChain.doFilter(CompositeFilter.java:108)
	at org.springframework.security.web.FilterChainProxy.lambda$doFilterInternal$3(FilterChainProxy.java:231)
	at org.springframework.security.web.FilterChainProxy$VirtualFilterChain.doFilter(FilterChainProxy.java:365)
	at org.springframework.security.web.access.intercept.AuthorizationFilter.doFilter(AuthorizationFilter.java:101)
	at org.springframework.security.web.FilterChainProxy$VirtualFilterChain.doFilter(FilterChainProxy.java:374)
	at org.springframework.security.web.access.ExceptionTranslationFilter.doFilter(ExceptionTranslationFilter.java:125)
	at org.springframework.security.web.access.ExceptionTranslationFilter.doFilter(ExceptionTranslationFilter.java:119)
	at org.springframework.security.web.FilterChainProxy$VirtualFilterChain.doFilter(FilterChainProxy.java:374)
	at org.springframework.security.web.session.SessionManagementFilter.doFilter(SessionManagementFilter.java:131)
	at org.springframework.security.web.session.SessionManagementFilter.doFilter(SessionManagementFilter.java:85)
	at org.springframework.security.web.FilterChainProxy$VirtualFilterChain.doFilter(FilterChainProxy.java:374)
	at org.springframework.security.web.authentication.AnonymousAuthenticationFilter.doFilter(AnonymousAuthenticationFilter.java:100)
	at org.springframework.security.web.FilterChainProxy$VirtualFilterChain.doFilter(FilterChainProxy.java:374)
	at org.springframework.security.web.servletapi.SecurityContextHolderAwareRequestFilter.doFilter(SecurityContextHolderAwareRequestFilter.java:179)
	at org.springframework.security.web.FilterChainProxy$VirtualFilterChain.doFilter(FilterChainProxy.java:374)
	at org.springframework.security.web.savedrequest.RequestCacheAwareFilter.doFilter(RequestCacheAwareFilter.java:63)
	at org.springframework.security.web.FilterChainProxy$VirtualFilterChain.doFilter(FilterChainProxy.java:374)
	at com.sqld_board.sqld.config.security.JwtAuthenticationFilter.doFilterInternal(JwtAuthenticationFilter.java:62)
	at org.springframework.web.filter.OncePerRequestFilter.doFilter(OncePerRequestFilter.java:116)
	at org.springframework.security.web.FilterChainProxy$VirtualFilterChain.doFilter(FilterChainProxy.java:374)
	at org.springframework.security.web.authentication.logout.LogoutFilter.doFilter(LogoutFilter.java:107)
	at org.springframework.security.web.authentication.logout.LogoutFilter.doFilter(LogoutFilter.java:93)
	at org.springframework.security.web.FilterChainProxy$VirtualFilterChain.doFilter(FilterChainProxy.java:374)
	at org.springframework.web.filter.CorsFilter.doFilterInternal(CorsFilter.java:91)
	at org.springframework.web.filter.OncePerRequestFilter.doFilter(OncePerRequestFilter.java:116)
	at org.springframework.security.web.FilterChainProxy$VirtualFilterChain.doFilter(FilterChainProxy.java:374)
	at org.springframework.security.web.header.HeaderWriterFilter.doHeadersAfter(HeaderWriterFilter.java:90)
	at org.springframework.security.web.header.HeaderWriterFilter.doFilterInternal(HeaderWriterFilter.java:75)
	at org.springframework.web.filter.OncePerRequestFilter.doFilter(OncePerRequestFilter.java:116)
	at org.springframework.security.web.FilterChainProxy$VirtualFilterChain.doFilter(FilterChainProxy.java:374)
	at org.springframework.security.web.context.SecurityContextHolderFilter.doFilter(SecurityContextHolderFilter.java:82)
	at org.springframework.security.web.context.SecurityContextHolderFilter.doFilter(SecurityContextHolderFilter.java:69)
	at org.springframework.security.web.FilterChainProxy$VirtualFilterChain.doFilter(FilterChainProxy.java:374)
	at org.springframework.security.web.context.request.async.WebAsyncManagerIntegrationFilter.doFilterInternal(WebAsyncManagerIntegrationFilter.java:62)
	at org.springframework.web.filter.OncePerRequestFilter.doFilter(OncePerRequestFilter.java:116)
	at org.springframework.security.web.FilterChainProxy$VirtualFilterChain.doFilter(FilterChainProxy.java:374)
	at org.springframework.security.web.session.DisableEncodeUrlFilter.doFilterInternal(DisableEncodeUrlFilter.java:42)
	at org.springframework.web.filter.OncePerRequestFilter.doFilter(OncePerRequestFilter.java:116)
	at org.springframework.security.web.FilterChainProxy$VirtualFilterChain.doFilter(FilterChainProxy.java:374)
	at org.springframework.security.web.FilterChainProxy.doFilterInternal(FilterChainProxy.java:233)
	at org.springframework.security.web.FilterChainProxy.doFilter(FilterChainProxy.java:191)
	at org.springframework.web.filter.CompositeFilter$VirtualFilterChain.doFilter(CompositeFilter.java:113)
	at org.springframework.web.filter.ServletRequestPathFilter.doFilter(ServletRequestPathFilter.java:52)
	at org.springframework.web.filter.CompositeFilter$VirtualFilterChain.doFilter(CompositeFilter.java:113)
	at org.springframework.web.filter.CompositeFilter.doFilter(CompositeFilter.java:74)
	at org.springframework.security.config.annotation.web.configuration.WebSecurityConfiguration$CompositeFilterChainProxy.doFilter(WebSecurityConfiguration.java:319)
	at org.springframework.web.filter.CompositeFilter$VirtualFilterChain.doFilter(CompositeFilter.java:113)
	at org.springframework.web.servlet.handler.HandlerMappingIntrospector.lambda$createCacheFilter$4(HandlerMappingIntrospector.java:267)
	at org.springframework.web.filter.CompositeFilter$VirtualFilterChain.doFilter(CompositeFilter.java:113)
	at org.springframework.web.filter.CompositeFilter.doFilter(CompositeFilter.java:74)
	at org.springframework.security.config.annotation.web.configuration.WebMvcSecurityConfiguration$CompositeFilterChainProxy.doFilter(WebMvcSecurityConfiguration.java:240)
	at org.springframework.web.filter.DelegatingFilterProxy.invokeDelegate(DelegatingFilterProxy.java:362)
	at org.springframework.web.filter.DelegatingFilterProxy.doFilter(DelegatingFilterProxy.java:278)
	at org.apache.catalina.core.ApplicationFilterChain.internalDoFilter(ApplicationFilterChain.java:164)
	at org.apache.catalina.core.ApplicationFilterChain.doFilter(ApplicationFilterChain.java:140)
	at org.springframework.web.filter.RequestContextFilter.doFilterInternal(RequestContextFilter.java:100)
	at org.springframework.web.filter.OncePerRequestFilter.doFilter(OncePerRequestFilter.java:116)
	at org.apache.catalina.core.ApplicationFilterChain.internalDoFilter(ApplicationFilterChain.java:164)
	at org.apache.catalina.core.ApplicationFilterChain.doFilter(ApplicationFilterChain.java:140)
	at org.springframework.web.filter.FormContentFilter.doFilterInternal(FormContentFilter.java:93)
	at org.springframework.web.filter.OncePerRequestFilter.doFilter(OncePerRequestFilter.java:116)
	at org.apache.catalina.core.ApplicationFilterChain.internalDoFilter(ApplicationFilterChain.java:164)
	at org.apache.catalina.core.ApplicationFilterChain.doFilter(ApplicationFilterChain.java:140)
	at org.springframework.web.filter.CharacterEncodingFilter.doFilterInternal(CharacterEncodingFilter.java:201)
	at org.springframework.web.filter.OncePerRequestFilter.doFilter(OncePerRequestFilter.java:116)
	at org.apache.catalina.core.ApplicationFilterChain.internalDoFilter(ApplicationFilterChain.java:164)
	at org.apache.catalina.core.ApplicationFilterChain.doFilter(ApplicationFilterChain.java:140)
	at org.apache.catalina.core.StandardWrapperValve.invoke(StandardWrapperValve.java:167)
	at org.apache.catalina.core.StandardContextValve.invoke(StandardContextValve.java:90)
	at org.apache.catalina.authenticator.AuthenticatorBase.invoke(AuthenticatorBase.java:483)
	at org.apache.catalina.core.StandardHostValve.invoke(StandardHostValve.java:116)
	at org.apache.catalina.valves.ErrorReportValve.invoke(ErrorReportValve.java:93)
	at org.apache.catalina.core.StandardEngineValve.invoke(StandardEngineValve.java:74)
	at org.apache.catalina.connector.CoyoteAdapter.service(CoyoteAdapter.java:344)
	at org.apache.coyote.http11.Http11Processor.service(Http11Processor.java:398)
	at org.apache.coyote.AbstractProcessorLight.process(AbstractProcessorLight.java:63)
	at org.apache.coyote.AbstractProtocol$ConnectionHandler.process(AbstractProtocol.java:903)
	at org.apache.tomcat.util.net.NioEndpoint$SocketProcessor.doRun(NioEndpoint.java:1776)
	at org.apache.tomcat.util.net.SocketProcessorBase.run(SocketProcessorBase.java:52)
	at org.apache.tomcat.util.threads.ThreadPoolExecutor.runWorker(ThreadPoolExecutor.java:975)
	at org.apache.tomcat.util.threads.ThreadPoolExecutor$Worker.run(ThreadPoolExecutor.java:493)
	at org.apache.tomcat.util.threads.TaskThread$WrappingRunnable.run(TaskThread.java:63)
	at java.base/java.lang.Thread.run(Thread.java:840)
[2026-05-11 10:49:10.168] [INFO ] [http-nio-8881-exec-2] jdbc.sqltiming - SELECT /* BoardMapper.getBoardFileList (게시글에 첨부된 파일 리스트 조회) */
               FILE_ID
             , BOARD_ID
             , ORIGIN_NAME
             , SAVE_NAME
             , FILE_PATH
             , FILE_SIZE
             , CREATE_AT
          FROM BOARD_FILE
         WHERE BOARD_ID = 1
 {executed in 29 msec}
[2026-05-11 10:49:10.179] [INFO ] [http-nio-8881-exec-2] jdbc.sqltiming - SELECT COUNT(*)
        FROM BOARD_LIKE
        WHERE BOARD_ID = 1 AND MEMBER_ID = 'MEMBER_20260427_001'
 {executed in 11 msec}
[2026-05-11 10:49:10.187] [INFO ] [http-nio-8881-exec-2] jdbc.sqltiming - SELECT /* BoardMapper.checkBoardScrap (페이지 스크랩 여부  확인) */
               COUNT(*)
          FROM BOARD_SCRAP
         WHERE BOARD_ID = 1
           AND MEMBER_ID = 'MEMBER_20260427_001'
 {executed in 7 msec}
[2026-05-11 10:49:10.230] [INFO ] [http-nio-8881-exec-1] c.s.sqld.exception.ExceptionAdvice - error
org.springframework.jdbc.BadSqlGrammarException: 
### Error querying database.  Cause: java.sql.SQLSyntaxErrorException: Table 'sqld_database.emin' doesn't exist
### The error may exist in file [/Users/minboklee/Downloads/sqld/build/resources/main/mapper/Comment.xml]
### The error may involve defaultParameterMap
### The error occurred while setting parameters
### SQL: SELECT /* commentMapper.getChildCommentCount (자식 대댓글 유무 확인)*/                C.COMMENT_ID              , C.BOARD_ID              , C.MEMBER_ID              , C.USER_ID              , M.USER_NAME              , C.CONTENT              , C.PARENT_COMMENT_ID              , C.LIKE_COUNT              , C.CREATE_AT              , C.UPDATE_AT              , C.DELETE_YN         FROM emin C                  LEFT JOIN MEMBER_INFO M ON C.MEMBER_ID = M.MEMBER_ID         WHERE C.BOARD_ID = ?           AND C.DELETE_YN = 'N'         ORDER BY C.CREATE_AT ASC
### Cause: java.sql.SQLSyntaxErrorException: Table 'sqld_database.emin' doesn't exist
; bad SQL grammar []
	at org.springframework.jdbc.support.SQLErrorCodeSQLExceptionTranslator.doTranslate(SQLErrorCodeSQLExceptionTranslator.java:246)
	at org.springframework.jdbc.support.AbstractFallbackSQLExceptionTranslator.translate(AbstractFallbackSQLExceptionTranslator.java:107)
	at org.mybatis.spring.MyBatisExceptionTranslator.translateExceptionIfPossible(MyBatisExceptionTranslator.java:95)
	at org.mybatis.spring.SqlSessionTemplate$SqlSessionInterceptor.invoke(SqlSessionTemplate.java:347)
	at jdk.proxy2/jdk.proxy2.$Proxy95.selectList(Unknown Source)
	at org.mybatis.spring.SqlSessionTemplate.selectList(SqlSessionTemplate.java:194)
	at org.apache.ibatis.binding.MapperMethod.executeForMany(MapperMethod.java:147)
	at org.apache.ibatis.binding.MapperMethod.execute(MapperMethod.java:80)
	at org.apache.ibatis.binding.MapperProxy$PlainMethodInvoker.invoke(MapperProxy.java:141)
	at org.apache.ibatis.binding.MapperProxy.invoke(MapperProxy.java:86)
	at jdk.proxy3/jdk.proxy3.$Proxy123.getCommentList(Unknown Source)
	at java.base/jdk.internal.reflect.NativeMethodAccessorImpl.invoke0(Native Method)
	at java.base/jdk.internal.reflect.NativeMethodAccessorImpl.invoke(NativeMethodAccessorImpl.java:77)
	at java.base/jdk.internal.reflect.DelegatingMethodAccessorImpl.invoke(DelegatingMethodAccessorImpl.java:43)
	at java.base/java.lang.reflect.Method.invoke(Method.java:568)
	at org.springframework.aop.support.AopUtils.invokeJoinpointUsingReflection(AopUtils.java:360)
	at org.springframework.aop.framework.ReflectiveMethodInvocation.invokeJoinpoint(ReflectiveMethodInvocation.java:196)
	at org.springframework.aop.framework.ReflectiveMethodInvocation.proceed(ReflectiveMethodInvocation.java:163)
	at org.springframework.dao.support.PersistenceExceptionTranslationInterceptor.invoke(PersistenceExceptionTranslationInterceptor.java:138)
	at org.springframework.aop.framework.ReflectiveMethodInvocation.proceed(ReflectiveMethodInvocation.java:184)
	at org.springframework.aop.framework.JdkDynamicAopProxy.invoke(JdkDynamicAopProxy.java:223)
	at jdk.proxy3/jdk.proxy3.$Proxy124.getCommentList(Unknown Source)
	at com.sqld_board.sqld.service.board.BoardServiceImpl.getCommentList(BoardServiceImpl.java:290)
	at java.base/jdk.internal.reflect.NativeMethodAccessorImpl.invoke0(Native Method)
	at java.base/jdk.internal.reflect.NativeMethodAccessorImpl.invoke(NativeMethodAccessorImpl.java:77)
	at java.base/jdk.internal.reflect.DelegatingMethodAccessorImpl.invoke(DelegatingMethodAccessorImpl.java:43)
	at java.base/java.lang.reflect.Method.invoke(Method.java:568)
	at org.springframework.aop.support.AopUtils.invokeJoinpointUsingReflection(AopUtils.java:360)
	at org.springframework.aop.framework.ReflectiveMethodInvocation.invokeJoinpoint(ReflectiveMethodInvocation.java:196)
	at org.springframework.aop.framework.ReflectiveMethodInvocation.proceed(ReflectiveMethodInvocation.java:163)
	at org.springframework.transaction.interceptor.TransactionAspectSupport.invokeWithinTransaction(TransactionAspectSupport.java:380)
	at org.springframework.transaction.interceptor.TransactionInterceptor.invoke(TransactionInterceptor.java:119)
	at org.springframework.aop.framework.ReflectiveMethodInvocation.proceed(ReflectiveMethodInvocation.java:184)
	at org.springframework.aop.framework.CglibAopProxy$DynamicAdvisedInterceptor.intercept(CglibAopProxy.java:728)
	at com.sqld_board.sqld.service.board.BoardServiceImpl$$SpringCGLIB$$0.getCommentList(<generated>)
	at com.sqld_board.sqld.controller.board.BoardController.readComment(BoardController.java:140)
	at java.base/jdk.internal.reflect.NativeMethodAccessorImpl.invoke0(Native Method)
	at java.base/jdk.internal.reflect.NativeMethodAccessorImpl.invoke(NativeMethodAccessorImpl.java:77)
	at java.base/jdk.internal.reflect.DelegatingMethodAccessorImpl.invoke(DelegatingMethodAccessorImpl.java:43)
	at java.base/java.lang.reflect.Method.invoke(Method.java:568)
	at org.springframework.web.method.support.InvocableHandlerMethod.doInvoke(InvocableHandlerMethod.java:258)
	at org.springframework.web.method.support.InvocableHandlerMethod.invokeForRequest(InvocableHandlerMethod.java:191)
	at org.springframework.web.servlet.mvc.method.annotation.ServletInvocableHandlerMethod.invokeAndHandle(ServletInvocableHandlerMethod.java:118)
	at org.springframework.web.servlet.mvc.method.annotation.RequestMappingHandlerAdapter.invokeHandlerMethod(RequestMappingHandlerAdapter.java:991)
	at org.springframework.web.servlet.mvc.method.annotation.RequestMappingHandlerAdapter.handleInternal(RequestMappingHandlerAdapter.java:896)
	at org.springframework.web.servlet.mvc.method.AbstractHandlerMethodAdapter.handle(AbstractHandlerMethodAdapter.java:87)
	at org.springframework.web.servlet.DispatcherServlet.doDispatch(DispatcherServlet.java:1089)
	at org.springframework.web.servlet.DispatcherServlet.doService(DispatcherServlet.java:979)
	at org.springframework.web.servlet.FrameworkServlet.processRequest(FrameworkServlet.java:1014)
	at org.springframework.web.servlet.FrameworkServlet.doGet(FrameworkServlet.java:903)
	at jakarta.servlet.http.HttpServlet.service(HttpServlet.java:564)
	at org.springframework.web.servlet.FrameworkServlet.service(FrameworkServlet.java:885)
	at jakarta.servlet.http.HttpServlet.service(HttpServlet.java:658)
	at org.apache.catalina.core.ApplicationFilterChain.internalDoFilter(ApplicationFilterChain.java:195)
	at org.apache.catalina.core.ApplicationFilterChain.doFilter(ApplicationFilterChain.java:140)
	at org.apache.tomcat.websocket.server.WsFilter.doFilter(WsFilter.java:51)
	at org.apache.catalina.core.ApplicationFilterChain.internalDoFilter(ApplicationFilterChain.java:164)
	at org.apache.catalina.core.ApplicationFilterChain.doFilter(ApplicationFilterChain.java:140)
	at org.springframework.web.filter.OncePerRequestFilter.doFilter(OncePerRequestFilter.java:110)
	at org.apache.catalina.core.ApplicationFilterChain.internalDoFilter(ApplicationFilterChain.java:164)
	at org.apache.catalina.core.ApplicationFilterChain.doFilter(ApplicationFilterChain.java:140)
	at org.springframework.web.filter.CompositeFilter$VirtualFilterChain.doFilter(CompositeFilter.java:108)
	at org.springframework.web.filter.CompositeFilter$VirtualFilterChain.doFilter(CompositeFilter.java:108)
	at org.springframework.security.web.FilterChainProxy.lambda$doFilterInternal$3(FilterChainProxy.java:231)
	at org.springframework.security.web.FilterChainProxy$VirtualFilterChain.doFilter(FilterChainProxy.java:365)
	at org.springframework.security.web.access.intercept.AuthorizationFilter.doFilter(AuthorizationFilter.java:101)
	at org.springframework.security.web.FilterChainProxy$VirtualFilterChain.doFilter(FilterChainProxy.java:374)
	at org.springframework.security.web.access.ExceptionTranslationFilter.doFilter(ExceptionTranslationFilter.java:125)
	at org.springframework.security.web.access.ExceptionTranslationFilter.doFilter(ExceptionTranslationFilter.java:119)
	at org.springframework.security.web.FilterChainProxy$VirtualFilterChain.doFilter(FilterChainProxy.java:374)
	at org.springframework.security.web.session.SessionManagementFilter.doFilter(SessionManagementFilter.java:131)
	at org.springframework.security.web.session.SessionManagementFilter.doFilter(SessionManagementFilter.java:85)
	at org.springframework.security.web.FilterChainProxy$VirtualFilterChain.doFilter(FilterChainProxy.java:374)
	at org.springframework.security.web.authentication.AnonymousAuthenticationFilter.doFilter(AnonymousAuthenticationFilter.java:100)
	at org.springframework.security.web.FilterChainProxy$VirtualFilterChain.doFilter(FilterChainProxy.java:374)
	at org.springframework.security.web.servletapi.SecurityContextHolderAwareRequestFilter.doFilter(SecurityContextHolderAwareRequestFilter.java:179)
	at org.springframework.security.web.FilterChainProxy$VirtualFilterChain.doFilter(FilterChainProxy.java:374)
	at org.springframework.security.web.savedrequest.RequestCacheAwareFilter.doFilter(RequestCacheAwareFilter.java:63)
	at org.springframework.security.web.FilterChainProxy$VirtualFilterChain.doFilter(FilterChainProxy.java:374)
	at com.sqld_board.sqld.config.security.JwtAuthenticationFilter.doFilterInternal(JwtAuthenticationFilter.java:62)
	at org.springframework.web.filter.OncePerRequestFilter.doFilter(OncePerRequestFilter.java:116)
	at org.springframework.security.web.FilterChainProxy$VirtualFilterChain.doFilter(FilterChainProxy.java:374)
	at org.springframework.security.web.authentication.logout.LogoutFilter.doFilter(LogoutFilter.java:107)
	at org.springframework.security.web.authentication.logout.LogoutFilter.doFilter(LogoutFilter.java:93)
	at org.springframework.security.web.FilterChainProxy$VirtualFilterChain.doFilter(FilterChainProxy.java:374)
	at org.springframework.web.filter.CorsFilter.doFilterInternal(CorsFilter.java:91)
	at org.springframework.web.filter.OncePerRequestFilter.doFilter(OncePerRequestFilter.java:116)
	at org.springframework.security.web.FilterChainProxy$VirtualFilterChain.doFilter(FilterChainProxy.java:374)
	at org.springframework.security.web.header.HeaderWriterFilter.doHeadersAfter(HeaderWriterFilter.java:90)
	at org.springframework.security.web.header.HeaderWriterFilter.doFilterInternal(HeaderWriterFilter.java:75)
	at org.springframework.web.filter.OncePerRequestFilter.doFilter(OncePerRequestFilter.java:116)
	at org.springframework.security.web.FilterChainProxy$VirtualFilterChain.doFilter(FilterChainProxy.java:374)
	at org.springframework.security.web.context.SecurityContextHolderFilter.doFilter(SecurityContextHolderFilter.java:82)
	at org.springframework.security.web.context.SecurityContextHolderFilter.doFilter(SecurityContextHolderFilter.java:69)
	at org.springframework.security.web.FilterChainProxy$VirtualFilterChain.doFilter(FilterChainProxy.java:374)
	at org.springframework.security.web.context.request.async.WebAsyncManagerIntegrationFilter.doFilterInternal(WebAsyncManagerIntegrationFilter.java:62)
	at org.springframework.web.filter.OncePerRequestFilter.doFilter(OncePerRequestFilter.java:116)
	at org.springframework.security.web.FilterChainProxy$VirtualFilterChain.doFilter(FilterChainProxy.java:374)
	at org.springframework.security.web.session.DisableEncodeUrlFilter.doFilterInternal(DisableEncodeUrlFilter.java:42)
	at org.springframework.web.filter.OncePerRequestFilter.doFilter(OncePerRequestFilter.java:116)
	at org.springframework.security.web.FilterChainProxy$VirtualFilterChain.doFilter(FilterChainProxy.java:374)
	at org.springframework.security.web.FilterChainProxy.doFilterInternal(FilterChainProxy.java:233)
	at org.springframework.security.web.FilterChainProxy.doFilter(FilterChainProxy.java:191)
	at org.springframework.web.filter.CompositeFilter$VirtualFilterChain.doFilter(CompositeFilter.java:113)
	at org.springframework.web.filter.ServletRequestPathFilter.doFilter(ServletRequestPathFilter.java:52)
	at org.springframework.web.filter.CompositeFilter$VirtualFilterChain.doFilter(CompositeFilter.java:113)
	at org.springframework.web.filter.CompositeFilter.doFilter(CompositeFilter.java:74)
	at org.springframework.security.config.annotation.web.configuration.WebSecurityConfiguration$CompositeFilterChainProxy.doFilter(WebSecurityConfiguration.java:319)
	at org.springframework.web.filter.CompositeFilter$VirtualFilterChain.doFilter(CompositeFilter.java:113)
	at org.springframework.web.servlet.handler.HandlerMappingIntrospector.lambda$createCacheFilter$4(HandlerMappingIntrospector.java:267)
	at org.springframework.web.filter.CompositeFilter$VirtualFilterChain.doFilter(CompositeFilter.java:113)
	at org.springframework.web.filter.CompositeFilter.doFilter(CompositeFilter.java:74)
	at org.springframework.security.config.annotation.web.configuration.WebMvcSecurityConfiguration$CompositeFilterChainProxy.doFilter(WebMvcSecurityConfiguration.java:240)
	at org.springframework.web.filter.DelegatingFilterProxy.invokeDelegate(DelegatingFilterProxy.java:362)
	at org.springframework.web.filter.DelegatingFilterProxy.doFilter(DelegatingFilterProxy.java:278)
	at org.apache.catalina.core.ApplicationFilterChain.internalDoFilter(ApplicationFilterChain.java:164)
	at org.apache.catalina.core.ApplicationFilterChain.doFilter(ApplicationFilterChain.java:140)
	at org.springframework.web.filter.RequestContextFilter.doFilterInternal(RequestContextFilter.java:100)
	at org.springframework.web.filter.OncePerRequestFilter.doFilter(OncePerRequestFilter.java:116)
	at org.apache.catalina.core.ApplicationFilterChain.internalDoFilter(ApplicationFilterChain.java:164)
	at org.apache.catalina.core.ApplicationFilterChain.doFilter(ApplicationFilterChain.java:140)
	at org.springframework.web.filter.FormContentFilter.doFilterInternal(FormContentFilter.java:93)
	at org.springframework.web.filter.OncePerRequestFilter.doFilter(OncePerRequestFilter.java:116)
	at org.apache.catalina.core.ApplicationFilterChain.internalDoFilter(ApplicationFilterChain.java:164)
	at org.apache.catalina.core.ApplicationFilterChain.doFilter(ApplicationFilterChain.java:140)
	at org.springframework.web.filter.CharacterEncodingFilter.doFilterInternal(CharacterEncodingFilter.java:201)
	at org.springframework.web.filter.OncePerRequestFilter.doFilter(OncePerRequestFilter.java:116)
	at org.apache.catalina.core.ApplicationFilterChain.internalDoFilter(ApplicationFilterChain.java:164)
	at org.apache.catalina.core.ApplicationFilterChain.doFilter(ApplicationFilterChain.java:140)
	at org.apache.catalina.core.StandardWrapperValve.invoke(StandardWrapperValve.java:167)
	at org.apache.catalina.core.StandardContextValve.invoke(StandardContextValve.java:90)
	at org.apache.catalina.authenticator.AuthenticatorBase.invoke(AuthenticatorBase.java:483)
	at org.apache.catalina.core.StandardHostValve.invoke(StandardHostValve.java:116)
	at org.apache.catalina.valves.ErrorReportValve.invoke(ErrorReportValve.java:93)
	at org.apache.catalina.core.StandardEngineValve.invoke(StandardEngineValve.java:74)
	at org.apache.catalina.connector.CoyoteAdapter.service(CoyoteAdapter.java:344)
	at org.apache.coyote.http11.Http11Processor.service(Http11Processor.java:398)
	at org.apache.coyote.AbstractProcessorLight.process(AbstractProcessorLight.java:63)
	at org.apache.coyote.AbstractProtocol$ConnectionHandler.process(AbstractProtocol.java:903)
	at org.apache.tomcat.util.net.NioEndpoint$SocketProcessor.doRun(NioEndpoint.java:1776)
	at org.apache.tomcat.util.net.SocketProcessorBase.run(SocketProcessorBase.java:52)
	at org.apache.tomcat.util.threads.ThreadPoolExecutor.runWorker(ThreadPoolExecutor.java:975)
	at org.apache.tomcat.util.threads.ThreadPoolExecutor$Worker.run(ThreadPoolExecutor.java:493)
	at org.apache.tomcat.util.threads.TaskThread$WrappingRunnable.run(TaskThread.java:63)
	at java.base/java.lang.Thread.run(Thread.java:840)
Caused by: java.sql.SQLSyntaxErrorException: Table 'sqld_database.emin' doesn't exist
	at com.mysql.cj.jdbc.exceptions.SQLError.createSQLException(SQLError.java:112)
	at com.mysql.cj.jdbc.exceptions.SQLExceptionsMapping.translateException(SQLExceptionsMapping.java:114)
	at com.mysql.cj.jdbc.ClientPreparedStatement.executeInternal(ClientPreparedStatement.java:988)
	at com.mysql.cj.jdbc.ClientPreparedStatement.execute(ClientPreparedStatement.java:383)
	at net.sf.log4jdbc.sql.jdbcapi.PreparedStatementSpy.execute(PreparedStatementSpy.java:443)
	at com.zaxxer.hikari.pool.ProxyPreparedStatement.execute(ProxyPreparedStatement.java:44)
	at com.zaxxer.hikari.pool.HikariProxyPreparedStatement.execute(HikariProxyPreparedStatement.java)
	at org.apache.ibatis.executor.statement.PreparedStatementHandler.query(PreparedStatementHandler.java:65)
	at org.apache.ibatis.executor.statement.RoutingStatementHandler.query(RoutingStatementHandler.java:80)
	at org.apache.ibatis.executor.SimpleExecutor.doQuery(SimpleExecutor.java:65)
	at org.apache.ibatis.executor.BaseExecutor.queryFromDatabase(BaseExecutor.java:336)
	at org.apache.ibatis.executor.BaseExecutor.query(BaseExecutor.java:158)
	at org.apache.ibatis.executor.CachingExecutor.query(CachingExecutor.java:110)
	at org.apache.ibatis.executor.CachingExecutor.query(CachingExecutor.java:90)
	at org.apache.ibatis.session.defaults.DefaultSqlSession.selectList(DefaultSqlSession.java:154)
	at org.apache.ibatis.session.defaults.DefaultSqlSession.selectList(DefaultSqlSession.java:147)
	at org.apache.ibatis.session.defaults.DefaultSqlSession.selectList(DefaultSqlSession.java:142)
	at java.base/jdk.internal.reflect.NativeMethodAccessorImpl.invoke0(Native Method)
	at java.base/jdk.internal.reflect.NativeMethodAccessorImpl.invoke(NativeMethodAccessorImpl.java:77)
	at java.base/jdk.internal.reflect.DelegatingMethodAccessorImpl.invoke(DelegatingMethodAccessorImpl.java:43)
	at java.base/java.lang.reflect.Method.invoke(Method.java:568)
	at org.mybatis.spring.SqlSessionTemplate$SqlSessionInterceptor.invoke(SqlSessionTemplate.java:333)
	... 141 common frames omitted
[2026-05-11 10:49:10.233] [WARN ] [http-nio-8881-exec-1] o.s.w.s.m.m.a.ExceptionHandlerExceptionResolver - Resolved [org.springframework.jdbc.BadSqlGrammarException: <EOL>### Error querying database.  Cause: java.sql.SQLSyntaxErrorException: Table 'sqld_database.emin' doesn't exist<EOL>### The error may exist in file [/Users/minboklee/Downloads/sqld/build/resources/main/mapper/Comment.xml]<EOL>### The error may involve defaultParameterMap<EOL>### The error occurred while setting parameters<EOL>### SQL: SELECT /* commentMapper.getChildCommentCount (자식 대댓글 유무 확인)*/                C.COMMENT_ID              , C.BOARD_ID              , C.MEMBER_ID              , C.USER_ID              , M.USER_NAME              , C.CONTENT              , C.PARENT_COMMENT_ID              , C.LIKE_COUNT              , C.CREATE_AT              , C.UPDATE_AT              , C.DELETE_YN         FROM emin C                  LEFT JOIN MEMBER_INFO M ON C.MEMBER_ID = M.MEMBER_ID         WHERE C.BOARD_ID = ?           AND C.DELETE_YN = 'N'         ORDER BY C.CREATE_AT ASC<EOL>### Cause: java.sql.SQLSyntaxErrorException: Table 'sqld_database.emin' doesn't exist<EOL>; bad SQL grammar []]
[2026-05-11 10:49:10.279] [INFO ] [http-nio-8881-exec-8] c.s.s.s.w.WebSocketServiceImpl - [Presence] User 관리자 left room OPEN_CHAT
[2026-05-11 10:49:10.283] [INFO ] [http-nio-8881-exec-10] jdbc.sqltiming - SELECT /* MemberMapper.readMemberByMemberId (memberId를 통한 회원 정보 조회) */
               MEMBER_ID
             , USER_ID
             , USER_PASS
             , USER_NAME
             , USER_EMAIL
             , EMAIL_VERIFIED
             , USER_ROLE
             , USER_STATUS
             , PROFILE_IMAGE
             , CREATE_AT
             , UPDATE_AT
             , LAST_LOG_AT
          FROM MEMBER_INFO
        WHERE MEMBER_ID = 'MEMBER_20260427_001'
 {executed in 12 msec}
[2026-05-11 10:49:10.309] [INFO ] [http-nio-8881-exec-3] c.s.s.s.w.WebSocketServiceImpl - [Presence] User 관리자 joined room OPEN_CHAT
[2026-05-11 10:49:10.333] [INFO ] [http-nio-8881-exec-3] c.s.s.c.w.WebSocketEventListener - [Presence] User 관리자 joined room OPEN_CHAT
[2026-05-11 10:49:10.423] [INFO ] [http-nio-8881-exec-8] c.s.s.c.w.WebSocketEventListener - [Presence] Room OPEN_CHAT  updated. Count: 1
[2026-05-11 10:49:10.427] [INFO ] [http-nio-8881-exec-3] c.s.s.c.w.WebSocketEventListener - [Presence] Room OPEN_CHAT  updated. Count: 1
[2026-05-11 10:49:10.435] [INFO ] [redisContainer-2] c.s.s.s.redisConfig.RedisSubscriber - Redis Subscribe - Message Received: {"notiId":null,"senderName":"관리자","type":"QUIT","roomId":"OPEN_CHAT","senderId":"MEMBER_20260427_001","targetId":null,"content":"관리자님이 퇴장하셨습니다.","timestamp":"2026-05-11 10:49:10","targetUrl":null}
[2026-05-11 10:49:10.505] [INFO ] [http-nio-8881-exec-3] c.s.s.c.w.WebSocketEventListener - [Presence] Room OPEN_CHAT  updated. Count: 1
[2026-05-11 10:49:10.826] [INFO ] [clientInboundChannel-1] jdbc.sqltiming - SELECT /* MemberMapper.readMemberByMemberId (memberId를 통한 회원 정보 조회) */
               MEMBER_ID
             , USER_ID
             , USER_PASS
             , USER_NAME
             , USER_EMAIL
             , EMAIL_VERIFIED
             , USER_ROLE
             , USER_STATUS
             , PROFILE_IMAGE
             , CREATE_AT
             , UPDATE_AT
             , LAST_LOG_AT
          FROM MEMBER_INFO
        WHERE MEMBER_ID = 'MEMBER_20260427_001'
 {executed in 13 msec}
[2026-05-11 10:49:10.850] [INFO ] [clientInboundChannel-1] jdbc.sqltiming - INSERT INTO CHAT_MESSAGE( /* WebSocketMapper.insertChatMessage (채팅 저장) */
                    ROOM_ID
                  , SENDER_ID
                  , CONTENT
                  , SEND_TIME
                  , CHAT_TYPE
        )    VALUES(
                    'OPEN_CHAT'
                  , 'MEMBER_20260427_001'
                  , '관리자님이 입장하셨습니다.'
                  , 2026-05-11T10:49:10.828564
                  , 'ENTER'
               )
 {executed in 20 msec}
[2026-05-11 10:49:10.851] [INFO ] [clientInboundChannel-1] jdbc.sqltiming - getGeneratedKeys on query: INSERT INTO CHAT_MESSAGE( /* WebSocketMapper.insertChatMessage (채팅 저장) */
                    ROOM_ID
                  , SENDER_ID
                  , CONTENT
                  , SEND_TIME
                  , CHAT_TYPE
        )    VALUES(
                    'OPEN_CHAT'
                  , 'MEMBER_20260427_001'
                  , '관리자님이 입장하셨습니다.'
                  , 2026-05-11T10:49:10.828564
                  , 'ENTER'
               )
 {executed in 0 msec}
[2026-05-11 10:49:10.852] [INFO ] [clientInboundChannel-1] c.s.s.s.w.WebSocketServiceImpl - JSON Message to Redis: {"notiId":null,"senderName":"관리자","type":"ENTER","roomId":"OPEN_CHAT","senderId":"MEMBER_20260427_001","targetId":null,"content":"관리자님이 입장하셨습니다.","timestamp":"2026-05-11 10:49:10","targetUrl":null}
[2026-05-11 10:49:10.864] [INFO ] [redisContainer-3] c.s.s.s.redisConfig.RedisSubscriber - Redis Subscribe - Message Received: {"notiId":null,"senderName":"관리자","type":"ENTER","roomId":"OPEN_CHAT","senderId":"MEMBER_20260427_001","targetId":null,"content":"관리자님이 입장하셨습니다.","timestamp":"2026-05-11 10:49:10","targetUrl":null}
[2026-05-11 10:49:14.395] [INFO ] [http-nio-8881-exec-1] jdbc.sqltiming - SELECT /* MemberMapper.readMemberByMemberId (memberId를 통한 회원 정보 조회) */
               MEMBER_ID
             , USER_ID
             , USER_PASS
             , USER_NAME
             , USER_EMAIL
             , EMAIL_VERIFIED
             , USER_ROLE
             , USER_STATUS
             , PROFILE_IMAGE
             , CREATE_AT
             , UPDATE_AT
             , LAST_LOG_AT
          FROM MEMBER_INFO
        WHERE MEMBER_ID = 'MEMBER_20260427_001'
 {executed in 13 msec}
[2026-05-11 10:49:14.404] [INFO ] [http-nio-8881-exec-2] jdbc.sqltiming - SELECT /* MemberMapper.readMemberByMemberId (memberId를 통한 회원 정보 조회) */
               MEMBER_ID
             , USER_ID
             , USER_PASS
             , USER_NAME
             , USER_EMAIL
             , EMAIL_VERIFIED
             , USER_ROLE
             , USER_STATUS
             , PROFILE_IMAGE
             , CREATE_AT
             , UPDATE_AT
             , LAST_LOG_AT
          FROM MEMBER_INFO
        WHERE MEMBER_ID = 'MEMBER_20260427_001'
 {executed in 13 msec}
[2026-05-11 10:49:14.404] [INFO ] [http-nio-8881-exec-7] jdbc.sqltiming - SELECT /* MemberMapper.readMemberByMemberId (memberId를 통한 회원 정보 조회) */
               MEMBER_ID
             , USER_ID
             , USER_PASS
             , USER_NAME
             , USER_EMAIL
             , EMAIL_VERIFIED
             , USER_ROLE
             , USER_STATUS
             , PROFILE_IMAGE
             , CREATE_AT
             , UPDATE_AT
             , LAST_LOG_AT
          FROM MEMBER_INFO
        WHERE MEMBER_ID = 'MEMBER_20260427_001'
 {executed in 13 msec}
[2026-05-11 10:49:14.429] [INFO ] [http-nio-8881-exec-2] jdbc.sqltiming - SELECT /* BoardMapper.getBoardListWithPaging (페이징 처리된 게시판 목록 조회 (지연 조인 최적화 적용)) */
               B.BOARD_ID
             , B.TITLE
             , B.CONTENT
             , M.USER_ID
             , M.USER_NAME
             , B.MEMBER_ID
             , B.BOARD_CODE
             , B.CATEGORY_ID
             , B.VIEW_COUNT
             , B.LIKE_COUNT
             ,(SELECT COUNT(*)
                 FROM COMMENT_MANAGEMENT CM
                 WHERE CM.BOARD_ID = B.BOARD_ID
                   AND CM.DELETE_YN = 'N') AS commentCount /* 댓글 작성 수 */
             , M.PROFILE_IMAGE
             , B.CREATE_AT
             , B.UPDATE_AT
             , B.TAG_NAME
          FROM BOARD B
    INNER JOIN ( /* 인덱스만 사용하여 필요한 ID들만 빠르게 추출 */
                SELECT BOARD_ID
                  FROM BOARD
             WHERE DELETE_YN = 'N'

                    AND BOARD_CODE = 'B_SQLD_01' 
            ORDER BY CREATE_AT DESC
            LIMIT 10 OFFSET 0
        ) AS temp ON B.BOARD_ID = temp.BOARD_ID
        LEFT JOIN MEMBER_INFO M ON B.MEMBER_ID = M.MEMBER_ID
        ORDER BY B.CREATE_AT DESC
 {executed in 9 msec}
[2026-05-11 10:49:14.429] [INFO ] [http-nio-8881-exec-7] jdbc.sqltiming - SELECT /* BoardMapper.getBoardListWithPaging (페이징 처리된 게시판 목록 조회 (지연 조인 최적화 적용)) */
               B.BOARD_ID
             , B.TITLE
             , B.CONTENT
             , M.USER_ID
             , M.USER_NAME
             , B.MEMBER_ID
             , B.BOARD_CODE
             , B.CATEGORY_ID
             , B.VIEW_COUNT
             , B.LIKE_COUNT
             ,(SELECT COUNT(*)
                 FROM COMMENT_MANAGEMENT CM
                 WHERE CM.BOARD_ID = B.BOARD_ID
                   AND CM.DELETE_YN = 'N') AS commentCount /* 댓글 작성 수 */
             , M.PROFILE_IMAGE
             , B.CREATE_AT
             , B.UPDATE_AT
             , B.TAG_NAME
          FROM BOARD B
    INNER JOIN ( /* 인덱스만 사용하여 필요한 ID들만 빠르게 추출 */
                SELECT BOARD_ID
                  FROM BOARD
             WHERE DELETE_YN = 'N'

                    AND BOARD_CODE = 'S' 
            ORDER BY CREATE_AT DESC
            LIMIT 30 OFFSET 0
        ) AS temp ON B.BOARD_ID = temp.BOARD_ID
        LEFT JOIN MEMBER_INFO M ON B.MEMBER_ID = M.MEMBER_ID
        ORDER BY B.CREATE_AT DESC
 {executed in 9 msec}
[2026-05-11 10:49:14.441] [INFO ] [http-nio-8881-exec-2] jdbc.sqltiming - SELECT /* BoardMapper.getgetBoardTotalCount (게시글 총 개수 조회) */
               COUNT(*)
          FROM BOARD
         WHERE DELETE_YN = 'N'

                AND BOARD_CODE = 'B_SQLD_01'
 {executed in 11 msec}
[2026-05-11 10:49:14.441] [INFO ] [http-nio-8881-exec-7] jdbc.sqltiming - SELECT /* BoardMapper.getgetBoardTotalCount (게시글 총 개수 조회) */
               COUNT(*)
          FROM BOARD
         WHERE DELETE_YN = 'N'

                AND BOARD_CODE = 'S'
 {executed in 11 msec}
[2026-05-11 10:49:15.319] [INFO ] [http-nio-8881-exec-3] jdbc.sqltiming - SELECT /* MemberMapper.readMemberByMemberId (memberId를 통한 회원 정보 조회) */
               MEMBER_ID
             , USER_ID
             , USER_PASS
             , USER_NAME
             , USER_EMAIL
             , EMAIL_VERIFIED
             , USER_ROLE
             , USER_STATUS
             , PROFILE_IMAGE
             , CREATE_AT
             , UPDATE_AT
             , LAST_LOG_AT
          FROM MEMBER_INFO
        WHERE MEMBER_ID = 'MEMBER_20260427_001'
 {executed in 16 msec}
[2026-05-11 10:49:15.328] [INFO ] [http-nio-8881-exec-9] c.s.s.s.w.WebSocketServiceImpl - [Presence] User 관리자 left room OPEN_CHAT
[2026-05-11 10:49:15.365] [INFO ] [http-nio-8881-exec-4] c.s.s.s.w.WebSocketServiceImpl - [Presence] User 관리자 joined room OPEN_CHAT
[2026-05-11 10:49:15.393] [INFO ] [http-nio-8881-exec-4] c.s.s.c.w.WebSocketEventListener - [Presence] User 관리자 joined room OPEN_CHAT
[2026-05-11 10:49:15.433] [INFO ] [http-nio-8881-exec-9] c.s.s.c.w.WebSocketEventListener - [Presence] Room OPEN_CHAT  updated. Count: 1
[2026-05-11 10:49:15.436] [INFO ] [http-nio-8881-exec-2] jdbc.sqltiming - SELECT /* MemberMapper.readMemberByMemberId (memberId를 통한 회원 정보 조회) */
               MEMBER_ID
             , USER_ID
             , USER_PASS
             , USER_NAME
             , USER_EMAIL
             , EMAIL_VERIFIED
             , USER_ROLE
             , USER_STATUS
             , PROFILE_IMAGE
             , CREATE_AT
             , UPDATE_AT
             , LAST_LOG_AT
          FROM MEMBER_INFO
        WHERE MEMBER_ID = 'MEMBER_20260427_001'
 {executed in 11 msec}
[2026-05-11 10:49:15.443] [INFO ] [http-nio-8881-exec-1] jdbc.sqltiming - SELECT /* MemberMapper.readMemberByMemberId (memberId를 통한 회원 정보 조회) */
               MEMBER_ID
             , USER_ID
             , USER_PASS
             , USER_NAME
             , USER_EMAIL
             , EMAIL_VERIFIED
             , USER_ROLE
             , USER_STATUS
             , PROFILE_IMAGE
             , CREATE_AT
             , UPDATE_AT
             , LAST_LOG_AT
          FROM MEMBER_INFO
        WHERE MEMBER_ID = 'MEMBER_20260427_001'
 {executed in 9 msec}
[2026-05-11 10:49:15.444] [INFO ] [http-nio-8881-exec-7] jdbc.sqltiming - SELECT /* MemberMapper.readMemberByMemberId (memberId를 통한 회원 정보 조회) */
               MEMBER_ID
             , USER_ID
             , USER_PASS
             , USER_NAME
             , USER_EMAIL
             , EMAIL_VERIFIED
             , USER_ROLE
             , USER_STATUS
             , PROFILE_IMAGE
             , CREATE_AT
             , UPDATE_AT
             , LAST_LOG_AT
          FROM MEMBER_INFO
        WHERE MEMBER_ID = 'MEMBER_20260427_001'
 {executed in 10 msec}
[2026-05-11 10:49:15.444] [INFO ] [redisContainer-4] c.s.s.s.redisConfig.RedisSubscriber - Redis Subscribe - Message Received: {"notiId":null,"senderName":"관리자","type":"QUIT","roomId":"OPEN_CHAT","senderId":"MEMBER_20260427_001","targetId":null,"content":"관리자님이 퇴장하셨습니다.","timestamp":"2026-05-11 10:49:15","targetUrl":null}
[2026-05-11 10:49:15.458] [INFO ] [http-nio-8881-exec-2] jdbc.sqltiming - SELECT /* BoardMapper.getBoardListWithPaging (페이징 처리된 게시판 목록 조회 (지연 조인 최적화 적용)) */
               B.BOARD_ID
             , B.TITLE
             , B.CONTENT
             , M.USER_ID
             , M.USER_NAME
             , B.MEMBER_ID
             , B.BOARD_CODE
             , B.CATEGORY_ID
             , B.VIEW_COUNT
             , B.LIKE_COUNT
             ,(SELECT COUNT(*)
                 FROM COMMENT_MANAGEMENT CM
                 WHERE CM.BOARD_ID = B.BOARD_ID
                   AND CM.DELETE_YN = 'N') AS commentCount /* 댓글 작성 수 */
             , M.PROFILE_IMAGE
             , B.CREATE_AT
             , B.UPDATE_AT
             , B.TAG_NAME
          FROM BOARD B
    INNER JOIN ( /* 인덱스만 사용하여 필요한 ID들만 빠르게 추출 */
                SELECT BOARD_ID
                  FROM BOARD
             WHERE DELETE_YN = 'N'

                    AND BOARD_CODE = 'S' 
            ORDER BY CREATE_AT DESC
            LIMIT 30 OFFSET 0
        ) AS temp ON B.BOARD_ID = temp.BOARD_ID
        LEFT JOIN MEMBER_INFO M ON B.MEMBER_ID = M.MEMBER_ID
        ORDER BY B.CREATE_AT DESC
 {executed in 8 msec}
[2026-05-11 10:49:15.463] [INFO ] [http-nio-8881-exec-4] c.s.s.c.w.WebSocketEventListener - [Presence] Room OPEN_CHAT  updated. Count: 1
[2026-05-11 10:49:15.466] [INFO ] [http-nio-8881-exec-2] jdbc.sqltiming - SELECT /* BoardMapper.getgetBoardTotalCount (게시글 총 개수 조회) */
               COUNT(*)
          FROM BOARD
         WHERE DELETE_YN = 'N'

                AND BOARD_CODE = 'S'
 {executed in 7 msec}
[2026-05-11 10:49:15.466] [INFO ] [http-nio-8881-exec-1] jdbc.sqltiming - SELECT /* BoardMapper.getBoardListWithPaging (페이징 처리된 게시판 목록 조회 (지연 조인 최적화 적용)) */
               B.BOARD_ID
             , B.TITLE
             , B.CONTENT
             , M.USER_ID
             , M.USER_NAME
             , B.MEMBER_ID
             , B.BOARD_CODE
             , B.CATEGORY_ID
             , B.VIEW_COUNT
             , B.LIKE_COUNT
             ,(SELECT COUNT(*)
                 FROM COMMENT_MANAGEMENT CM
                 WHERE CM.BOARD_ID = B.BOARD_ID
                   AND CM.DELETE_YN = 'N') AS commentCount /* 댓글 작성 수 */
             , M.PROFILE_IMAGE
             , B.CREATE_AT
             , B.UPDATE_AT
             , B.TAG_NAME
          FROM BOARD B
    INNER JOIN ( /* 인덱스만 사용하여 필요한 ID들만 빠르게 추출 */
                SELECT BOARD_ID
                  FROM BOARD
             WHERE DELETE_YN = 'N'

                    AND BOARD_CODE = 'B_NOTICE_01' 
            ORDER BY CREATE_AT DESC
            LIMIT 10 OFFSET 0
        ) AS temp ON B.BOARD_ID = temp.BOARD_ID
        LEFT JOIN MEMBER_INFO M ON B.MEMBER_ID = M.MEMBER_ID
        ORDER BY B.CREATE_AT DESC
 {executed in 9 msec}
[2026-05-11 10:49:15.484] [INFO ] [http-nio-8881-exec-1] jdbc.sqltiming - SELECT /* BoardMapper.getgetBoardTotalCount (게시글 총 개수 조회) */
               COUNT(*)
          FROM BOARD
         WHERE DELETE_YN = 'N'

                AND BOARD_CODE = 'B_NOTICE_01'
 {executed in 9 msec}
[2026-05-11 10:49:15.552] [INFO ] [http-nio-8881-exec-4] c.s.s.c.w.WebSocketEventListener - [Presence] Room OPEN_CHAT  updated. Count: 1
[2026-05-11 10:49:15.871] [INFO ] [clientInboundChannel-3] jdbc.sqltiming - SELECT /* MemberMapper.readMemberByMemberId (memberId를 통한 회원 정보 조회) */
               MEMBER_ID
             , USER_ID
             , USER_PASS
             , USER_NAME
             , USER_EMAIL
             , EMAIL_VERIFIED
             , USER_ROLE
             , USER_STATUS
             , PROFILE_IMAGE
             , CREATE_AT
             , UPDATE_AT
             , LAST_LOG_AT
          FROM MEMBER_INFO
        WHERE MEMBER_ID = 'MEMBER_20260427_001'
 {executed in 19 msec}
[2026-05-11 10:49:15.893] [INFO ] [clientInboundChannel-3] jdbc.sqltiming - INSERT INTO CHAT_MESSAGE( /* WebSocketMapper.insertChatMessage (채팅 저장) */
                    ROOM_ID
                  , SENDER_ID
                  , CONTENT
                  , SEND_TIME
                  , CHAT_TYPE
        )    VALUES(
                    'OPEN_CHAT'
                  , 'MEMBER_20260427_001'
                  , '관리자님이 입장하셨습니다.'
                  , 2026-05-11T10:49:15.872923
                  , 'ENTER'
               )
 {executed in 20 msec}
[2026-05-11 10:49:15.894] [INFO ] [clientInboundChannel-3] jdbc.sqltiming - getGeneratedKeys on query: INSERT INTO CHAT_MESSAGE( /* WebSocketMapper.insertChatMessage (채팅 저장) */
                    ROOM_ID
                  , SENDER_ID
                  , CONTENT
                  , SEND_TIME
                  , CHAT_TYPE
        )    VALUES(
                    'OPEN_CHAT'
                  , 'MEMBER_20260427_001'
                  , '관리자님이 입장하셨습니다.'
                  , 2026-05-11T10:49:15.872923
                  , 'ENTER'
               )
 {executed in 0 msec}
[2026-05-11 10:49:15.895] [INFO ] [clientInboundChannel-3] c.s.s.s.w.WebSocketServiceImpl - JSON Message to Redis: {"notiId":null,"senderName":"관리자","type":"ENTER","roomId":"OPEN_CHAT","senderId":"MEMBER_20260427_001","targetId":null,"content":"관리자님이 입장하셨습니다.","timestamp":"2026-05-11 10:49:15","targetUrl":null}
[2026-05-11 10:49:15.904] [INFO ] [redisContainer-5] c.s.s.s.redisConfig.RedisSubscriber - Redis Subscribe - Message Received: {"notiId":null,"senderName":"관리자","type":"ENTER","roomId":"OPEN_CHAT","senderId":"MEMBER_20260427_001","targetId":null,"content":"관리자님이 입장하셨습니다.","timestamp":"2026-05-11 10:49:15","targetUrl":null}
[2026-05-11 10:49:16.517] [INFO ] [http-nio-8881-exec-6] jdbc.sqltiming - SELECT /* MemberMapper.readMemberByMemberId (memberId를 통한 회원 정보 조회) */
               MEMBER_ID
             , USER_ID
             , USER_PASS
             , USER_NAME
             , USER_EMAIL
             , EMAIL_VERIFIED
             , USER_ROLE
             , USER_STATUS
             , PROFILE_IMAGE
             , CREATE_AT
             , UPDATE_AT
             , LAST_LOG_AT
          FROM MEMBER_INFO
        WHERE MEMBER_ID = 'MEMBER_20260427_001'
 {executed in 13 msec}
[2026-05-11 10:49:16.517] [INFO ] [http-nio-8881-exec-10] jdbc.sqltiming - SELECT /* MemberMapper.readMemberByMemberId (memberId를 통한 회원 정보 조회) */
               MEMBER_ID
             , USER_ID
             , USER_PASS
             , USER_NAME
             , USER_EMAIL
             , EMAIL_VERIFIED
             , USER_ROLE
             , USER_STATUS
             , PROFILE_IMAGE
             , CREATE_AT
             , UPDATE_AT
             , LAST_LOG_AT
          FROM MEMBER_INFO
        WHERE MEMBER_ID = 'MEMBER_20260427_001'
 {executed in 13 msec}
[2026-05-11 10:49:16.517] [INFO ] [http-nio-8881-exec-8] jdbc.sqltiming - SELECT /* MemberMapper.readMemberByMemberId (memberId를 통한 회원 정보 조회) */
               MEMBER_ID
             , USER_ID
             , USER_PASS
             , USER_NAME
             , USER_EMAIL
             , EMAIL_VERIFIED
             , USER_ROLE
             , USER_STATUS
             , PROFILE_IMAGE
             , CREATE_AT
             , UPDATE_AT
             , LAST_LOG_AT
          FROM MEMBER_INFO
        WHERE MEMBER_ID = 'MEMBER_20260427_001'
 {executed in 13 msec}
[2026-05-11 10:49:16.540] [INFO ] [http-nio-8881-exec-6] jdbc.sqltiming - SELECT /* BoardMapper.getBoardListWithPaging (페이징 처리된 게시판 목록 조회 (지연 조인 최적화 적용)) */
               B.BOARD_ID
             , B.TITLE
             , B.CONTENT
             , M.USER_ID
             , M.USER_NAME
             , B.MEMBER_ID
             , B.BOARD_CODE
             , B.CATEGORY_ID
             , B.VIEW_COUNT
             , B.LIKE_COUNT
             ,(SELECT COUNT(*)
                 FROM COMMENT_MANAGEMENT CM
                 WHERE CM.BOARD_ID = B.BOARD_ID
                   AND CM.DELETE_YN = 'N') AS commentCount /* 댓글 작성 수 */
             , M.PROFILE_IMAGE
             , B.CREATE_AT
             , B.UPDATE_AT
             , B.TAG_NAME
          FROM BOARD B
    INNER JOIN ( /* 인덱스만 사용하여 필요한 ID들만 빠르게 추출 */
                SELECT BOARD_ID
                  FROM BOARD
             WHERE DELETE_YN = 'N'

                    AND BOARD_CODE = 'B_GREETING_01' 
            ORDER BY CREATE_AT DESC
            LIMIT 10 OFFSET 0
        ) AS temp ON B.BOARD_ID = temp.BOARD_ID
        LEFT JOIN MEMBER_INFO M ON B.MEMBER_ID = M.MEMBER_ID
        ORDER BY B.CREATE_AT DESC
 {executed in 12 msec}
[2026-05-11 10:49:16.540] [INFO ] [http-nio-8881-exec-8] jdbc.sqltiming - SELECT /* BoardMapper.getBoardListWithPaging (페이징 처리된 게시판 목록 조회 (지연 조인 최적화 적용)) */
               B.BOARD_ID
             , B.TITLE
             , B.CONTENT
             , M.USER_ID
             , M.USER_NAME
             , B.MEMBER_ID
             , B.BOARD_CODE
             , B.CATEGORY_ID
             , B.VIEW_COUNT
             , B.LIKE_COUNT
             ,(SELECT COUNT(*)
                 FROM COMMENT_MANAGEMENT CM
                 WHERE CM.BOARD_ID = B.BOARD_ID
                   AND CM.DELETE_YN = 'N') AS commentCount /* 댓글 작성 수 */
             , M.PROFILE_IMAGE
             , B.CREATE_AT
             , B.UPDATE_AT
             , B.TAG_NAME
          FROM BOARD B
    INNER JOIN ( /* 인덱스만 사용하여 필요한 ID들만 빠르게 추출 */
                SELECT BOARD_ID
                  FROM BOARD
             WHERE DELETE_YN = 'N'

                    AND BOARD_CODE = 'S' 
            ORDER BY CREATE_AT DESC
            LIMIT 30 OFFSET 0
        ) AS temp ON B.BOARD_ID = temp.BOARD_ID
        LEFT JOIN MEMBER_INFO M ON B.MEMBER_ID = M.MEMBER_ID
        ORDER BY B.CREATE_AT DESC
 {executed in 12 msec}
[2026-05-11 10:49:16.551] [INFO ] [http-nio-8881-exec-6] jdbc.sqltiming - SELECT /* BoardMapper.getgetBoardTotalCount (게시글 총 개수 조회) */
               COUNT(*)
          FROM BOARD
         WHERE DELETE_YN = 'N'

                AND BOARD_CODE = 'B_GREETING_01'
 {executed in 10 msec}
[2026-05-11 10:49:16.551] [INFO ] [http-nio-8881-exec-8] jdbc.sqltiming - SELECT /* BoardMapper.getgetBoardTotalCount (게시글 총 개수 조회) */
               COUNT(*)
          FROM BOARD
         WHERE DELETE_YN = 'N'

                AND BOARD_CODE = 'S'
 {executed in 10 msec}
[2026-05-11 10:49:17.276] [INFO ] [http-nio-8881-exec-3] jdbc.sqltiming - SELECT /* MemberMapper.readMemberByMemberId (memberId를 통한 회원 정보 조회) */
               MEMBER_ID
             , USER_ID
             , USER_PASS
             , USER_NAME
             , USER_EMAIL
             , EMAIL_VERIFIED
             , USER_ROLE
             , USER_STATUS
             , PROFILE_IMAGE
             , CREATE_AT
             , UPDATE_AT
             , LAST_LOG_AT
          FROM MEMBER_INFO
        WHERE MEMBER_ID = 'MEMBER_20260427_001'
 {executed in 12 msec}
[2026-05-11 10:49:17.320] [INFO ] [http-nio-8881-exec-3] jdbc.sqltiming - SELECT /* AdminMapper.getMemberList */
               MEMBER_ID
             , USER_ID
             , USER_PASS
             , USER_NAME
             , USER_EMAIL
             , EMAIL_VERIFIED
             , USER_ROLE
             , USER_STATUS
             , PROFILE_IMAGE
             , CREATE_AT
             , UPDATE_AT
             , LAST_LOG_AT
          FROM MEMBER_INFO
         WHERE USER_ROLE != 'SUPER_ADMIN'
         ORDER BY CREATE_AT DESC
 {executed in 11 msec}
[2026-05-11 10:49:17.981] [INFO ] [http-nio-8881-exec-7] jdbc.sqltiming - SELECT /* MemberMapper.readMemberByMemberId (memberId를 통한 회원 정보 조회) */
               MEMBER_ID
             , USER_ID
             , USER_PASS
             , USER_NAME
             , USER_EMAIL
             , EMAIL_VERIFIED
             , USER_ROLE
             , USER_STATUS
             , PROFILE_IMAGE
             , CREATE_AT
             , UPDATE_AT
             , LAST_LOG_AT
          FROM MEMBER_INFO
        WHERE MEMBER_ID = 'MEMBER_20260427_001'
 {executed in 19 msec}
[2026-05-11 10:49:17.989] [INFO ] [http-nio-8881-exec-9] jdbc.sqltiming - SELECT /* MemberMapper.readMemberByMemberId (memberId를 통한 회원 정보 조회) */
               MEMBER_ID
             , USER_ID
             , USER_PASS
             , USER_NAME
             , USER_EMAIL
             , EMAIL_VERIFIED
             , USER_ROLE
             , USER_STATUS
             , PROFILE_IMAGE
             , CREATE_AT
             , UPDATE_AT
             , LAST_LOG_AT
          FROM MEMBER_INFO
        WHERE MEMBER_ID = 'MEMBER_20260427_001'
 {executed in 9 msec}
[2026-05-11 10:49:17.989] [INFO ] [http-nio-8881-exec-2] jdbc.sqltiming - SELECT /* MemberMapper.readMemberByMemberId (memberId를 통한 회원 정보 조회) */
               MEMBER_ID
             , USER_ID
             , USER_PASS
             , USER_NAME
             , USER_EMAIL
             , EMAIL_VERIFIED
             , USER_ROLE
             , USER_STATUS
             , PROFILE_IMAGE
             , CREATE_AT
             , UPDATE_AT
             , LAST_LOG_AT
          FROM MEMBER_INFO
        WHERE MEMBER_ID = 'MEMBER_20260427_001'
 {executed in 12 msec}
[2026-05-11 10:49:18.016] [INFO ] [http-nio-8881-exec-9] jdbc.sqltiming - SELECT /* BoardMapper.getBoardListWithPaging (페이징 처리된 게시판 목록 조회 (지연 조인 최적화 적용)) */
               B.BOARD_ID
             , B.TITLE
             , B.CONTENT
             , M.USER_ID
             , M.USER_NAME
             , B.MEMBER_ID
             , B.BOARD_CODE
             , B.CATEGORY_ID
             , B.VIEW_COUNT
             , B.LIKE_COUNT
             ,(SELECT COUNT(*)
                 FROM COMMENT_MANAGEMENT CM
                 WHERE CM.BOARD_ID = B.BOARD_ID
                   AND CM.DELETE_YN = 'N') AS commentCount /* 댓글 작성 수 */
             , M.PROFILE_IMAGE
             , B.CREATE_AT
             , B.UPDATE_AT
             , B.TAG_NAME
          FROM BOARD B
    INNER JOIN ( /* 인덱스만 사용하여 필요한 ID들만 빠르게 추출 */
                SELECT BOARD_ID
                  FROM BOARD
             WHERE DELETE_YN = 'N'

                    AND BOARD_CODE = 'B_GREETING_01' 
            ORDER BY CREATE_AT DESC
            LIMIT 10 OFFSET 0
        ) AS temp ON B.BOARD_ID = temp.BOARD_ID
        LEFT JOIN MEMBER_INFO M ON B.MEMBER_ID = M.MEMBER_ID
        ORDER BY B.CREATE_AT DESC
 {executed in 13 msec}
[2026-05-11 10:49:18.020] [INFO ] [http-nio-8881-exec-2] jdbc.sqltiming - SELECT /* BoardMapper.getBoardListWithPaging (페이징 처리된 게시판 목록 조회 (지연 조인 최적화 적용)) */
               B.BOARD_ID
             , B.TITLE
             , B.CONTENT
             , M.USER_ID
             , M.USER_NAME
             , B.MEMBER_ID
             , B.BOARD_CODE
             , B.CATEGORY_ID
             , B.VIEW_COUNT
             , B.LIKE_COUNT
             ,(SELECT COUNT(*)
                 FROM COMMENT_MANAGEMENT CM
                 WHERE CM.BOARD_ID = B.BOARD_ID
                   AND CM.DELETE_YN = 'N') AS commentCount /* 댓글 작성 수 */
             , M.PROFILE_IMAGE
             , B.CREATE_AT
             , B.UPDATE_AT
             , B.TAG_NAME
          FROM BOARD B
    INNER JOIN ( /* 인덱스만 사용하여 필요한 ID들만 빠르게 추출 */
                SELECT BOARD_ID
                  FROM BOARD
             WHERE DELETE_YN = 'N'

                    AND BOARD_CODE = 'S' 
            ORDER BY CREATE_AT DESC
            LIMIT 30 OFFSET 0
        ) AS temp ON B.BOARD_ID = temp.BOARD_ID
        LEFT JOIN MEMBER_INFO M ON B.MEMBER_ID = M.MEMBER_ID
        ORDER BY B.CREATE_AT DESC
 {executed in 16 msec}
[2026-05-11 10:49:18.031] [INFO ] [http-nio-8881-exec-9] jdbc.sqltiming - SELECT /* BoardMapper.getgetBoardTotalCount (게시글 총 개수 조회) */
               COUNT(*)
          FROM BOARD
         WHERE DELETE_YN = 'N'

                AND BOARD_CODE = 'B_GREETING_01'
 {executed in 13 msec}
[2026-05-11 10:49:18.033] [INFO ] [http-nio-8881-exec-2] jdbc.sqltiming - SELECT /* BoardMapper.getgetBoardTotalCount (게시글 총 개수 조회) */
               COUNT(*)
          FROM BOARD
         WHERE DELETE_YN = 'N'

                AND BOARD_CODE = 'S'
 {executed in 12 msec}
[2026-05-11 10:49:18.636] [INFO ] [http-nio-8881-exec-1] jdbc.sqltiming - SELECT /* MemberMapper.readMemberByMemberId (memberId를 통한 회원 정보 조회) */
               MEMBER_ID
             , USER_ID
             , USER_PASS
             , USER_NAME
             , USER_EMAIL
             , EMAIL_VERIFIED
             , USER_ROLE
             , USER_STATUS
             , PROFILE_IMAGE
             , CREATE_AT
             , UPDATE_AT
             , LAST_LOG_AT
          FROM MEMBER_INFO
        WHERE MEMBER_ID = 'MEMBER_20260427_001'
 {executed in 10 msec}
[2026-05-11 10:49:18.636] [INFO ] [http-nio-8881-exec-5] jdbc.sqltiming - SELECT /* MemberMapper.readMemberByMemberId (memberId를 통한 회원 정보 조회) */
               MEMBER_ID
             , USER_ID
             , USER_PASS
             , USER_NAME
             , USER_EMAIL
             , EMAIL_VERIFIED
             , USER_ROLE
             , USER_STATUS
             , PROFILE_IMAGE
             , CREATE_AT
             , UPDATE_AT
             , LAST_LOG_AT
          FROM MEMBER_INFO
        WHERE MEMBER_ID = 'MEMBER_20260427_001'
 {executed in 9 msec}
[2026-05-11 10:49:18.637] [INFO ] [http-nio-8881-exec-4] jdbc.sqltiming - SELECT /* MemberMapper.readMemberByMemberId (memberId를 통한 회원 정보 조회) */
               MEMBER_ID
             , USER_ID
             , USER_PASS
             , USER_NAME
             , USER_EMAIL
             , EMAIL_VERIFIED
             , USER_ROLE
             , USER_STATUS
             , PROFILE_IMAGE
             , CREATE_AT
             , UPDATE_AT
             , LAST_LOG_AT
          FROM MEMBER_INFO
        WHERE MEMBER_ID = 'MEMBER_20260427_001'
 {executed in 11 msec}
[2026-05-11 10:49:18.664] [INFO ] [http-nio-8881-exec-5] jdbc.sqltiming - SELECT /* BoardMapper.getBoardListWithPaging (페이징 처리된 게시판 목록 조회 (지연 조인 최적화 적용)) */
               B.BOARD_ID
             , B.TITLE
             , B.CONTENT
             , M.USER_ID
             , M.USER_NAME
             , B.MEMBER_ID
             , B.BOARD_CODE
             , B.CATEGORY_ID
             , B.VIEW_COUNT
             , B.LIKE_COUNT
             ,(SELECT COUNT(*)
                 FROM COMMENT_MANAGEMENT CM
                 WHERE CM.BOARD_ID = B.BOARD_ID
                   AND CM.DELETE_YN = 'N') AS commentCount /* 댓글 작성 수 */
             , M.PROFILE_IMAGE
             , B.CREATE_AT
             , B.UPDATE_AT
             , B.TAG_NAME
          FROM BOARD B
    INNER JOIN ( /* 인덱스만 사용하여 필요한 ID들만 빠르게 추출 */
                SELECT BOARD_ID
                  FROM BOARD
             WHERE DELETE_YN = 'N'

                    AND BOARD_CODE = 'S' 
            ORDER BY CREATE_AT DESC
            LIMIT 30 OFFSET 0
        ) AS temp ON B.BOARD_ID = temp.BOARD_ID
        LEFT JOIN MEMBER_INFO M ON B.MEMBER_ID = M.MEMBER_ID
        ORDER BY B.CREATE_AT DESC
 {executed in 13 msec}
[2026-05-11 10:49:18.669] [INFO ] [http-nio-8881-exec-1] jdbc.sqltiming - SELECT /* BoardMapper.getBoardListWithPaging (페이징 처리된 게시판 목록 조회 (지연 조인 최적화 적용)) */
               B.BOARD_ID
             , B.TITLE
             , B.CONTENT
             , M.USER_ID
             , M.USER_NAME
             , B.MEMBER_ID
             , B.BOARD_CODE
             , B.CATEGORY_ID
             , B.VIEW_COUNT
             , B.LIKE_COUNT
             ,(SELECT COUNT(*)
                 FROM COMMENT_MANAGEMENT CM
                 WHERE CM.BOARD_ID = B.BOARD_ID
                   AND CM.DELETE_YN = 'N') AS commentCount /* 댓글 작성 수 */
             , M.PROFILE_IMAGE
             , B.CREATE_AT
             , B.UPDATE_AT
             , B.TAG_NAME
          FROM BOARD B
    INNER JOIN ( /* 인덱스만 사용하여 필요한 ID들만 빠르게 추출 */
                SELECT BOARD_ID
                  FROM BOARD
             WHERE DELETE_YN = 'N'

                    AND BOARD_CODE = 'B_SQLD_01' 
            ORDER BY CREATE_AT DESC
            LIMIT 10 OFFSET 0
        ) AS temp ON B.BOARD_ID = temp.BOARD_ID
        LEFT JOIN MEMBER_INFO M ON B.MEMBER_ID = M.MEMBER_ID
        ORDER BY B.CREATE_AT DESC
 {executed in 18 msec}
[2026-05-11 10:49:18.678] [INFO ] [http-nio-8881-exec-5] jdbc.sqltiming - SELECT /* BoardMapper.getgetBoardTotalCount (게시글 총 개수 조회) */
               COUNT(*)
          FROM BOARD
         WHERE DELETE_YN = 'N'

                AND BOARD_CODE = 'S'
 {executed in 13 msec}
[2026-05-11 10:49:18.680] [INFO ] [http-nio-8881-exec-1] jdbc.sqltiming - SELECT /* BoardMapper.getgetBoardTotalCount (게시글 총 개수 조회) */
               COUNT(*)
          FROM BOARD
         WHERE DELETE_YN = 'N'

                AND BOARD_CODE = 'B_SQLD_01'
 {executed in 9 msec}
[2026-05-11 10:49:53.819] [INFO ] [MessageBroker-3] o.s.w.s.c.WebSocketMessageBrokerStats - WebSocketSession[1 current WS(1)-HttpStream(0)-HttpPoll(0), 3 total, 0 closed abnormally (0 connect failure, 0 send limit, 0 transport error)], stompSubProtocol[processed CONNECT(3)-CONNECTED(3)-DISCONNECT(2)], stompBrokerRelay[null], inboundChannel[pool size = 16, active threads = 0, queued tasks = 0, completed tasks = 66], outboundChannel[pool size = 15, active threads = 0, queued tasks = 0, completed tasks = 15], sockJsScheduler[pool size = 8, active threads = 1, queued tasks = 6, completed tasks = 11]
[2026-05-11 10:50:00.050] [INFO ] [MessageBroker-7] c.s.s.c.s.BoardViewCountScheduler - >>> Redis 조회수 DB 동기화 시작
[2026-05-11 10:50:00.105] [INFO ] [MessageBroker-7] jdbc.sqltiming - UPDATE BOARD
           SET VIEW_COUNT = VIEW_COUNT + 1
         WHERE BOARD_ID = 1
 {executed in 16 msec}
[2026-05-11 10:50:00.117] [INFO ] [MessageBroker-7] c.s.s.c.s.BoardViewCountScheduler - >>> Redias 조회수 DB 동기화 완료 (처리 건수: 1)
[2026-05-11 10:50:21.578] [INFO ] [http-nio-8881-exec-10] c.s.s.s.w.WebSocketServiceImpl - [Presence] User 관리자 left room OPEN_CHAT
[2026-05-11 10:50:21.701] [INFO ] [http-nio-8881-exec-10] c.s.s.c.w.WebSocketEventListener - [Presence] Room OPEN_CHAT  updated. Count: 0
[2026-05-11 10:50:21.831] [INFO ] [redisContainer-6] c.s.s.s.redisConfig.RedisSubscriber - Redis Subscribe - Message Received: {"notiId":null,"senderName":"관리자","type":"QUIT","roomId":"OPEN_CHAT","senderId":"MEMBER_20260427_001","targetId":null,"content":"관리자님이 퇴장하셨습니다.","timestamp":"2026-05-11 10:50:21","targetUrl":null}
[2026-05-11 10:50:22.041] [INFO ] [http-nio-8881-exec-3] jdbc.sqltiming - SELECT /* MemberMapper.readMemberByMemberId (memberId를 통한 회원 정보 조회) */
               MEMBER_ID
             , USER_ID
             , USER_PASS
             , USER_NAME
             , USER_EMAIL
             , EMAIL_VERIFIED
             , USER_ROLE
             , USER_STATUS
             , PROFILE_IMAGE
             , CREATE_AT
             , UPDATE_AT
             , LAST_LOG_AT
          FROM MEMBER_INFO
        WHERE MEMBER_ID = 'MEMBER_20260427_001'
 {executed in 12 msec}
[2026-05-11 10:50:22.044] [INFO ] [http-nio-8881-exec-6] jdbc.sqltiming - SELECT /* MemberMapper.readMemberByMemberId (memberId를 통한 회원 정보 조회) */
               MEMBER_ID
             , USER_ID
             , USER_PASS
             , USER_NAME
             , USER_EMAIL
             , EMAIL_VERIFIED
             , USER_ROLE
             , USER_STATUS
             , PROFILE_IMAGE
             , CREATE_AT
             , UPDATE_AT
             , LAST_LOG_AT
          FROM MEMBER_INFO
        WHERE MEMBER_ID = 'MEMBER_20260427_001'
 {executed in 18 msec}
[2026-05-11 10:50:22.076] [INFO ] [http-nio-8881-exec-3] jdbc.sqltiming - SELECT /* WebSocketMapper.searchNotification */
               NOTI_ID
             , RECEIVER_ID
             , SENDER_ID
             , NOTI_TYPE
             , MESSAGE
             , IS_READ
             , CREATE_AT
             , TARGET_URL
        FROM NOTIFICATION
        WHERE RECEIVER_ID = 'MEMBER_20260427_001'
 {executed in 11 msec}
[2026-05-11 10:50:22.076] [INFO ] [http-nio-8881-exec-2] jdbc.sqltiming - SELECT /* MemberMapper.readMemberByMemberId (memberId를 통한 회원 정보 조회) */
               MEMBER_ID
             , USER_ID
             , USER_PASS
             , USER_NAME
             , USER_EMAIL
             , EMAIL_VERIFIED
             , USER_ROLE
             , USER_STATUS
             , PROFILE_IMAGE
             , CREATE_AT
             , UPDATE_AT
             , LAST_LOG_AT
          FROM MEMBER_INFO
        WHERE MEMBER_ID = 'MEMBER_20260427_001'
 {executed in 11 msec}
[2026-05-11 10:50:22.076] [INFO ] [http-nio-8881-exec-6] jdbc.sqltiming - SELECT  /* BoardMasterMapper.getBoardConfig 특정 게시판의 설정(이름, 카테고리 그룹, 기능 여부) 전체 리스트 조회 */
               BM.BOARD_CODE
             , BM.BOARD_NAME
             , BM.GROUP_CODE
             , BM.USE_YN
             , BM.FILE_YN
             , BM.REPLY_YN
             , BM.TAG_YN
             , CCG.SORT_ORDER
             , BM.CREATE_AT
             , BM.UPDATE_AT
          FROM BOARD_MASTER BM
          JOIN COMMON_CODE_GROUP CCG ON BM.GROUP_CODE = CCG.GROUP_CODE
         ORDER BY CCG.SORT_ORDER ASC, BM.BOARD_CODE ASC /* 그룹 순서대로 정렬 */
 {executed in 11 msec}
[2026-05-11 10:50:22.118] [INFO ] [http-nio-8881-exec-6] jdbc.sqltiming - SELECT /*  boardMapper.getCategoryListByBoardCode 특정 게시판(boardCode)에 소속된 카테고리 목록 조회 */
               CCD.CODE_ID AS categoryId
             , CCD.CODE_NAME AS categoryName
          FROM BOARD_MASTER BM
    INNER JOIN COMMON_CODE_DETAIL CCD
            ON BM.GROUP_CODE = CCD.GROUP_CODE
         WHERE BM.BOARD_CODE = 'B_NOTICE_01'
           AND BM.USE_YN = 'Y'
      ORDER BY CCD.SORT_ORDER ASC
 {executed in 41 msec}
[2026-05-11 10:50:22.140] [INFO ] [http-nio-8881-exec-4] c.s.s.s.w.WebSocketServiceImpl - [Presence] User 관리자 joined room OPEN_CHAT
[2026-05-11 10:50:22.140] [INFO ] [http-nio-8881-exec-6] jdbc.sqltiming - SELECT /*  boardMapper.getCategoryListByBoardCode 특정 게시판(boardCode)에 소속된 카테고리 목록 조회 */
               CCD.CODE_ID AS categoryId
             , CCD.CODE_NAME AS categoryName
          FROM BOARD_MASTER BM
    INNER JOIN COMMON_CODE_DETAIL CCD
            ON BM.GROUP_CODE = CCD.GROUP_CODE
         WHERE BM.BOARD_CODE = 'B_SQLD_01'
           AND BM.USE_YN = 'Y'
      ORDER BY CCD.SORT_ORDER ASC
 {executed in 11 msec}
[2026-05-11 10:50:22.154] [INFO ] [http-nio-8881-exec-6] jdbc.sqltiming - SELECT /*  boardMapper.getCategoryListByBoardCode 특정 게시판(boardCode)에 소속된 카테고리 목록 조회 */
               CCD.CODE_ID AS categoryId
             , CCD.CODE_NAME AS categoryName
          FROM BOARD_MASTER BM
    INNER JOIN COMMON_CODE_DETAIL CCD
            ON BM.GROUP_CODE = CCD.GROUP_CODE
         WHERE BM.BOARD_CODE = 'B_GREETING_01'
           AND BM.USE_YN = 'Y'
      ORDER BY CCD.SORT_ORDER ASC
 {executed in 12 msec}
[2026-05-11 10:50:22.162] [INFO ] [http-nio-8881-exec-4] c.s.s.c.w.WebSocketEventListener - [Presence] User 관리자 joined room OPEN_CHAT
[2026-05-11 10:50:22.253] [INFO ] [http-nio-8881-exec-5] jdbc.sqltiming - SELECT /* MemberMapper.readMemberByMemberId (memberId를 통한 회원 정보 조회) */
               MEMBER_ID
             , USER_ID
             , USER_PASS
             , USER_NAME
             , USER_EMAIL
             , EMAIL_VERIFIED
             , USER_ROLE
             , USER_STATUS
             , PROFILE_IMAGE
             , CREATE_AT
             , UPDATE_AT
             , LAST_LOG_AT
          FROM MEMBER_INFO
        WHERE MEMBER_ID = 'MEMBER_20260427_001'
 {executed in 9 msec}
[2026-05-11 10:50:22.253] [INFO ] [http-nio-8881-exec-1] jdbc.sqltiming - SELECT /* MemberMapper.readMemberByMemberId (memberId를 통한 회원 정보 조회) */
               MEMBER_ID
             , USER_ID
             , USER_PASS
             , USER_NAME
             , USER_EMAIL
             , EMAIL_VERIFIED
             , USER_ROLE
             , USER_STATUS
             , PROFILE_IMAGE
             , CREATE_AT
             , UPDATE_AT
             , LAST_LOG_AT
          FROM MEMBER_INFO
        WHERE MEMBER_ID = 'MEMBER_20260427_001'
 {executed in 9 msec}
[2026-05-11 10:50:22.255] [INFO ] [http-nio-8881-exec-10] jdbc.sqltiming - SELECT /* MemberMapper.readMemberByMemberId (memberId를 통한 회원 정보 조회) */
               MEMBER_ID
             , USER_ID
             , USER_PASS
             , USER_NAME
             , USER_EMAIL
             , EMAIL_VERIFIED
             , USER_ROLE
             , USER_STATUS
             , PROFILE_IMAGE
             , CREATE_AT
             , UPDATE_AT
             , LAST_LOG_AT
          FROM MEMBER_INFO
        WHERE MEMBER_ID = 'MEMBER_20260427_001'
 {executed in 11 msec}
[2026-05-11 10:50:22.266] [INFO ] [http-nio-8881-exec-1] c.s.s.service.board.BoardServiceImpl - 인기 게시물 조회를 위해 DB에 접근한다. (캐시 미적용 시에만 출력)
[2026-05-11 10:50:22.267] [INFO ] [http-nio-8881-exec-4] c.s.s.c.w.WebSocketEventListener - [Presence] Room OPEN_CHAT  updated. Count: 1
[2026-05-11 10:50:22.281] [INFO ] [http-nio-8881-exec-1] jdbc.sqltiming - SELECT /* BoardMapper.getPopularBoards (최근 15일 인기 게시글 조회) */
               B.BOARD_ID
             , B.TITLE
             , B.VIEW_COUNT
             , B.LIKE_COUNT
             , B.CREATE_AT
             , M.USER_NAME
             , M.PROFILE_IMAGE
        FROM BOARD B
        LEFT JOIN MEMBER_INFO M ON B.MEMBER_ID = M.MEMBER_ID
        WHERE B.CREATE_AT >= DATE_SUB(NOW(), INTERVAL 15 DAY)
          AND B.DELETE_YN = 'N'
        ORDER BY B.LIKE_COUNT DESC, B.VIEW_COUNT DESC
        LIMIT 5
 {executed in 14 msec}
[2026-05-11 10:50:22.281] [INFO ] [http-nio-8881-exec-10] jdbc.sqltiming - SELECT /* BoardMapper.getBoardListWithPaging (페이징 처리된 게시판 목록 조회 (지연 조인 최적화 적용)) */
               B.BOARD_ID
             , B.TITLE
             , B.CONTENT
             , M.USER_ID
             , M.USER_NAME
             , B.MEMBER_ID
             , B.BOARD_CODE
             , B.CATEGORY_ID
             , B.VIEW_COUNT
             , B.LIKE_COUNT
             ,(SELECT COUNT(*)
                 FROM COMMENT_MANAGEMENT CM
                 WHERE CM.BOARD_ID = B.BOARD_ID
                   AND CM.DELETE_YN = 'N') AS commentCount /* 댓글 작성 수 */
             , M.PROFILE_IMAGE
             , B.CREATE_AT
             , B.UPDATE_AT
             , B.TAG_NAME
          FROM BOARD B
    INNER JOIN ( /* 인덱스만 사용하여 필요한 ID들만 빠르게 추출 */
                SELECT BOARD_ID
                  FROM BOARD
             WHERE DELETE_YN = 'N'

                    AND BOARD_CODE = 'S' 
            ORDER BY CREATE_AT DESC
            LIMIT 30 OFFSET 0
        ) AS temp ON B.BOARD_ID = temp.BOARD_ID
        LEFT JOIN MEMBER_INFO M ON B.MEMBER_ID = M.MEMBER_ID
        ORDER BY B.CREATE_AT DESC
 {executed in 13 msec}
[2026-05-11 10:50:22.281] [INFO ] [http-nio-8881-exec-5] jdbc.sqltiming - SELECT /* BoardMapper.getBoardListWithPaging (페이징 처리된 게시판 목록 조회 (지연 조인 최적화 적용)) */
               B.BOARD_ID
             , B.TITLE
             , B.CONTENT
             , M.USER_ID
             , M.USER_NAME
             , B.MEMBER_ID
             , B.BOARD_CODE
             , B.CATEGORY_ID
             , B.VIEW_COUNT
             , B.LIKE_COUNT
             ,(SELECT COUNT(*)
                 FROM COMMENT_MANAGEMENT CM
                 WHERE CM.BOARD_ID = B.BOARD_ID
                   AND CM.DELETE_YN = 'N') AS commentCount /* 댓글 작성 수 */
             , M.PROFILE_IMAGE
             , B.CREATE_AT
             , B.UPDATE_AT
             , B.TAG_NAME
          FROM BOARD B
    INNER JOIN ( /* 인덱스만 사용하여 필요한 ID들만 빠르게 추출 */
                SELECT BOARD_ID
                  FROM BOARD
             WHERE DELETE_YN = 'N'

                    AND BOARD_CODE = 'B_SQLD_01' 
            ORDER BY CREATE_AT DESC
            LIMIT 10 OFFSET 0
        ) AS temp ON B.BOARD_ID = temp.BOARD_ID
        LEFT JOIN MEMBER_INFO M ON B.MEMBER_ID = M.MEMBER_ID
        ORDER BY B.CREATE_AT DESC
 {executed in 14 msec}
[2026-05-11 10:50:22.291] [INFO ] [http-nio-8881-exec-5] jdbc.sqltiming - SELECT /* BoardMapper.getgetBoardTotalCount (게시글 총 개수 조회) */
               COUNT(*)
          FROM BOARD
         WHERE DELETE_YN = 'N'

                AND BOARD_CODE = 'B_SQLD_01'
 {executed in 9 msec}
[2026-05-11 10:50:22.291] [INFO ] [http-nio-8881-exec-10] jdbc.sqltiming - SELECT /* BoardMapper.getgetBoardTotalCount (게시글 총 개수 조회) */
               COUNT(*)
          FROM BOARD
         WHERE DELETE_YN = 'N'

                AND BOARD_CODE = 'S'
 {executed in 9 msec}
[2026-05-11 10:50:22.349] [INFO ] [http-nio-8881-exec-4] c.s.s.c.w.WebSocketEventListener - [Presence] Room OPEN_CHAT  updated. Count: 1
[2026-05-11 10:50:23.521] [INFO ] [clientInboundChannel-32] jdbc.sqltiming - SELECT /* MemberMapper.readMemberByMemberId (memberId를 통한 회원 정보 조회) */
               MEMBER_ID
             , USER_ID
             , USER_PASS
             , USER_NAME
             , USER_EMAIL
             , EMAIL_VERIFIED
             , USER_ROLE
             , USER_STATUS
             , PROFILE_IMAGE
             , CREATE_AT
             , UPDATE_AT
             , LAST_LOG_AT
          FROM MEMBER_INFO
        WHERE MEMBER_ID = 'MEMBER_20260427_001'
 {executed in 15 msec}
[2026-05-11 10:50:23.638] [INFO ] [clientInboundChannel-32] jdbc.sqltiming - INSERT INTO CHAT_MESSAGE( /* WebSocketMapper.insertChatMessage (채팅 저장) */
                    ROOM_ID
                  , SENDER_ID
                  , CONTENT
                  , SEND_TIME
                  , CHAT_TYPE
        )    VALUES(
                    'OPEN_CHAT'
                  , 'MEMBER_20260427_001'
                  , '관리자님이 입장하셨습니다.'
                  , 2026-05-11T10:50:23.522761
                  , 'ENTER'
               )
 {executed in 115 msec}
[2026-05-11 10:50:23.639] [INFO ] [clientInboundChannel-32] jdbc.sqltiming - getGeneratedKeys on query: INSERT INTO CHAT_MESSAGE( /* WebSocketMapper.insertChatMessage (채팅 저장) */
                    ROOM_ID
                  , SENDER_ID
                  , CONTENT
                  , SEND_TIME
                  , CHAT_TYPE
        )    VALUES(
                    'OPEN_CHAT'
                  , 'MEMBER_20260427_001'
                  , '관리자님이 입장하셨습니다.'
                  , 2026-05-11T10:50:23.522761
                  , 'ENTER'
               )
 {executed in 1 msec}
[2026-05-11 10:50:23.639] [INFO ] [clientInboundChannel-32] c.s.s.s.w.WebSocketServiceImpl - JSON Message to Redis: {"notiId":null,"senderName":"관리자","type":"ENTER","roomId":"OPEN_CHAT","senderId":"MEMBER_20260427_001","targetId":null,"content":"관리자님이 입장하셨습니다.","timestamp":"2026-05-11 10:50:23","targetUrl":null}
[2026-05-11 10:50:23.656] [INFO ] [redisContainer-7] c.s.s.s.redisConfig.RedisSubscriber - Redis Subscribe - Message Received: {"notiId":null,"senderName":"관리자","type":"ENTER","roomId":"OPEN_CHAT","senderId":"MEMBER_20260427_001","targetId":null,"content":"관리자님이 입장하셨습니다.","timestamp":"2026-05-11 10:50:23","targetUrl":null}
[2026-05-11 10:50:58.631] [INFO ] [http-nio-8881-exec-8] c.s.s.s.w.WebSocketServiceImpl - [Presence] User 관리자 left room OPEN_CHAT
[2026-05-11 10:50:58.782] [INFO ] [http-nio-8881-exec-8] c.s.s.c.w.WebSocketEventListener - [Presence] Room OPEN_CHAT  updated. Count: 0
[2026-05-11 10:50:58.797] [INFO ] [redisContainer-8] c.s.s.s.redisConfig.RedisSubscriber - Redis Subscribe - Message Received: {"notiId":null,"senderName":"관리자","type":"QUIT","roomId":"OPEN_CHAT","senderId":"MEMBER_20260427_001","targetId":null,"content":"관리자님이 퇴장하셨습니다.","timestamp":"2026-05-11 10:50:58","targetUrl":null}
[2026-05-11 10:50:58.931] [INFO ] [http-nio-8881-exec-9] jdbc.sqltiming - SELECT /* MemberMapper.readMemberByMemberId (memberId를 통한 회원 정보 조회) */
               MEMBER_ID
             , USER_ID
             , USER_PASS
             , USER_NAME
             , USER_EMAIL
             , EMAIL_VERIFIED
             , USER_ROLE
             , USER_STATUS
             , PROFILE_IMAGE
             , CREATE_AT
             , UPDATE_AT
             , LAST_LOG_AT
          FROM MEMBER_INFO
        WHERE MEMBER_ID = 'MEMBER_20260427_001'
 {executed in 10 msec}
[2026-05-11 10:50:58.957] [INFO ] [http-nio-8881-exec-1] jdbc.sqltiming - SELECT /* MemberMapper.readMemberByMemberId (memberId를 통한 회원 정보 조회) */
               MEMBER_ID
             , USER_ID
             , USER_PASS
             , USER_NAME
             , USER_EMAIL
             , EMAIL_VERIFIED
             , USER_ROLE
             , USER_STATUS
             , PROFILE_IMAGE
             , CREATE_AT
             , UPDATE_AT
             , LAST_LOG_AT
          FROM MEMBER_INFO
        WHERE MEMBER_ID = 'MEMBER_20260427_001'
 {executed in 19 msec}
[2026-05-11 10:50:58.965] [INFO ] [http-nio-8881-exec-3] jdbc.sqltiming - SELECT /* MemberMapper.readMemberByMemberId (memberId를 통한 회원 정보 조회) */
               MEMBER_ID
             , USER_ID
             , USER_PASS
             , USER_NAME
             , USER_EMAIL
             , EMAIL_VERIFIED
             , USER_ROLE
             , USER_STATUS
             , PROFILE_IMAGE
             , CREATE_AT
             , UPDATE_AT
             , LAST_LOG_AT
          FROM MEMBER_INFO
        WHERE MEMBER_ID = 'MEMBER_20260427_001'
 {executed in 10 msec}
[2026-05-11 10:50:58.979] [INFO ] [http-nio-8881-exec-9] jdbc.sqltiming - SELECT  /* BoardMasterMapper.getBoardConfig 특정 게시판의 설정(이름, 카테고리 그룹, 기능 여부) 전체 리스트 조회 */
               BM.BOARD_CODE
             , BM.BOARD_NAME
             , BM.GROUP_CODE
             , BM.USE_YN
             , BM.FILE_YN
             , BM.REPLY_YN
             , BM.TAG_YN
             , CCG.SORT_ORDER
             , BM.CREATE_AT
             , BM.UPDATE_AT
          FROM BOARD_MASTER BM
          JOIN COMMON_CODE_GROUP CCG ON BM.GROUP_CODE = CCG.GROUP_CODE
         ORDER BY CCG.SORT_ORDER ASC, BM.BOARD_CODE ASC /* 그룹 순서대로 정렬 */
 {executed in 13 msec}
[2026-05-11 10:50:58.989] [INFO ] [http-nio-8881-exec-9] jdbc.sqltiming - SELECT /*  boardMapper.getCategoryListByBoardCode 특정 게시판(boardCode)에 소속된 카테고리 목록 조회 */
               CCD.CODE_ID AS categoryId
             , CCD.CODE_NAME AS categoryName
          FROM BOARD_MASTER BM
    INNER JOIN COMMON_CODE_DETAIL CCD
            ON BM.GROUP_CODE = CCD.GROUP_CODE
         WHERE BM.BOARD_CODE = 'B_NOTICE_01'
           AND BM.USE_YN = 'Y'
      ORDER BY CCD.SORT_ORDER ASC
 {executed in 7 msec}
[2026-05-11 10:50:58.990] [INFO ] [http-nio-8881-exec-10] c.s.s.s.w.WebSocketServiceImpl - [Presence] User 관리자 joined room OPEN_CHAT
[2026-05-11 10:50:59.003] [INFO ] [http-nio-8881-exec-9] jdbc.sqltiming - SELECT /*  boardMapper.getCategoryListByBoardCode 특정 게시판(boardCode)에 소속된 카테고리 목록 조회 */
               CCD.CODE_ID AS categoryId
             , CCD.CODE_NAME AS categoryName
          FROM BOARD_MASTER BM
    INNER JOIN COMMON_CODE_DETAIL CCD
            ON BM.GROUP_CODE = CCD.GROUP_CODE
         WHERE BM.BOARD_CODE = 'B_SQLD_01'
           AND BM.USE_YN = 'Y'
      ORDER BY CCD.SORT_ORDER ASC
 {executed in 13 msec}
[2026-05-11 10:50:59.003] [INFO ] [http-nio-8881-exec-3] jdbc.sqltiming - SELECT /* WebSocketMapper.searchNotification */
               NOTI_ID
             , RECEIVER_ID
             , SENDER_ID
             , NOTI_TYPE
             , MESSAGE
             , IS_READ
             , CREATE_AT
             , TARGET_URL
        FROM NOTIFICATION
        WHERE RECEIVER_ID = 'MEMBER_20260427_001'
 {executed in 14 msec}
[2026-05-11 10:50:59.013] [INFO ] [http-nio-8881-exec-10] c.s.s.c.w.WebSocketEventListener - [Presence] User 관리자 joined room OPEN_CHAT
[2026-05-11 10:50:59.015] [INFO ] [http-nio-8881-exec-9] jdbc.sqltiming - SELECT /*  boardMapper.getCategoryListByBoardCode 특정 게시판(boardCode)에 소속된 카테고리 목록 조회 */
               CCD.CODE_ID AS categoryId
             , CCD.CODE_NAME AS categoryName
          FROM BOARD_MASTER BM
    INNER JOIN COMMON_CODE_DETAIL CCD
            ON BM.GROUP_CODE = CCD.GROUP_CODE
         WHERE BM.BOARD_CODE = 'B_GREETING_01'
           AND BM.USE_YN = 'Y'
      ORDER BY CCD.SORT_ORDER ASC
 {executed in 10 msec}
[2026-05-11 10:50:59.093] [INFO ] [http-nio-8881-exec-8] jdbc.sqltiming - SELECT /* MemberMapper.readMemberByMemberId (memberId를 통한 회원 정보 조회) */
               MEMBER_ID
             , USER_ID
             , USER_PASS
             , USER_NAME
             , USER_EMAIL
             , EMAIL_VERIFIED
             , USER_ROLE
             , USER_STATUS
             , PROFILE_IMAGE
             , CREATE_AT
             , UPDATE_AT
             , LAST_LOG_AT
          FROM MEMBER_INFO
        WHERE MEMBER_ID = 'MEMBER_20260427_001'
 {executed in 12 msec}
[2026-05-11 10:50:59.093] [INFO ] [http-nio-8881-exec-4] jdbc.sqltiming - SELECT /* MemberMapper.readMemberByMemberId (memberId를 통한 회원 정보 조회) */
               MEMBER_ID
             , USER_ID
             , USER_PASS
             , USER_NAME
             , USER_EMAIL
             , EMAIL_VERIFIED
             , USER_ROLE
             , USER_STATUS
             , PROFILE_IMAGE
             , CREATE_AT
             , UPDATE_AT
             , LAST_LOG_AT
          FROM MEMBER_INFO
        WHERE MEMBER_ID = 'MEMBER_20260427_001'
 {executed in 11 msec}
[2026-05-11 10:50:59.100] [INFO ] [http-nio-8881-exec-7] jdbc.sqltiming - SELECT /* MemberMapper.readMemberByMemberId (memberId를 통한 회원 정보 조회) */
               MEMBER_ID
             , USER_ID
             , USER_PASS
             , USER_NAME
             , USER_EMAIL
             , EMAIL_VERIFIED
             , USER_ROLE
             , USER_STATUS
             , PROFILE_IMAGE
             , CREATE_AT
             , UPDATE_AT
             , LAST_LOG_AT
          FROM MEMBER_INFO
        WHERE MEMBER_ID = 'MEMBER_20260427_001'
 {executed in 15 msec}
[2026-05-11 10:50:59.222] [INFO ] [http-nio-8881-exec-10] c.s.s.c.w.WebSocketEventListener - [Presence] Room OPEN_CHAT  updated. Count: 1
[2026-05-11 10:50:59.244] [INFO ] [http-nio-8881-exec-4] jdbc.sqltiming - SELECT /* BoardMapper.getBoardListWithPaging (페이징 처리된 게시판 목록 조회 (지연 조인 최적화 적용)) */
               B.BOARD_ID
             , B.TITLE
             , B.CONTENT
             , M.USER_ID
             , M.USER_NAME
             , B.MEMBER_ID
             , B.BOARD_CODE
             , B.CATEGORY_ID
             , B.VIEW_COUNT
             , B.LIKE_COUNT
             ,(SELECT COUNT(*)
                 FROM COMMENT_MANAGEMENT CM
                 WHERE CM.BOARD_ID = B.BOARD_ID
                   AND CM.DELETE_YN = 'N') AS commentCount /* 댓글 작성 수 */
             , M.PROFILE_IMAGE
             , B.CREATE_AT
             , B.UPDATE_AT
             , B.TAG_NAME
          FROM BOARD B
    INNER JOIN ( /* 인덱스만 사용하여 필요한 ID들만 빠르게 추출 */
                SELECT BOARD_ID
                  FROM BOARD
             WHERE DELETE_YN = 'N'

                    AND BOARD_CODE = 'B_SQLD_01' 
            ORDER BY CREATE_AT DESC
            LIMIT 10 OFFSET 0
        ) AS temp ON B.BOARD_ID = temp.BOARD_ID
        LEFT JOIN MEMBER_INFO M ON B.MEMBER_ID = M.MEMBER_ID
        ORDER BY B.CREATE_AT DESC
 {executed in 17 msec}
[2026-05-11 10:50:59.246] [INFO ] [http-nio-8881-exec-8] jdbc.sqltiming - SELECT /* BoardMapper.getBoardListWithPaging (페이징 처리된 게시판 목록 조회 (지연 조인 최적화 적용)) */
               B.BOARD_ID
             , B.TITLE
             , B.CONTENT
             , M.USER_ID
             , M.USER_NAME
             , B.MEMBER_ID
             , B.BOARD_CODE
             , B.CATEGORY_ID
             , B.VIEW_COUNT
             , B.LIKE_COUNT
             ,(SELECT COUNT(*)
                 FROM COMMENT_MANAGEMENT CM
                 WHERE CM.BOARD_ID = B.BOARD_ID
                   AND CM.DELETE_YN = 'N') AS commentCount /* 댓글 작성 수 */
             , M.PROFILE_IMAGE
             , B.CREATE_AT
             , B.UPDATE_AT
             , B.TAG_NAME
          FROM BOARD B
    INNER JOIN ( /* 인덱스만 사용하여 필요한 ID들만 빠르게 추출 */
                SELECT BOARD_ID
                  FROM BOARD
             WHERE DELETE_YN = 'N'

                    AND BOARD_CODE = 'S' 
            ORDER BY CREATE_AT DESC
            LIMIT 30 OFFSET 0
        ) AS temp ON B.BOARD_ID = temp.BOARD_ID
        LEFT JOIN MEMBER_INFO M ON B.MEMBER_ID = M.MEMBER_ID
        ORDER BY B.CREATE_AT DESC
 {executed in 19 msec}
[2026-05-11 10:50:59.254] [INFO ] [http-nio-8881-exec-4] jdbc.sqltiming - SELECT /* BoardMapper.getgetBoardTotalCount (게시글 총 개수 조회) */
               COUNT(*)
          FROM BOARD
         WHERE DELETE_YN = 'N'

                AND BOARD_CODE = 'B_SQLD_01'
 {executed in 9 msec}
[2026-05-11 10:50:59.254] [INFO ] [http-nio-8881-exec-8] jdbc.sqltiming - SELECT /* BoardMapper.getgetBoardTotalCount (게시글 총 개수 조회) */
               COUNT(*)
          FROM BOARD
         WHERE DELETE_YN = 'N'

                AND BOARD_CODE = 'S'
 {executed in 7 msec}
[2026-05-11 10:50:59.417] [INFO ] [http-nio-8881-exec-10] c.s.s.c.w.WebSocketEventListener - [Presence] Room OPEN_CHAT  updated. Count: 1
[2026-05-11 10:51:00.314] [INFO ] [clientInboundChannel-32] jdbc.sqltiming - SELECT /* MemberMapper.readMemberByMemberId (memberId를 통한 회원 정보 조회) */
               MEMBER_ID
             , USER_ID
             , USER_PASS
             , USER_NAME
             , USER_EMAIL
             , EMAIL_VERIFIED
             , USER_ROLE
             , USER_STATUS
             , PROFILE_IMAGE
             , CREATE_AT
             , UPDATE_AT
             , LAST_LOG_AT
          FROM MEMBER_INFO
        WHERE MEMBER_ID = 'MEMBER_20260427_001'
 {executed in 8 msec}
[2026-05-11 10:51:00.470] [INFO ] [clientInboundChannel-32] jdbc.sqltiming - INSERT INTO CHAT_MESSAGE( /* WebSocketMapper.insertChatMessage (채팅 저장) */
                    ROOM_ID
                  , SENDER_ID
                  , CONTENT
                  , SEND_TIME
                  , CHAT_TYPE
        )    VALUES(
                    'OPEN_CHAT'
                  , 'MEMBER_20260427_001'
                  , '관리자님이 입장하셨습니다.'
                  , 2026-05-11T10:51:00.315146
                  , 'ENTER'
               )
 {executed in 155 msec}
[2026-05-11 10:51:00.470] [INFO ] [clientInboundChannel-32] jdbc.sqltiming - getGeneratedKeys on query: INSERT INTO CHAT_MESSAGE( /* WebSocketMapper.insertChatMessage (채팅 저장) */
                    ROOM_ID
                  , SENDER_ID
                  , CONTENT
                  , SEND_TIME
                  , CHAT_TYPE
        )    VALUES(
                    'OPEN_CHAT'
                  , 'MEMBER_20260427_001'
                  , '관리자님이 입장하셨습니다.'
                  , 2026-05-11T10:51:00.315146
                  , 'ENTER'
               )
 {executed in 0 msec}
[2026-05-11 10:51:00.471] [INFO ] [clientInboundChannel-32] c.s.s.s.w.WebSocketServiceImpl - JSON Message to Redis: {"notiId":null,"senderName":"관리자","type":"ENTER","roomId":"OPEN_CHAT","senderId":"MEMBER_20260427_001","targetId":null,"content":"관리자님이 입장하셨습니다.","timestamp":"2026-05-11 10:51:00","targetUrl":null}
[2026-05-11 10:51:00.480] [INFO ] [redisContainer-9] c.s.s.s.redisConfig.RedisSubscriber - Redis Subscribe - Message Received: {"notiId":null,"senderName":"관리자","type":"ENTER","roomId":"OPEN_CHAT","senderId":"MEMBER_20260427_001","targetId":null,"content":"관리자님이 입장하셨습니다.","timestamp":"2026-05-11 10:51:00","targetUrl":null}
[2026-05-11 10:51:19.738] [WARN ] [HikariPool-1:housekeeper] com.zaxxer.hikari.pool.HikariPool - HikariPool-1 - Thread starvation or clock leap detected (housekeeper delta=55s909ms).
[2026-05-11 10:51:46.952] [INFO ] [http-nio-8881-exec-6] c.s.s.s.w.WebSocketServiceImpl - [Presence] User 관리자 left room OPEN_CHAT
[2026-05-11 10:51:47.349] [INFO ] [http-nio-8881-exec-6] c.s.s.c.w.WebSocketEventListener - [Presence] Room OPEN_CHAT  updated. Count: 0
[2026-05-11 10:51:47.360] [INFO ] [redisContainer-10] c.s.s.s.redisConfig.RedisSubscriber - Redis Subscribe - Message Received: {"notiId":null,"senderName":"관리자","type":"QUIT","roomId":"OPEN_CHAT","senderId":"MEMBER_20260427_001","targetId":null,"content":"관리자님이 퇴장하셨습니다.","timestamp":"2026-05-11 10:51:47","targetUrl":null}
[2026-05-11 10:54:30.079] [INFO ] [SpringApplicationShutdownHook] o.s.b.w.e.tomcat.GracefulShutdown - Commencing graceful shutdown. Waiting for active requests to complete
[2026-05-11 10:54:30.086] [INFO ] [tomcat-shutdown] o.s.b.w.e.tomcat.GracefulShutdown - Graceful shutdown complete
[2026-05-11 10:54:30.099] [INFO ] [SpringApplicationShutdownHook] o.s.m.s.b.SimpleBrokerMessageHandler - Stopping...
[2026-05-11 10:54:30.099] [INFO ] [SpringApplicationShutdownHook] o.s.m.s.b.SimpleBrokerMessageHandler - BrokerAvailabilityEvent[available=false, SimpleBrokerMessageHandler [org.springframework.messaging.simp.broker.DefaultSubscriptionRegistry@63083f17]]
[2026-05-11 10:54:30.099] [INFO ] [SpringApplicationShutdownHook] o.s.m.s.b.SimpleBrokerMessageHandler - Stopped.
[2026-05-11 10:54:30.126] [INFO ] [SpringApplicationShutdownHook] com.zaxxer.hikari.HikariDataSource - HikariPool-1 - Shutdown initiated...
[2026-05-11 10:54:30.136] [INFO ] [SpringApplicationShutdownHook] com.zaxxer.hikari.HikariDataSource - HikariPool-1 - Shutdown completed.
[2026-05-11 11:06:36.376] [INFO ] [background-preinit] o.h.validator.internal.util.Version - HV000001: Hibernate Validator 8.0.3.Final
[2026-05-11 11:06:36.394] [INFO ] [restartedMain] com.sqld_board.sqld.SqldApplication - Starting SqldApplication using Java 17.0.11 with PID 21505 (/Users/minboklee/Downloads/sqld/build/classes/java/main started by minboklee in /Users/minboklee/Downloads/sqld)
[2026-05-11 11:06:36.394] [INFO ] [restartedMain] com.sqld_board.sqld.SqldApplication - The following 1 profile is active: "dev"
[2026-05-11 11:06:36.413] [INFO ] [restartedMain] o.s.b.d.restart.ChangeableUrls - The Class-Path manifest attribute in /Users/minboklee/.gradle/caches/modules-2/files-2.1/com.oracle.database.jdbc/ojdbc11/23.7.0.25.01/665f52abef9122ce003b5cfc1d9d44f7302e2cfe/ojdbc11-23.7.0.25.01.jar referenced one or more files that do not exist: file:/Users/minboklee/.gradle/caches/modules-2/files-2.1/com.oracle.database.jdbc/ojdbc11/23.7.0.25.01/665f52abef9122ce003b5cfc1d9d44f7302e2cfe/oraclepki.jar
[2026-05-11 11:06:36.413] [INFO ] [restartedMain] o.s.b.d.e.DevToolsPropertyDefaultsPostProcessor - Devtools property defaults active! Set 'spring.devtools.add-properties' to 'false' to disable
[2026-05-11 11:06:36.413] [INFO ] [restartedMain] o.s.b.d.e.DevToolsPropertyDefaultsPostProcessor - For additional web related logging consider setting the 'logging.level.web' property to 'DEBUG'
[2026-05-11 11:06:36.989] [INFO ] [restartedMain] o.s.d.r.c.RepositoryConfigurationDelegate - Multiple Spring Data modules found, entering strict repository configuration mode
[2026-05-11 11:06:36.990] [INFO ] [restartedMain] o.s.d.r.c.RepositoryConfigurationDelegate - Bootstrapping Spring Data Redis repositories in DEFAULT mode.
[2026-05-11 11:06:37.007] [INFO ] [restartedMain] o.s.d.r.c.RepositoryConfigurationDelegate - Finished Spring Data repository scanning in 8 ms. Found 0 Redis repository interfaces.
[2026-05-11 11:06:37.181] [INFO ] [restartedMain] c.u.j.c.EnableEncryptablePropertiesBeanFactoryPostProcessor - Post-processing PropertySource instances
[2026-05-11 11:06:37.181] [INFO ] [restartedMain] c.u.j.EncryptablePropertySourceConverter - Skipping PropertySource configurationProperties [class org.springframework.boot.context.properties.source.ConfigurationPropertySourcesPropertySource
[2026-05-11 11:06:37.181] [INFO ] [restartedMain] c.u.j.EncryptablePropertySourceConverter - Skipping PropertySource servletConfigInitParams [class org.springframework.core.env.PropertySource$StubPropertySource
[2026-05-11 11:06:37.181] [INFO ] [restartedMain] c.u.j.EncryptablePropertySourceConverter - Skipping PropertySource servletContextInitParams [class org.springframework.core.env.PropertySource$StubPropertySource
[2026-05-11 11:06:37.182] [INFO ] [restartedMain] c.u.j.EncryptablePropertySourceConverter - Converting PropertySource systemProperties [org.springframework.core.env.PropertiesPropertySource] to EncryptableMapPropertySourceWrapper
[2026-05-11 11:06:37.182] [INFO ] [restartedMain] c.u.j.EncryptablePropertySourceConverter - Converting PropertySource systemEnvironment [org.springframework.boot.env.SystemEnvironmentPropertySourceEnvironmentPostProcessor$OriginAwareSystemEnvironmentPropertySource] to EncryptableSystemEnvironmentPropertySourceWrapper
[2026-05-11 11:06:37.182] [INFO ] [restartedMain] c.u.j.EncryptablePropertySourceConverter - Converting PropertySource random [org.springframework.boot.env.RandomValuePropertySource] to EncryptablePropertySourceWrapper
[2026-05-11 11:06:37.182] [INFO ] [restartedMain] c.u.j.EncryptablePropertySourceConverter - Converting PropertySource Config resource 'class path resource [application-dev.yml]' via location 'optional:classpath:/' [org.springframework.boot.env.OriginTrackedMapPropertySource] to EncryptableMapPropertySourceWrapper
[2026-05-11 11:06:37.182] [INFO ] [restartedMain] c.u.j.EncryptablePropertySourceConverter - Converting PropertySource Config resource 'class path resource [application.yml]' via location 'optional:classpath:/' [org.springframework.boot.env.OriginTrackedMapPropertySource] to EncryptableMapPropertySourceWrapper
[2026-05-11 11:06:37.182] [INFO ] [restartedMain] c.u.j.EncryptablePropertySourceConverter - Converting PropertySource devtools [org.springframework.core.env.MapPropertySource] to EncryptableMapPropertySourceWrapper
[2026-05-11 11:06:37.182] [INFO ] [restartedMain] c.u.j.EncryptablePropertySourceConverter - Converting PropertySource applicationInfo [org.springframework.boot.ApplicationInfoPropertySource] to EncryptableMapPropertySourceWrapper
[2026-05-11 11:06:37.195] [INFO ] [restartedMain] c.u.j.f.DefaultLazyPropertyFilter - Property Filter custom Bean not found with name 'encryptablePropertyFilter'. Initializing Default Property Filter
[2026-05-11 11:06:37.201] [INFO ] [restartedMain] c.u.j.r.DefaultLazyPropertyResolver - Property Resolver custom Bean not found with name 'encryptablePropertyResolver'. Initializing Default Property Resolver
[2026-05-11 11:06:37.202] [INFO ] [restartedMain] c.u.j.d.DefaultLazyPropertyDetector - Property Detector custom Bean not found with name 'encryptablePropertyDetector'. Initializing Default Property Detector
[2026-05-11 11:06:37.491] [INFO ] [restartedMain] o.s.b.w.e.tomcat.TomcatWebServer - Tomcat initialized with port 8881 (http)
[2026-05-11 11:06:37.498] [INFO ] [restartedMain] o.a.coyote.http11.Http11NioProtocol - Initializing ProtocolHandler ["http-nio-8881"]
[2026-05-11 11:06:37.499] [INFO ] [restartedMain] o.a.catalina.core.StandardService - Starting service [Tomcat]
[2026-05-11 11:06:37.499] [INFO ] [restartedMain] o.a.catalina.core.StandardEngine - Starting Servlet engine: [Apache Tomcat/10.1.46]
[2026-05-11 11:06:37.520] [INFO ] [restartedMain] o.a.c.c.C.[Tomcat].[localhost].[/] - Initializing Spring embedded WebApplicationContext
[2026-05-11 11:06:37.521] [INFO ] [restartedMain] o.s.b.w.s.c.ServletWebServerApplicationContext - Root WebApplicationContext: initialization completed in 1108 ms
[2026-05-11 11:06:37.536] [INFO ] [restartedMain] c.u.j.encryptor.DefaultLazyEncryptor - String Encryptor custom Bean not found with name 'jasyptStringEncryptor'. Initializing Default String Encryptor
[2026-05-11 11:06:37.540] [INFO ] [restartedMain] c.u.j.c.StringEncryptorBuilder - Encryptor config not found for property jasypt.encryptor.key-obtention-iterations, using default value: 1000
[2026-05-11 11:06:37.541] [INFO ] [restartedMain] c.u.j.c.StringEncryptorBuilder - Encryptor config not found for property jasypt.encryptor.pool-size, using default value: 1
[2026-05-11 11:06:37.541] [INFO ] [restartedMain] c.u.j.c.StringEncryptorBuilder - Encryptor config not found for property jasypt.encryptor.provider-name, using default value: null
[2026-05-11 11:06:37.541] [INFO ] [restartedMain] c.u.j.c.StringEncryptorBuilder - Encryptor config not found for property jasypt.encryptor.provider-class-name, using default value: null
[2026-05-11 11:06:37.541] [INFO ] [restartedMain] c.u.j.c.StringEncryptorBuilder - Encryptor config not found for property jasypt.encryptor.salt-generator-classname, using default value: org.jasypt.salt.RandomSaltGenerator
[2026-05-11 11:06:37.541] [INFO ] [restartedMain] c.u.j.c.StringEncryptorBuilder - Encryptor config not found for property jasypt.encryptor.string-output-type, using default value: base64
[2026-05-11 11:06:38.470] [INFO ] [restartedMain] o.s.s.c.a.a.c.InitializeUserDetailsBeanManagerConfigurer$InitializeUserDetailsManagerConfigurer - Global AuthenticationManager configured with UserDetailsService bean with name customUserDetailService
[2026-05-11 11:06:38.493] [INFO ] [restartedMain] c.s.s.c.s.CustomSecurityConfig - ********* Security Config Loading: WebSocket Support Added
[2026-05-11 11:06:38.550] [WARN ] [restartedMain] o.s.s.c.a.w.b.WebSecurity$IgnoredRequestConfigurer - One of the patterns in [/demo-ui.html, /swagger-ui/**, /api-docs/**, /swagger-resources/**, /webjars/**, ws-stomp] is missing a leading slash. This is discouraged; please include the leading slash in all your request matcher patterns. In future versions of Spring Security, leaving out the leading slash will result in an exception.
[2026-05-11 11:06:38.556] [WARN ] [restartedMain] o.s.s.c.a.web.builders.WebSecurity - You are asking Spring Security to ignore Deferred [Mvc [pattern='/demo-ui.html'], Ant [pattern='/demo-ui.html']]. This is not recommended -- please use permitAll via HttpSecurity#authorizeHttpRequests instead.
[2026-05-11 11:06:38.556] [WARN ] [restartedMain] o.s.s.c.a.web.builders.WebSecurity - You are asking Spring Security to ignore Deferred [Mvc [pattern='/swagger-ui/**'], Ant [pattern='/swagger-ui/**']]. This is not recommended -- please use permitAll via HttpSecurity#authorizeHttpRequests instead.
[2026-05-11 11:06:38.556] [WARN ] [restartedMain] o.s.s.c.a.web.builders.WebSecurity - You are asking Spring Security to ignore Deferred [Mvc [pattern='/api-docs/**'], Ant [pattern='/api-docs/**']]. This is not recommended -- please use permitAll via HttpSecurity#authorizeHttpRequests instead.
[2026-05-11 11:06:38.556] [WARN ] [restartedMain] o.s.s.c.a.web.builders.WebSecurity - You are asking Spring Security to ignore Deferred [Mvc [pattern='/swagger-resources/**'], Ant [pattern='/swagger-resources/**']]. This is not recommended -- please use permitAll via HttpSecurity#authorizeHttpRequests instead.
[2026-05-11 11:06:38.556] [WARN ] [restartedMain] o.s.s.c.a.web.builders.WebSecurity - You are asking Spring Security to ignore Deferred [Mvc [pattern='/webjars/**'], Ant [pattern='/webjars/**']]. This is not recommended -- please use permitAll via HttpSecurity#authorizeHttpRequests instead.
[2026-05-11 11:06:38.556] [WARN ] [restartedMain] o.s.s.c.a.web.builders.WebSecurity - You are asking Spring Security to ignore Deferred [Mvc [pattern='ws-stomp'], Ant [pattern='ws-stomp']]. This is not recommended -- please use permitAll via HttpSecurity#authorizeHttpRequests instead.
[2026-05-11 11:06:38.810] [WARN ] [restartedMain] com.zaxxer.hikari.HikariConfig - HikariPool-1 - idleTimeout has been set but has no effect because the pool is operating as a fixed size pool.
[2026-05-11 11:06:38.810] [INFO ] [restartedMain] com.zaxxer.hikari.HikariDataSource - HikariPool-1 - Starting...
[2026-05-11 11:06:39.035] [INFO ] [restartedMain] com.zaxxer.hikari.pool.HikariPool - HikariPool-1 - Added connection net.sf.log4jdbc.sql.jdbcapi.ConnectionSpy@4188f50e
[2026-05-11 11:06:39.036] [INFO ] [restartedMain] com.zaxxer.hikari.HikariDataSource - HikariPool-1 - Start completed.
[2026-05-11 11:06:39.041] [INFO ] [restartedMain] o.s.b.a.h.H2ConsoleAutoConfiguration - H2 console available at '/h2-console'. Database available at 'jdbc:mysql://175.197.69.42:3306/sqld_database?serverTimezone=Asia/Seoul&useSSL=false&allowPublicKeyRetrieval=true&useUnicode=true&characterEncoding=UTF-8'
[2026-05-11 11:06:39.100] [INFO ] [restartedMain] o.s.b.d.a.OptionalLiveReloadServer - LiveReload server is running on port 35729
[2026-05-11 11:06:39.116] [INFO ] [restartedMain] o.s.m.s.b.SimpleBrokerMessageHandler - Starting...
[2026-05-11 11:06:39.117] [INFO ] [restartedMain] o.s.m.s.b.SimpleBrokerMessageHandler - BrokerAvailabilityEvent[available=true, SimpleBrokerMessageHandler [org.springframework.messaging.simp.broker.DefaultSubscriptionRegistry@620b3ca1]]
[2026-05-11 11:06:39.117] [INFO ] [restartedMain] o.s.m.s.b.SimpleBrokerMessageHandler - Started.
[2026-05-11 11:06:39.117] [INFO ] [restartedMain] o.a.coyote.http11.Http11NioProtocol - Starting ProtocolHandler ["http-nio-8881"]
[2026-05-11 11:06:39.127] [INFO ] [restartedMain] o.s.b.w.e.tomcat.TomcatWebServer - Tomcat started on port 8881 (http) with context path '/'
[2026-05-11 11:06:39.127] [INFO ] [restartedMain] c.u.j.c.RefreshScopeRefreshedEventListener - Refreshing cached encryptable property sources on ServletWebServerInitializedEvent
[2026-05-11 11:06:39.127] [INFO ] [restartedMain] c.u.j.c.CachingDelegateEncryptablePropertySource - Property Source systemProperties refreshed
[2026-05-11 11:06:39.128] [INFO ] [restartedMain] c.u.j.c.CachingDelegateEncryptablePropertySource - Property Source systemEnvironment refreshed
[2026-05-11 11:06:39.128] [INFO ] [restartedMain] c.u.j.c.CachingDelegateEncryptablePropertySource - Property Source random refreshed
[2026-05-11 11:06:39.128] [INFO ] [restartedMain] c.u.j.c.CachingDelegateEncryptablePropertySource - Property Source Config resource 'class path resource [application-dev.yml]' via location 'optional:classpath:/' refreshed
[2026-05-11 11:06:39.128] [INFO ] [restartedMain] c.u.j.c.CachingDelegateEncryptablePropertySource - Property Source Config resource 'class path resource [application.yml]' via location 'optional:classpath:/' refreshed
[2026-05-11 11:06:39.128] [INFO ] [restartedMain] c.u.j.c.CachingDelegateEncryptablePropertySource - Property Source devtools refreshed
[2026-05-11 11:06:39.128] [INFO ] [restartedMain] c.u.j.c.CachingDelegateEncryptablePropertySource - Property Source applicationInfo refreshed
[2026-05-11 11:06:39.128] [INFO ] [restartedMain] c.u.j.EncryptablePropertySourceConverter - Skipping PropertySource configurationProperties [class org.springframework.boot.context.properties.source.ConfigurationPropertySourcesPropertySource
[2026-05-11 11:06:39.128] [INFO ] [restartedMain] c.u.j.EncryptablePropertySourceConverter - Skipping PropertySource servletConfigInitParams [class org.springframework.core.env.PropertySource$StubPropertySource
[2026-05-11 11:06:39.128] [INFO ] [restartedMain] c.u.j.EncryptablePropertySourceConverter - Converting PropertySource servletContextInitParams [org.springframework.web.context.support.ServletContextPropertySource] to EncryptableEnumerablePropertySourceWrapper
[2026-05-11 11:06:39.450] [INFO ] [restartedMain] com.sqld_board.sqld.SqldApplication - Started SqldApplication in 3.314 seconds (process running for 3.862)
[2026-05-11 11:06:59.050] [INFO ] [http-nio-8881-exec-1] o.a.c.c.C.[Tomcat].[localhost].[/] - Initializing Spring DispatcherServlet 'dispatcherServlet'
[2026-05-11 11:06:59.054] [INFO ] [http-nio-8881-exec-1] o.s.web.servlet.DispatcherServlet - Initializing Servlet 'dispatcherServlet'
[2026-05-11 11:06:59.058] [INFO ] [http-nio-8881-exec-1] o.s.web.servlet.DispatcherServlet - Completed initialization in 4 ms
[2026-05-11 11:07:00.096] [INFO ] [http-nio-8881-exec-1] jdbc.sqltiming - SELECT EXISTS (
            SELECT 1 FROM MEMBER_INFO WHERE USER_ID = 'test_user_01'
        )
 {executed in 18 msec}
[2026-05-11 11:07:00.178] [INFO ] [http-nio-8881-exec-2] c.s.sqld.exception.ExceptionAdvice - error
org.springframework.web.bind.MissingServletRequestParameterException: Required request parameter 'userName' for method parameter type String is not present
	at org.springframework.web.method.annotation.RequestParamMethodArgumentResolver.handleMissingValueInternal(RequestParamMethodArgumentResolver.java:220)
	at org.springframework.web.method.annotation.RequestParamMethodArgumentResolver.handleMissingValue(RequestParamMethodArgumentResolver.java:196)
	at org.springframework.web.method.annotation.AbstractNamedValueMethodArgumentResolver.resolveArgument(AbstractNamedValueMethodArgumentResolver.java:125)
	at org.springframework.web.method.support.HandlerMethodArgumentResolverComposite.resolveArgument(HandlerMethodArgumentResolverComposite.java:122)
	at org.springframework.web.method.support.InvocableHandlerMethod.getMethodArgumentValues(InvocableHandlerMethod.java:227)
	at org.springframework.web.method.support.InvocableHandlerMethod.invokeForRequest(InvocableHandlerMethod.java:181)
	at org.springframework.web.servlet.mvc.method.annotation.ServletInvocableHandlerMethod.invokeAndHandle(ServletInvocableHandlerMethod.java:118)
	at org.springframework.web.servlet.mvc.method.annotation.RequestMappingHandlerAdapter.invokeHandlerMethod(RequestMappingHandlerAdapter.java:991)
	at org.springframework.web.servlet.mvc.method.annotation.RequestMappingHandlerAdapter.handleInternal(RequestMappingHandlerAdapter.java:896)
	at org.springframework.web.servlet.mvc.method.AbstractHandlerMethodAdapter.handle(AbstractHandlerMethodAdapter.java:87)
	at org.springframework.web.servlet.DispatcherServlet.doDispatch(DispatcherServlet.java:1089)
	at org.springframework.web.servlet.DispatcherServlet.doService(DispatcherServlet.java:979)
	at org.springframework.web.servlet.FrameworkServlet.processRequest(FrameworkServlet.java:1014)
	at org.springframework.web.servlet.FrameworkServlet.doGet(FrameworkServlet.java:903)
	at jakarta.servlet.http.HttpServlet.service(HttpServlet.java:564)
	at org.springframework.web.servlet.FrameworkServlet.service(FrameworkServlet.java:885)
	at jakarta.servlet.http.HttpServlet.service(HttpServlet.java:658)
	at org.apache.catalina.core.ApplicationFilterChain.internalDoFilter(ApplicationFilterChain.java:195)
	at org.apache.catalina.core.ApplicationFilterChain.doFilter(ApplicationFilterChain.java:140)
	at org.apache.tomcat.websocket.server.WsFilter.doFilter(WsFilter.java:51)
	at org.apache.catalina.core.ApplicationFilterChain.internalDoFilter(ApplicationFilterChain.java:164)
	at org.apache.catalina.core.ApplicationFilterChain.doFilter(ApplicationFilterChain.java:140)
	at org.springframework.web.filter.OncePerRequestFilter.doFilter(OncePerRequestFilter.java:110)
	at org.apache.catalina.core.ApplicationFilterChain.internalDoFilter(ApplicationFilterChain.java:164)
	at org.apache.catalina.core.ApplicationFilterChain.doFilter(ApplicationFilterChain.java:140)
	at org.springframework.web.filter.CompositeFilter$VirtualFilterChain.doFilter(CompositeFilter.java:108)
	at org.springframework.web.filter.CompositeFilter$VirtualFilterChain.doFilter(CompositeFilter.java:108)
	at org.springframework.security.web.FilterChainProxy.lambda$doFilterInternal$3(FilterChainProxy.java:231)
	at org.springframework.security.web.FilterChainProxy$VirtualFilterChain.doFilter(FilterChainProxy.java:365)
	at org.springframework.security.web.access.intercept.AuthorizationFilter.doFilter(AuthorizationFilter.java:101)
	at org.springframework.security.web.FilterChainProxy$VirtualFilterChain.doFilter(FilterChainProxy.java:374)
	at org.springframework.security.web.access.ExceptionTranslationFilter.doFilter(ExceptionTranslationFilter.java:125)
	at org.springframework.security.web.access.ExceptionTranslationFilter.doFilter(ExceptionTranslationFilter.java:119)
	at org.springframework.security.web.FilterChainProxy$VirtualFilterChain.doFilter(FilterChainProxy.java:374)
	at org.springframework.security.web.session.SessionManagementFilter.doFilter(SessionManagementFilter.java:131)
	at org.springframework.security.web.session.SessionManagementFilter.doFilter(SessionManagementFilter.java:85)
	at org.springframework.security.web.FilterChainProxy$VirtualFilterChain.doFilter(FilterChainProxy.java:374)
	at org.springframework.security.web.authentication.AnonymousAuthenticationFilter.doFilter(AnonymousAuthenticationFilter.java:100)
	at org.springframework.security.web.FilterChainProxy$VirtualFilterChain.doFilter(FilterChainProxy.java:374)
	at org.springframework.security.web.servletapi.SecurityContextHolderAwareRequestFilter.doFilter(SecurityContextHolderAwareRequestFilter.java:179)
	at org.springframework.security.web.FilterChainProxy$VirtualFilterChain.doFilter(FilterChainProxy.java:374)
	at org.springframework.security.web.savedrequest.RequestCacheAwareFilter.doFilter(RequestCacheAwareFilter.java:63)
	at org.springframework.security.web.FilterChainProxy$VirtualFilterChain.doFilter(FilterChainProxy.java:374)
	at com.sqld_board.sqld.config.security.JwtAuthenticationFilter.doFilterInternal(JwtAuthenticationFilter.java:62)
	at org.springframework.web.filter.OncePerRequestFilter.doFilter(OncePerRequestFilter.java:116)
	at org.springframework.security.web.FilterChainProxy$VirtualFilterChain.doFilter(FilterChainProxy.java:374)
	at org.springframework.security.web.authentication.logout.LogoutFilter.doFilter(LogoutFilter.java:107)
	at org.springframework.security.web.authentication.logout.LogoutFilter.doFilter(LogoutFilter.java:93)
	at org.springframework.security.web.FilterChainProxy$VirtualFilterChain.doFilter(FilterChainProxy.java:374)
	at org.springframework.web.filter.CorsFilter.doFilterInternal(CorsFilter.java:91)
	at org.springframework.web.filter.OncePerRequestFilter.doFilter(OncePerRequestFilter.java:116)
	at org.springframework.security.web.FilterChainProxy$VirtualFilterChain.doFilter(FilterChainProxy.java:374)
	at org.springframework.security.web.header.HeaderWriterFilter.doHeadersAfter(HeaderWriterFilter.java:90)
	at org.springframework.security.web.header.HeaderWriterFilter.doFilterInternal(HeaderWriterFilter.java:75)
	at org.springframework.web.filter.OncePerRequestFilter.doFilter(OncePerRequestFilter.java:116)
	at org.springframework.security.web.FilterChainProxy$VirtualFilterChain.doFilter(FilterChainProxy.java:374)
	at org.springframework.security.web.context.SecurityContextHolderFilter.doFilter(SecurityContextHolderFilter.java:82)
	at org.springframework.security.web.context.SecurityContextHolderFilter.doFilter(SecurityContextHolderFilter.java:69)
	at org.springframework.security.web.FilterChainProxy$VirtualFilterChain.doFilter(FilterChainProxy.java:374)
	at org.springframework.security.web.context.request.async.WebAsyncManagerIntegrationFilter.doFilterInternal(WebAsyncManagerIntegrationFilter.java:62)
	at org.springframework.web.filter.OncePerRequestFilter.doFilter(OncePerRequestFilter.java:116)
	at org.springframework.security.web.FilterChainProxy$VirtualFilterChain.doFilter(FilterChainProxy.java:374)
	at org.springframework.security.web.session.DisableEncodeUrlFilter.doFilterInternal(DisableEncodeUrlFilter.java:42)
	at org.springframework.web.filter.OncePerRequestFilter.doFilter(OncePerRequestFilter.java:116)
	at org.springframework.security.web.FilterChainProxy$VirtualFilterChain.doFilter(FilterChainProxy.java:374)
	at org.springframework.security.web.FilterChainProxy.doFilterInternal(FilterChainProxy.java:233)
	at org.springframework.security.web.FilterChainProxy.doFilter(FilterChainProxy.java:191)
	at org.springframework.web.filter.CompositeFilter$VirtualFilterChain.doFilter(CompositeFilter.java:113)
	at org.springframework.web.filter.ServletRequestPathFilter.doFilter(ServletRequestPathFilter.java:52)
	at org.springframework.web.filter.CompositeFilter$VirtualFilterChain.doFilter(CompositeFilter.java:113)
	at org.springframework.web.filter.CompositeFilter.doFilter(CompositeFilter.java:74)
	at org.springframework.security.config.annotation.web.configuration.WebSecurityConfiguration$CompositeFilterChainProxy.doFilter(WebSecurityConfiguration.java:319)
	at org.springframework.web.filter.CompositeFilter$VirtualFilterChain.doFilter(CompositeFilter.java:113)
	at org.springframework.web.servlet.handler.HandlerMappingIntrospector.lambda$createCacheFilter$4(HandlerMappingIntrospector.java:267)
	at org.springframework.web.filter.CompositeFilter$VirtualFilterChain.doFilter(CompositeFilter.java:113)
	at org.springframework.web.filter.CompositeFilter.doFilter(CompositeFilter.java:74)
	at org.springframework.security.config.annotation.web.configuration.WebMvcSecurityConfiguration$CompositeFilterChainProxy.doFilter(WebMvcSecurityConfiguration.java:240)
	at org.springframework.web.filter.DelegatingFilterProxy.invokeDelegate(DelegatingFilterProxy.java:362)
	at org.springframework.web.filter.DelegatingFilterProxy.doFilter(DelegatingFilterProxy.java:278)
	at org.apache.catalina.core.ApplicationFilterChain.internalDoFilter(ApplicationFilterChain.java:164)
	at org.apache.catalina.core.ApplicationFilterChain.doFilter(ApplicationFilterChain.java:140)
	at org.springframework.web.filter.RequestContextFilter.doFilterInternal(RequestContextFilter.java:100)
	at org.springframework.web.filter.OncePerRequestFilter.doFilter(OncePerRequestFilter.java:116)
	at org.apache.catalina.core.ApplicationFilterChain.internalDoFilter(ApplicationFilterChain.java:164)
	at org.apache.catalina.core.ApplicationFilterChain.doFilter(ApplicationFilterChain.java:140)
	at org.springframework.web.filter.FormContentFilter.doFilterInternal(FormContentFilter.java:93)
	at org.springframework.web.filter.OncePerRequestFilter.doFilter(OncePerRequestFilter.java:116)
	at org.apache.catalina.core.ApplicationFilterChain.internalDoFilter(ApplicationFilterChain.java:164)
	at org.apache.catalina.core.ApplicationFilterChain.doFilter(ApplicationFilterChain.java:140)
	at org.springframework.web.filter.CharacterEncodingFilter.doFilterInternal(CharacterEncodingFilter.java:201)
	at org.springframework.web.filter.OncePerRequestFilter.doFilter(OncePerRequestFilter.java:116)
	at org.apache.catalina.core.ApplicationFilterChain.internalDoFilter(ApplicationFilterChain.java:164)
	at org.apache.catalina.core.ApplicationFilterChain.doFilter(ApplicationFilterChain.java:140)
	at org.apache.catalina.core.StandardWrapperValve.invoke(StandardWrapperValve.java:167)
	at org.apache.catalina.core.StandardContextValve.invoke(StandardContextValve.java:90)
	at org.apache.catalina.authenticator.AuthenticatorBase.invoke(AuthenticatorBase.java:483)
	at org.apache.catalina.core.StandardHostValve.invoke(StandardHostValve.java:116)
	at org.apache.catalina.valves.ErrorReportValve.invoke(ErrorReportValve.java:93)
	at org.apache.catalina.core.StandardEngineValve.invoke(StandardEngineValve.java:74)
	at org.apache.catalina.connector.CoyoteAdapter.service(CoyoteAdapter.java:344)
	at org.apache.coyote.http11.Http11Processor.service(Http11Processor.java:398)
	at org.apache.coyote.AbstractProcessorLight.process(AbstractProcessorLight.java:63)
	at org.apache.coyote.AbstractProtocol$ConnectionHandler.process(AbstractProtocol.java:903)
	at org.apache.tomcat.util.net.NioEndpoint$SocketProcessor.doRun(NioEndpoint.java:1776)
	at org.apache.tomcat.util.net.SocketProcessorBase.run(SocketProcessorBase.java:52)
	at org.apache.tomcat.util.threads.ThreadPoolExecutor.runWorker(ThreadPoolExecutor.java:975)
	at org.apache.tomcat.util.threads.ThreadPoolExecutor$Worker.run(ThreadPoolExecutor.java:493)
	at org.apache.tomcat.util.threads.TaskThread$WrappingRunnable.run(TaskThread.java:63)
	at java.base/java.lang.Thread.run(Thread.java:840)
[2026-05-11 11:07:00.180] [WARN ] [http-nio-8881-exec-2] o.s.w.s.m.m.a.ExceptionHandlerExceptionResolver - Resolved [org.springframework.web.bind.MissingServletRequestParameterException: Required request parameter 'userName' for method parameter type String is not present]
[2026-05-11 11:07:19.411] [INFO ] [http-nio-8881-exec-3] jdbc.sqltiming - SELECT EXISTS (
            SELECT 1 FROM MEMBER_INFO WHERE USER_NAME = 'tester01'
        )
 {executed in 9 msec}
[2026-05-11 11:07:21.554] [INFO ] [http-nio-8881-exec-5] jdbc.sqltiming - SELECT EXISTS
                (
                SELECT 1
                  FROM MEMBER_INFO
                 WHERE USER_EMAIL = 'test_gemini@example.com'
                )
 {executed in 10 msec}
[2026-05-11 11:07:21.577] [INFO ] [http-nio-8881-exec-5] jdbc.sqltiming - DELETE
          FROM EMAIL_VERIFICATION
         WHERE EMAIL_CHECK = 'test_gemini@example.com'
 {executed in 21 msec}
[2026-05-11 11:07:21.616] [ERROR] [http-nio-8881-exec-5] jdbc.sqltiming - 1. PreparedStatement.execute() FAILED! INSERT INTO email_verification (
            EMAIL_CHECK,
            IS_VERIFIED,
            VERIFICATION_CODE,
            EXPIRED_AT
        ) VALUES (
            'test_gemini@example.com',
            'N',
            '324542',
            2026-05-11T11:12:21.578247
        )
        ON DUPLICATE KEY UPDATE
            VERIFICATION_CODE = '324542',
            EXPIRED_AT = 2026-05-11T11:12:21.578247,
            IS_VERIFIED = 'N'
 {FAILED after 37 msec}
java.sql.SQLSyntaxErrorException: Table 'sqld_database.email_verification' doesn't exist
	at com.mysql.cj.jdbc.exceptions.SQLError.createSQLException(SQLError.java:112)
	at com.mysql.cj.jdbc.exceptions.SQLExceptionsMapping.translateException(SQLExceptionsMapping.java:114)
	at com.mysql.cj.jdbc.ClientPreparedStatement.executeInternal(ClientPreparedStatement.java:988)
	at com.mysql.cj.jdbc.ClientPreparedStatement.execute(ClientPreparedStatement.java:383)
	at net.sf.log4jdbc.sql.jdbcapi.PreparedStatementSpy.execute(PreparedStatementSpy.java:443)
	at com.zaxxer.hikari.pool.ProxyPreparedStatement.execute(ProxyPreparedStatement.java:44)
	at com.zaxxer.hikari.pool.HikariProxyPreparedStatement.execute(HikariProxyPreparedStatement.java)
	at org.apache.ibatis.executor.statement.PreparedStatementHandler.update(PreparedStatementHandler.java:48)
	at org.apache.ibatis.executor.statement.RoutingStatementHandler.update(RoutingStatementHandler.java:75)
	at org.apache.ibatis.executor.SimpleExecutor.doUpdate(SimpleExecutor.java:50)
	at org.apache.ibatis.executor.BaseExecutor.update(BaseExecutor.java:117)
	at org.apache.ibatis.executor.CachingExecutor.update(CachingExecutor.java:76)
	at org.apache.ibatis.session.defaults.DefaultSqlSession.update(DefaultSqlSession.java:197)
	at org.apache.ibatis.session.defaults.DefaultSqlSession.insert(DefaultSqlSession.java:184)
	at java.base/jdk.internal.reflect.NativeMethodAccessorImpl.invoke0(Native Method)
	at java.base/jdk.internal.reflect.NativeMethodAccessorImpl.invoke(NativeMethodAccessorImpl.java:77)
	at java.base/jdk.internal.reflect.DelegatingMethodAccessorImpl.invoke(DelegatingMethodAccessorImpl.java:43)
	at java.base/java.lang.reflect.Method.invoke(Method.java:568)
	at org.mybatis.spring.SqlSessionTemplate$SqlSessionInterceptor.invoke(SqlSessionTemplate.java:333)
	at jdk.proxy2/jdk.proxy2.$Proxy95.insert(Unknown Source)
	at org.mybatis.spring.SqlSessionTemplate.insert(SqlSessionTemplate.java:224)
	at org.apache.ibatis.binding.MapperMethod.execute(MapperMethod.java:62)
	at org.apache.ibatis.binding.MapperProxy$PlainMethodInvoker.invoke(MapperProxy.java:141)
	at org.apache.ibatis.binding.MapperProxy.invoke(MapperProxy.java:86)
	at jdk.proxy3/jdk.proxy3.$Proxy138.insertVerification(Unknown Source)
	at java.base/jdk.internal.reflect.NativeMethodAccessorImpl.invoke0(Native Method)
	at java.base/jdk.internal.reflect.NativeMethodAccessorImpl.invoke(NativeMethodAccessorImpl.java:77)
	at java.base/jdk.internal.reflect.DelegatingMethodAccessorImpl.invoke(DelegatingMethodAccessorImpl.java:43)
	at java.base/java.lang.reflect.Method.invoke(Method.java:568)
	at org.springframework.aop.support.AopUtils.invokeJoinpointUsingReflection(AopUtils.java:360)
	at org.springframework.aop.framework.ReflectiveMethodInvocation.invokeJoinpoint(ReflectiveMethodInvocation.java:196)
	at org.springframework.aop.framework.ReflectiveMethodInvocation.proceed(ReflectiveMethodInvocation.java:163)
	at org.springframework.dao.support.PersistenceExceptionTranslationInterceptor.invoke(PersistenceExceptionTranslationInterceptor.java:138)
	at org.springframework.aop.framework.ReflectiveMethodInvocation.proceed(ReflectiveMethodInvocation.java:184)
	at org.springframework.aop.framework.JdkDynamicAopProxy.invoke(JdkDynamicAopProxy.java:223)
	at jdk.proxy3/jdk.proxy3.$Proxy139.insertVerification(Unknown Source)
	at com.sqld_board.sqld.service.sign.SignServiceImpl.sendVerificationCode(SignServiceImpl.java:154)
	at java.base/jdk.internal.reflect.NativeMethodAccessorImpl.invoke0(Native Method)
	at java.base/jdk.internal.reflect.NativeMethodAccessorImpl.invoke(NativeMethodAccessorImpl.java:77)
	at java.base/jdk.internal.reflect.DelegatingMethodAccessorImpl.invoke(DelegatingMethodAccessorImpl.java:43)
	at java.base/java.lang.reflect.Method.invoke(Method.java:568)
	at org.springframework.aop.support.AopUtils.invokeJoinpointUsingReflection(AopUtils.java:360)
	at org.springframework.aop.framework.ReflectiveMethodInvocation.invokeJoinpoint(ReflectiveMethodInvocation.java:196)
	at org.springframework.aop.framework.ReflectiveMethodInvocation.proceed(ReflectiveMethodInvocation.java:163)
	at org.springframework.transaction.interceptor.TransactionAspectSupport.invokeWithinTransaction(TransactionAspectSupport.java:380)
	at org.springframework.transaction.interceptor.TransactionInterceptor.invoke(TransactionInterceptor.java:119)
	at org.springframework.aop.framework.ReflectiveMethodInvocation.proceed(ReflectiveMethodInvocation.java:184)
	at org.springframework.aop.framework.CglibAopProxy$DynamicAdvisedInterceptor.intercept(CglibAopProxy.java:728)
	at com.sqld_board.sqld.service.sign.SignServiceImpl$$SpringCGLIB$$0.sendVerificationCode(<generated>)
	at com.sqld_board.sqld.controller.sign.SignController.sendCode(SignController.java:114)
	at java.base/jdk.internal.reflect.NativeMethodAccessorImpl.invoke0(Native Method)
	at java.base/jdk.internal.reflect.NativeMethodAccessorImpl.invoke(NativeMethodAccessorImpl.java:77)
	at java.base/jdk.internal.reflect.DelegatingMethodAccessorImpl.invoke(DelegatingMethodAccessorImpl.java:43)
	at java.base/java.lang.reflect.Method.invoke(Method.java:568)
	at org.springframework.web.method.support.InvocableHandlerMethod.doInvoke(InvocableHandlerMethod.java:258)
	at org.springframework.web.method.support.InvocableHandlerMethod.invokeForRequest(InvocableHandlerMethod.java:191)
	at org.springframework.web.servlet.mvc.method.annotation.ServletInvocableHandlerMethod.invokeAndHandle(ServletInvocableHandlerMethod.java:118)
	at org.springframework.web.servlet.mvc.method.annotation.RequestMappingHandlerAdapter.invokeHandlerMethod(RequestMappingHandlerAdapter.java:991)
	at org.springframework.web.servlet.mvc.method.annotation.RequestMappingHandlerAdapter.handleInternal(RequestMappingHandlerAdapter.java:896)
	at org.springframework.web.servlet.mvc.method.AbstractHandlerMethodAdapter.handle(AbstractHandlerMethodAdapter.java:87)
	at org.springframework.web.servlet.DispatcherServlet.doDispatch(DispatcherServlet.java:1089)
	at org.springframework.web.servlet.DispatcherServlet.doService(DispatcherServlet.java:979)
	at org.springframework.web.servlet.FrameworkServlet.processRequest(FrameworkServlet.java:1014)
	at org.springframework.web.servlet.FrameworkServlet.doPost(FrameworkServlet.java:914)
	at jakarta.servlet.http.HttpServlet.service(HttpServlet.java:590)
	at org.springframework.web.servlet.FrameworkServlet.service(FrameworkServlet.java:885)
	at jakarta.servlet.http.HttpServlet.service(HttpServlet.java:658)
	at org.apache.catalina.core.ApplicationFilterChain.internalDoFilter(ApplicationFilterChain.java:195)
	at org.apache.catalina.core.ApplicationFilterChain.doFilter(ApplicationFilterChain.java:140)
	at org.apache.tomcat.websocket.server.WsFilter.doFilter(WsFilter.java:51)
	at org.apache.catalina.core.ApplicationFilterChain.internalDoFilter(ApplicationFilterChain.java:164)
	at org.apache.catalina.core.ApplicationFilterChain.doFilter(ApplicationFilterChain.java:140)
	at org.springframework.web.filter.OncePerRequestFilter.doFilter(OncePerRequestFilter.java:110)
	at org.apache.catalina.core.ApplicationFilterChain.internalDoFilter(ApplicationFilterChain.java:164)
	at org.apache.catalina.core.ApplicationFilterChain.doFilter(ApplicationFilterChain.java:140)
	at org.springframework.web.filter.CompositeFilter$VirtualFilterChain.doFilter(CompositeFilter.java:108)
	at org.springframework.web.filter.CompositeFilter$VirtualFilterChain.doFilter(CompositeFilter.java:108)
	at org.springframework.security.web.FilterChainProxy.lambda$doFilterInternal$3(FilterChainProxy.java:231)
	at org.springframework.security.web.FilterChainProxy$VirtualFilterChain.doFilter(FilterChainProxy.java:365)
	at org.springframework.security.web.access.intercept.AuthorizationFilter.doFilter(AuthorizationFilter.java:101)
	at org.springframework.security.web.FilterChainProxy$VirtualFilterChain.doFilter(FilterChainProxy.java:374)
	at org.springframework.security.web.access.ExceptionTranslationFilter.doFilter(ExceptionTranslationFilter.java:125)
	at org.springframework.security.web.access.ExceptionTranslationFilter.doFilter(ExceptionTranslationFilter.java:119)
	at org.springframework.security.web.FilterChainProxy$VirtualFilterChain.doFilter(FilterChainProxy.java:374)
	at org.springframework.security.web.session.SessionManagementFilter.doFilter(SessionManagementFilter.java:131)
	at org.springframework.security.web.session.SessionManagementFilter.doFilter(SessionManagementFilter.java:85)
	at org.springframework.security.web.FilterChainProxy$VirtualFilterChain.doFilter(FilterChainProxy.java:374)
	at org.springframework.security.web.authentication.AnonymousAuthenticationFilter.doFilter(AnonymousAuthenticationFilter.java:100)
	at org.springframework.security.web.FilterChainProxy$VirtualFilterChain.doFilter(FilterChainProxy.java:374)
	at org.springframework.security.web.servletapi.SecurityContextHolderAwareRequestFilter.doFilter(SecurityContextHolderAwareRequestFilter.java:179)
	at org.springframework.security.web.FilterChainProxy$VirtualFilterChain.doFilter(FilterChainProxy.java:374)
	at org.springframework.security.web.savedrequest.RequestCacheAwareFilter.doFilter(RequestCacheAwareFilter.java:63)
	at org.springframework.security.web.FilterChainProxy$VirtualFilterChain.doFilter(FilterChainProxy.java:374)
	at com.sqld_board.sqld.config.security.JwtAuthenticationFilter.doFilterInternal(JwtAuthenticationFilter.java:62)
	at org.springframework.web.filter.OncePerRequestFilter.doFilter(OncePerRequestFilter.java:116)
	at org.springframework.security.web.FilterChainProxy$VirtualFilterChain.doFilter(FilterChainProxy.java:374)
	at org.springframework.security.web.authentication.logout.LogoutFilter.doFilter(LogoutFilter.java:107)
	at org.springframework.security.web.authentication.logout.LogoutFilter.doFilter(LogoutFilter.java:93)
	at org.springframework.security.web.FilterChainProxy$VirtualFilterChain.doFilter(FilterChainProxy.java:374)
	at org.springframework.web.filter.CorsFilter.doFilterInternal(CorsFilter.java:91)
	at org.springframework.web.filter.OncePerRequestFilter.doFilter(OncePerRequestFilter.java:116)
	at org.springframework.security.web.FilterChainProxy$VirtualFilterChain.doFilter(FilterChainProxy.java:374)
	at org.springframework.security.web.header.HeaderWriterFilter.doHeadersAfter(HeaderWriterFilter.java:90)
	at org.springframework.security.web.header.HeaderWriterFilter.doFilterInternal(HeaderWriterFilter.java:75)
	at org.springframework.web.filter.OncePerRequestFilter.doFilter(OncePerRequestFilter.java:116)
	at org.springframework.security.web.FilterChainProxy$VirtualFilterChain.doFilter(FilterChainProxy.java:374)
	at org.springframework.security.web.context.SecurityContextHolderFilter.doFilter(SecurityContextHolderFilter.java:82)
	at org.springframework.security.web.context.SecurityContextHolderFilter.doFilter(SecurityContextHolderFilter.java:69)
	at org.springframework.security.web.FilterChainProxy$VirtualFilterChain.doFilter(FilterChainProxy.java:374)
	at org.springframework.security.web.context.request.async.WebAsyncManagerIntegrationFilter.doFilterInternal(WebAsyncManagerIntegrationFilter.java:62)
	at org.springframework.web.filter.OncePerRequestFilter.doFilter(OncePerRequestFilter.java:116)
	at org.springframework.security.web.FilterChainProxy$VirtualFilterChain.doFilter(FilterChainProxy.java:374)
	at org.springframework.security.web.session.DisableEncodeUrlFilter.doFilterInternal(DisableEncodeUrlFilter.java:42)
	at org.springframework.web.filter.OncePerRequestFilter.doFilter(OncePerRequestFilter.java:116)
	at org.springframework.security.web.FilterChainProxy$VirtualFilterChain.doFilter(FilterChainProxy.java:374)
	at org.springframework.security.web.FilterChainProxy.doFilterInternal(FilterChainProxy.java:233)
	at org.springframework.security.web.FilterChainProxy.doFilter(FilterChainProxy.java:191)
	at org.springframework.web.filter.CompositeFilter$VirtualFilterChain.doFilter(CompositeFilter.java:113)
	at org.springframework.web.filter.ServletRequestPathFilter.doFilter(ServletRequestPathFilter.java:52)
	at org.springframework.web.filter.CompositeFilter$VirtualFilterChain.doFilter(CompositeFilter.java:113)
	at org.springframework.web.filter.CompositeFilter.doFilter(CompositeFilter.java:74)
	at org.springframework.security.config.annotation.web.configuration.WebSecurityConfiguration$CompositeFilterChainProxy.doFilter(WebSecurityConfiguration.java:319)
	at org.springframework.web.filter.CompositeFilter$VirtualFilterChain.doFilter(CompositeFilter.java:113)
	at org.springframework.web.servlet.handler.HandlerMappingIntrospector.lambda$createCacheFilter$4(HandlerMappingIntrospector.java:267)
	at org.springframework.web.filter.CompositeFilter$VirtualFilterChain.doFilter(CompositeFilter.java:113)
	at org.springframework.web.filter.CompositeFilter.doFilter(CompositeFilter.java:74)
	at org.springframework.security.config.annotation.web.configuration.WebMvcSecurityConfiguration$CompositeFilterChainProxy.doFilter(WebMvcSecurityConfiguration.java:240)
	at org.springframework.web.filter.DelegatingFilterProxy.invokeDelegate(DelegatingFilterProxy.java:362)
	at org.springframework.web.filter.DelegatingFilterProxy.doFilter(DelegatingFilterProxy.java:278)
	at org.apache.catalina.core.ApplicationFilterChain.internalDoFilter(ApplicationFilterChain.java:164)
	at org.apache.catalina.core.ApplicationFilterChain.doFilter(ApplicationFilterChain.java:140)
	at org.springframework.web.filter.RequestContextFilter.doFilterInternal(RequestContextFilter.java:100)
	at org.springframework.web.filter.OncePerRequestFilter.doFilter(OncePerRequestFilter.java:116)
	at org.apache.catalina.core.ApplicationFilterChain.internalDoFilter(ApplicationFilterChain.java:164)
	at org.apache.catalina.core.ApplicationFilterChain.doFilter(ApplicationFilterChain.java:140)
	at org.springframework.web.filter.FormContentFilter.doFilterInternal(FormContentFilter.java:93)
	at org.springframework.web.filter.OncePerRequestFilter.doFilter(OncePerRequestFilter.java:116)
	at org.apache.catalina.core.ApplicationFilterChain.internalDoFilter(ApplicationFilterChain.java:164)
	at org.apache.catalina.core.ApplicationFilterChain.doFilter(ApplicationFilterChain.java:140)
	at org.springframework.web.filter.CharacterEncodingFilter.doFilterInternal(CharacterEncodingFilter.java:201)
	at org.springframework.web.filter.OncePerRequestFilter.doFilter(OncePerRequestFilter.java:116)
	at org.apache.catalina.core.ApplicationFilterChain.internalDoFilter(ApplicationFilterChain.java:164)
	at org.apache.catalina.core.ApplicationFilterChain.doFilter(ApplicationFilterChain.java:140)
	at org.apache.catalina.core.StandardWrapperValve.invoke(StandardWrapperValve.java:167)
	at org.apache.catalina.core.StandardContextValve.invoke(StandardContextValve.java:90)
	at org.apache.catalina.authenticator.AuthenticatorBase.invoke(AuthenticatorBase.java:483)
	at org.apache.catalina.core.StandardHostValve.invoke(StandardHostValve.java:116)
	at org.apache.catalina.valves.ErrorReportValve.invoke(ErrorReportValve.java:93)
	at org.apache.catalina.core.StandardEngineValve.invoke(StandardEngineValve.java:74)
	at org.apache.catalina.connector.CoyoteAdapter.service(CoyoteAdapter.java:344)
	at org.apache.coyote.http11.Http11Processor.service(Http11Processor.java:398)
	at org.apache.coyote.AbstractProcessorLight.process(AbstractProcessorLight.java:63)
	at org.apache.coyote.AbstractProtocol$ConnectionHandler.process(AbstractProtocol.java:903)
	at org.apache.tomcat.util.net.NioEndpoint$SocketProcessor.doRun(NioEndpoint.java:1776)
	at org.apache.tomcat.util.net.SocketProcessorBase.run(SocketProcessorBase.java:52)
	at org.apache.tomcat.util.threads.ThreadPoolExecutor.runWorker(ThreadPoolExecutor.java:975)
	at org.apache.tomcat.util.threads.ThreadPoolExecutor$Worker.run(ThreadPoolExecutor.java:493)
	at org.apache.tomcat.util.threads.TaskThread$WrappingRunnable.run(TaskThread.java:63)
	at java.base/java.lang.Thread.run(Thread.java:840)
[2026-05-11 11:07:21.699] [INFO ] [http-nio-8881-exec-5] c.s.sqld.exception.ExceptionAdvice - error
org.springframework.jdbc.BadSqlGrammarException: 
### Error updating database.  Cause: java.sql.SQLSyntaxErrorException: Table 'sqld_database.email_verification' doesn't exist
### The error may exist in file [/Users/minboklee/Downloads/sqld/build/resources/main/mapper/EmailVerification.xml]
### The error may involve com.sqld_board.sqld.mapper.EmailVerificationMapper.insertVerification-Inline
### The error occurred while setting parameters
### SQL: INSERT INTO email_verification (             EMAIL_CHECK,             IS_VERIFIED,             VERIFICATION_CODE,             EXPIRED_AT         ) VALUES (             ?,             'N',             ?,             ?         )         ON DUPLICATE KEY UPDATE             VERIFICATION_CODE = ?,             EXPIRED_AT = ?,             IS_VERIFIED = 'N'
### Cause: java.sql.SQLSyntaxErrorException: Table 'sqld_database.email_verification' doesn't exist
; bad SQL grammar []
	at org.springframework.jdbc.support.SQLErrorCodeSQLExceptionTranslator.doTranslate(SQLErrorCodeSQLExceptionTranslator.java:246)
	at org.springframework.jdbc.support.AbstractFallbackSQLExceptionTranslator.translate(AbstractFallbackSQLExceptionTranslator.java:107)
	at org.mybatis.spring.MyBatisExceptionTranslator.translateExceptionIfPossible(MyBatisExceptionTranslator.java:95)
	at org.mybatis.spring.SqlSessionTemplate$SqlSessionInterceptor.invoke(SqlSessionTemplate.java:347)
	at jdk.proxy2/jdk.proxy2.$Proxy95.insert(Unknown Source)
	at org.mybatis.spring.SqlSessionTemplate.insert(SqlSessionTemplate.java:224)
	at org.apache.ibatis.binding.MapperMethod.execute(MapperMethod.java:62)
	at org.apache.ibatis.binding.MapperProxy$PlainMethodInvoker.invoke(MapperProxy.java:141)
	at org.apache.ibatis.binding.MapperProxy.invoke(MapperProxy.java:86)
	at jdk.proxy3/jdk.proxy3.$Proxy138.insertVerification(Unknown Source)
	at java.base/jdk.internal.reflect.NativeMethodAccessorImpl.invoke0(Native Method)
	at java.base/jdk.internal.reflect.NativeMethodAccessorImpl.invoke(NativeMethodAccessorImpl.java:77)
	at java.base/jdk.internal.reflect.DelegatingMethodAccessorImpl.invoke(DelegatingMethodAccessorImpl.java:43)
	at java.base/java.lang.reflect.Method.invoke(Method.java:568)
	at org.springframework.aop.support.AopUtils.invokeJoinpointUsingReflection(AopUtils.java:360)
	at org.springframework.aop.framework.ReflectiveMethodInvocation.invokeJoinpoint(ReflectiveMethodInvocation.java:196)
	at org.springframework.aop.framework.ReflectiveMethodInvocation.proceed(ReflectiveMethodInvocation.java:163)
	at org.springframework.dao.support.PersistenceExceptionTranslationInterceptor.invoke(PersistenceExceptionTranslationInterceptor.java:138)
	at org.springframework.aop.framework.ReflectiveMethodInvocation.proceed(ReflectiveMethodInvocation.java:184)
	at org.springframework.aop.framework.JdkDynamicAopProxy.invoke(JdkDynamicAopProxy.java:223)
	at jdk.proxy3/jdk.proxy3.$Proxy139.insertVerification(Unknown Source)
	at com.sqld_board.sqld.service.sign.SignServiceImpl.sendVerificationCode(SignServiceImpl.java:154)
	at java.base/jdk.internal.reflect.NativeMethodAccessorImpl.invoke0(Native Method)
	at java.base/jdk.internal.reflect.NativeMethodAccessorImpl.invoke(NativeMethodAccessorImpl.java:77)
	at java.base/jdk.internal.reflect.DelegatingMethodAccessorImpl.invoke(DelegatingMethodAccessorImpl.java:43)
	at java.base/java.lang.reflect.Method.invoke(Method.java:568)
	at org.springframework.aop.support.AopUtils.invokeJoinpointUsingReflection(AopUtils.java:360)
	at org.springframework.aop.framework.ReflectiveMethodInvocation.invokeJoinpoint(ReflectiveMethodInvocation.java:196)
	at org.springframework.aop.framework.ReflectiveMethodInvocation.proceed(ReflectiveMethodInvocation.java:163)
	at org.springframework.transaction.interceptor.TransactionAspectSupport.invokeWithinTransaction(TransactionAspectSupport.java:380)
	at org.springframework.transaction.interceptor.TransactionInterceptor.invoke(TransactionInterceptor.java:119)
	at org.springframework.aop.framework.ReflectiveMethodInvocation.proceed(ReflectiveMethodInvocation.java:184)
	at org.springframework.aop.framework.CglibAopProxy$DynamicAdvisedInterceptor.intercept(CglibAopProxy.java:728)
	at com.sqld_board.sqld.service.sign.SignServiceImpl$$SpringCGLIB$$0.sendVerificationCode(<generated>)
	at com.sqld_board.sqld.controller.sign.SignController.sendCode(SignController.java:114)
	at java.base/jdk.internal.reflect.NativeMethodAccessorImpl.invoke0(Native Method)
	at java.base/jdk.internal.reflect.NativeMethodAccessorImpl.invoke(NativeMethodAccessorImpl.java:77)
	at java.base/jdk.internal.reflect.DelegatingMethodAccessorImpl.invoke(DelegatingMethodAccessorImpl.java:43)
	at java.base/java.lang.reflect.Method.invoke(Method.java:568)
	at org.springframework.web.method.support.InvocableHandlerMethod.doInvoke(InvocableHandlerMethod.java:258)
	at org.springframework.web.method.support.InvocableHandlerMethod.invokeForRequest(InvocableHandlerMethod.java:191)
	at org.springframework.web.servlet.mvc.method.annotation.ServletInvocableHandlerMethod.invokeAndHandle(ServletInvocableHandlerMethod.java:118)
	at org.springframework.web.servlet.mvc.method.annotation.RequestMappingHandlerAdapter.invokeHandlerMethod(RequestMappingHandlerAdapter.java:991)
	at org.springframework.web.servlet.mvc.method.annotation.RequestMappingHandlerAdapter.handleInternal(RequestMappingHandlerAdapter.java:896)
	at org.springframework.web.servlet.mvc.method.AbstractHandlerMethodAdapter.handle(AbstractHandlerMethodAdapter.java:87)
	at org.springframework.web.servlet.DispatcherServlet.doDispatch(DispatcherServlet.java:1089)
	at org.springframework.web.servlet.DispatcherServlet.doService(DispatcherServlet.java:979)
	at org.springframework.web.servlet.FrameworkServlet.processRequest(FrameworkServlet.java:1014)
	at org.springframework.web.servlet.FrameworkServlet.doPost(FrameworkServlet.java:914)
	at jakarta.servlet.http.HttpServlet.service(HttpServlet.java:590)
	at org.springframework.web.servlet.FrameworkServlet.service(FrameworkServlet.java:885)
	at jakarta.servlet.http.HttpServlet.service(HttpServlet.java:658)
	at org.apache.catalina.core.ApplicationFilterChain.internalDoFilter(ApplicationFilterChain.java:195)
	at org.apache.catalina.core.ApplicationFilterChain.doFilter(ApplicationFilterChain.java:140)
	at org.apache.tomcat.websocket.server.WsFilter.doFilter(WsFilter.java:51)
	at org.apache.catalina.core.ApplicationFilterChain.internalDoFilter(ApplicationFilterChain.java:164)
	at org.apache.catalina.core.ApplicationFilterChain.doFilter(ApplicationFilterChain.java:140)
	at org.springframework.web.filter.OncePerRequestFilter.doFilter(OncePerRequestFilter.java:110)
	at org.apache.catalina.core.ApplicationFilterChain.internalDoFilter(ApplicationFilterChain.java:164)
	at org.apache.catalina.core.ApplicationFilterChain.doFilter(ApplicationFilterChain.java:140)
	at org.springframework.web.filter.CompositeFilter$VirtualFilterChain.doFilter(CompositeFilter.java:108)
	at org.springframework.web.filter.CompositeFilter$VirtualFilterChain.doFilter(CompositeFilter.java:108)
	at org.springframework.security.web.FilterChainProxy.lambda$doFilterInternal$3(FilterChainProxy.java:231)
	at org.springframework.security.web.FilterChainProxy$VirtualFilterChain.doFilter(FilterChainProxy.java:365)
	at org.springframework.security.web.access.intercept.AuthorizationFilter.doFilter(AuthorizationFilter.java:101)
	at org.springframework.security.web.FilterChainProxy$VirtualFilterChain.doFilter(FilterChainProxy.java:374)
	at org.springframework.security.web.access.ExceptionTranslationFilter.doFilter(ExceptionTranslationFilter.java:125)
	at org.springframework.security.web.access.ExceptionTranslationFilter.doFilter(ExceptionTranslationFilter.java:119)
	at org.springframework.security.web.FilterChainProxy$VirtualFilterChain.doFilter(FilterChainProxy.java:374)
	at org.springframework.security.web.session.SessionManagementFilter.doFilter(SessionManagementFilter.java:131)
	at org.springframework.security.web.session.SessionManagementFilter.doFilter(SessionManagementFilter.java:85)
	at org.springframework.security.web.FilterChainProxy$VirtualFilterChain.doFilter(FilterChainProxy.java:374)
	at org.springframework.security.web.authentication.AnonymousAuthenticationFilter.doFilter(AnonymousAuthenticationFilter.java:100)
	at org.springframework.security.web.FilterChainProxy$VirtualFilterChain.doFilter(FilterChainProxy.java:374)
	at org.springframework.security.web.servletapi.SecurityContextHolderAwareRequestFilter.doFilter(SecurityContextHolderAwareRequestFilter.java:179)
	at org.springframework.security.web.FilterChainProxy$VirtualFilterChain.doFilter(FilterChainProxy.java:374)
	at org.springframework.security.web.savedrequest.RequestCacheAwareFilter.doFilter(RequestCacheAwareFilter.java:63)
	at org.springframework.security.web.FilterChainProxy$VirtualFilterChain.doFilter(FilterChainProxy.java:374)
	at com.sqld_board.sqld.config.security.JwtAuthenticationFilter.doFilterInternal(JwtAuthenticationFilter.java:62)
	at org.springframework.web.filter.OncePerRequestFilter.doFilter(OncePerRequestFilter.java:116)
	at org.springframework.security.web.FilterChainProxy$VirtualFilterChain.doFilter(FilterChainProxy.java:374)
	at org.springframework.security.web.authentication.logout.LogoutFilter.doFilter(LogoutFilter.java:107)
	at org.springframework.security.web.authentication.logout.LogoutFilter.doFilter(LogoutFilter.java:93)
	at org.springframework.security.web.FilterChainProxy$VirtualFilterChain.doFilter(FilterChainProxy.java:374)
	at org.springframework.web.filter.CorsFilter.doFilterInternal(CorsFilter.java:91)
	at org.springframework.web.filter.OncePerRequestFilter.doFilter(OncePerRequestFilter.java:116)
	at org.springframework.security.web.FilterChainProxy$VirtualFilterChain.doFilter(FilterChainProxy.java:374)
	at org.springframework.security.web.header.HeaderWriterFilter.doHeadersAfter(HeaderWriterFilter.java:90)
	at org.springframework.security.web.header.HeaderWriterFilter.doFilterInternal(HeaderWriterFilter.java:75)
	at org.springframework.web.filter.OncePerRequestFilter.doFilter(OncePerRequestFilter.java:116)
	at org.springframework.security.web.FilterChainProxy$VirtualFilterChain.doFilter(FilterChainProxy.java:374)
	at org.springframework.security.web.context.SecurityContextHolderFilter.doFilter(SecurityContextHolderFilter.java:82)
	at org.springframework.security.web.context.SecurityContextHolderFilter.doFilter(SecurityContextHolderFilter.java:69)
	at org.springframework.security.web.FilterChainProxy$VirtualFilterChain.doFilter(FilterChainProxy.java:374)
	at org.springframework.security.web.context.request.async.WebAsyncManagerIntegrationFilter.doFilterInternal(WebAsyncManagerIntegrationFilter.java:62)
	at org.springframework.web.filter.OncePerRequestFilter.doFilter(OncePerRequestFilter.java:116)
	at org.springframework.security.web.FilterChainProxy$VirtualFilterChain.doFilter(FilterChainProxy.java:374)
	at org.springframework.security.web.session.DisableEncodeUrlFilter.doFilterInternal(DisableEncodeUrlFilter.java:42)
	at org.springframework.web.filter.OncePerRequestFilter.doFilter(OncePerRequestFilter.java:116)
	at org.springframework.security.web.FilterChainProxy$VirtualFilterChain.doFilter(FilterChainProxy.java:374)
	at org.springframework.security.web.FilterChainProxy.doFilterInternal(FilterChainProxy.java:233)
	at org.springframework.security.web.FilterChainProxy.doFilter(FilterChainProxy.java:191)
	at org.springframework.web.filter.CompositeFilter$VirtualFilterChain.doFilter(CompositeFilter.java:113)
	at org.springframework.web.filter.ServletRequestPathFilter.doFilter(ServletRequestPathFilter.java:52)
	at org.springframework.web.filter.CompositeFilter$VirtualFilterChain.doFilter(CompositeFilter.java:113)
	at org.springframework.web.filter.CompositeFilter.doFilter(CompositeFilter.java:74)
	at org.springframework.security.config.annotation.web.configuration.WebSecurityConfiguration$CompositeFilterChainProxy.doFilter(WebSecurityConfiguration.java:319)
	at org.springframework.web.filter.CompositeFilter$VirtualFilterChain.doFilter(CompositeFilter.java:113)
	at org.springframework.web.servlet.handler.HandlerMappingIntrospector.lambda$createCacheFilter$4(HandlerMappingIntrospector.java:267)
	at org.springframework.web.filter.CompositeFilter$VirtualFilterChain.doFilter(CompositeFilter.java:113)
	at org.springframework.web.filter.CompositeFilter.doFilter(CompositeFilter.java:74)
	at org.springframework.security.config.annotation.web.configuration.WebMvcSecurityConfiguration$CompositeFilterChainProxy.doFilter(WebMvcSecurityConfiguration.java:240)
	at org.springframework.web.filter.DelegatingFilterProxy.invokeDelegate(DelegatingFilterProxy.java:362)
	at org.springframework.web.filter.DelegatingFilterProxy.doFilter(DelegatingFilterProxy.java:278)
	at org.apache.catalina.core.ApplicationFilterChain.internalDoFilter(ApplicationFilterChain.java:164)
	at org.apache.catalina.core.ApplicationFilterChain.doFilter(ApplicationFilterChain.java:140)
	at org.springframework.web.filter.RequestContextFilter.doFilterInternal(RequestContextFilter.java:100)
	at org.springframework.web.filter.OncePerRequestFilter.doFilter(OncePerRequestFilter.java:116)
	at org.apache.catalina.core.ApplicationFilterChain.internalDoFilter(ApplicationFilterChain.java:164)
	at org.apache.catalina.core.ApplicationFilterChain.doFilter(ApplicationFilterChain.java:140)
	at org.springframework.web.filter.FormContentFilter.doFilterInternal(FormContentFilter.java:93)
	at org.springframework.web.filter.OncePerRequestFilter.doFilter(OncePerRequestFilter.java:116)
	at org.apache.catalina.core.ApplicationFilterChain.internalDoFilter(ApplicationFilterChain.java:164)
	at org.apache.catalina.core.ApplicationFilterChain.doFilter(ApplicationFilterChain.java:140)
	at org.springframework.web.filter.CharacterEncodingFilter.doFilterInternal(CharacterEncodingFilter.java:201)
	at org.springframework.web.filter.OncePerRequestFilter.doFilter(OncePerRequestFilter.java:116)
	at org.apache.catalina.core.ApplicationFilterChain.internalDoFilter(ApplicationFilterChain.java:164)
	at org.apache.catalina.core.ApplicationFilterChain.doFilter(ApplicationFilterChain.java:140)
	at org.apache.catalina.core.StandardWrapperValve.invoke(StandardWrapperValve.java:167)
	at org.apache.catalina.core.StandardContextValve.invoke(StandardContextValve.java:90)
	at org.apache.catalina.authenticator.AuthenticatorBase.invoke(AuthenticatorBase.java:483)
	at org.apache.catalina.core.StandardHostValve.invoke(StandardHostValve.java:116)
	at org.apache.catalina.valves.ErrorReportValve.invoke(ErrorReportValve.java:93)
	at org.apache.catalina.core.StandardEngineValve.invoke(StandardEngineValve.java:74)
	at org.apache.catalina.connector.CoyoteAdapter.service(CoyoteAdapter.java:344)
	at org.apache.coyote.http11.Http11Processor.service(Http11Processor.java:398)
	at org.apache.coyote.AbstractProcessorLight.process(AbstractProcessorLight.java:63)
	at org.apache.coyote.AbstractProtocol$ConnectionHandler.process(AbstractProtocol.java:903)
	at org.apache.tomcat.util.net.NioEndpoint$SocketProcessor.doRun(NioEndpoint.java:1776)
	at org.apache.tomcat.util.net.SocketProcessorBase.run(SocketProcessorBase.java:52)
	at org.apache.tomcat.util.threads.ThreadPoolExecutor.runWorker(ThreadPoolExecutor.java:975)
	at org.apache.tomcat.util.threads.ThreadPoolExecutor$Worker.run(ThreadPoolExecutor.java:493)
	at org.apache.tomcat.util.threads.TaskThread$WrappingRunnable.run(TaskThread.java:63)
	at java.base/java.lang.Thread.run(Thread.java:840)
Caused by: java.sql.SQLSyntaxErrorException: Table 'sqld_database.email_verification' doesn't exist
	at com.mysql.cj.jdbc.exceptions.SQLError.createSQLException(SQLError.java:112)
	at com.mysql.cj.jdbc.exceptions.SQLExceptionsMapping.translateException(SQLExceptionsMapping.java:114)
	at com.mysql.cj.jdbc.ClientPreparedStatement.executeInternal(ClientPreparedStatement.java:988)
	at com.mysql.cj.jdbc.ClientPreparedStatement.execute(ClientPreparedStatement.java:383)
	at net.sf.log4jdbc.sql.jdbcapi.PreparedStatementSpy.execute(PreparedStatementSpy.java:443)
	at com.zaxxer.hikari.pool.ProxyPreparedStatement.execute(ProxyPreparedStatement.java:44)
	at com.zaxxer.hikari.pool.HikariProxyPreparedStatement.execute(HikariProxyPreparedStatement.java)
	at org.apache.ibatis.executor.statement.PreparedStatementHandler.update(PreparedStatementHandler.java:48)
	at org.apache.ibatis.executor.statement.RoutingStatementHandler.update(RoutingStatementHandler.java:75)
	at org.apache.ibatis.executor.SimpleExecutor.doUpdate(SimpleExecutor.java:50)
	at org.apache.ibatis.executor.BaseExecutor.update(BaseExecutor.java:117)
	at org.apache.ibatis.executor.CachingExecutor.update(CachingExecutor.java:76)
	at org.apache.ibatis.session.defaults.DefaultSqlSession.update(DefaultSqlSession.java:197)
	at org.apache.ibatis.session.defaults.DefaultSqlSession.insert(DefaultSqlSession.java:184)
	at java.base/jdk.internal.reflect.NativeMethodAccessorImpl.invoke0(Native Method)
	at java.base/jdk.internal.reflect.NativeMethodAccessorImpl.invoke(NativeMethodAccessorImpl.java:77)
	at java.base/jdk.internal.reflect.DelegatingMethodAccessorImpl.invoke(DelegatingMethodAccessorImpl.java:43)
	at java.base/java.lang.reflect.Method.invoke(Method.java:568)
	at org.mybatis.spring.SqlSessionTemplate$SqlSessionInterceptor.invoke(SqlSessionTemplate.java:333)
	... 140 common frames omitted
[2026-05-11 11:07:21.701] [WARN ] [http-nio-8881-exec-5] o.s.w.s.m.m.a.ExceptionHandlerExceptionResolver - Resolved [org.springframework.jdbc.BadSqlGrammarException: <EOL>### Error updating database.  Cause: java.sql.SQLSyntaxErrorException: Table 'sqld_database.email_verification' doesn't exist<EOL>### The error may exist in file [/Users/minboklee/Downloads/sqld/build/resources/main/mapper/EmailVerification.xml]<EOL>### The error may involve com.sqld_board.sqld.mapper.EmailVerificationMapper.insertVerification-Inline<EOL>### The error occurred while setting parameters<EOL>### SQL: INSERT INTO email_verification (             EMAIL_CHECK,             IS_VERIFIED,             VERIFICATION_CODE,             EXPIRED_AT         ) VALUES (             ?,             'N',             ?,             ?         )         ON DUPLICATE KEY UPDATE             VERIFICATION_CODE = ?,             EXPIRED_AT = ?,             IS_VERIFIED = 'N'<EOL>### Cause: java.sql.SQLSyntaxErrorException: Table 'sqld_database.email_verification' doesn't exist<EOL>; bad SQL grammar []]
[2026-05-11 11:07:25.602] [ERROR] [http-nio-8881-exec-6] c.s.sqld.exception.ExceptionAdvice - 정적 리소스를 찾을 수 없습니다: api/common/signIn
[2026-05-11 11:07:25.602] [WARN ] [http-nio-8881-exec-6] o.s.w.s.m.m.a.ExceptionHandlerExceptionResolver - Resolved [org.springframework.web.servlet.resource.NoResourceFoundException: No static resource api/common/signIn.]
[2026-05-11 11:07:33.813] [ERROR] [HikariPool-1:housekeeper] jdbc.sqltiming - 9. Connection.setNetworkTimeout(com.zaxxer.hikari.pool.PoolBase$SynchronousExecutor@637d48c1, 0;
java.sql.SQLNonTransientConnectionException: No operations allowed after connection closed.
	at com.mysql.cj.jdbc.exceptions.SQLError.createSQLException(SQLError.java:102)
	at com.mysql.cj.jdbc.exceptions.SQLError.createSQLException(SQLError.java:89)
	at com.mysql.cj.jdbc.exceptions.SQLError.createSQLException(SQLError.java:81)
	at com.mysql.cj.jdbc.exceptions.SQLError.createSQLException(SQLError.java:55)
	at com.mysql.cj.jdbc.exceptions.SQLError.createSQLException(SQLError.java:65)
	at com.mysql.cj.jdbc.exceptions.SQLExceptionsMapping.translateException(SQLExceptionsMapping.java:64)
	at com.mysql.cj.jdbc.ConnectionImpl.setNetworkTimeout(ConnectionImpl.java:2701)
	at net.sf.log4jdbc.sql.jdbcapi.ConnectionSpy.setNetworkTimeout(ConnectionSpy.java:1120)
	at com.zaxxer.hikari.pool.PoolBase.setNetworkTimeout(PoolBase.java:582)
	at com.zaxxer.hikari.pool.PoolBase.isConnectionDead(PoolBase.java:174)
	at com.zaxxer.hikari.pool.HikariPool$KeepaliveTask.run(HikariPool.java:882)
	at java.base/java.util.concurrent.Executors$RunnableAdapter.call(Executors.java:539)
	at java.base/java.util.concurrent.FutureTask.runAndReset(FutureTask.java:305)
	at java.base/java.util.concurrent.ScheduledThreadPoolExecutor$ScheduledFutureTask.run(ScheduledThreadPoolExecutor.java:305)
	at java.base/java.util.concurrent.ThreadPoolExecutor.runWorker(ThreadPoolExecutor.java:1136)
	at java.base/java.util.concurrent.ThreadPoolExecutor$Worker.run(ThreadPoolExecutor.java:635)
	at java.base/java.lang.Thread.run(Thread.java:840)
Caused by: com.mysql.cj.exceptions.ConnectionIsClosedException: No operations allowed after connection closed.
	at java.base/jdk.internal.reflect.NativeConstructorAccessorImpl.newInstance0(Native Method)
	at java.base/jdk.internal.reflect.NativeConstructorAccessorImpl.newInstance(NativeConstructorAccessorImpl.java:77)
	at java.base/jdk.internal.reflect.DelegatingConstructorAccessorImpl.newInstance(DelegatingConstructorAccessorImpl.java:45)
	at java.base/java.lang.reflect.Constructor.newInstanceWithCaller(Constructor.java:499)
	at java.base/java.lang.reflect.Constructor.newInstance(Constructor.java:480)
	at com.mysql.cj.exceptions.ExceptionFactory.createException(ExceptionFactory.java:52)
	at com.mysql.cj.exceptions.ExceptionFactory.createException(ExceptionFactory.java:95)
	at com.mysql.cj.exceptions.ExceptionFactory.createException(ExceptionFactory.java:140)
	at com.mysql.cj.NativeSession.checkClosed(NativeSession.java:929)
	at com.mysql.cj.jdbc.ConnectionImpl.checkClosed(ConnectionImpl.java:557)
	at com.mysql.cj.jdbc.ConnectionImpl.setNetworkTimeout(ConnectionImpl.java:2696)
	... 10 common frames omitted
[2026-05-11 11:07:33.816] [WARN ] [HikariPool-1:housekeeper] com.zaxxer.hikari.pool.PoolBase - HikariPool-1 - Failed to validate connection net.sf.log4jdbc.sql.jdbcapi.ConnectionSpy@40189b3f (No operations allowed after connection closed.). Possibly consider using a shorter maxLifetime value.
[2026-05-11 11:07:38.821] [ERROR] [HikariPool-1:housekeeper] jdbc.sqltiming - 2. Connection.setNetworkTimeout(com.zaxxer.hikari.pool.PoolBase$SynchronousExecutor@637d48c1, 0;
java.sql.SQLNonTransientConnectionException: No operations allowed after connection closed.
	at com.mysql.cj.jdbc.exceptions.SQLError.createSQLException(SQLError.java:102)
	at com.mysql.cj.jdbc.exceptions.SQLError.createSQLException(SQLError.java:89)
	at com.mysql.cj.jdbc.exceptions.SQLError.createSQLException(SQLError.java:81)
	at com.mysql.cj.jdbc.exceptions.SQLError.createSQLException(SQLError.java:55)
	at com.mysql.cj.jdbc.exceptions.SQLError.createSQLException(SQLError.java:65)
	at com.mysql.cj.jdbc.exceptions.SQLExceptionsMapping.translateException(SQLExceptionsMapping.java:64)
	at com.mysql.cj.jdbc.ConnectionImpl.setNetworkTimeout(ConnectionImpl.java:2701)
	at net.sf.log4jdbc.sql.jdbcapi.ConnectionSpy.setNetworkTimeout(ConnectionSpy.java:1120)
	at com.zaxxer.hikari.pool.PoolBase.setNetworkTimeout(PoolBase.java:582)
	at com.zaxxer.hikari.pool.PoolBase.isConnectionDead(PoolBase.java:174)
	at com.zaxxer.hikari.pool.HikariPool$KeepaliveTask.run(HikariPool.java:882)
	at java.base/java.util.concurrent.Executors$RunnableAdapter.call(Executors.java:539)
	at java.base/java.util.concurrent.FutureTask.runAndReset(FutureTask.java:305)
	at java.base/java.util.concurrent.ScheduledThreadPoolExecutor$ScheduledFutureTask.run(ScheduledThreadPoolExecutor.java:305)
	at java.base/java.util.concurrent.ThreadPoolExecutor.runWorker(ThreadPoolExecutor.java:1136)
	at java.base/java.util.concurrent.ThreadPoolExecutor$Worker.run(ThreadPoolExecutor.java:635)
	at java.base/java.lang.Thread.run(Thread.java:840)
Caused by: com.mysql.cj.exceptions.ConnectionIsClosedException: No operations allowed after connection closed.
	at java.base/jdk.internal.reflect.NativeConstructorAccessorImpl.newInstance0(Native Method)
	at java.base/jdk.internal.reflect.NativeConstructorAccessorImpl.newInstance(NativeConstructorAccessorImpl.java:77)
	at java.base/jdk.internal.reflect.DelegatingConstructorAccessorImpl.newInstance(DelegatingConstructorAccessorImpl.java:45)
	at java.base/java.lang.reflect.Constructor.newInstanceWithCaller(Constructor.java:499)
	at java.base/java.lang.reflect.Constructor.newInstance(Constructor.java:480)
	at com.mysql.cj.exceptions.ExceptionFactory.createException(ExceptionFactory.java:52)
	at com.mysql.cj.exceptions.ExceptionFactory.createException(ExceptionFactory.java:95)
	at com.mysql.cj.exceptions.ExceptionFactory.createException(ExceptionFactory.java:140)
	at com.mysql.cj.NativeSession.checkClosed(NativeSession.java:929)
	at com.mysql.cj.jdbc.ConnectionImpl.checkClosed(ConnectionImpl.java:557)
	at com.mysql.cj.jdbc.ConnectionImpl.setNetworkTimeout(ConnectionImpl.java:2696)
	... 10 common frames omitted
[2026-05-11 11:07:38.822] [WARN ] [HikariPool-1:housekeeper] com.zaxxer.hikari.pool.PoolBase - HikariPool-1 - Failed to validate connection net.sf.log4jdbc.sql.jdbcapi.ConnectionSpy@523a490d (No operations allowed after connection closed.). Possibly consider using a shorter maxLifetime value.
[2026-05-11 11:07:39.126] [INFO ] [MessageBroker-1] o.s.w.s.c.WebSocketMessageBrokerStats - WebSocketSession[0 current WS(0)-HttpStream(0)-HttpPoll(0), 0 total, 0 closed abnormally (0 connect failure, 0 send limit, 0 transport error)], stompSubProtocol[processed CONNECT(0)-CONNECTED(0)-DISCONNECT(0)], stompBrokerRelay[null], inboundChannel[pool size = 0, active threads = 0, queued tasks = 0, completed tasks = 0], outboundChannel[pool size = 0, active threads = 0, queued tasks = 0, completed tasks = 0], sockJsScheduler[pool size = 5, active threads = 1, queued tasks = 4, completed tasks = 0]
[2026-05-11 11:07:43.825] [ERROR] [HikariPool-1:housekeeper] jdbc.sqltiming - 7. Connection.setNetworkTimeout(com.zaxxer.hikari.pool.PoolBase$SynchronousExecutor@637d48c1, 0;
java.sql.SQLNonTransientConnectionException: No operations allowed after connection closed.
	at com.mysql.cj.jdbc.exceptions.SQLError.createSQLException(SQLError.java:102)
	at com.mysql.cj.jdbc.exceptions.SQLError.createSQLException(SQLError.java:89)
	at com.mysql.cj.jdbc.exceptions.SQLError.createSQLException(SQLError.java:81)
	at com.mysql.cj.jdbc.exceptions.SQLError.createSQLException(SQLError.java:55)
	at com.mysql.cj.jdbc.exceptions.SQLError.createSQLException(SQLError.java:65)
	at com.mysql.cj.jdbc.exceptions.SQLExceptionsMapping.translateException(SQLExceptionsMapping.java:64)
	at com.mysql.cj.jdbc.ConnectionImpl.setNetworkTimeout(ConnectionImpl.java:2701)
	at net.sf.log4jdbc.sql.jdbcapi.ConnectionSpy.setNetworkTimeout(ConnectionSpy.java:1120)
	at com.zaxxer.hikari.pool.PoolBase.setNetworkTimeout(PoolBase.java:582)
	at com.zaxxer.hikari.pool.PoolBase.isConnectionDead(PoolBase.java:174)
	at com.zaxxer.hikari.pool.HikariPool$KeepaliveTask.run(HikariPool.java:882)
	at java.base/java.util.concurrent.Executors$RunnableAdapter.call(Executors.java:539)
	at java.base/java.util.concurrent.FutureTask.runAndReset(FutureTask.java:305)
	at java.base/java.util.concurrent.ScheduledThreadPoolExecutor$ScheduledFutureTask.run(ScheduledThreadPoolExecutor.java:305)
	at java.base/java.util.concurrent.ThreadPoolExecutor.runWorker(ThreadPoolExecutor.java:1136)
	at java.base/java.util.concurrent.ThreadPoolExecutor$Worker.run(ThreadPoolExecutor.java:635)
	at java.base/java.lang.Thread.run(Thread.java:840)
Caused by: com.mysql.cj.exceptions.ConnectionIsClosedException: No operations allowed after connection closed.
	at java.base/jdk.internal.reflect.NativeConstructorAccessorImpl.newInstance0(Native Method)
	at java.base/jdk.internal.reflect.NativeConstructorAccessorImpl.newInstance(NativeConstructorAccessorImpl.java:77)
	at java.base/jdk.internal.reflect.DelegatingConstructorAccessorImpl.newInstance(DelegatingConstructorAccessorImpl.java:45)
	at java.base/java.lang.reflect.Constructor.newInstanceWithCaller(Constructor.java:499)
	at java.base/java.lang.reflect.Constructor.newInstance(Constructor.java:480)
	at com.mysql.cj.exceptions.ExceptionFactory.createException(ExceptionFactory.java:52)
	at com.mysql.cj.exceptions.ExceptionFactory.createException(ExceptionFactory.java:95)
	at com.mysql.cj.exceptions.ExceptionFactory.createException(ExceptionFactory.java:140)
	at com.mysql.cj.NativeSession.checkClosed(NativeSession.java:929)
	at com.mysql.cj.jdbc.ConnectionImpl.checkClosed(ConnectionImpl.java:557)
	at com.mysql.cj.jdbc.ConnectionImpl.setNetworkTimeout(ConnectionImpl.java:2696)
	... 10 common frames omitted
[2026-05-11 11:07:43.826] [WARN ] [HikariPool-1:housekeeper] com.zaxxer.hikari.pool.PoolBase - HikariPool-1 - Failed to validate connection net.sf.log4jdbc.sql.jdbcapi.ConnectionSpy@4527fcd4 (No operations allowed after connection closed.). Possibly consider using a shorter maxLifetime value.
[2026-05-11 11:07:48.829] [ERROR] [HikariPool-1:housekeeper] jdbc.sqltiming - 8. Connection.setNetworkTimeout(com.zaxxer.hikari.pool.PoolBase$SynchronousExecutor@637d48c1, 0;
java.sql.SQLNonTransientConnectionException: No operations allowed after connection closed.
	at com.mysql.cj.jdbc.exceptions.SQLError.createSQLException(SQLError.java:102)
	at com.mysql.cj.jdbc.exceptions.SQLError.createSQLException(SQLError.java:89)
	at com.mysql.cj.jdbc.exceptions.SQLError.createSQLException(SQLError.java:81)
	at com.mysql.cj.jdbc.exceptions.SQLError.createSQLException(SQLError.java:55)
	at com.mysql.cj.jdbc.exceptions.SQLError.createSQLException(SQLError.java:65)
	at com.mysql.cj.jdbc.exceptions.SQLExceptionsMapping.translateException(SQLExceptionsMapping.java:64)
	at com.mysql.cj.jdbc.ConnectionImpl.setNetworkTimeout(ConnectionImpl.java:2701)
	at net.sf.log4jdbc.sql.jdbcapi.ConnectionSpy.setNetworkTimeout(ConnectionSpy.java:1120)
	at com.zaxxer.hikari.pool.PoolBase.setNetworkTimeout(PoolBase.java:582)
	at com.zaxxer.hikari.pool.PoolBase.isConnectionDead(PoolBase.java:174)
	at com.zaxxer.hikari.pool.HikariPool$KeepaliveTask.run(HikariPool.java:882)
	at java.base/java.util.concurrent.Executors$RunnableAdapter.call(Executors.java:539)
	at java.base/java.util.concurrent.FutureTask.runAndReset(FutureTask.java:305)
	at java.base/java.util.concurrent.ScheduledThreadPoolExecutor$ScheduledFutureTask.run(ScheduledThreadPoolExecutor.java:305)
	at java.base/java.util.concurrent.ThreadPoolExecutor.runWorker(ThreadPoolExecutor.java:1136)
	at java.base/java.util.concurrent.ThreadPoolExecutor$Worker.run(ThreadPoolExecutor.java:635)
	at java.base/java.lang.Thread.run(Thread.java:840)
Caused by: com.mysql.cj.exceptions.ConnectionIsClosedException: No operations allowed after connection closed.
	at java.base/jdk.internal.reflect.NativeConstructorAccessorImpl.newInstance0(Native Method)
	at java.base/jdk.internal.reflect.NativeConstructorAccessorImpl.newInstance(NativeConstructorAccessorImpl.java:77)
	at java.base/jdk.internal.reflect.DelegatingConstructorAccessorImpl.newInstance(DelegatingConstructorAccessorImpl.java:45)
	at java.base/java.lang.reflect.Constructor.newInstanceWithCaller(Constructor.java:499)
	at java.base/java.lang.reflect.Constructor.newInstance(Constructor.java:480)
	at com.mysql.cj.exceptions.ExceptionFactory.createException(ExceptionFactory.java:52)
	at com.mysql.cj.exceptions.ExceptionFactory.createException(ExceptionFactory.java:95)
	at com.mysql.cj.exceptions.ExceptionFactory.createException(ExceptionFactory.java:140)
	at com.mysql.cj.NativeSession.checkClosed(NativeSession.java:929)
	at com.mysql.cj.jdbc.ConnectionImpl.checkClosed(ConnectionImpl.java:557)
	at com.mysql.cj.jdbc.ConnectionImpl.setNetworkTimeout(ConnectionImpl.java:2696)
	... 10 common frames omitted
[2026-05-11 11:07:48.830] [WARN ] [HikariPool-1:housekeeper] com.zaxxer.hikari.pool.PoolBase - HikariPool-1 - Failed to validate connection net.sf.log4jdbc.sql.jdbcapi.ConnectionSpy@22893d28 (No operations allowed after connection closed.). Possibly consider using a shorter maxLifetime value.
[2026-05-11 11:07:53.833] [ERROR] [HikariPool-1:housekeeper] jdbc.sqltiming - 5. Connection.setNetworkTimeout(com.zaxxer.hikari.pool.PoolBase$SynchronousExecutor@637d48c1, 0;
java.sql.SQLNonTransientConnectionException: No operations allowed after connection closed.
	at com.mysql.cj.jdbc.exceptions.SQLError.createSQLException(SQLError.java:102)
	at com.mysql.cj.jdbc.exceptions.SQLError.createSQLException(SQLError.java:89)
	at com.mysql.cj.jdbc.exceptions.SQLError.createSQLException(SQLError.java:81)
	at com.mysql.cj.jdbc.exceptions.SQLError.createSQLException(SQLError.java:55)
	at com.mysql.cj.jdbc.exceptions.SQLError.createSQLException(SQLError.java:65)
	at com.mysql.cj.jdbc.exceptions.SQLExceptionsMapping.translateException(SQLExceptionsMapping.java:64)
	at com.mysql.cj.jdbc.ConnectionImpl.setNetworkTimeout(ConnectionImpl.java:2701)
	at net.sf.log4jdbc.sql.jdbcapi.ConnectionSpy.setNetworkTimeout(ConnectionSpy.java:1120)
	at com.zaxxer.hikari.pool.PoolBase.setNetworkTimeout(PoolBase.java:582)
	at com.zaxxer.hikari.pool.PoolBase.isConnectionDead(PoolBase.java:174)
	at com.zaxxer.hikari.pool.HikariPool$KeepaliveTask.run(HikariPool.java:882)
	at java.base/java.util.concurrent.Executors$RunnableAdapter.call(Executors.java:539)
	at java.base/java.util.concurrent.FutureTask.runAndReset(FutureTask.java:305)
	at java.base/java.util.concurrent.ScheduledThreadPoolExecutor$ScheduledFutureTask.run(ScheduledThreadPoolExecutor.java:305)
	at java.base/java.util.concurrent.ThreadPoolExecutor.runWorker(ThreadPoolExecutor.java:1136)
	at java.base/java.util.concurrent.ThreadPoolExecutor$Worker.run(ThreadPoolExecutor.java:635)
	at java.base/java.lang.Thread.run(Thread.java:840)
Caused by: com.mysql.cj.exceptions.ConnectionIsClosedException: No operations allowed after connection closed.
	at java.base/jdk.internal.reflect.NativeConstructorAccessorImpl.newInstance0(Native Method)
	at java.base/jdk.internal.reflect.NativeConstructorAccessorImpl.newInstance(NativeConstructorAccessorImpl.java:77)
	at java.base/jdk.internal.reflect.DelegatingConstructorAccessorImpl.newInstance(DelegatingConstructorAccessorImpl.java:45)
	at java.base/java.lang.reflect.Constructor.newInstanceWithCaller(Constructor.java:499)
	at java.base/java.lang.reflect.Constructor.newInstance(Constructor.java:480)
	at com.mysql.cj.exceptions.ExceptionFactory.createException(ExceptionFactory.java:52)
	at com.mysql.cj.exceptions.ExceptionFactory.createException(ExceptionFactory.java:95)
	at com.mysql.cj.exceptions.ExceptionFactory.createException(ExceptionFactory.java:140)
	at com.mysql.cj.NativeSession.checkClosed(NativeSession.java:929)
	at com.mysql.cj.jdbc.ConnectionImpl.checkClosed(ConnectionImpl.java:557)
	at com.mysql.cj.jdbc.ConnectionImpl.setNetworkTimeout(ConnectionImpl.java:2696)
	... 10 common frames omitted
[2026-05-11 11:07:53.834] [WARN ] [HikariPool-1:housekeeper] com.zaxxer.hikari.pool.PoolBase - HikariPool-1 - Failed to validate connection net.sf.log4jdbc.sql.jdbcapi.ConnectionSpy@7ab4d61b (No operations allowed after connection closed.). Possibly consider using a shorter maxLifetime value.
[2026-05-11 11:07:58.841] [ERROR] [HikariPool-1:housekeeper] jdbc.sqltiming - 6. Connection.setNetworkTimeout(com.zaxxer.hikari.pool.PoolBase$SynchronousExecutor@637d48c1, 0;
java.sql.SQLNonTransientConnectionException: No operations allowed after connection closed.
	at com.mysql.cj.jdbc.exceptions.SQLError.createSQLException(SQLError.java:102)
	at com.mysql.cj.jdbc.exceptions.SQLError.createSQLException(SQLError.java:89)
	at com.mysql.cj.jdbc.exceptions.SQLError.createSQLException(SQLError.java:81)
	at com.mysql.cj.jdbc.exceptions.SQLError.createSQLException(SQLError.java:55)
	at com.mysql.cj.jdbc.exceptions.SQLError.createSQLException(SQLError.java:65)
	at com.mysql.cj.jdbc.exceptions.SQLExceptionsMapping.translateException(SQLExceptionsMapping.java:64)
	at com.mysql.cj.jdbc.ConnectionImpl.setNetworkTimeout(ConnectionImpl.java:2701)
	at net.sf.log4jdbc.sql.jdbcapi.ConnectionSpy.setNetworkTimeout(ConnectionSpy.java:1120)
	at com.zaxxer.hikari.pool.PoolBase.setNetworkTimeout(PoolBase.java:582)
	at com.zaxxer.hikari.pool.PoolBase.isConnectionDead(PoolBase.java:174)
	at com.zaxxer.hikari.pool.HikariPool$KeepaliveTask.run(HikariPool.java:882)
	at java.base/java.util.concurrent.Executors$RunnableAdapter.call(Executors.java:539)
	at java.base/java.util.concurrent.FutureTask.runAndReset(FutureTask.java:305)
	at java.base/java.util.concurrent.ScheduledThreadPoolExecutor$ScheduledFutureTask.run(ScheduledThreadPoolExecutor.java:305)
	at java.base/java.util.concurrent.ThreadPoolExecutor.runWorker(ThreadPoolExecutor.java:1136)
	at java.base/java.util.concurrent.ThreadPoolExecutor$Worker.run(ThreadPoolExecutor.java:635)
	at java.base/java.lang.Thread.run(Thread.java:840)
Caused by: com.mysql.cj.exceptions.ConnectionIsClosedException: No operations allowed after connection closed.
	at java.base/jdk.internal.reflect.NativeConstructorAccessorImpl.newInstance0(Native Method)
	at java.base/jdk.internal.reflect.NativeConstructorAccessorImpl.newInstance(NativeConstructorAccessorImpl.java:77)
	at java.base/jdk.internal.reflect.DelegatingConstructorAccessorImpl.newInstance(DelegatingConstructorAccessorImpl.java:45)
	at java.base/java.lang.reflect.Constructor.newInstanceWithCaller(Constructor.java:499)
	at java.base/java.lang.reflect.Constructor.newInstance(Constructor.java:480)
	at com.mysql.cj.exceptions.ExceptionFactory.createException(ExceptionFactory.java:52)
	at com.mysql.cj.exceptions.ExceptionFactory.createException(ExceptionFactory.java:95)
	at com.mysql.cj.exceptions.ExceptionFactory.createException(ExceptionFactory.java:140)
	at com.mysql.cj.NativeSession.checkClosed(NativeSession.java:929)
	at com.mysql.cj.jdbc.ConnectionImpl.checkClosed(ConnectionImpl.java:557)
	at com.mysql.cj.jdbc.ConnectionImpl.setNetworkTimeout(ConnectionImpl.java:2696)
	... 10 common frames omitted
[2026-05-11 11:07:58.846] [WARN ] [HikariPool-1:housekeeper] com.zaxxer.hikari.pool.PoolBase - HikariPool-1 - Failed to validate connection net.sf.log4jdbc.sql.jdbcapi.ConnectionSpy@1185bd28 (No operations allowed after connection closed.). Possibly consider using a shorter maxLifetime value.
[2026-05-11 11:08:03.849] [ERROR] [HikariPool-1:housekeeper] jdbc.sqltiming - 1. Connection.setNetworkTimeout(com.zaxxer.hikari.pool.PoolBase$SynchronousExecutor@637d48c1, 0;
java.sql.SQLNonTransientConnectionException: No operations allowed after connection closed.
	at com.mysql.cj.jdbc.exceptions.SQLError.createSQLException(SQLError.java:102)
	at com.mysql.cj.jdbc.exceptions.SQLError.createSQLException(SQLError.java:89)
	at com.mysql.cj.jdbc.exceptions.SQLError.createSQLException(SQLError.java:81)
	at com.mysql.cj.jdbc.exceptions.SQLError.createSQLException(SQLError.java:55)
	at com.mysql.cj.jdbc.exceptions.SQLError.createSQLException(SQLError.java:65)
	at com.mysql.cj.jdbc.exceptions.SQLExceptionsMapping.translateException(SQLExceptionsMapping.java:64)
	at com.mysql.cj.jdbc.ConnectionImpl.setNetworkTimeout(ConnectionImpl.java:2701)
	at net.sf.log4jdbc.sql.jdbcapi.ConnectionSpy.setNetworkTimeout(ConnectionSpy.java:1120)
	at com.zaxxer.hikari.pool.PoolBase.setNetworkTimeout(PoolBase.java:582)
	at com.zaxxer.hikari.pool.PoolBase.isConnectionDead(PoolBase.java:174)
	at com.zaxxer.hikari.pool.HikariPool$KeepaliveTask.run(HikariPool.java:882)
	at java.base/java.util.concurrent.Executors$RunnableAdapter.call(Executors.java:539)
	at java.base/java.util.concurrent.FutureTask.runAndReset(FutureTask.java:305)
	at java.base/java.util.concurrent.ScheduledThreadPoolExecutor$ScheduledFutureTask.run(ScheduledThreadPoolExecutor.java:305)
	at java.base/java.util.concurrent.ThreadPoolExecutor.runWorker(ThreadPoolExecutor.java:1136)
	at java.base/java.util.concurrent.ThreadPoolExecutor$Worker.run(ThreadPoolExecutor.java:635)
	at java.base/java.lang.Thread.run(Thread.java:840)
Caused by: com.mysql.cj.exceptions.ConnectionIsClosedException: No operations allowed after connection closed.
	at java.base/jdk.internal.reflect.NativeConstructorAccessorImpl.newInstance0(Native Method)
	at java.base/jdk.internal.reflect.NativeConstructorAccessorImpl.newInstance(NativeConstructorAccessorImpl.java:77)
	at java.base/jdk.internal.reflect.DelegatingConstructorAccessorImpl.newInstance(DelegatingConstructorAccessorImpl.java:45)
	at java.base/java.lang.reflect.Constructor.newInstanceWithCaller(Constructor.java:499)
	at java.base/java.lang.reflect.Constructor.newInstance(Constructor.java:480)
	at com.mysql.cj.exceptions.ExceptionFactory.createException(ExceptionFactory.java:52)
	at com.mysql.cj.exceptions.ExceptionFactory.createException(ExceptionFactory.java:95)
	at com.mysql.cj.exceptions.ExceptionFactory.createException(ExceptionFactory.java:140)
	at com.mysql.cj.NativeSession.checkClosed(NativeSession.java:929)
	at com.mysql.cj.jdbc.ConnectionImpl.checkClosed(ConnectionImpl.java:557)
	at com.mysql.cj.jdbc.ConnectionImpl.setNetworkTimeout(ConnectionImpl.java:2696)
	... 10 common frames omitted
[2026-05-11 11:08:03.849] [WARN ] [HikariPool-1:housekeeper] com.zaxxer.hikari.pool.PoolBase - HikariPool-1 - Failed to validate connection net.sf.log4jdbc.sql.jdbcapi.ConnectionSpy@4188f50e (No operations allowed after connection closed.). Possibly consider using a shorter maxLifetime value.
[2026-05-11 11:08:08.852] [ERROR] [HikariPool-1:housekeeper] jdbc.sqltiming - 4. Connection.setNetworkTimeout(com.zaxxer.hikari.pool.PoolBase$SynchronousExecutor@637d48c1, 0;
java.sql.SQLNonTransientConnectionException: No operations allowed after connection closed.
	at com.mysql.cj.jdbc.exceptions.SQLError.createSQLException(SQLError.java:102)
	at com.mysql.cj.jdbc.exceptions.SQLError.createSQLException(SQLError.java:89)
	at com.mysql.cj.jdbc.exceptions.SQLError.createSQLException(SQLError.java:81)
	at com.mysql.cj.jdbc.exceptions.SQLError.createSQLException(SQLError.java:55)
	at com.mysql.cj.jdbc.exceptions.SQLError.createSQLException(SQLError.java:65)
	at com.mysql.cj.jdbc.exceptions.SQLExceptionsMapping.translateException(SQLExceptionsMapping.java:64)
	at com.mysql.cj.jdbc.ConnectionImpl.setNetworkTimeout(ConnectionImpl.java:2701)
	at net.sf.log4jdbc.sql.jdbcapi.ConnectionSpy.setNetworkTimeout(ConnectionSpy.java:1120)
	at com.zaxxer.hikari.pool.PoolBase.setNetworkTimeout(PoolBase.java:582)
	at com.zaxxer.hikari.pool.PoolBase.isConnectionDead(PoolBase.java:174)
	at com.zaxxer.hikari.pool.HikariPool$KeepaliveTask.run(HikariPool.java:882)
	at java.base/java.util.concurrent.Executors$RunnableAdapter.call(Executors.java:539)
	at java.base/java.util.concurrent.FutureTask.runAndReset(FutureTask.java:305)
	at java.base/java.util.concurrent.ScheduledThreadPoolExecutor$ScheduledFutureTask.run(ScheduledThreadPoolExecutor.java:305)
	at java.base/java.util.concurrent.ThreadPoolExecutor.runWorker(ThreadPoolExecutor.java:1136)
	at java.base/java.util.concurrent.ThreadPoolExecutor$Worker.run(ThreadPoolExecutor.java:635)
	at java.base/java.lang.Thread.run(Thread.java:840)
Caused by: com.mysql.cj.exceptions.ConnectionIsClosedException: No operations allowed after connection closed.
	at java.base/jdk.internal.reflect.NativeConstructorAccessorImpl.newInstance0(Native Method)
	at java.base/jdk.internal.reflect.NativeConstructorAccessorImpl.newInstance(NativeConstructorAccessorImpl.java:77)
	at java.base/jdk.internal.reflect.DelegatingConstructorAccessorImpl.newInstance(DelegatingConstructorAccessorImpl.java:45)
	at java.base/java.lang.reflect.Constructor.newInstanceWithCaller(Constructor.java:499)
	at java.base/java.lang.reflect.Constructor.newInstance(Constructor.java:480)
	at com.mysql.cj.exceptions.ExceptionFactory.createException(ExceptionFactory.java:52)
	at com.mysql.cj.exceptions.ExceptionFactory.createException(ExceptionFactory.java:95)
	at com.mysql.cj.exceptions.ExceptionFactory.createException(ExceptionFactory.java:140)
	at com.mysql.cj.NativeSession.checkClosed(NativeSession.java:929)
	at com.mysql.cj.jdbc.ConnectionImpl.checkClosed(ConnectionImpl.java:557)
	at com.mysql.cj.jdbc.ConnectionImpl.setNetworkTimeout(ConnectionImpl.java:2696)
	... 10 common frames omitted
[2026-05-11 11:08:08.854] [WARN ] [HikariPool-1:housekeeper] com.zaxxer.hikari.pool.PoolBase - HikariPool-1 - Failed to validate connection net.sf.log4jdbc.sql.jdbcapi.ConnectionSpy@393d3642 (No operations allowed after connection closed.). Possibly consider using a shorter maxLifetime value.
[2026-05-11 11:08:13.860] [ERROR] [HikariPool-1:housekeeper] jdbc.sqltiming - 10. Connection.setNetworkTimeout(com.zaxxer.hikari.pool.PoolBase$SynchronousExecutor@637d48c1, 0;
java.sql.SQLNonTransientConnectionException: No operations allowed after connection closed.
	at com.mysql.cj.jdbc.exceptions.SQLError.createSQLException(SQLError.java:102)
	at com.mysql.cj.jdbc.exceptions.SQLError.createSQLException(SQLError.java:89)
	at com.mysql.cj.jdbc.exceptions.SQLError.createSQLException(SQLError.java:81)
	at com.mysql.cj.jdbc.exceptions.SQLError.createSQLException(SQLError.java:55)
	at com.mysql.cj.jdbc.exceptions.SQLError.createSQLException(SQLError.java:65)
	at com.mysql.cj.jdbc.exceptions.SQLExceptionsMapping.translateException(SQLExceptionsMapping.java:64)
	at com.mysql.cj.jdbc.ConnectionImpl.setNetworkTimeout(ConnectionImpl.java:2701)
	at net.sf.log4jdbc.sql.jdbcapi.ConnectionSpy.setNetworkTimeout(ConnectionSpy.java:1120)
	at com.zaxxer.hikari.pool.PoolBase.setNetworkTimeout(PoolBase.java:582)
	at com.zaxxer.hikari.pool.PoolBase.isConnectionDead(PoolBase.java:174)
	at com.zaxxer.hikari.pool.HikariPool$KeepaliveTask.run(HikariPool.java:882)
	at java.base/java.util.concurrent.Executors$RunnableAdapter.call(Executors.java:539)
	at java.base/java.util.concurrent.FutureTask.runAndReset(FutureTask.java:305)
	at java.base/java.util.concurrent.ScheduledThreadPoolExecutor$ScheduledFutureTask.run(ScheduledThreadPoolExecutor.java:305)
	at java.base/java.util.concurrent.ThreadPoolExecutor.runWorker(ThreadPoolExecutor.java:1136)
	at java.base/java.util.concurrent.ThreadPoolExecutor$Worker.run(ThreadPoolExecutor.java:635)
	at java.base/java.lang.Thread.run(Thread.java:840)
Caused by: com.mysql.cj.exceptions.ConnectionIsClosedException: No operations allowed after connection closed.
	at java.base/jdk.internal.reflect.NativeConstructorAccessorImpl.newInstance0(Native Method)
	at java.base/jdk.internal.reflect.NativeConstructorAccessorImpl.newInstance(NativeConstructorAccessorImpl.java:77)
	at java.base/jdk.internal.reflect.DelegatingConstructorAccessorImpl.newInstance(DelegatingConstructorAccessorImpl.java:45)
	at java.base/java.lang.reflect.Constructor.newInstanceWithCaller(Constructor.java:499)
	at java.base/java.lang.reflect.Constructor.newInstance(Constructor.java:480)
	at com.mysql.cj.exceptions.ExceptionFactory.createException(ExceptionFactory.java:52)
	at com.mysql.cj.exceptions.ExceptionFactory.createException(ExceptionFactory.java:95)
	at com.mysql.cj.exceptions.ExceptionFactory.createException(ExceptionFactory.java:140)
	at com.mysql.cj.NativeSession.checkClosed(NativeSession.java:929)
	at com.mysql.cj.jdbc.ConnectionImpl.checkClosed(ConnectionImpl.java:557)
	at com.mysql.cj.jdbc.ConnectionImpl.setNetworkTimeout(ConnectionImpl.java:2696)
	... 10 common frames omitted
[2026-05-11 11:08:13.862] [WARN ] [HikariPool-1:housekeeper] com.zaxxer.hikari.pool.PoolBase - HikariPool-1 - Failed to validate connection net.sf.log4jdbc.sql.jdbcapi.ConnectionSpy@7ffb648b (No operations allowed after connection closed.). Possibly consider using a shorter maxLifetime value.
[2026-05-11 11:08:18.873] [ERROR] [HikariPool-1:housekeeper] jdbc.sqltiming - 3. Connection.setNetworkTimeout(com.zaxxer.hikari.pool.PoolBase$SynchronousExecutor@637d48c1, 0;
java.sql.SQLNonTransientConnectionException: No operations allowed after connection closed.
	at com.mysql.cj.jdbc.exceptions.SQLError.createSQLException(SQLError.java:102)
	at com.mysql.cj.jdbc.exceptions.SQLError.createSQLException(SQLError.java:89)
	at com.mysql.cj.jdbc.exceptions.SQLError.createSQLException(SQLError.java:81)
	at com.mysql.cj.jdbc.exceptions.SQLError.createSQLException(SQLError.java:55)
	at com.mysql.cj.jdbc.exceptions.SQLError.createSQLException(SQLError.java:65)
	at com.mysql.cj.jdbc.exceptions.SQLExceptionsMapping.translateException(SQLExceptionsMapping.java:64)
	at com.mysql.cj.jdbc.ConnectionImpl.setNetworkTimeout(ConnectionImpl.java:2701)
	at net.sf.log4jdbc.sql.jdbcapi.ConnectionSpy.setNetworkTimeout(ConnectionSpy.java:1120)
	at com.zaxxer.hikari.pool.PoolBase.setNetworkTimeout(PoolBase.java:582)
	at com.zaxxer.hikari.pool.PoolBase.isConnectionDead(PoolBase.java:174)
	at com.zaxxer.hikari.pool.HikariPool$KeepaliveTask.run(HikariPool.java:882)
	at java.base/java.util.concurrent.Executors$RunnableAdapter.call(Executors.java:539)
	at java.base/java.util.concurrent.FutureTask.runAndReset(FutureTask.java:305)
	at java.base/java.util.concurrent.ScheduledThreadPoolExecutor$ScheduledFutureTask.run(ScheduledThreadPoolExecutor.java:305)
	at java.base/java.util.concurrent.ThreadPoolExecutor.runWorker(ThreadPoolExecutor.java:1136)
	at java.base/java.util.concurrent.ThreadPoolExecutor$Worker.run(ThreadPoolExecutor.java:635)
	at java.base/java.lang.Thread.run(Thread.java:840)
Caused by: com.mysql.cj.exceptions.ConnectionIsClosedException: No operations allowed after connection closed.
	at java.base/jdk.internal.reflect.NativeConstructorAccessorImpl.newInstance0(Native Method)
	at java.base/jdk.internal.reflect.NativeConstructorAccessorImpl.newInstance(NativeConstructorAccessorImpl.java:77)
	at java.base/jdk.internal.reflect.DelegatingConstructorAccessorImpl.newInstance(DelegatingConstructorAccessorImpl.java:45)
	at java.base/java.lang.reflect.Constructor.newInstanceWithCaller(Constructor.java:499)
	at java.base/java.lang.reflect.Constructor.newInstance(Constructor.java:480)
	at com.mysql.cj.exceptions.ExceptionFactory.createException(ExceptionFactory.java:52)
	at com.mysql.cj.exceptions.ExceptionFactory.createException(ExceptionFactory.java:95)
	at com.mysql.cj.exceptions.ExceptionFactory.createException(ExceptionFactory.java:140)
	at com.mysql.cj.NativeSession.checkClosed(NativeSession.java:929)
	at com.mysql.cj.jdbc.ConnectionImpl.checkClosed(ConnectionImpl.java:557)
	at com.mysql.cj.jdbc.ConnectionImpl.setNetworkTimeout(ConnectionImpl.java:2696)
	... 10 common frames omitted
[2026-05-11 11:08:18.874] [WARN ] [HikariPool-1:housekeeper] com.zaxxer.hikari.pool.PoolBase - HikariPool-1 - Failed to validate connection net.sf.log4jdbc.sql.jdbcapi.ConnectionSpy@4b8d3aef (No operations allowed after connection closed.). Possibly consider using a shorter maxLifetime value.
[2026-05-11 11:08:18.876] [WARN ] [HikariPool-1:housekeeper] com.zaxxer.hikari.pool.HikariPool - HikariPool-1 - Thread starvation or clock leap detected (housekeeper delta=1m9s734ms).
[2026-05-11 11:08:34.037] [WARN ] [HikariPool-1:connection-adder] com.zaxxer.hikari.pool.PoolBase - HikariPool-1 - Pool is empty, failed to create/setup connection (1202ebc6-fa63-476c-9ac2-8dc7284776d1)
com.mysql.cj.jdbc.exceptions.CommunicationsException: Communications link failure

The last packet sent successfully to the server was 0 milliseconds ago. The driver has not received any packets from the server.
	at com.mysql.cj.jdbc.exceptions.SQLError.createCommunicationsException(SQLError.java:165)
	at com.mysql.cj.jdbc.exceptions.SQLExceptionsMapping.translateException(SQLExceptionsMapping.java:55)
	at com.mysql.cj.jdbc.ConnectionImpl.createNewIO(ConnectionImpl.java:839)
	at com.mysql.cj.jdbc.ConnectionImpl.<init>(ConnectionImpl.java:415)
	at com.mysql.cj.jdbc.ConnectionImpl.getInstance(ConnectionImpl.java:237)
	at com.mysql.cj.jdbc.NonRegisteringDriver.connect(NonRegisteringDriver.java:180)
	at net.sf.log4jdbc.sql.jdbcapi.DriverSpy.connect(DriverSpy.java:401)
	at com.zaxxer.hikari.util.DriverDataSource.getConnection(DriverDataSource.java:144)
	at com.zaxxer.hikari.pool.PoolBase.newConnection(PoolBase.java:370)
	at com.zaxxer.hikari.pool.PoolBase.newPoolEntry(PoolBase.java:207)
	at com.zaxxer.hikari.pool.HikariPool.createPoolEntry(HikariPool.java:488)
	at com.zaxxer.hikari.pool.HikariPool$PoolEntryCreator.call(HikariPool.java:752)
	at com.zaxxer.hikari.pool.HikariPool$PoolEntryCreator.call(HikariPool.java:731)
	at java.base/java.util.concurrent.FutureTask.run(FutureTask.java:264)
	at java.base/java.util.concurrent.ThreadPoolExecutor.runWorker(ThreadPoolExecutor.java:1136)
	at java.base/java.util.concurrent.ThreadPoolExecutor$Worker.run(ThreadPoolExecutor.java:635)
	at java.base/java.lang.Thread.run(Thread.java:840)
Caused by: com.mysql.cj.exceptions.CJCommunicationsException: Communications link failure

The last packet sent successfully to the server was 0 milliseconds ago. The driver has not received any packets from the server.
	at jdk.internal.reflect.GeneratedConstructorAccessor63.newInstance(Unknown Source)
	at java.base/jdk.internal.reflect.DelegatingConstructorAccessorImpl.newInstance(DelegatingConstructorAccessorImpl.java:45)
	at java.base/java.lang.reflect.Constructor.newInstanceWithCaller(Constructor.java:499)
	at java.base/java.lang.reflect.Constructor.newInstance(Constructor.java:480)
	at com.mysql.cj.exceptions.ExceptionFactory.createException(ExceptionFactory.java:52)
	at com.mysql.cj.exceptions.ExceptionFactory.createException(ExceptionFactory.java:95)
	at com.mysql.cj.exceptions.ExceptionFactory.createException(ExceptionFactory.java:140)
	at com.mysql.cj.exceptions.ExceptionFactory.createCommunicationsException(ExceptionFactory.java:156)
	at com.mysql.cj.protocol.a.NativeSocketConnection.connect(NativeSocketConnection.java:79)
	at com.mysql.cj.NativeSession.connect(NativeSession.java:142)
	at com.mysql.cj.jdbc.ConnectionImpl.connectOneTryOnly(ConnectionImpl.java:963)
	at com.mysql.cj.jdbc.ConnectionImpl.createNewIO(ConnectionImpl.java:827)
	... 14 common frames omitted
Caused by: java.net.SocketException: Network is unreachable
	at java.base/sun.nio.ch.Net.connect0(Native Method)
	at java.base/sun.nio.ch.Net.connect(Net.java:579)
	at java.base/sun.nio.ch.Net.connect(Net.java:568)
	at java.base/sun.nio.ch.NioSocketImpl.connect(NioSocketImpl.java:593)
	at java.base/java.net.SocksSocketImpl.connect(SocksSocketImpl.java:327)
	at java.base/java.net.Socket.connect(Socket.java:633)
	at com.mysql.cj.protocol.StandardSocketFactory.connect(StandardSocketFactory.java:144)
	at com.mysql.cj.protocol.a.NativeSocketConnection.connect(NativeSocketConnection.java:53)
	... 17 common frames omitted
[2026-05-11 11:09:39.222] [WARN ] [HikariPool-1:connection-adder] com.zaxxer.hikari.pool.PoolBase - HikariPool-1 - Pool is empty, failed to create/setup connection (1279f1fa-4657-46bb-ba3b-c9574743c801)
com.mysql.cj.jdbc.exceptions.CommunicationsException: Communications link failure

The last packet sent successfully to the server was 0 milliseconds ago. The driver has not received any packets from the server.
	at com.mysql.cj.jdbc.exceptions.SQLError.createCommunicationsException(SQLError.java:165)
	at com.mysql.cj.jdbc.exceptions.SQLExceptionsMapping.translateException(SQLExceptionsMapping.java:55)
	at com.mysql.cj.jdbc.ConnectionImpl.createNewIO(ConnectionImpl.java:839)
	at com.mysql.cj.jdbc.ConnectionImpl.<init>(ConnectionImpl.java:415)
	at com.mysql.cj.jdbc.ConnectionImpl.getInstance(ConnectionImpl.java:237)
	at com.mysql.cj.jdbc.NonRegisteringDriver.connect(NonRegisteringDriver.java:180)
	at net.sf.log4jdbc.sql.jdbcapi.DriverSpy.connect(DriverSpy.java:401)
	at com.zaxxer.hikari.util.DriverDataSource.getConnection(DriverDataSource.java:144)
	at com.zaxxer.hikari.pool.PoolBase.newConnection(PoolBase.java:370)
	at com.zaxxer.hikari.pool.PoolBase.newPoolEntry(PoolBase.java:207)
	at com.zaxxer.hikari.pool.HikariPool.createPoolEntry(HikariPool.java:488)
	at com.zaxxer.hikari.pool.HikariPool$PoolEntryCreator.call(HikariPool.java:752)
	at com.zaxxer.hikari.pool.HikariPool$PoolEntryCreator.call(HikariPool.java:731)
	at java.base/java.util.concurrent.FutureTask.run(FutureTask.java:264)
	at java.base/java.util.concurrent.ThreadPoolExecutor.runWorker(ThreadPoolExecutor.java:1136)
	at java.base/java.util.concurrent.ThreadPoolExecutor$Worker.run(ThreadPoolExecutor.java:635)
	at java.base/java.lang.Thread.run(Thread.java:840)
Caused by: com.mysql.cj.exceptions.CJCommunicationsException: Communications link failure

The last packet sent successfully to the server was 0 milliseconds ago. The driver has not received any packets from the server.
	at jdk.internal.reflect.GeneratedConstructorAccessor63.newInstance(Unknown Source)
	at java.base/jdk.internal.reflect.DelegatingConstructorAccessorImpl.newInstance(DelegatingConstructorAccessorImpl.java:45)
	at java.base/java.lang.reflect.Constructor.newInstanceWithCaller(Constructor.java:499)
	at java.base/java.lang.reflect.Constructor.newInstance(Constructor.java:480)
	at com.mysql.cj.exceptions.ExceptionFactory.createException(ExceptionFactory.java:52)
	at com.mysql.cj.exceptions.ExceptionFactory.createException(ExceptionFactory.java:95)
	at com.mysql.cj.exceptions.ExceptionFactory.createException(ExceptionFactory.java:140)
	at com.mysql.cj.exceptions.ExceptionFactory.createCommunicationsException(ExceptionFactory.java:156)
	at com.mysql.cj.protocol.a.NativeSocketConnection.connect(NativeSocketConnection.java:79)
	at com.mysql.cj.NativeSession.connect(NativeSession.java:142)
	at com.mysql.cj.jdbc.ConnectionImpl.connectOneTryOnly(ConnectionImpl.java:963)
	at com.mysql.cj.jdbc.ConnectionImpl.createNewIO(ConnectionImpl.java:827)
	... 14 common frames omitted
Caused by: java.net.SocketException: Network is unreachable
	at java.base/sun.nio.ch.Net.connect0(Native Method)
	at java.base/sun.nio.ch.Net.connect(Net.java:579)
	at java.base/sun.nio.ch.Net.connect(Net.java:568)
	at java.base/sun.nio.ch.NioSocketImpl.connect(NioSocketImpl.java:593)
	at java.base/java.net.SocksSocketImpl.connect(SocksSocketImpl.java:327)
	at java.base/java.net.Socket.connect(Socket.java:633)
	at com.mysql.cj.protocol.StandardSocketFactory.connect(StandardSocketFactory.java:144)
	at com.mysql.cj.protocol.a.NativeSocketConnection.connect(NativeSocketConnection.java:53)
	... 17 common frames omitted
[2026-05-11 11:10:30.062] [ERROR] [MessageBroker-2] o.s.s.s.TaskUtils$LoggingErrorHandler - Unexpected error occurred in scheduled task
org.springframework.transaction.CannotCreateTransactionException: Could not open JDBC Connection for transaction
	at org.springframework.jdbc.datasource.DataSourceTransactionManager.doBegin(DataSourceTransactionManager.java:313)
	at org.springframework.transaction.support.AbstractPlatformTransactionManager.startTransaction(AbstractPlatformTransactionManager.java:532)
	at org.springframework.transaction.support.AbstractPlatformTransactionManager.getTransaction(AbstractPlatformTransactionManager.java:405)
	at org.springframework.transaction.interceptor.TransactionAspectSupport.createTransactionIfNecessary(TransactionAspectSupport.java:639)
	at org.springframework.transaction.interceptor.TransactionAspectSupport.invokeWithinTransaction(TransactionAspectSupport.java:374)
	at org.springframework.transaction.interceptor.TransactionInterceptor.invoke(TransactionInterceptor.java:119)
	at org.springframework.aop.framework.ReflectiveMethodInvocation.proceed(ReflectiveMethodInvocation.java:184)
	at org.springframework.aop.framework.CglibAopProxy$DynamicAdvisedInterceptor.intercept(CglibAopProxy.java:728)
	at com.sqld_board.sqld.common.scheduler.BoardViewCountScheduler$$SpringCGLIB$$0.updateViewCount(<generated>)
	at java.base/jdk.internal.reflect.NativeMethodAccessorImpl.invoke0(Native Method)
	at java.base/jdk.internal.reflect.NativeMethodAccessorImpl.invoke(NativeMethodAccessorImpl.java:77)
	at java.base/jdk.internal.reflect.DelegatingMethodAccessorImpl.invoke(DelegatingMethodAccessorImpl.java:43)
	at java.base/java.lang.reflect.Method.invoke(Method.java:568)
	at org.springframework.scheduling.support.ScheduledMethodRunnable.runInternal(ScheduledMethodRunnable.java:130)
	at org.springframework.scheduling.support.ScheduledMethodRunnable.lambda$run$2(ScheduledMethodRunnable.java:124)
	at io.micrometer.observation.Observation.observe(Observation.java:498)
	at org.springframework.scheduling.support.ScheduledMethodRunnable.run(ScheduledMethodRunnable.java:124)
	at org.springframework.scheduling.config.Task$OutcomeTrackingRunnable.run(Task.java:85)
	at org.springframework.scheduling.support.DelegatingErrorHandlingRunnable.run(DelegatingErrorHandlingRunnable.java:54)
	at org.springframework.scheduling.concurrent.ReschedulingRunnable.run(ReschedulingRunnable.java:96)
	at java.base/java.util.concurrent.Executors$RunnableAdapter.call(Executors.java:539)
	at java.base/java.util.concurrent.FutureTask.run(FutureTask.java:264)
	at java.base/java.util.concurrent.ScheduledThreadPoolExecutor$ScheduledFutureTask.run(ScheduledThreadPoolExecutor.java:304)
	at java.base/java.util.concurrent.ThreadPoolExecutor.runWorker(ThreadPoolExecutor.java:1136)
	at java.base/java.util.concurrent.ThreadPoolExecutor$Worker.run(ThreadPoolExecutor.java:635)
	at java.base/java.lang.Thread.run(Thread.java:840)
Caused by: java.sql.SQLTransientConnectionException: HikariPool-1 - Connection is not available, request timed out after 30007ms (total=0, active=0, idle=0, waiting=0)
	at com.zaxxer.hikari.pool.HikariPool.createTimeoutException(HikariPool.java:714)
	at com.zaxxer.hikari.pool.HikariPool.getConnection(HikariPool.java:184)
	at com.zaxxer.hikari.pool.HikariPool.getConnection(HikariPool.java:142)
	at com.zaxxer.hikari.HikariDataSource.getConnection(HikariDataSource.java:127)
	at org.springframework.jdbc.datasource.DataSourceTransactionManager.doBegin(DataSourceTransactionManager.java:269)
	... 25 common frames omitted
Caused by: com.mysql.cj.jdbc.exceptions.CommunicationsException: Communications link failure

The last packet sent successfully to the server was 0 milliseconds ago. The driver has not received any packets from the server.
	at com.mysql.cj.jdbc.exceptions.SQLError.createCommunicationsException(SQLError.java:165)
	at com.mysql.cj.jdbc.exceptions.SQLExceptionsMapping.translateException(SQLExceptionsMapping.java:55)
	at com.mysql.cj.jdbc.ConnectionImpl.createNewIO(ConnectionImpl.java:839)
	at com.mysql.cj.jdbc.ConnectionImpl.<init>(ConnectionImpl.java:415)
	at com.mysql.cj.jdbc.ConnectionImpl.getInstance(ConnectionImpl.java:237)
	at com.mysql.cj.jdbc.NonRegisteringDriver.connect(NonRegisteringDriver.java:180)
	at net.sf.log4jdbc.sql.jdbcapi.DriverSpy.connect(DriverSpy.java:401)
	at com.zaxxer.hikari.util.DriverDataSource.getConnection(DriverDataSource.java:144)
	at com.zaxxer.hikari.pool.PoolBase.newConnection(PoolBase.java:370)
	at com.zaxxer.hikari.pool.PoolBase.newPoolEntry(PoolBase.java:207)
	at com.zaxxer.hikari.pool.HikariPool.createPoolEntry(HikariPool.java:488)
	at com.zaxxer.hikari.pool.HikariPool$PoolEntryCreator.call(HikariPool.java:752)
	at com.zaxxer.hikari.pool.HikariPool$PoolEntryCreator.call(HikariPool.java:731)
	at java.base/java.util.concurrent.FutureTask.run(FutureTask.java:264)
	... 3 common frames omitted
Caused by: com.mysql.cj.exceptions.CJCommunicationsException: Communications link failure

The last packet sent successfully to the server was 0 milliseconds ago. The driver has not received any packets from the server.
	at jdk.internal.reflect.GeneratedConstructorAccessor63.newInstance(Unknown Source)
	at java.base/jdk.internal.reflect.DelegatingConstructorAccessorImpl.newInstance(DelegatingConstructorAccessorImpl.java:45)
	at java.base/java.lang.reflect.Constructor.newInstanceWithCaller(Constructor.java:499)
	at java.base/java.lang.reflect.Constructor.newInstance(Constructor.java:480)
	at com.mysql.cj.exceptions.ExceptionFactory.createException(ExceptionFactory.java:52)
	at com.mysql.cj.exceptions.ExceptionFactory.createException(ExceptionFactory.java:95)
	at com.mysql.cj.exceptions.ExceptionFactory.createException(ExceptionFactory.java:140)
	at com.mysql.cj.exceptions.ExceptionFactory.createCommunicationsException(ExceptionFactory.java:156)
	at com.mysql.cj.protocol.a.NativeSocketConnection.connect(NativeSocketConnection.java:79)
	at com.mysql.cj.NativeSession.connect(NativeSession.java:142)
	at com.mysql.cj.jdbc.ConnectionImpl.connectOneTryOnly(ConnectionImpl.java:963)
	at com.mysql.cj.jdbc.ConnectionImpl.createNewIO(ConnectionImpl.java:827)
	... 14 common frames omitted
Caused by: java.net.SocketException: Network is unreachable
	at java.base/sun.nio.ch.Net.connect0(Native Method)
	at java.base/sun.nio.ch.Net.connect(Net.java:579)
	at java.base/sun.nio.ch.Net.connect(Net.java:568)
	at java.base/sun.nio.ch.NioSocketImpl.connect(NioSocketImpl.java:593)
	at java.base/java.net.SocksSocketImpl.connect(SocksSocketImpl.java:327)
	at java.base/java.net.Socket.connect(Socket.java:633)
	at com.mysql.cj.protocol.StandardSocketFactory.connect(StandardSocketFactory.java:144)
	at com.mysql.cj.protocol.a.NativeSocketConnection.connect(NativeSocketConnection.java:53)
	... 17 common frames omitted
[2026-05-11 11:10:44.314] [WARN ] [HikariPool-1:connection-adder] com.zaxxer.hikari.pool.PoolBase - HikariPool-1 - Pool is empty, failed to create/setup connection (aa5d1a49-5ee0-4849-90ce-bc597e3e370f)
com.mysql.cj.jdbc.exceptions.CommunicationsException: Communications link failure

The last packet sent successfully to the server was 0 milliseconds ago. The driver has not received any packets from the server.
	at com.mysql.cj.jdbc.exceptions.SQLError.createCommunicationsException(SQLError.java:165)
	at com.mysql.cj.jdbc.exceptions.SQLExceptionsMapping.translateException(SQLExceptionsMapping.java:55)
	at com.mysql.cj.jdbc.ConnectionImpl.createNewIO(ConnectionImpl.java:839)
	at com.mysql.cj.jdbc.ConnectionImpl.<init>(ConnectionImpl.java:415)
	at com.mysql.cj.jdbc.ConnectionImpl.getInstance(ConnectionImpl.java:237)
	at com.mysql.cj.jdbc.NonRegisteringDriver.connect(NonRegisteringDriver.java:180)
	at net.sf.log4jdbc.sql.jdbcapi.DriverSpy.connect(DriverSpy.java:401)
	at com.zaxxer.hikari.util.DriverDataSource.getConnection(DriverDataSource.java:144)
	at com.zaxxer.hikari.pool.PoolBase.newConnection(PoolBase.java:370)
	at com.zaxxer.hikari.pool.PoolBase.newPoolEntry(PoolBase.java:207)
	at com.zaxxer.hikari.pool.HikariPool.createPoolEntry(HikariPool.java:488)
	at com.zaxxer.hikari.pool.HikariPool$PoolEntryCreator.call(HikariPool.java:752)
	at com.zaxxer.hikari.pool.HikariPool$PoolEntryCreator.call(HikariPool.java:731)
	at java.base/java.util.concurrent.FutureTask.run(FutureTask.java:264)
	at java.base/java.util.concurrent.ThreadPoolExecutor.runWorker(ThreadPoolExecutor.java:1136)
	at java.base/java.util.concurrent.ThreadPoolExecutor$Worker.run(ThreadPoolExecutor.java:635)
	at java.base/java.lang.Thread.run(Thread.java:840)
Caused by: com.mysql.cj.exceptions.CJCommunicationsException: Communications link failure

The last packet sent successfully to the server was 0 milliseconds ago. The driver has not received any packets from the server.
	at jdk.internal.reflect.GeneratedConstructorAccessor63.newInstance(Unknown Source)
	at java.base/jdk.internal.reflect.DelegatingConstructorAccessorImpl.newInstance(DelegatingConstructorAccessorImpl.java:45)
	at java.base/java.lang.reflect.Constructor.newInstanceWithCaller(Constructor.java:499)
	at java.base/java.lang.reflect.Constructor.newInstance(Constructor.java:480)
	at com.mysql.cj.exceptions.ExceptionFactory.createException(ExceptionFactory.java:52)
	at com.mysql.cj.exceptions.ExceptionFactory.createException(ExceptionFactory.java:95)
	at com.mysql.cj.exceptions.ExceptionFactory.createException(ExceptionFactory.java:140)
	at com.mysql.cj.exceptions.ExceptionFactory.createCommunicationsException(ExceptionFactory.java:156)
	at com.mysql.cj.protocol.a.NativeSocketConnection.connect(NativeSocketConnection.java:79)
	at com.mysql.cj.NativeSession.connect(NativeSession.java:142)
	at com.mysql.cj.jdbc.ConnectionImpl.connectOneTryOnly(ConnectionImpl.java:963)
	at com.mysql.cj.jdbc.ConnectionImpl.createNewIO(ConnectionImpl.java:827)
	... 14 common frames omitted
Caused by: java.net.SocketException: Network is unreachable
	at java.base/sun.nio.ch.Net.connect0(Native Method)
	at java.base/sun.nio.ch.Net.connect(Net.java:579)
	at java.base/sun.nio.ch.Net.connect(Net.java:568)
	at java.base/sun.nio.ch.NioSocketImpl.connect(NioSocketImpl.java:593)
	at java.base/java.net.SocksSocketImpl.connect(SocksSocketImpl.java:327)
	at java.base/java.net.Socket.connect(Socket.java:633)
	at com.mysql.cj.protocol.StandardSocketFactory.connect(StandardSocketFactory.java:144)
	at com.mysql.cj.protocol.a.NativeSocketConnection.connect(NativeSocketConnection.java:53)
	... 17 common frames omitted
[2026-05-11 11:11:49.419] [WARN ] [HikariPool-1:connection-adder] com.zaxxer.hikari.pool.PoolBase - HikariPool-1 - Pool is empty, failed to create/setup connection (06a36279-0b7f-461b-824e-6fcbe0dacb9a)
com.mysql.cj.jdbc.exceptions.CommunicationsException: Communications link failure

The last packet sent successfully to the server was 0 milliseconds ago. The driver has not received any packets from the server.
	at com.mysql.cj.jdbc.exceptions.SQLError.createCommunicationsException(SQLError.java:165)
	at com.mysql.cj.jdbc.exceptions.SQLExceptionsMapping.translateException(SQLExceptionsMapping.java:55)
	at com.mysql.cj.jdbc.ConnectionImpl.createNewIO(ConnectionImpl.java:839)
	at com.mysql.cj.jdbc.ConnectionImpl.<init>(ConnectionImpl.java:415)
	at com.mysql.cj.jdbc.ConnectionImpl.getInstance(ConnectionImpl.java:237)
	at com.mysql.cj.jdbc.NonRegisteringDriver.connect(NonRegisteringDriver.java:180)
	at net.sf.log4jdbc.sql.jdbcapi.DriverSpy.connect(DriverSpy.java:401)
	at com.zaxxer.hikari.util.DriverDataSource.getConnection(DriverDataSource.java:144)
	at com.zaxxer.hikari.pool.PoolBase.newConnection(PoolBase.java:370)
	at com.zaxxer.hikari.pool.PoolBase.newPoolEntry(PoolBase.java:207)
	at com.zaxxer.hikari.pool.HikariPool.createPoolEntry(HikariPool.java:488)
	at com.zaxxer.hikari.pool.HikariPool$PoolEntryCreator.call(HikariPool.java:752)
	at com.zaxxer.hikari.pool.HikariPool$PoolEntryCreator.call(HikariPool.java:731)
	at java.base/java.util.concurrent.FutureTask.run(FutureTask.java:264)
	at java.base/java.util.concurrent.ThreadPoolExecutor.runWorker(ThreadPoolExecutor.java:1136)
	at java.base/java.util.concurrent.ThreadPoolExecutor$Worker.run(ThreadPoolExecutor.java:635)
	at java.base/java.lang.Thread.run(Thread.java:840)
Caused by: com.mysql.cj.exceptions.CJCommunicationsException: Communications link failure

The last packet sent successfully to the server was 0 milliseconds ago. The driver has not received any packets from the server.
	at jdk.internal.reflect.GeneratedConstructorAccessor63.newInstance(Unknown Source)
	at java.base/jdk.internal.reflect.DelegatingConstructorAccessorImpl.newInstance(DelegatingConstructorAccessorImpl.java:45)
	at java.base/java.lang.reflect.Constructor.newInstanceWithCaller(Constructor.java:499)
	at java.base/java.lang.reflect.Constructor.newInstance(Constructor.java:480)
	at com.mysql.cj.exceptions.ExceptionFactory.createException(ExceptionFactory.java:52)
	at com.mysql.cj.exceptions.ExceptionFactory.createException(ExceptionFactory.java:95)
	at com.mysql.cj.exceptions.ExceptionFactory.createException(ExceptionFactory.java:140)
	at com.mysql.cj.exceptions.ExceptionFactory.createCommunicationsException(ExceptionFactory.java:156)
	at com.mysql.cj.protocol.a.NativeSocketConnection.connect(NativeSocketConnection.java:79)
	at com.mysql.cj.NativeSession.connect(NativeSession.java:142)
	at com.mysql.cj.jdbc.ConnectionImpl.connectOneTryOnly(ConnectionImpl.java:963)
	at com.mysql.cj.jdbc.ConnectionImpl.createNewIO(ConnectionImpl.java:827)
	... 14 common frames omitted
Caused by: java.net.SocketException: Network is unreachable
	at java.base/sun.nio.ch.Net.connect0(Native Method)
	at java.base/sun.nio.ch.Net.connect(Net.java:579)
	at java.base/sun.nio.ch.Net.connect(Net.java:568)
	at java.base/sun.nio.ch.NioSocketImpl.connect(NioSocketImpl.java:593)
	at java.base/java.net.SocksSocketImpl.connect(SocksSocketImpl.java:327)
	at java.base/java.net.Socket.connect(Socket.java:633)
	at com.mysql.cj.protocol.StandardSocketFactory.connect(StandardSocketFactory.java:144)
	at com.mysql.cj.protocol.a.NativeSocketConnection.connect(NativeSocketConnection.java:53)
	... 17 common frames omitted
[2026-05-11 11:12:54.540] [WARN ] [HikariPool-1:connection-adder] com.zaxxer.hikari.pool.PoolBase - HikariPool-1 - Pool is empty, failed to create/setup connection (be40b5a5-ae82-4c2a-a617-7b029ddf8144)
com.mysql.cj.jdbc.exceptions.CommunicationsException: Communications link failure

The last packet sent successfully to the server was 0 milliseconds ago. The driver has not received any packets from the server.
	at com.mysql.cj.jdbc.exceptions.SQLError.createCommunicationsException(SQLError.java:165)
	at com.mysql.cj.jdbc.exceptions.SQLExceptionsMapping.translateException(SQLExceptionsMapping.java:55)
	at com.mysql.cj.jdbc.ConnectionImpl.createNewIO(ConnectionImpl.java:839)
	at com.mysql.cj.jdbc.ConnectionImpl.<init>(ConnectionImpl.java:415)
	at com.mysql.cj.jdbc.ConnectionImpl.getInstance(ConnectionImpl.java:237)
	at com.mysql.cj.jdbc.NonRegisteringDriver.connect(NonRegisteringDriver.java:180)
	at net.sf.log4jdbc.sql.jdbcapi.DriverSpy.connect(DriverSpy.java:401)
	at com.zaxxer.hikari.util.DriverDataSource.getConnection(DriverDataSource.java:144)
	at com.zaxxer.hikari.pool.PoolBase.newConnection(PoolBase.java:370)
	at com.zaxxer.hikari.pool.PoolBase.newPoolEntry(PoolBase.java:207)
	at com.zaxxer.hikari.pool.HikariPool.createPoolEntry(HikariPool.java:488)
	at com.zaxxer.hikari.pool.HikariPool$PoolEntryCreator.call(HikariPool.java:752)
	at com.zaxxer.hikari.pool.HikariPool$PoolEntryCreator.call(HikariPool.java:731)
	at java.base/java.util.concurrent.FutureTask.run(FutureTask.java:264)
	at java.base/java.util.concurrent.ThreadPoolExecutor.runWorker(ThreadPoolExecutor.java:1136)
	at java.base/java.util.concurrent.ThreadPoolExecutor$Worker.run(ThreadPoolExecutor.java:635)
	at java.base/java.lang.Thread.run(Thread.java:840)
Caused by: com.mysql.cj.exceptions.CJCommunicationsException: Communications link failure

The last packet sent successfully to the server was 0 milliseconds ago. The driver has not received any packets from the server.
	at jdk.internal.reflect.GeneratedConstructorAccessor63.newInstance(Unknown Source)
	at java.base/jdk.internal.reflect.DelegatingConstructorAccessorImpl.newInstance(DelegatingConstructorAccessorImpl.java:45)
	at java.base/java.lang.reflect.Constructor.newInstanceWithCaller(Constructor.java:499)
	at java.base/java.lang.reflect.Constructor.newInstance(Constructor.java:480)
	at com.mysql.cj.exceptions.ExceptionFactory.createException(ExceptionFactory.java:52)
	at com.mysql.cj.exceptions.ExceptionFactory.createException(ExceptionFactory.java:95)
	at com.mysql.cj.exceptions.ExceptionFactory.createException(ExceptionFactory.java:140)
	at com.mysql.cj.exceptions.ExceptionFactory.createCommunicationsException(ExceptionFactory.java:156)
	at com.mysql.cj.protocol.a.NativeSocketConnection.connect(NativeSocketConnection.java:79)
	at com.mysql.cj.NativeSession.connect(NativeSession.java:142)
	at com.mysql.cj.jdbc.ConnectionImpl.connectOneTryOnly(ConnectionImpl.java:963)
	at com.mysql.cj.jdbc.ConnectionImpl.createNewIO(ConnectionImpl.java:827)
	... 14 common frames omitted
Caused by: java.net.SocketException: Network is unreachable
	at java.base/sun.nio.ch.Net.connect0(Native Method)
	at java.base/sun.nio.ch.Net.connect(Net.java:579)
	at java.base/sun.nio.ch.Net.connect(Net.java:568)
	at java.base/sun.nio.ch.NioSocketImpl.connect(NioSocketImpl.java:593)
	at java.base/java.net.SocksSocketImpl.connect(SocksSocketImpl.java:327)
	at java.base/java.net.Socket.connect(Socket.java:633)
	at com.mysql.cj.protocol.StandardSocketFactory.connect(StandardSocketFactory.java:144)
	at com.mysql.cj.protocol.a.NativeSocketConnection.connect(NativeSocketConnection.java:53)
	... 17 common frames omitted
[2026-05-11 11:13:59.618] [WARN ] [HikariPool-1:connection-adder] com.zaxxer.hikari.pool.PoolBase - HikariPool-1 - Pool is empty, failed to create/setup connection (1e5cd95c-9bca-47dc-8c6c-c44ee1b9118e)
com.mysql.cj.jdbc.exceptions.CommunicationsException: Communications link failure

The last packet sent successfully to the server was 0 milliseconds ago. The driver has not received any packets from the server.
	at com.mysql.cj.jdbc.exceptions.SQLError.createCommunicationsException(SQLError.java:165)
	at com.mysql.cj.jdbc.exceptions.SQLExceptionsMapping.translateException(SQLExceptionsMapping.java:55)
	at com.mysql.cj.jdbc.ConnectionImpl.createNewIO(ConnectionImpl.java:839)
	at com.mysql.cj.jdbc.ConnectionImpl.<init>(ConnectionImpl.java:415)
	at com.mysql.cj.jdbc.ConnectionImpl.getInstance(ConnectionImpl.java:237)
	at com.mysql.cj.jdbc.NonRegisteringDriver.connect(NonRegisteringDriver.java:180)
	at net.sf.log4jdbc.sql.jdbcapi.DriverSpy.connect(DriverSpy.java:401)
	at com.zaxxer.hikari.util.DriverDataSource.getConnection(DriverDataSource.java:144)
	at com.zaxxer.hikari.pool.PoolBase.newConnection(PoolBase.java:370)
	at com.zaxxer.hikari.pool.PoolBase.newPoolEntry(PoolBase.java:207)
	at com.zaxxer.hikari.pool.HikariPool.createPoolEntry(HikariPool.java:488)
	at com.zaxxer.hikari.pool.HikariPool$PoolEntryCreator.call(HikariPool.java:752)
	at com.zaxxer.hikari.pool.HikariPool$PoolEntryCreator.call(HikariPool.java:731)
	at java.base/java.util.concurrent.FutureTask.run(FutureTask.java:264)
	at java.base/java.util.concurrent.ThreadPoolExecutor.runWorker(ThreadPoolExecutor.java:1136)
	at java.base/java.util.concurrent.ThreadPoolExecutor$Worker.run(ThreadPoolExecutor.java:635)
	at java.base/java.lang.Thread.run(Thread.java:840)
Caused by: com.mysql.cj.exceptions.CJCommunicationsException: Communications link failure

The last packet sent successfully to the server was 0 milliseconds ago. The driver has not received any packets from the server.
	at jdk.internal.reflect.GeneratedConstructorAccessor63.newInstance(Unknown Source)
	at java.base/jdk.internal.reflect.DelegatingConstructorAccessorImpl.newInstance(DelegatingConstructorAccessorImpl.java:45)
	at java.base/java.lang.reflect.Constructor.newInstanceWithCaller(Constructor.java:499)
	at java.base/java.lang.reflect.Constructor.newInstance(Constructor.java:480)
	at com.mysql.cj.exceptions.ExceptionFactory.createException(ExceptionFactory.java:52)
	at com.mysql.cj.exceptions.ExceptionFactory.createException(ExceptionFactory.java:95)
	at com.mysql.cj.exceptions.ExceptionFactory.createException(ExceptionFactory.java:140)
	at com.mysql.cj.exceptions.ExceptionFactory.createCommunicationsException(ExceptionFactory.java:156)
	at com.mysql.cj.protocol.a.NativeSocketConnection.connect(NativeSocketConnection.java:79)
	at com.mysql.cj.NativeSession.connect(NativeSession.java:142)
	at com.mysql.cj.jdbc.ConnectionImpl.connectOneTryOnly(ConnectionImpl.java:963)
	at com.mysql.cj.jdbc.ConnectionImpl.createNewIO(ConnectionImpl.java:827)
	... 14 common frames omitted
Caused by: java.net.SocketException: Network is unreachable
	at java.base/sun.nio.ch.Net.connect0(Native Method)
	at java.base/sun.nio.ch.Net.connect(Net.java:579)
	at java.base/sun.nio.ch.Net.connect(Net.java:568)
	at java.base/sun.nio.ch.NioSocketImpl.connect(NioSocketImpl.java:593)
	at java.base/java.net.SocksSocketImpl.connect(SocksSocketImpl.java:327)
	at java.base/java.net.Socket.connect(Socket.java:633)
	at com.mysql.cj.protocol.StandardSocketFactory.connect(StandardSocketFactory.java:144)
	at com.mysql.cj.protocol.a.NativeSocketConnection.connect(NativeSocketConnection.java:53)
	... 17 common frames omitted
[2026-05-11 11:15:04.725] [WARN ] [HikariPool-1:connection-adder] com.zaxxer.hikari.pool.PoolBase - HikariPool-1 - Pool is empty, failed to create/setup connection (6947393b-4d4c-4ccb-a4eb-6c0340e79a61)
com.mysql.cj.jdbc.exceptions.CommunicationsException: Communications link failure

The last packet sent successfully to the server was 0 milliseconds ago. The driver has not received any packets from the server.
	at com.mysql.cj.jdbc.exceptions.SQLError.createCommunicationsException(SQLError.java:165)
	at com.mysql.cj.jdbc.exceptions.SQLExceptionsMapping.translateException(SQLExceptionsMapping.java:55)
	at com.mysql.cj.jdbc.ConnectionImpl.createNewIO(ConnectionImpl.java:839)
	at com.mysql.cj.jdbc.ConnectionImpl.<init>(ConnectionImpl.java:415)
	at com.mysql.cj.jdbc.ConnectionImpl.getInstance(ConnectionImpl.java:237)
	at com.mysql.cj.jdbc.NonRegisteringDriver.connect(NonRegisteringDriver.java:180)
	at net.sf.log4jdbc.sql.jdbcapi.DriverSpy.connect(DriverSpy.java:401)
	at com.zaxxer.hikari.util.DriverDataSource.getConnection(DriverDataSource.java:144)
	at com.zaxxer.hikari.pool.PoolBase.newConnection(PoolBase.java:370)
	at com.zaxxer.hikari.pool.PoolBase.newPoolEntry(PoolBase.java:207)
	at com.zaxxer.hikari.pool.HikariPool.createPoolEntry(HikariPool.java:488)
	at com.zaxxer.hikari.pool.HikariPool$PoolEntryCreator.call(HikariPool.java:752)
	at com.zaxxer.hikari.pool.HikariPool$PoolEntryCreator.call(HikariPool.java:731)
	at java.base/java.util.concurrent.FutureTask.run(FutureTask.java:264)
	at java.base/java.util.concurrent.ThreadPoolExecutor.runWorker(ThreadPoolExecutor.java:1136)
	at java.base/java.util.concurrent.ThreadPoolExecutor$Worker.run(ThreadPoolExecutor.java:635)
	at java.base/java.lang.Thread.run(Thread.java:840)
Caused by: com.mysql.cj.exceptions.CJCommunicationsException: Communications link failure

The last packet sent successfully to the server was 0 milliseconds ago. The driver has not received any packets from the server.
	at jdk.internal.reflect.GeneratedConstructorAccessor63.newInstance(Unknown Source)
	at java.base/jdk.internal.reflect.DelegatingConstructorAccessorImpl.newInstance(DelegatingConstructorAccessorImpl.java:45)
	at java.base/java.lang.reflect.Constructor.newInstanceWithCaller(Constructor.java:499)
	at java.base/java.lang.reflect.Constructor.newInstance(Constructor.java:480)
	at com.mysql.cj.exceptions.ExceptionFactory.createException(ExceptionFactory.java:52)
	at com.mysql.cj.exceptions.ExceptionFactory.createException(ExceptionFactory.java:95)
	at com.mysql.cj.exceptions.ExceptionFactory.createException(ExceptionFactory.java:140)
	at com.mysql.cj.exceptions.ExceptionFactory.createCommunicationsException(ExceptionFactory.java:156)
	at com.mysql.cj.protocol.a.NativeSocketConnection.connect(NativeSocketConnection.java:79)
	at com.mysql.cj.NativeSession.connect(NativeSession.java:142)
	at com.mysql.cj.jdbc.ConnectionImpl.connectOneTryOnly(ConnectionImpl.java:963)
	at com.mysql.cj.jdbc.ConnectionImpl.createNewIO(ConnectionImpl.java:827)
	... 14 common frames omitted
Caused by: java.net.SocketException: Network is unreachable
	at java.base/sun.nio.ch.Net.connect0(Native Method)
	at java.base/sun.nio.ch.Net.connect(Net.java:579)
	at java.base/sun.nio.ch.Net.connect(Net.java:568)
	at java.base/sun.nio.ch.NioSocketImpl.connect(NioSocketImpl.java:593)
	at java.base/java.net.SocksSocketImpl.connect(SocksSocketImpl.java:327)
	at java.base/java.net.Socket.connect(Socket.java:633)
	at com.mysql.cj.protocol.StandardSocketFactory.connect(StandardSocketFactory.java:144)
	at com.mysql.cj.protocol.a.NativeSocketConnection.connect(NativeSocketConnection.java:53)
	... 17 common frames omitted
[2026-05-11 11:15:30.025] [ERROR] [MessageBroker-4] o.s.s.s.TaskUtils$LoggingErrorHandler - Unexpected error occurred in scheduled task
org.springframework.transaction.CannotCreateTransactionException: Could not open JDBC Connection for transaction
	at org.springframework.jdbc.datasource.DataSourceTransactionManager.doBegin(DataSourceTransactionManager.java:313)
	at org.springframework.transaction.support.AbstractPlatformTransactionManager.startTransaction(AbstractPlatformTransactionManager.java:532)
	at org.springframework.transaction.support.AbstractPlatformTransactionManager.getTransaction(AbstractPlatformTransactionManager.java:405)
	at org.springframework.transaction.interceptor.TransactionAspectSupport.createTransactionIfNecessary(TransactionAspectSupport.java:639)
	at org.springframework.transaction.interceptor.TransactionAspectSupport.invokeWithinTransaction(TransactionAspectSupport.java:374)
	at org.springframework.transaction.interceptor.TransactionInterceptor.invoke(TransactionInterceptor.java:119)
	at org.springframework.aop.framework.ReflectiveMethodInvocation.proceed(ReflectiveMethodInvocation.java:184)
	at org.springframework.aop.framework.CglibAopProxy$DynamicAdvisedInterceptor.intercept(CglibAopProxy.java:728)
	at com.sqld_board.sqld.common.scheduler.BoardViewCountScheduler$$SpringCGLIB$$0.updateViewCount(<generated>)
	at java.base/jdk.internal.reflect.NativeMethodAccessorImpl.invoke0(Native Method)
	at java.base/jdk.internal.reflect.NativeMethodAccessorImpl.invoke(NativeMethodAccessorImpl.java:77)
	at java.base/jdk.internal.reflect.DelegatingMethodAccessorImpl.invoke(DelegatingMethodAccessorImpl.java:43)
	at java.base/java.lang.reflect.Method.invoke(Method.java:568)
	at org.springframework.scheduling.support.ScheduledMethodRunnable.runInternal(ScheduledMethodRunnable.java:130)
	at org.springframework.scheduling.support.ScheduledMethodRunnable.lambda$run$2(ScheduledMethodRunnable.java:124)
	at io.micrometer.observation.Observation.observe(Observation.java:498)
	at org.springframework.scheduling.support.ScheduledMethodRunnable.run(ScheduledMethodRunnable.java:124)
	at org.springframework.scheduling.config.Task$OutcomeTrackingRunnable.run(Task.java:85)
	at org.springframework.scheduling.support.DelegatingErrorHandlingRunnable.run(DelegatingErrorHandlingRunnable.java:54)
	at org.springframework.scheduling.concurrent.ReschedulingRunnable.run(ReschedulingRunnable.java:96)
	at java.base/java.util.concurrent.Executors$RunnableAdapter.call(Executors.java:539)
	at java.base/java.util.concurrent.FutureTask.run(FutureTask.java:264)
	at java.base/java.util.concurrent.ScheduledThreadPoolExecutor$ScheduledFutureTask.run(ScheduledThreadPoolExecutor.java:304)
	at java.base/java.util.concurrent.ThreadPoolExecutor.runWorker(ThreadPoolExecutor.java:1136)
	at java.base/java.util.concurrent.ThreadPoolExecutor$Worker.run(ThreadPoolExecutor.java:635)
	at java.base/java.lang.Thread.run(Thread.java:840)
Caused by: java.sql.SQLTransientConnectionException: HikariPool-1 - Connection is not available, request timed out after 30006ms (total=0, active=0, idle=0, waiting=0)
	at com.zaxxer.hikari.pool.HikariPool.createTimeoutException(HikariPool.java:714)
	at com.zaxxer.hikari.pool.HikariPool.getConnection(HikariPool.java:184)
	at com.zaxxer.hikari.pool.HikariPool.getConnection(HikariPool.java:142)
	at com.zaxxer.hikari.HikariDataSource.getConnection(HikariDataSource.java:127)
	at org.springframework.jdbc.datasource.DataSourceTransactionManager.doBegin(DataSourceTransactionManager.java:269)
	... 25 common frames omitted
Caused by: com.mysql.cj.jdbc.exceptions.CommunicationsException: Communications link failure

The last packet sent successfully to the server was 0 milliseconds ago. The driver has not received any packets from the server.
	at com.mysql.cj.jdbc.exceptions.SQLError.createCommunicationsException(SQLError.java:165)
	at com.mysql.cj.jdbc.exceptions.SQLExceptionsMapping.translateException(SQLExceptionsMapping.java:55)
	at com.mysql.cj.jdbc.ConnectionImpl.createNewIO(ConnectionImpl.java:839)
	at com.mysql.cj.jdbc.ConnectionImpl.<init>(ConnectionImpl.java:415)
	at com.mysql.cj.jdbc.ConnectionImpl.getInstance(ConnectionImpl.java:237)
	at com.mysql.cj.jdbc.NonRegisteringDriver.connect(NonRegisteringDriver.java:180)
	at net.sf.log4jdbc.sql.jdbcapi.DriverSpy.connect(DriverSpy.java:401)
	at com.zaxxer.hikari.util.DriverDataSource.getConnection(DriverDataSource.java:144)
	at com.zaxxer.hikari.pool.PoolBase.newConnection(PoolBase.java:370)
	at com.zaxxer.hikari.pool.PoolBase.newPoolEntry(PoolBase.java:207)
	at com.zaxxer.hikari.pool.HikariPool.createPoolEntry(HikariPool.java:488)
	at com.zaxxer.hikari.pool.HikariPool$PoolEntryCreator.call(HikariPool.java:752)
	at com.zaxxer.hikari.pool.HikariPool$PoolEntryCreator.call(HikariPool.java:731)
	at java.base/java.util.concurrent.FutureTask.run(FutureTask.java:264)
	... 3 common frames omitted
Caused by: com.mysql.cj.exceptions.CJCommunicationsException: Communications link failure

The last packet sent successfully to the server was 0 milliseconds ago. The driver has not received any packets from the server.
	at jdk.internal.reflect.GeneratedConstructorAccessor63.newInstance(Unknown Source)
	at java.base/jdk.internal.reflect.DelegatingConstructorAccessorImpl.newInstance(DelegatingConstructorAccessorImpl.java:45)
	at java.base/java.lang.reflect.Constructor.newInstanceWithCaller(Constructor.java:499)
	at java.base/java.lang.reflect.Constructor.newInstance(Constructor.java:480)
	at com.mysql.cj.exceptions.ExceptionFactory.createException(ExceptionFactory.java:52)
	at com.mysql.cj.exceptions.ExceptionFactory.createException(ExceptionFactory.java:95)
	at com.mysql.cj.exceptions.ExceptionFactory.createException(ExceptionFactory.java:140)
	at com.mysql.cj.exceptions.ExceptionFactory.createCommunicationsException(ExceptionFactory.java:156)
	at com.mysql.cj.protocol.a.NativeSocketConnection.connect(NativeSocketConnection.java:79)
	at com.mysql.cj.NativeSession.connect(NativeSession.java:142)
	at com.mysql.cj.jdbc.ConnectionImpl.connectOneTryOnly(ConnectionImpl.java:963)
	at com.mysql.cj.jdbc.ConnectionImpl.createNewIO(ConnectionImpl.java:827)
	... 14 common frames omitted
Caused by: java.net.SocketException: Network is unreachable
	at java.base/sun.nio.ch.Net.connect0(Native Method)
	at java.base/sun.nio.ch.Net.connect(Net.java:579)
	at java.base/sun.nio.ch.Net.connect(Net.java:568)
	at java.base/sun.nio.ch.NioSocketImpl.connect(NioSocketImpl.java:593)
	at java.base/java.net.SocksSocketImpl.connect(SocksSocketImpl.java:327)
	at java.base/java.net.Socket.connect(Socket.java:633)
	at com.mysql.cj.protocol.StandardSocketFactory.connect(StandardSocketFactory.java:144)
	at com.mysql.cj.protocol.a.NativeSocketConnection.connect(NativeSocketConnection.java:53)
	... 17 common frames omitted
[2026-05-11 11:16:09.827] [WARN ] [HikariPool-1:connection-adder] com.zaxxer.hikari.pool.PoolBase - HikariPool-1 - Pool is empty, failed to create/setup connection (7a39972b-12c6-4b1b-a2c9-963706fccff6)
com.mysql.cj.jdbc.exceptions.CommunicationsException: Communications link failure

The last packet sent successfully to the server was 0 milliseconds ago. The driver has not received any packets from the server.
	at com.mysql.cj.jdbc.exceptions.SQLError.createCommunicationsException(SQLError.java:165)
	at com.mysql.cj.jdbc.exceptions.SQLExceptionsMapping.translateException(SQLExceptionsMapping.java:55)
	at com.mysql.cj.jdbc.ConnectionImpl.createNewIO(ConnectionImpl.java:839)
	at com.mysql.cj.jdbc.ConnectionImpl.<init>(ConnectionImpl.java:415)
	at com.mysql.cj.jdbc.ConnectionImpl.getInstance(ConnectionImpl.java:237)
	at com.mysql.cj.jdbc.NonRegisteringDriver.connect(NonRegisteringDriver.java:180)
	at net.sf.log4jdbc.sql.jdbcapi.DriverSpy.connect(DriverSpy.java:401)
	at com.zaxxer.hikari.util.DriverDataSource.getConnection(DriverDataSource.java:144)
	at com.zaxxer.hikari.pool.PoolBase.newConnection(PoolBase.java:370)
	at com.zaxxer.hikari.pool.PoolBase.newPoolEntry(PoolBase.java:207)
	at com.zaxxer.hikari.pool.HikariPool.createPoolEntry(HikariPool.java:488)
	at com.zaxxer.hikari.pool.HikariPool$PoolEntryCreator.call(HikariPool.java:752)
	at com.zaxxer.hikari.pool.HikariPool$PoolEntryCreator.call(HikariPool.java:731)
	at java.base/java.util.concurrent.FutureTask.run(FutureTask.java:264)
	at java.base/java.util.concurrent.ThreadPoolExecutor.runWorker(ThreadPoolExecutor.java:1136)
	at java.base/java.util.concurrent.ThreadPoolExecutor$Worker.run(ThreadPoolExecutor.java:635)
	at java.base/java.lang.Thread.run(Thread.java:840)
Caused by: com.mysql.cj.exceptions.CJCommunicationsException: Communications link failure

The last packet sent successfully to the server was 0 milliseconds ago. The driver has not received any packets from the server.
	at jdk.internal.reflect.GeneratedConstructorAccessor63.newInstance(Unknown Source)
	at java.base/jdk.internal.reflect.DelegatingConstructorAccessorImpl.newInstance(DelegatingConstructorAccessorImpl.java:45)
	at java.base/java.lang.reflect.Constructor.newInstanceWithCaller(Constructor.java:499)
	at java.base/java.lang.reflect.Constructor.newInstance(Constructor.java:480)
	at com.mysql.cj.exceptions.ExceptionFactory.createException(ExceptionFactory.java:52)
	at com.mysql.cj.exceptions.ExceptionFactory.createException(ExceptionFactory.java:95)
	at com.mysql.cj.exceptions.ExceptionFactory.createException(ExceptionFactory.java:140)
	at com.mysql.cj.exceptions.ExceptionFactory.createCommunicationsException(ExceptionFactory.java:156)
	at com.mysql.cj.protocol.a.NativeSocketConnection.connect(NativeSocketConnection.java:79)
	at com.mysql.cj.NativeSession.connect(NativeSession.java:142)
	at com.mysql.cj.jdbc.ConnectionImpl.connectOneTryOnly(ConnectionImpl.java:963)
	at com.mysql.cj.jdbc.ConnectionImpl.createNewIO(ConnectionImpl.java:827)
	... 14 common frames omitted
Caused by: java.net.SocketException: Network is unreachable
	at java.base/sun.nio.ch.Net.connect0(Native Method)
	at java.base/sun.nio.ch.Net.connect(Net.java:579)
	at java.base/sun.nio.ch.Net.connect(Net.java:568)
	at java.base/sun.nio.ch.NioSocketImpl.connect(NioSocketImpl.java:593)
	at java.base/java.net.SocksSocketImpl.connect(SocksSocketImpl.java:327)
	at java.base/java.net.Socket.connect(Socket.java:633)
	at com.mysql.cj.protocol.StandardSocketFactory.connect(StandardSocketFactory.java:144)
	at com.mysql.cj.protocol.a.NativeSocketConnection.connect(NativeSocketConnection.java:53)
	... 17 common frames omitted
[2026-05-11 11:17:14.905] [WARN ] [HikariPool-1:connection-adder] com.zaxxer.hikari.pool.PoolBase - HikariPool-1 - Pool is empty, failed to create/setup connection (a3e8f0ca-98b9-4dda-b1eb-040bcced26fb)
com.mysql.cj.jdbc.exceptions.CommunicationsException: Communications link failure

The last packet sent successfully to the server was 0 milliseconds ago. The driver has not received any packets from the server.
	at com.mysql.cj.jdbc.exceptions.SQLError.createCommunicationsException(SQLError.java:165)
	at com.mysql.cj.jdbc.exceptions.SQLExceptionsMapping.translateException(SQLExceptionsMapping.java:55)
	at com.mysql.cj.jdbc.ConnectionImpl.createNewIO(ConnectionImpl.java:839)
	at com.mysql.cj.jdbc.ConnectionImpl.<init>(ConnectionImpl.java:415)
	at com.mysql.cj.jdbc.ConnectionImpl.getInstance(ConnectionImpl.java:237)
	at com.mysql.cj.jdbc.NonRegisteringDriver.connect(NonRegisteringDriver.java:180)
	at net.sf.log4jdbc.sql.jdbcapi.DriverSpy.connect(DriverSpy.java:401)
	at com.zaxxer.hikari.util.DriverDataSource.getConnection(DriverDataSource.java:144)
	at com.zaxxer.hikari.pool.PoolBase.newConnection(PoolBase.java:370)
	at com.zaxxer.hikari.pool.PoolBase.newPoolEntry(PoolBase.java:207)
	at com.zaxxer.hikari.pool.HikariPool.createPoolEntry(HikariPool.java:488)
	at com.zaxxer.hikari.pool.HikariPool$PoolEntryCreator.call(HikariPool.java:752)
	at com.zaxxer.hikari.pool.HikariPool$PoolEntryCreator.call(HikariPool.java:731)
	at java.base/java.util.concurrent.FutureTask.run(FutureTask.java:264)
	at java.base/java.util.concurrent.ThreadPoolExecutor.runWorker(ThreadPoolExecutor.java:1136)
	at java.base/java.util.concurrent.ThreadPoolExecutor$Worker.run(ThreadPoolExecutor.java:635)
	at java.base/java.lang.Thread.run(Thread.java:840)
Caused by: com.mysql.cj.exceptions.CJCommunicationsException: Communications link failure

The last packet sent successfully to the server was 0 milliseconds ago. The driver has not received any packets from the server.
	at jdk.internal.reflect.GeneratedConstructorAccessor63.newInstance(Unknown Source)
	at java.base/jdk.internal.reflect.DelegatingConstructorAccessorImpl.newInstance(DelegatingConstructorAccessorImpl.java:45)
	at java.base/java.lang.reflect.Constructor.newInstanceWithCaller(Constructor.java:499)
	at java.base/java.lang.reflect.Constructor.newInstance(Constructor.java:480)
	at com.mysql.cj.exceptions.ExceptionFactory.createException(ExceptionFactory.java:52)
	at com.mysql.cj.exceptions.ExceptionFactory.createException(ExceptionFactory.java:95)
	at com.mysql.cj.exceptions.ExceptionFactory.createException(ExceptionFactory.java:140)
	at com.mysql.cj.exceptions.ExceptionFactory.createCommunicationsException(ExceptionFactory.java:156)
	at com.mysql.cj.protocol.a.NativeSocketConnection.connect(NativeSocketConnection.java:79)
	at com.mysql.cj.NativeSession.connect(NativeSession.java:142)
	at com.mysql.cj.jdbc.ConnectionImpl.connectOneTryOnly(ConnectionImpl.java:963)
	at com.mysql.cj.jdbc.ConnectionImpl.createNewIO(ConnectionImpl.java:827)
	... 14 common frames omitted
Caused by: java.net.SocketException: Network is unreachable
	at java.base/sun.nio.ch.Net.connect0(Native Method)
	at java.base/sun.nio.ch.Net.connect(Net.java:579)
	at java.base/sun.nio.ch.Net.connect(Net.java:568)
	at java.base/sun.nio.ch.NioSocketImpl.connect(NioSocketImpl.java:593)
	at java.base/java.net.SocksSocketImpl.connect(SocksSocketImpl.java:327)
	at java.base/java.net.Socket.connect(Socket.java:633)
	at com.mysql.cj.protocol.StandardSocketFactory.connect(StandardSocketFactory.java:144)
	at com.mysql.cj.protocol.a.NativeSocketConnection.connect(NativeSocketConnection.java:53)
	... 17 common frames omitted
[2026-05-11 11:19:42.380] [INFO ] [http-nio-8881-exec-8] jdbc.sqltiming - SELECT EXISTS (
            SELECT 1 FROM MEMBER_INFO WHERE USER_ID = 'admin'
        )
 {executed in 8 msec}
[2026-05-11 11:19:42.403] [ERROR] [http-nio-8881-exec-8] c.s.sqld.exception.ExceptionAdvice - null
com.sqld_board.sqld.exception.common.ExistUserIdException: null
	at com.sqld_board.sqld.service.sign.SignServiceImpl.checkUserIdDuplicate(SignServiceImpl.java:296)
	at java.base/jdk.internal.reflect.NativeMethodAccessorImpl.invoke0(Native Method)
	at java.base/jdk.internal.reflect.NativeMethodAccessorImpl.invoke(NativeMethodAccessorImpl.java:77)
	at java.base/jdk.internal.reflect.DelegatingMethodAccessorImpl.invoke(DelegatingMethodAccessorImpl.java:43)
	at java.base/java.lang.reflect.Method.invoke(Method.java:568)
	at org.springframework.aop.support.AopUtils.invokeJoinpointUsingReflection(AopUtils.java:360)
	at org.springframework.aop.framework.ReflectiveMethodInvocation.invokeJoinpoint(ReflectiveMethodInvocation.java:196)
	at org.springframework.aop.framework.ReflectiveMethodInvocation.proceed(ReflectiveMethodInvocation.java:163)
	at org.springframework.transaction.interceptor.TransactionAspectSupport.invokeWithinTransaction(TransactionAspectSupport.java:380)
	at org.springframework.transaction.interceptor.TransactionInterceptor.invoke(TransactionInterceptor.java:119)
	at org.springframework.aop.framework.ReflectiveMethodInvocation.proceed(ReflectiveMethodInvocation.java:184)
	at org.springframework.aop.framework.CglibAopProxy$DynamicAdvisedInterceptor.intercept(CglibAopProxy.java:728)
	at com.sqld_board.sqld.service.sign.SignServiceImpl$$SpringCGLIB$$0.checkUserIdDuplicate(<generated>)
	at com.sqld_board.sqld.controller.sign.SignController.checkUserId(SignController.java:133)
	at java.base/jdk.internal.reflect.NativeMethodAccessorImpl.invoke0(Native Method)
	at java.base/jdk.internal.reflect.NativeMethodAccessorImpl.invoke(NativeMethodAccessorImpl.java:77)
	at java.base/jdk.internal.reflect.DelegatingMethodAccessorImpl.invoke(DelegatingMethodAccessorImpl.java:43)
	at java.base/java.lang.reflect.Method.invoke(Method.java:568)
	at org.springframework.web.method.support.InvocableHandlerMethod.doInvoke(InvocableHandlerMethod.java:258)
	at org.springframework.web.method.support.InvocableHandlerMethod.invokeForRequest(InvocableHandlerMethod.java:191)
	at org.springframework.web.servlet.mvc.method.annotation.ServletInvocableHandlerMethod.invokeAndHandle(ServletInvocableHandlerMethod.java:118)
	at org.springframework.web.servlet.mvc.method.annotation.RequestMappingHandlerAdapter.invokeHandlerMethod(RequestMappingHandlerAdapter.java:991)
	at org.springframework.web.servlet.mvc.method.annotation.RequestMappingHandlerAdapter.handleInternal(RequestMappingHandlerAdapter.java:896)
	at org.springframework.web.servlet.mvc.method.AbstractHandlerMethodAdapter.handle(AbstractHandlerMethodAdapter.java:87)
	at org.springframework.web.servlet.DispatcherServlet.doDispatch(DispatcherServlet.java:1089)
	at org.springframework.web.servlet.DispatcherServlet.doService(DispatcherServlet.java:979)
	at org.springframework.web.servlet.FrameworkServlet.processRequest(FrameworkServlet.java:1014)
	at org.springframework.web.servlet.FrameworkServlet.doGet(FrameworkServlet.java:903)
	at jakarta.servlet.http.HttpServlet.service(HttpServlet.java:564)
	at org.springframework.web.servlet.FrameworkServlet.service(FrameworkServlet.java:885)
	at jakarta.servlet.http.HttpServlet.service(HttpServlet.java:658)
	at org.apache.catalina.core.ApplicationFilterChain.internalDoFilter(ApplicationFilterChain.java:195)
	at org.apache.catalina.core.ApplicationFilterChain.doFilter(ApplicationFilterChain.java:140)
	at org.apache.tomcat.websocket.server.WsFilter.doFilter(WsFilter.java:51)
	at org.apache.catalina.core.ApplicationFilterChain.internalDoFilter(ApplicationFilterChain.java:164)
	at org.apache.catalina.core.ApplicationFilterChain.doFilter(ApplicationFilterChain.java:140)
	at org.springframework.web.filter.OncePerRequestFilter.doFilter(OncePerRequestFilter.java:110)
	at org.apache.catalina.core.ApplicationFilterChain.internalDoFilter(ApplicationFilterChain.java:164)
	at org.apache.catalina.core.ApplicationFilterChain.doFilter(ApplicationFilterChain.java:140)
	at org.springframework.web.filter.CompositeFilter$VirtualFilterChain.doFilter(CompositeFilter.java:108)
	at org.springframework.web.filter.CompositeFilter$VirtualFilterChain.doFilter(CompositeFilter.java:108)
	at org.springframework.security.web.FilterChainProxy.lambda$doFilterInternal$3(FilterChainProxy.java:231)
	at org.springframework.security.web.FilterChainProxy$VirtualFilterChain.doFilter(FilterChainProxy.java:365)
	at org.springframework.security.web.access.intercept.AuthorizationFilter.doFilter(AuthorizationFilter.java:101)
	at org.springframework.security.web.FilterChainProxy$VirtualFilterChain.doFilter(FilterChainProxy.java:374)
	at org.springframework.security.web.access.ExceptionTranslationFilter.doFilter(ExceptionTranslationFilter.java:125)
	at org.springframework.security.web.access.ExceptionTranslationFilter.doFilter(ExceptionTranslationFilter.java:119)
	at org.springframework.security.web.FilterChainProxy$VirtualFilterChain.doFilter(FilterChainProxy.java:374)
	at org.springframework.security.web.session.SessionManagementFilter.doFilter(SessionManagementFilter.java:131)
	at org.springframework.security.web.session.SessionManagementFilter.doFilter(SessionManagementFilter.java:85)
	at org.springframework.security.web.FilterChainProxy$VirtualFilterChain.doFilter(FilterChainProxy.java:374)
	at org.springframework.security.web.authentication.AnonymousAuthenticationFilter.doFilter(AnonymousAuthenticationFilter.java:100)
	at org.springframework.security.web.FilterChainProxy$VirtualFilterChain.doFilter(FilterChainProxy.java:374)
	at org.springframework.security.web.servletapi.SecurityContextHolderAwareRequestFilter.doFilter(SecurityContextHolderAwareRequestFilter.java:179)
	at org.springframework.security.web.FilterChainProxy$VirtualFilterChain.doFilter(FilterChainProxy.java:374)
	at org.springframework.security.web.savedrequest.RequestCacheAwareFilter.doFilter(RequestCacheAwareFilter.java:63)
	at org.springframework.security.web.FilterChainProxy$VirtualFilterChain.doFilter(FilterChainProxy.java:374)
	at com.sqld_board.sqld.config.security.JwtAuthenticationFilter.doFilterInternal(JwtAuthenticationFilter.java:62)
	at org.springframework.web.filter.OncePerRequestFilter.doFilter(OncePerRequestFilter.java:116)
	at org.springframework.security.web.FilterChainProxy$VirtualFilterChain.doFilter(FilterChainProxy.java:374)
	at org.springframework.security.web.authentication.logout.LogoutFilter.doFilter(LogoutFilter.java:107)
	at org.springframework.security.web.authentication.logout.LogoutFilter.doFilter(LogoutFilter.java:93)
	at org.springframework.security.web.FilterChainProxy$VirtualFilterChain.doFilter(FilterChainProxy.java:374)
	at org.springframework.web.filter.CorsFilter.doFilterInternal(CorsFilter.java:91)
	at org.springframework.web.filter.OncePerRequestFilter.doFilter(OncePerRequestFilter.java:116)
	at org.springframework.security.web.FilterChainProxy$VirtualFilterChain.doFilter(FilterChainProxy.java:374)
	at org.springframework.security.web.header.HeaderWriterFilter.doHeadersAfter(HeaderWriterFilter.java:90)
	at org.springframework.security.web.header.HeaderWriterFilter.doFilterInternal(HeaderWriterFilter.java:75)
	at org.springframework.web.filter.OncePerRequestFilter.doFilter(OncePerRequestFilter.java:116)
	at org.springframework.security.web.FilterChainProxy$VirtualFilterChain.doFilter(FilterChainProxy.java:374)
	at org.springframework.security.web.context.SecurityContextHolderFilter.doFilter(SecurityContextHolderFilter.java:82)
	at org.springframework.security.web.context.SecurityContextHolderFilter.doFilter(SecurityContextHolderFilter.java:69)
	at org.springframework.security.web.FilterChainProxy$VirtualFilterChain.doFilter(FilterChainProxy.java:374)
	at org.springframework.security.web.context.request.async.WebAsyncManagerIntegrationFilter.doFilterInternal(WebAsyncManagerIntegrationFilter.java:62)
	at org.springframework.web.filter.OncePerRequestFilter.doFilter(OncePerRequestFilter.java:116)
	at org.springframework.security.web.FilterChainProxy$VirtualFilterChain.doFilter(FilterChainProxy.java:374)
	at org.springframework.security.web.session.DisableEncodeUrlFilter.doFilterInternal(DisableEncodeUrlFilter.java:42)
	at org.springframework.web.filter.OncePerRequestFilter.doFilter(OncePerRequestFilter.java:116)
	at org.springframework.security.web.FilterChainProxy$VirtualFilterChain.doFilter(FilterChainProxy.java:374)
	at org.springframework.security.web.FilterChainProxy.doFilterInternal(FilterChainProxy.java:233)
	at org.springframework.security.web.FilterChainProxy.doFilter(FilterChainProxy.java:191)
	at org.springframework.web.filter.CompositeFilter$VirtualFilterChain.doFilter(CompositeFilter.java:113)
	at org.springframework.web.filter.ServletRequestPathFilter.doFilter(ServletRequestPathFilter.java:52)
	at org.springframework.web.filter.CompositeFilter$VirtualFilterChain.doFilter(CompositeFilter.java:113)
	at org.springframework.web.filter.CompositeFilter.doFilter(CompositeFilter.java:74)
	at org.springframework.security.config.annotation.web.configuration.WebSecurityConfiguration$CompositeFilterChainProxy.doFilter(WebSecurityConfiguration.java:319)
	at org.springframework.web.filter.CompositeFilter$VirtualFilterChain.doFilter(CompositeFilter.java:113)
	at org.springframework.web.servlet.handler.HandlerMappingIntrospector.lambda$createCacheFilter$4(HandlerMappingIntrospector.java:267)
	at org.springframework.web.filter.CompositeFilter$VirtualFilterChain.doFilter(CompositeFilter.java:113)
	at org.springframework.web.filter.CompositeFilter.doFilter(CompositeFilter.java:74)
	at org.springframework.security.config.annotation.web.configuration.WebMvcSecurityConfiguration$CompositeFilterChainProxy.doFilter(WebMvcSecurityConfiguration.java:240)
	at org.springframework.web.filter.DelegatingFilterProxy.invokeDelegate(DelegatingFilterProxy.java:362)
	at org.springframework.web.filter.DelegatingFilterProxy.doFilter(DelegatingFilterProxy.java:278)
	at org.apache.catalina.core.ApplicationFilterChain.internalDoFilter(ApplicationFilterChain.java:164)
	at org.apache.catalina.core.ApplicationFilterChain.doFilter(ApplicationFilterChain.java:140)
	at org.springframework.web.filter.RequestContextFilter.doFilterInternal(RequestContextFilter.java:100)
	at org.springframework.web.filter.OncePerRequestFilter.doFilter(OncePerRequestFilter.java:116)
	at org.apache.catalina.core.ApplicationFilterChain.internalDoFilter(ApplicationFilterChain.java:164)
	at org.apache.catalina.core.ApplicationFilterChain.doFilter(ApplicationFilterChain.java:140)
	at org.springframework.web.filter.FormContentFilter.doFilterInternal(FormContentFilter.java:93)
	at org.springframework.web.filter.OncePerRequestFilter.doFilter(OncePerRequestFilter.java:116)
	at org.apache.catalina.core.ApplicationFilterChain.internalDoFilter(ApplicationFilterChain.java:164)
	at org.apache.catalina.core.ApplicationFilterChain.doFilter(ApplicationFilterChain.java:140)
	at org.springframework.web.filter.CharacterEncodingFilter.doFilterInternal(CharacterEncodingFilter.java:201)
	at org.springframework.web.filter.OncePerRequestFilter.doFilter(OncePerRequestFilter.java:116)
	at org.apache.catalina.core.ApplicationFilterChain.internalDoFilter(ApplicationFilterChain.java:164)
	at org.apache.catalina.core.ApplicationFilterChain.doFilter(ApplicationFilterChain.java:140)
	at org.apache.catalina.core.StandardWrapperValve.invoke(StandardWrapperValve.java:167)
	at org.apache.catalina.core.StandardContextValve.invoke(StandardContextValve.java:90)
	at org.apache.catalina.authenticator.AuthenticatorBase.invoke(AuthenticatorBase.java:483)
	at org.apache.catalina.core.StandardHostValve.invoke(StandardHostValve.java:116)
	at org.apache.catalina.valves.ErrorReportValve.invoke(ErrorReportValve.java:93)
	at org.apache.catalina.core.StandardEngineValve.invoke(StandardEngineValve.java:74)
	at org.apache.catalina.connector.CoyoteAdapter.service(CoyoteAdapter.java:344)
	at org.apache.coyote.http11.Http11Processor.service(Http11Processor.java:398)
	at org.apache.coyote.AbstractProcessorLight.process(AbstractProcessorLight.java:63)
	at org.apache.coyote.AbstractProtocol$ConnectionHandler.process(AbstractProtocol.java:903)
	at org.apache.tomcat.util.net.NioEndpoint$SocketProcessor.doRun(NioEndpoint.java:1776)
	at org.apache.tomcat.util.net.SocketProcessorBase.run(SocketProcessorBase.java:52)
	at org.apache.tomcat.util.threads.ThreadPoolExecutor.runWorker(ThreadPoolExecutor.java:975)
	at org.apache.tomcat.util.threads.ThreadPoolExecutor$Worker.run(ThreadPoolExecutor.java:493)
	at org.apache.tomcat.util.threads.TaskThread$WrappingRunnable.run(TaskThread.java:63)
	at java.base/java.lang.Thread.run(Thread.java:840)
[2026-05-11 11:19:42.405] [WARN ] [http-nio-8881-exec-8] o.s.w.s.m.m.a.ExceptionHandlerExceptionResolver - Resolved [com.sqld_board.sqld.exception.common.ExistUserIdException]
[2026-05-11 11:19:42.440] [INFO ] [http-nio-8881-exec-10] jdbc.sqltiming - SELECT EXISTS (
            SELECT 1 FROM MEMBER_INFO WHERE USER_ID = 'test_gemini_01'
        )
 {executed in 9 msec}
[2026-05-11 11:19:44.814] [INFO ] [http-nio-8881-exec-2] jdbc.sqltiming - SELECT MEMBER_ID
             , USER_ID
             , USER_PASS
             , USER_NAME
             , USER_EMAIL
             , EMAIL_VERIFIED
             , USER_ROLE
             , USER_STATUS
             , PROFILE_IMAGE
             , CREATE_AT
             , UPDATE_AT
             , LAST_LOG_AT
          FROM MEMBER_INFO
         WHERE USER_ID = 'admin'
         LIMIT 1
 {executed in 6 msec}
[2026-05-11 11:19:44.841] [INFO ] [http-nio-8881-exec-2] c.s.sqld.exception.ExceptionAdvice - error
java.lang.IllegalArgumentException: rawPassword cannot be null
	at org.springframework.security.crypto.bcrypt.BCryptPasswordEncoder.matches(BCryptPasswordEncoder.java:123)
	at com.sqld_board.sqld.service.sign.SignServiceImpl.signIn(SignServiceImpl.java:327)
	at java.base/jdk.internal.reflect.NativeMethodAccessorImpl.invoke0(Native Method)
	at java.base/jdk.internal.reflect.NativeMethodAccessorImpl.invoke(NativeMethodAccessorImpl.java:77)
	at java.base/jdk.internal.reflect.DelegatingMethodAccessorImpl.invoke(DelegatingMethodAccessorImpl.java:43)
	at java.base/java.lang.reflect.Method.invoke(Method.java:568)
	at org.springframework.aop.support.AopUtils.invokeJoinpointUsingReflection(AopUtils.java:360)
	at org.springframework.aop.framework.ReflectiveMethodInvocation.invokeJoinpoint(ReflectiveMethodInvocation.java:196)
	at org.springframework.aop.framework.ReflectiveMethodInvocation.proceed(ReflectiveMethodInvocation.java:163)
	at org.springframework.transaction.interceptor.TransactionAspectSupport.invokeWithinTransaction(TransactionAspectSupport.java:380)
	at org.springframework.transaction.interceptor.TransactionInterceptor.invoke(TransactionInterceptor.java:119)
	at org.springframework.aop.framework.ReflectiveMethodInvocation.proceed(ReflectiveMethodInvocation.java:184)
	at org.springframework.aop.framework.CglibAopProxy$DynamicAdvisedInterceptor.intercept(CglibAopProxy.java:728)
	at com.sqld_board.sqld.service.sign.SignServiceImpl$$SpringCGLIB$$0.signIn(<generated>)
	at com.sqld_board.sqld.controller.sign.SignController.signIn(SignController.java:171)
	at java.base/jdk.internal.reflect.NativeMethodAccessorImpl.invoke0(Native Method)
	at java.base/jdk.internal.reflect.NativeMethodAccessorImpl.invoke(NativeMethodAccessorImpl.java:77)
	at java.base/jdk.internal.reflect.DelegatingMethodAccessorImpl.invoke(DelegatingMethodAccessorImpl.java:43)
	at java.base/java.lang.reflect.Method.invoke(Method.java:568)
	at org.springframework.web.method.support.InvocableHandlerMethod.doInvoke(InvocableHandlerMethod.java:258)
	at org.springframework.web.method.support.InvocableHandlerMethod.invokeForRequest(InvocableHandlerMethod.java:191)
	at org.springframework.web.servlet.mvc.method.annotation.ServletInvocableHandlerMethod.invokeAndHandle(ServletInvocableHandlerMethod.java:118)
	at org.springframework.web.servlet.mvc.method.annotation.RequestMappingHandlerAdapter.invokeHandlerMethod(RequestMappingHandlerAdapter.java:991)
	at org.springframework.web.servlet.mvc.method.annotation.RequestMappingHandlerAdapter.handleInternal(RequestMappingHandlerAdapter.java:896)
	at org.springframework.web.servlet.mvc.method.AbstractHandlerMethodAdapter.handle(AbstractHandlerMethodAdapter.java:87)
	at org.springframework.web.servlet.DispatcherServlet.doDispatch(DispatcherServlet.java:1089)
	at org.springframework.web.servlet.DispatcherServlet.doService(DispatcherServlet.java:979)
	at org.springframework.web.servlet.FrameworkServlet.processRequest(FrameworkServlet.java:1014)
	at org.springframework.web.servlet.FrameworkServlet.doPost(FrameworkServlet.java:914)
	at jakarta.servlet.http.HttpServlet.service(HttpServlet.java:590)
	at org.springframework.web.servlet.FrameworkServlet.service(FrameworkServlet.java:885)
	at jakarta.servlet.http.HttpServlet.service(HttpServlet.java:658)
	at org.apache.catalina.core.ApplicationFilterChain.internalDoFilter(ApplicationFilterChain.java:195)
	at org.apache.catalina.core.ApplicationFilterChain.doFilter(ApplicationFilterChain.java:140)
	at org.apache.tomcat.websocket.server.WsFilter.doFilter(WsFilter.java:51)
	at org.apache.catalina.core.ApplicationFilterChain.internalDoFilter(ApplicationFilterChain.java:164)
	at org.apache.catalina.core.ApplicationFilterChain.doFilter(ApplicationFilterChain.java:140)
	at org.springframework.web.filter.OncePerRequestFilter.doFilter(OncePerRequestFilter.java:110)
	at org.apache.catalina.core.ApplicationFilterChain.internalDoFilter(ApplicationFilterChain.java:164)
	at org.apache.catalina.core.ApplicationFilterChain.doFilter(ApplicationFilterChain.java:140)
	at org.springframework.web.filter.CompositeFilter$VirtualFilterChain.doFilter(CompositeFilter.java:108)
	at org.springframework.web.filter.CompositeFilter$VirtualFilterChain.doFilter(CompositeFilter.java:108)
	at org.springframework.security.web.FilterChainProxy.lambda$doFilterInternal$3(FilterChainProxy.java:231)
	at org.springframework.security.web.FilterChainProxy$VirtualFilterChain.doFilter(FilterChainProxy.java:365)
	at org.springframework.security.web.access.intercept.AuthorizationFilter.doFilter(AuthorizationFilter.java:101)
	at org.springframework.security.web.FilterChainProxy$VirtualFilterChain.doFilter(FilterChainProxy.java:374)
	at org.springframework.security.web.access.ExceptionTranslationFilter.doFilter(ExceptionTranslationFilter.java:125)
	at org.springframework.security.web.access.ExceptionTranslationFilter.doFilter(ExceptionTranslationFilter.java:119)
	at org.springframework.security.web.FilterChainProxy$VirtualFilterChain.doFilter(FilterChainProxy.java:374)
	at org.springframework.security.web.session.SessionManagementFilter.doFilter(SessionManagementFilter.java:131)
	at org.springframework.security.web.session.SessionManagementFilter.doFilter(SessionManagementFilter.java:85)
	at org.springframework.security.web.FilterChainProxy$VirtualFilterChain.doFilter(FilterChainProxy.java:374)
	at org.springframework.security.web.authentication.AnonymousAuthenticationFilter.doFilter(AnonymousAuthenticationFilter.java:100)
	at org.springframework.security.web.FilterChainProxy$VirtualFilterChain.doFilter(FilterChainProxy.java:374)
	at org.springframework.security.web.servletapi.SecurityContextHolderAwareRequestFilter.doFilter(SecurityContextHolderAwareRequestFilter.java:179)
	at org.springframework.security.web.FilterChainProxy$VirtualFilterChain.doFilter(FilterChainProxy.java:374)
	at org.springframework.security.web.savedrequest.RequestCacheAwareFilter.doFilter(RequestCacheAwareFilter.java:63)
	at org.springframework.security.web.FilterChainProxy$VirtualFilterChain.doFilter(FilterChainProxy.java:374)
	at com.sqld_board.sqld.config.security.JwtAuthenticationFilter.doFilterInternal(JwtAuthenticationFilter.java:62)
	at org.springframework.web.filter.OncePerRequestFilter.doFilter(OncePerRequestFilter.java:116)
	at org.springframework.security.web.FilterChainProxy$VirtualFilterChain.doFilter(FilterChainProxy.java:374)
	at org.springframework.security.web.authentication.logout.LogoutFilter.doFilter(LogoutFilter.java:107)
	at org.springframework.security.web.authentication.logout.LogoutFilter.doFilter(LogoutFilter.java:93)
	at org.springframework.security.web.FilterChainProxy$VirtualFilterChain.doFilter(FilterChainProxy.java:374)
	at org.springframework.web.filter.CorsFilter.doFilterInternal(CorsFilter.java:91)
	at org.springframework.web.filter.OncePerRequestFilter.doFilter(OncePerRequestFilter.java:116)
	at org.springframework.security.web.FilterChainProxy$VirtualFilterChain.doFilter(FilterChainProxy.java:374)
	at org.springframework.security.web.header.HeaderWriterFilter.doHeadersAfter(HeaderWriterFilter.java:90)
	at org.springframework.security.web.header.HeaderWriterFilter.doFilterInternal(HeaderWriterFilter.java:75)
	at org.springframework.web.filter.OncePerRequestFilter.doFilter(OncePerRequestFilter.java:116)
	at org.springframework.security.web.FilterChainProxy$VirtualFilterChain.doFilter(FilterChainProxy.java:374)
	at org.springframework.security.web.context.SecurityContextHolderFilter.doFilter(SecurityContextHolderFilter.java:82)
	at org.springframework.security.web.context.SecurityContextHolderFilter.doFilter(SecurityContextHolderFilter.java:69)
	at org.springframework.security.web.FilterChainProxy$VirtualFilterChain.doFilter(FilterChainProxy.java:374)
	at org.springframework.security.web.context.request.async.WebAsyncManagerIntegrationFilter.doFilterInternal(WebAsyncManagerIntegrationFilter.java:62)
	at org.springframework.web.filter.OncePerRequestFilter.doFilter(OncePerRequestFilter.java:116)
	at org.springframework.security.web.FilterChainProxy$VirtualFilterChain.doFilter(FilterChainProxy.java:374)
	at org.springframework.security.web.session.DisableEncodeUrlFilter.doFilterInternal(DisableEncodeUrlFilter.java:42)
	at org.springframework.web.filter.OncePerRequestFilter.doFilter(OncePerRequestFilter.java:116)
	at org.springframework.security.web.FilterChainProxy$VirtualFilterChain.doFilter(FilterChainProxy.java:374)
	at org.springframework.security.web.FilterChainProxy.doFilterInternal(FilterChainProxy.java:233)
	at org.springframework.security.web.FilterChainProxy.doFilter(FilterChainProxy.java:191)
	at org.springframework.web.filter.CompositeFilter$VirtualFilterChain.doFilter(CompositeFilter.java:113)
	at org.springframework.web.filter.ServletRequestPathFilter.doFilter(ServletRequestPathFilter.java:52)
	at org.springframework.web.filter.CompositeFilter$VirtualFilterChain.doFilter(CompositeFilter.java:113)
	at org.springframework.web.filter.CompositeFilter.doFilter(CompositeFilter.java:74)
	at org.springframework.security.config.annotation.web.configuration.WebSecurityConfiguration$CompositeFilterChainProxy.doFilter(WebSecurityConfiguration.java:319)
	at org.springframework.web.filter.CompositeFilter$VirtualFilterChain.doFilter(CompositeFilter.java:113)
	at org.springframework.web.servlet.handler.HandlerMappingIntrospector.lambda$createCacheFilter$4(HandlerMappingIntrospector.java:267)
	at org.springframework.web.filter.CompositeFilter$VirtualFilterChain.doFilter(CompositeFilter.java:113)
	at org.springframework.web.filter.CompositeFilter.doFilter(CompositeFilter.java:74)
	at org.springframework.security.config.annotation.web.configuration.WebMvcSecurityConfiguration$CompositeFilterChainProxy.doFilter(WebMvcSecurityConfiguration.java:240)
	at org.springframework.web.filter.DelegatingFilterProxy.invokeDelegate(DelegatingFilterProxy.java:362)
	at org.springframework.web.filter.DelegatingFilterProxy.doFilter(DelegatingFilterProxy.java:278)
	at org.apache.catalina.core.ApplicationFilterChain.internalDoFilter(ApplicationFilterChain.java:164)
	at org.apache.catalina.core.ApplicationFilterChain.doFilter(ApplicationFilterChain.java:140)
	at org.springframework.web.filter.RequestContextFilter.doFilterInternal(RequestContextFilter.java:100)
	at org.springframework.web.filter.OncePerRequestFilter.doFilter(OncePerRequestFilter.java:116)
	at org.apache.catalina.core.ApplicationFilterChain.internalDoFilter(ApplicationFilterChain.java:164)
	at org.apache.catalina.core.ApplicationFilterChain.doFilter(ApplicationFilterChain.java:140)
	at org.springframework.web.filter.FormContentFilter.doFilterInternal(FormContentFilter.java:93)
	at org.springframework.web.filter.OncePerRequestFilter.doFilter(OncePerRequestFilter.java:116)
	at org.apache.catalina.core.ApplicationFilterChain.internalDoFilter(ApplicationFilterChain.java:164)
	at org.apache.catalina.core.ApplicationFilterChain.doFilter(ApplicationFilterChain.java:140)
	at org.springframework.web.filter.CharacterEncodingFilter.doFilterInternal(CharacterEncodingFilter.java:201)
	at org.springframework.web.filter.OncePerRequestFilter.doFilter(OncePerRequestFilter.java:116)
	at org.apache.catalina.core.ApplicationFilterChain.internalDoFilter(ApplicationFilterChain.java:164)
	at org.apache.catalina.core.ApplicationFilterChain.doFilter(ApplicationFilterChain.java:140)
	at org.apache.catalina.core.StandardWrapperValve.invoke(StandardWrapperValve.java:167)
	at org.apache.catalina.core.StandardContextValve.invoke(StandardContextValve.java:90)
	at org.apache.catalina.authenticator.AuthenticatorBase.invoke(AuthenticatorBase.java:483)
	at org.apache.catalina.core.StandardHostValve.invoke(StandardHostValve.java:116)
	at org.apache.catalina.valves.ErrorReportValve.invoke(ErrorReportValve.java:93)
	at org.apache.catalina.core.StandardEngineValve.invoke(StandardEngineValve.java:74)
	at org.apache.catalina.connector.CoyoteAdapter.service(CoyoteAdapter.java:344)
	at org.apache.coyote.http11.Http11Processor.service(Http11Processor.java:398)
	at org.apache.coyote.AbstractProcessorLight.process(AbstractProcessorLight.java:63)
	at org.apache.coyote.AbstractProtocol$ConnectionHandler.process(AbstractProtocol.java:903)
	at org.apache.tomcat.util.net.NioEndpoint$SocketProcessor.doRun(NioEndpoint.java:1776)
	at org.apache.tomcat.util.net.SocketProcessorBase.run(SocketProcessorBase.java:52)
	at org.apache.tomcat.util.threads.ThreadPoolExecutor.runWorker(ThreadPoolExecutor.java:975)
	at org.apache.tomcat.util.threads.ThreadPoolExecutor$Worker.run(ThreadPoolExecutor.java:493)
	at org.apache.tomcat.util.threads.TaskThread$WrappingRunnable.run(TaskThread.java:63)
	at java.base/java.lang.Thread.run(Thread.java:840)
[2026-05-11 11:19:44.842] [WARN ] [http-nio-8881-exec-2] o.s.w.s.m.m.a.ExceptionHandlerExceptionResolver - Resolved [java.lang.IllegalArgumentException: rawPassword cannot be null]
[2026-05-11 11:19:49.314] [INFO ] [http-nio-8881-exec-3] jdbc.sqltiming - SELECT MEMBER_ID
             , USER_ID
             , USER_PASS
             , USER_NAME
             , USER_EMAIL
             , EMAIL_VERIFIED
             , USER_ROLE
             , USER_STATUS
             , PROFILE_IMAGE
             , CREATE_AT
             , UPDATE_AT
             , LAST_LOG_AT
          FROM MEMBER_INFO
         WHERE USER_ID = 'admin'
         LIMIT 1
 {executed in 10 msec}
[2026-05-11 11:19:49.328] [INFO ] [http-nio-8881-exec-3] c.s.sqld.exception.ExceptionAdvice - error
java.lang.IllegalArgumentException: rawPassword cannot be null
	at org.springframework.security.crypto.bcrypt.BCryptPasswordEncoder.matches(BCryptPasswordEncoder.java:123)
	at com.sqld_board.sqld.service.sign.SignServiceImpl.signIn(SignServiceImpl.java:327)
	at java.base/jdk.internal.reflect.NativeMethodAccessorImpl.invoke0(Native Method)
	at java.base/jdk.internal.reflect.NativeMethodAccessorImpl.invoke(NativeMethodAccessorImpl.java:77)
	at java.base/jdk.internal.reflect.DelegatingMethodAccessorImpl.invoke(DelegatingMethodAccessorImpl.java:43)
	at java.base/java.lang.reflect.Method.invoke(Method.java:568)
	at org.springframework.aop.support.AopUtils.invokeJoinpointUsingReflection(AopUtils.java:360)
	at org.springframework.aop.framework.ReflectiveMethodInvocation.invokeJoinpoint(ReflectiveMethodInvocation.java:196)
	at org.springframework.aop.framework.ReflectiveMethodInvocation.proceed(ReflectiveMethodInvocation.java:163)
	at org.springframework.transaction.interceptor.TransactionAspectSupport.invokeWithinTransaction(TransactionAspectSupport.java:380)
	at org.springframework.transaction.interceptor.TransactionInterceptor.invoke(TransactionInterceptor.java:119)
	at org.springframework.aop.framework.ReflectiveMethodInvocation.proceed(ReflectiveMethodInvocation.java:184)
	at org.springframework.aop.framework.CglibAopProxy$DynamicAdvisedInterceptor.intercept(CglibAopProxy.java:728)
	at com.sqld_board.sqld.service.sign.SignServiceImpl$$SpringCGLIB$$0.signIn(<generated>)
	at com.sqld_board.sqld.controller.sign.SignController.signIn(SignController.java:171)
	at java.base/jdk.internal.reflect.NativeMethodAccessorImpl.invoke0(Native Method)
	at java.base/jdk.internal.reflect.NativeMethodAccessorImpl.invoke(NativeMethodAccessorImpl.java:77)
	at java.base/jdk.internal.reflect.DelegatingMethodAccessorImpl.invoke(DelegatingMethodAccessorImpl.java:43)
	at java.base/java.lang.reflect.Method.invoke(Method.java:568)
	at org.springframework.web.method.support.InvocableHandlerMethod.doInvoke(InvocableHandlerMethod.java:258)
	at org.springframework.web.method.support.InvocableHandlerMethod.invokeForRequest(InvocableHandlerMethod.java:191)
	at org.springframework.web.servlet.mvc.method.annotation.ServletInvocableHandlerMethod.invokeAndHandle(ServletInvocableHandlerMethod.java:118)
	at org.springframework.web.servlet.mvc.method.annotation.RequestMappingHandlerAdapter.invokeHandlerMethod(RequestMappingHandlerAdapter.java:991)
	at org.springframework.web.servlet.mvc.method.annotation.RequestMappingHandlerAdapter.handleInternal(RequestMappingHandlerAdapter.java:896)
	at org.springframework.web.servlet.mvc.method.AbstractHandlerMethodAdapter.handle(AbstractHandlerMethodAdapter.java:87)
	at org.springframework.web.servlet.DispatcherServlet.doDispatch(DispatcherServlet.java:1089)
	at org.springframework.web.servlet.DispatcherServlet.doService(DispatcherServlet.java:979)
	at org.springframework.web.servlet.FrameworkServlet.processRequest(FrameworkServlet.java:1014)
	at org.springframework.web.servlet.FrameworkServlet.doPost(FrameworkServlet.java:914)
	at jakarta.servlet.http.HttpServlet.service(HttpServlet.java:590)
	at org.springframework.web.servlet.FrameworkServlet.service(FrameworkServlet.java:885)
	at jakarta.servlet.http.HttpServlet.service(HttpServlet.java:658)
	at org.apache.catalina.core.ApplicationFilterChain.internalDoFilter(ApplicationFilterChain.java:195)
	at org.apache.catalina.core.ApplicationFilterChain.doFilter(ApplicationFilterChain.java:140)
	at org.apache.tomcat.websocket.server.WsFilter.doFilter(WsFilter.java:51)
	at org.apache.catalina.core.ApplicationFilterChain.internalDoFilter(ApplicationFilterChain.java:164)
	at org.apache.catalina.core.ApplicationFilterChain.doFilter(ApplicationFilterChain.java:140)
	at org.springframework.web.filter.OncePerRequestFilter.doFilter(OncePerRequestFilter.java:110)
	at org.apache.catalina.core.ApplicationFilterChain.internalDoFilter(ApplicationFilterChain.java:164)
	at org.apache.catalina.core.ApplicationFilterChain.doFilter(ApplicationFilterChain.java:140)
	at org.springframework.web.filter.CompositeFilter$VirtualFilterChain.doFilter(CompositeFilter.java:108)
	at org.springframework.web.filter.CompositeFilter$VirtualFilterChain.doFilter(CompositeFilter.java:108)
	at org.springframework.security.web.FilterChainProxy.lambda$doFilterInternal$3(FilterChainProxy.java:231)
	at org.springframework.security.web.FilterChainProxy$VirtualFilterChain.doFilter(FilterChainProxy.java:365)
	at org.springframework.security.web.access.intercept.AuthorizationFilter.doFilter(AuthorizationFilter.java:101)
	at org.springframework.security.web.FilterChainProxy$VirtualFilterChain.doFilter(FilterChainProxy.java:374)
	at org.springframework.security.web.access.ExceptionTranslationFilter.doFilter(ExceptionTranslationFilter.java:125)
	at org.springframework.security.web.access.ExceptionTranslationFilter.doFilter(ExceptionTranslationFilter.java:119)
	at org.springframework.security.web.FilterChainProxy$VirtualFilterChain.doFilter(FilterChainProxy.java:374)
	at org.springframework.security.web.session.SessionManagementFilter.doFilter(SessionManagementFilter.java:131)
	at org.springframework.security.web.session.SessionManagementFilter.doFilter(SessionManagementFilter.java:85)
	at org.springframework.security.web.FilterChainProxy$VirtualFilterChain.doFilter(FilterChainProxy.java:374)
	at org.springframework.security.web.authentication.AnonymousAuthenticationFilter.doFilter(AnonymousAuthenticationFilter.java:100)
	at org.springframework.security.web.FilterChainProxy$VirtualFilterChain.doFilter(FilterChainProxy.java:374)
	at org.springframework.security.web.servletapi.SecurityContextHolderAwareRequestFilter.doFilter(SecurityContextHolderAwareRequestFilter.java:179)
	at org.springframework.security.web.FilterChainProxy$VirtualFilterChain.doFilter(FilterChainProxy.java:374)
	at org.springframework.security.web.savedrequest.RequestCacheAwareFilter.doFilter(RequestCacheAwareFilter.java:63)
	at org.springframework.security.web.FilterChainProxy$VirtualFilterChain.doFilter(FilterChainProxy.java:374)
	at com.sqld_board.sqld.config.security.JwtAuthenticationFilter.doFilterInternal(JwtAuthenticationFilter.java:62)
	at org.springframework.web.filter.OncePerRequestFilter.doFilter(OncePerRequestFilter.java:116)
	at org.springframework.security.web.FilterChainProxy$VirtualFilterChain.doFilter(FilterChainProxy.java:374)
	at org.springframework.security.web.authentication.logout.LogoutFilter.doFilter(LogoutFilter.java:107)
	at org.springframework.security.web.authentication.logout.LogoutFilter.doFilter(LogoutFilter.java:93)
	at org.springframework.security.web.FilterChainProxy$VirtualFilterChain.doFilter(FilterChainProxy.java:374)
	at org.springframework.web.filter.CorsFilter.doFilterInternal(CorsFilter.java:91)
	at org.springframework.web.filter.OncePerRequestFilter.doFilter(OncePerRequestFilter.java:116)
	at org.springframework.security.web.FilterChainProxy$VirtualFilterChain.doFilter(FilterChainProxy.java:374)
	at org.springframework.security.web.header.HeaderWriterFilter.doHeadersAfter(HeaderWriterFilter.java:90)
	at org.springframework.security.web.header.HeaderWriterFilter.doFilterInternal(HeaderWriterFilter.java:75)
	at org.springframework.web.filter.OncePerRequestFilter.doFilter(OncePerRequestFilter.java:116)
	at org.springframework.security.web.FilterChainProxy$VirtualFilterChain.doFilter(FilterChainProxy.java:374)
	at org.springframework.security.web.context.SecurityContextHolderFilter.doFilter(SecurityContextHolderFilter.java:82)
	at org.springframework.security.web.context.SecurityContextHolderFilter.doFilter(SecurityContextHolderFilter.java:69)
	at org.springframework.security.web.FilterChainProxy$VirtualFilterChain.doFilter(FilterChainProxy.java:374)
	at org.springframework.security.web.context.request.async.WebAsyncManagerIntegrationFilter.doFilterInternal(WebAsyncManagerIntegrationFilter.java:62)
	at org.springframework.web.filter.OncePerRequestFilter.doFilter(OncePerRequestFilter.java:116)
	at org.springframework.security.web.FilterChainProxy$VirtualFilterChain.doFilter(FilterChainProxy.java:374)
	at org.springframework.security.web.session.DisableEncodeUrlFilter.doFilterInternal(DisableEncodeUrlFilter.java:42)
	at org.springframework.web.filter.OncePerRequestFilter.doFilter(OncePerRequestFilter.java:116)
	at org.springframework.security.web.FilterChainProxy$VirtualFilterChain.doFilter(FilterChainProxy.java:374)
	at org.springframework.security.web.FilterChainProxy.doFilterInternal(FilterChainProxy.java:233)
	at org.springframework.security.web.FilterChainProxy.doFilter(FilterChainProxy.java:191)
	at org.springframework.web.filter.CompositeFilter$VirtualFilterChain.doFilter(CompositeFilter.java:113)
	at org.springframework.web.filter.ServletRequestPathFilter.doFilter(ServletRequestPathFilter.java:52)
	at org.springframework.web.filter.CompositeFilter$VirtualFilterChain.doFilter(CompositeFilter.java:113)
	at org.springframework.web.filter.CompositeFilter.doFilter(CompositeFilter.java:74)
	at org.springframework.security.config.annotation.web.configuration.WebSecurityConfiguration$CompositeFilterChainProxy.doFilter(WebSecurityConfiguration.java:319)
	at org.springframework.web.filter.CompositeFilter$VirtualFilterChain.doFilter(CompositeFilter.java:113)
	at org.springframework.web.servlet.handler.HandlerMappingIntrospector.lambda$createCacheFilter$4(HandlerMappingIntrospector.java:267)
	at org.springframework.web.filter.CompositeFilter$VirtualFilterChain.doFilter(CompositeFilter.java:113)
	at org.springframework.web.filter.CompositeFilter.doFilter(CompositeFilter.java:74)
	at org.springframework.security.config.annotation.web.configuration.WebMvcSecurityConfiguration$CompositeFilterChainProxy.doFilter(WebMvcSecurityConfiguration.java:240)
	at org.springframework.web.filter.DelegatingFilterProxy.invokeDelegate(DelegatingFilterProxy.java:362)
	at org.springframework.web.filter.DelegatingFilterProxy.doFilter(DelegatingFilterProxy.java:278)
	at org.apache.catalina.core.ApplicationFilterChain.internalDoFilter(ApplicationFilterChain.java:164)
	at org.apache.catalina.core.ApplicationFilterChain.doFilter(ApplicationFilterChain.java:140)
	at org.springframework.web.filter.RequestContextFilter.doFilterInternal(RequestContextFilter.java:100)
	at org.springframework.web.filter.OncePerRequestFilter.doFilter(OncePerRequestFilter.java:116)
	at org.apache.catalina.core.ApplicationFilterChain.internalDoFilter(ApplicationFilterChain.java:164)
	at org.apache.catalina.core.ApplicationFilterChain.doFilter(ApplicationFilterChain.java:140)
	at org.springframework.web.filter.FormContentFilter.doFilterInternal(FormContentFilter.java:93)
	at org.springframework.web.filter.OncePerRequestFilter.doFilter(OncePerRequestFilter.java:116)
	at org.apache.catalina.core.ApplicationFilterChain.internalDoFilter(ApplicationFilterChain.java:164)
	at org.apache.catalina.core.ApplicationFilterChain.doFilter(ApplicationFilterChain.java:140)
	at org.springframework.web.filter.CharacterEncodingFilter.doFilterInternal(CharacterEncodingFilter.java:201)
	at org.springframework.web.filter.OncePerRequestFilter.doFilter(OncePerRequestFilter.java:116)
	at org.apache.catalina.core.ApplicationFilterChain.internalDoFilter(ApplicationFilterChain.java:164)
	at org.apache.catalina.core.ApplicationFilterChain.doFilter(ApplicationFilterChain.java:140)
	at org.apache.catalina.core.StandardWrapperValve.invoke(StandardWrapperValve.java:167)
	at org.apache.catalina.core.StandardContextValve.invoke(StandardContextValve.java:90)
	at org.apache.catalina.authenticator.AuthenticatorBase.invoke(AuthenticatorBase.java:483)
	at org.apache.catalina.core.StandardHostValve.invoke(StandardHostValve.java:116)
	at org.apache.catalina.valves.ErrorReportValve.invoke(ErrorReportValve.java:93)
	at org.apache.catalina.core.StandardEngineValve.invoke(StandardEngineValve.java:74)
	at org.apache.catalina.connector.CoyoteAdapter.service(CoyoteAdapter.java:344)
	at org.apache.coyote.http11.Http11Processor.service(Http11Processor.java:398)
	at org.apache.coyote.AbstractProcessorLight.process(AbstractProcessorLight.java:63)
	at org.apache.coyote.AbstractProtocol$ConnectionHandler.process(AbstractProtocol.java:903)
	at org.apache.tomcat.util.net.NioEndpoint$SocketProcessor.doRun(NioEndpoint.java:1776)
	at org.apache.tomcat.util.net.SocketProcessorBase.run(SocketProcessorBase.java:52)
	at org.apache.tomcat.util.threads.ThreadPoolExecutor.runWorker(ThreadPoolExecutor.java:975)
	at org.apache.tomcat.util.threads.ThreadPoolExecutor$Worker.run(ThreadPoolExecutor.java:493)
	at org.apache.tomcat.util.threads.TaskThread$WrappingRunnable.run(TaskThread.java:63)
	at java.base/java.lang.Thread.run(Thread.java:840)
[2026-05-11 11:19:49.329] [WARN ] [http-nio-8881-exec-3] o.s.w.s.m.m.a.ExceptionHandlerExceptionResolver - Resolved [java.lang.IllegalArgumentException: rawPassword cannot be null]
[2026-05-11 11:19:52.830] [INFO ] [SpringApplicationShutdownHook] o.s.b.w.e.tomcat.GracefulShutdown - Commencing graceful shutdown. Waiting for active requests to complete
[2026-05-11 11:19:52.834] [INFO ] [tomcat-shutdown] o.s.b.w.e.tomcat.GracefulShutdown - Graceful shutdown complete
[2026-05-11 11:19:52.867] [INFO ] [SpringApplicationShutdownHook] o.s.m.s.b.SimpleBrokerMessageHandler - Stopping...
[2026-05-11 11:19:52.867] [INFO ] [SpringApplicationShutdownHook] o.s.m.s.b.SimpleBrokerMessageHandler - BrokerAvailabilityEvent[available=false, SimpleBrokerMessageHandler [org.springframework.messaging.simp.broker.DefaultSubscriptionRegistry@620b3ca1]]
[2026-05-11 11:19:52.867] [INFO ] [SpringApplicationShutdownHook] o.s.m.s.b.SimpleBrokerMessageHandler - Stopped.
[2026-05-11 11:19:52.886] [INFO ] [SpringApplicationShutdownHook] com.zaxxer.hikari.HikariDataSource - HikariPool-1 - Shutdown initiated...
[2026-05-11 11:19:52.889] [INFO ] [SpringApplicationShutdownHook] com.zaxxer.hikari.HikariDataSource - HikariPool-1 - Shutdown completed.
[2026-05-11 11:19:55.039] [INFO ] [background-preinit] o.h.validator.internal.util.Version - HV000001: Hibernate Validator 8.0.3.Final
[2026-05-11 11:19:55.058] [INFO ] [restartedMain] com.sqld_board.sqld.SqldApplication - Starting SqldApplication using Java 17.0.11 with PID 23956 (/Users/minboklee/Downloads/sqld/build/classes/java/main started by minboklee in /Users/minboklee/Downloads/sqld)
[2026-05-11 11:19:55.058] [INFO ] [restartedMain] com.sqld_board.sqld.SqldApplication - The following 1 profile is active: "dev"
[2026-05-11 11:19:55.076] [INFO ] [restartedMain] o.s.b.d.restart.ChangeableUrls - The Class-Path manifest attribute in /Users/minboklee/.gradle/caches/modules-2/files-2.1/com.oracle.database.jdbc/ojdbc11/23.7.0.25.01/665f52abef9122ce003b5cfc1d9d44f7302e2cfe/ojdbc11-23.7.0.25.01.jar referenced one or more files that do not exist: file:/Users/minboklee/.gradle/caches/modules-2/files-2.1/com.oracle.database.jdbc/ojdbc11/23.7.0.25.01/665f52abef9122ce003b5cfc1d9d44f7302e2cfe/oraclepki.jar
[2026-05-11 11:19:55.076] [INFO ] [restartedMain] o.s.b.d.e.DevToolsPropertyDefaultsPostProcessor - Devtools property defaults active! Set 'spring.devtools.add-properties' to 'false' to disable
[2026-05-11 11:19:55.076] [INFO ] [restartedMain] o.s.b.d.e.DevToolsPropertyDefaultsPostProcessor - For additional web related logging consider setting the 'logging.level.web' property to 'DEBUG'
[2026-05-11 11:19:55.666] [INFO ] [restartedMain] o.s.d.r.c.RepositoryConfigurationDelegate - Multiple Spring Data modules found, entering strict repository configuration mode
[2026-05-11 11:19:55.668] [INFO ] [restartedMain] o.s.d.r.c.RepositoryConfigurationDelegate - Bootstrapping Spring Data Redis repositories in DEFAULT mode.
[2026-05-11 11:19:55.687] [INFO ] [restartedMain] o.s.d.r.c.RepositoryConfigurationDelegate - Finished Spring Data repository scanning in 9 ms. Found 0 Redis repository interfaces.
[2026-05-11 11:19:55.859] [INFO ] [restartedMain] c.u.j.c.EnableEncryptablePropertiesBeanFactoryPostProcessor - Post-processing PropertySource instances
[2026-05-11 11:19:55.860] [INFO ] [restartedMain] c.u.j.EncryptablePropertySourceConverter - Skipping PropertySource configurationProperties [class org.springframework.boot.context.properties.source.ConfigurationPropertySourcesPropertySource
[2026-05-11 11:19:55.860] [INFO ] [restartedMain] c.u.j.EncryptablePropertySourceConverter - Skipping PropertySource servletConfigInitParams [class org.springframework.core.env.PropertySource$StubPropertySource
[2026-05-11 11:19:55.860] [INFO ] [restartedMain] c.u.j.EncryptablePropertySourceConverter - Skipping PropertySource servletContextInitParams [class org.springframework.core.env.PropertySource$StubPropertySource
[2026-05-11 11:19:55.860] [INFO ] [restartedMain] c.u.j.EncryptablePropertySourceConverter - Converting PropertySource systemProperties [org.springframework.core.env.PropertiesPropertySource] to EncryptableMapPropertySourceWrapper
[2026-05-11 11:19:55.860] [INFO ] [restartedMain] c.u.j.EncryptablePropertySourceConverter - Converting PropertySource systemEnvironment [org.springframework.boot.env.SystemEnvironmentPropertySourceEnvironmentPostProcessor$OriginAwareSystemEnvironmentPropertySource] to EncryptableSystemEnvironmentPropertySourceWrapper
[2026-05-11 11:19:55.860] [INFO ] [restartedMain] c.u.j.EncryptablePropertySourceConverter - Converting PropertySource random [org.springframework.boot.env.RandomValuePropertySource] to EncryptablePropertySourceWrapper
[2026-05-11 11:19:55.860] [INFO ] [restartedMain] c.u.j.EncryptablePropertySourceConverter - Converting PropertySource Config resource 'class path resource [application-dev.yml]' via location 'optional:classpath:/' [org.springframework.boot.env.OriginTrackedMapPropertySource] to EncryptableMapPropertySourceWrapper
[2026-05-11 11:19:55.860] [INFO ] [restartedMain] c.u.j.EncryptablePropertySourceConverter - Converting PropertySource Config resource 'class path resource [application.yml]' via location 'optional:classpath:/' [org.springframework.boot.env.OriginTrackedMapPropertySource] to EncryptableMapPropertySourceWrapper
[2026-05-11 11:19:55.860] [INFO ] [restartedMain] c.u.j.EncryptablePropertySourceConverter - Converting PropertySource devtools [org.springframework.core.env.MapPropertySource] to EncryptableMapPropertySourceWrapper
[2026-05-11 11:19:55.860] [INFO ] [restartedMain] c.u.j.EncryptablePropertySourceConverter - Converting PropertySource applicationInfo [org.springframework.boot.ApplicationInfoPropertySource] to EncryptableMapPropertySourceWrapper
[2026-05-11 11:19:55.870] [INFO ] [restartedMain] c.u.j.f.DefaultLazyPropertyFilter - Property Filter custom Bean not found with name 'encryptablePropertyFilter'. Initializing Default Property Filter
[2026-05-11 11:19:55.874] [INFO ] [restartedMain] c.u.j.r.DefaultLazyPropertyResolver - Property Resolver custom Bean not found with name 'encryptablePropertyResolver'. Initializing Default Property Resolver
[2026-05-11 11:19:55.875] [INFO ] [restartedMain] c.u.j.d.DefaultLazyPropertyDetector - Property Detector custom Bean not found with name 'encryptablePropertyDetector'. Initializing Default Property Detector
[2026-05-11 11:19:56.140] [INFO ] [restartedMain] o.s.b.w.e.tomcat.TomcatWebServer - Tomcat initialized with port 8881 (http)
[2026-05-11 11:19:56.147] [INFO ] [restartedMain] o.a.coyote.http11.Http11NioProtocol - Initializing ProtocolHandler ["http-nio-8881"]
[2026-05-11 11:19:56.148] [INFO ] [restartedMain] o.a.catalina.core.StandardService - Starting service [Tomcat]
[2026-05-11 11:19:56.148] [INFO ] [restartedMain] o.a.catalina.core.StandardEngine - Starting Servlet engine: [Apache Tomcat/10.1.46]
[2026-05-11 11:19:56.167] [INFO ] [restartedMain] o.a.c.c.C.[Tomcat].[localhost].[/] - Initializing Spring embedded WebApplicationContext
[2026-05-11 11:19:56.167] [INFO ] [restartedMain] o.s.b.w.s.c.ServletWebServerApplicationContext - Root WebApplicationContext: initialization completed in 1090 ms
[2026-05-11 11:19:56.179] [INFO ] [restartedMain] c.u.j.encryptor.DefaultLazyEncryptor - String Encryptor custom Bean not found with name 'jasyptStringEncryptor'. Initializing Default String Encryptor
[2026-05-11 11:19:56.184] [INFO ] [restartedMain] c.u.j.c.StringEncryptorBuilder - Encryptor config not found for property jasypt.encryptor.key-obtention-iterations, using default value: 1000
[2026-05-11 11:19:56.184] [INFO ] [restartedMain] c.u.j.c.StringEncryptorBuilder - Encryptor config not found for property jasypt.encryptor.pool-size, using default value: 1
[2026-05-11 11:19:56.184] [INFO ] [restartedMain] c.u.j.c.StringEncryptorBuilder - Encryptor config not found for property jasypt.encryptor.provider-name, using default value: null
[2026-05-11 11:19:56.184] [INFO ] [restartedMain] c.u.j.c.StringEncryptorBuilder - Encryptor config not found for property jasypt.encryptor.provider-class-name, using default value: null
[2026-05-11 11:19:56.184] [INFO ] [restartedMain] c.u.j.c.StringEncryptorBuilder - Encryptor config not found for property jasypt.encryptor.salt-generator-classname, using default value: org.jasypt.salt.RandomSaltGenerator
[2026-05-11 11:19:56.185] [INFO ] [restartedMain] c.u.j.c.StringEncryptorBuilder - Encryptor config not found for property jasypt.encryptor.string-output-type, using default value: base64
[2026-05-11 11:19:57.007] [INFO ] [restartedMain] o.s.s.c.a.a.c.InitializeUserDetailsBeanManagerConfigurer$InitializeUserDetailsManagerConfigurer - Global AuthenticationManager configured with UserDetailsService bean with name customUserDetailService
[2026-05-11 11:19:57.030] [INFO ] [restartedMain] c.s.s.c.s.CustomSecurityConfig - ********* Security Config Loading: WebSocket Support Added
[2026-05-11 11:19:57.082] [WARN ] [restartedMain] o.s.s.c.a.w.b.WebSecurity$IgnoredRequestConfigurer - One of the patterns in [/demo-ui.html, /swagger-ui/**, /api-docs/**, /swagger-resources/**, /webjars/**, ws-stomp] is missing a leading slash. This is discouraged; please include the leading slash in all your request matcher patterns. In future versions of Spring Security, leaving out the leading slash will result in an exception.
[2026-05-11 11:19:57.086] [WARN ] [restartedMain] o.s.s.c.a.web.builders.WebSecurity - You are asking Spring Security to ignore Deferred [Mvc [pattern='/demo-ui.html'], Ant [pattern='/demo-ui.html']]. This is not recommended -- please use permitAll via HttpSecurity#authorizeHttpRequests instead.
[2026-05-11 11:19:57.086] [WARN ] [restartedMain] o.s.s.c.a.web.builders.WebSecurity - You are asking Spring Security to ignore Deferred [Mvc [pattern='/swagger-ui/**'], Ant [pattern='/swagger-ui/**']]. This is not recommended -- please use permitAll via HttpSecurity#authorizeHttpRequests instead.
[2026-05-11 11:19:57.086] [WARN ] [restartedMain] o.s.s.c.a.web.builders.WebSecurity - You are asking Spring Security to ignore Deferred [Mvc [pattern='/api-docs/**'], Ant [pattern='/api-docs/**']]. This is not recommended -- please use permitAll via HttpSecurity#authorizeHttpRequests instead.
[2026-05-11 11:19:57.086] [WARN ] [restartedMain] o.s.s.c.a.web.builders.WebSecurity - You are asking Spring Security to ignore Deferred [Mvc [pattern='/swagger-resources/**'], Ant [pattern='/swagger-resources/**']]. This is not recommended -- please use permitAll via HttpSecurity#authorizeHttpRequests instead.
[2026-05-11 11:19:57.086] [WARN ] [restartedMain] o.s.s.c.a.web.builders.WebSecurity - You are asking Spring Security to ignore Deferred [Mvc [pattern='/webjars/**'], Ant [pattern='/webjars/**']]. This is not recommended -- please use permitAll via HttpSecurity#authorizeHttpRequests instead.
[2026-05-11 11:19:57.086] [WARN ] [restartedMain] o.s.s.c.a.web.builders.WebSecurity - You are asking Spring Security to ignore Deferred [Mvc [pattern='ws-stomp'], Ant [pattern='ws-stomp']]. This is not recommended -- please use permitAll via HttpSecurity#authorizeHttpRequests instead.
[2026-05-11 11:19:57.346] [WARN ] [restartedMain] com.zaxxer.hikari.HikariConfig - HikariPool-1 - idleTimeout has been set but has no effect because the pool is operating as a fixed size pool.
[2026-05-11 11:19:57.346] [INFO ] [restartedMain] com.zaxxer.hikari.HikariDataSource - HikariPool-1 - Starting...
[2026-05-11 11:19:57.534] [INFO ] [restartedMain] com.zaxxer.hikari.pool.HikariPool - HikariPool-1 - Added connection net.sf.log4jdbc.sql.jdbcapi.ConnectionSpy@ded941a
[2026-05-11 11:19:57.534] [INFO ] [restartedMain] com.zaxxer.hikari.HikariDataSource - HikariPool-1 - Start completed.
[2026-05-11 11:19:57.539] [INFO ] [restartedMain] o.s.b.a.h.H2ConsoleAutoConfiguration - H2 console available at '/h2-console'. Database available at 'jdbc:mysql://175.197.69.42:3306/sqld_database?serverTimezone=Asia/Seoul&useSSL=false&allowPublicKeyRetrieval=true&useUnicode=true&characterEncoding=UTF-8'
[2026-05-11 11:19:57.607] [INFO ] [restartedMain] o.s.b.d.a.OptionalLiveReloadServer - LiveReload server is running on port 35729
[2026-05-11 11:19:57.624] [INFO ] [restartedMain] o.s.m.s.b.SimpleBrokerMessageHandler - Starting...
[2026-05-11 11:19:57.624] [INFO ] [restartedMain] o.s.m.s.b.SimpleBrokerMessageHandler - BrokerAvailabilityEvent[available=true, SimpleBrokerMessageHandler [org.springframework.messaging.simp.broker.DefaultSubscriptionRegistry@69ec73f9]]
[2026-05-11 11:19:57.624] [INFO ] [restartedMain] o.s.m.s.b.SimpleBrokerMessageHandler - Started.
[2026-05-11 11:19:57.625] [INFO ] [restartedMain] o.a.coyote.http11.Http11NioProtocol - Starting ProtocolHandler ["http-nio-8881"]
[2026-05-11 11:19:57.634] [INFO ] [restartedMain] o.s.b.w.e.tomcat.TomcatWebServer - Tomcat started on port 8881 (http) with context path '/'
[2026-05-11 11:19:57.635] [INFO ] [restartedMain] c.u.j.c.RefreshScopeRefreshedEventListener - Refreshing cached encryptable property sources on ServletWebServerInitializedEvent
[2026-05-11 11:19:57.635] [INFO ] [restartedMain] c.u.j.c.CachingDelegateEncryptablePropertySource - Property Source systemProperties refreshed
[2026-05-11 11:19:57.635] [INFO ] [restartedMain] c.u.j.c.CachingDelegateEncryptablePropertySource - Property Source systemEnvironment refreshed
[2026-05-11 11:19:57.635] [INFO ] [restartedMain] c.u.j.c.CachingDelegateEncryptablePropertySource - Property Source random refreshed
[2026-05-11 11:19:57.635] [INFO ] [restartedMain] c.u.j.c.CachingDelegateEncryptablePropertySource - Property Source Config resource 'class path resource [application-dev.yml]' via location 'optional:classpath:/' refreshed
[2026-05-11 11:19:57.635] [INFO ] [restartedMain] c.u.j.c.CachingDelegateEncryptablePropertySource - Property Source Config resource 'class path resource [application.yml]' via location 'optional:classpath:/' refreshed
[2026-05-11 11:19:57.635] [INFO ] [restartedMain] c.u.j.c.CachingDelegateEncryptablePropertySource - Property Source devtools refreshed
[2026-05-11 11:19:57.635] [INFO ] [restartedMain] c.u.j.c.CachingDelegateEncryptablePropertySource - Property Source applicationInfo refreshed
[2026-05-11 11:19:57.635] [INFO ] [restartedMain] c.u.j.EncryptablePropertySourceConverter - Skipping PropertySource configurationProperties [class org.springframework.boot.context.properties.source.ConfigurationPropertySourcesPropertySource
[2026-05-11 11:19:57.635] [INFO ] [restartedMain] c.u.j.EncryptablePropertySourceConverter - Skipping PropertySource servletConfigInitParams [class org.springframework.core.env.PropertySource$StubPropertySource
[2026-05-11 11:19:57.635] [INFO ] [restartedMain] c.u.j.EncryptablePropertySourceConverter - Converting PropertySource servletContextInitParams [org.springframework.web.context.support.ServletContextPropertySource] to EncryptableEnumerablePropertySourceWrapper
[2026-05-11 11:19:57.989] [INFO ] [restartedMain] com.sqld_board.sqld.SqldApplication - Started SqldApplication in 3.178 seconds (process running for 3.674)
[2026-05-11 11:20:00.038] [INFO ] [MessageBroker-1] c.s.s.c.s.BoardViewCountScheduler - >>> Redis 조회수 DB 동기화 시작
[2026-05-11 11:20:00.052] [INFO ] [MessageBroker-1] c.s.s.c.s.BoardViewCountScheduler - >>> 동기화할 조회수 데이터가 없습니다.
[2026-05-11 11:20:23.653] [INFO ] [http-nio-8881-exec-1] o.a.c.c.C.[Tomcat].[localhost].[/] - Initializing Spring DispatcherServlet 'dispatcherServlet'
[2026-05-11 11:20:23.654] [INFO ] [http-nio-8881-exec-1] o.s.web.servlet.DispatcherServlet - Initializing Servlet 'dispatcherServlet'
[2026-05-11 11:20:23.663] [INFO ] [http-nio-8881-exec-1] o.s.web.servlet.DispatcherServlet - Completed initialization in 9 ms
[2026-05-11 11:20:23.977] [INFO ] [http-nio-8881-exec-1] jdbc.sqltiming - SELECT EXISTS (
            SELECT 1 FROM MEMBER_INFO WHERE USER_ID = 'test_check'
        )
 {executed in 21 msec}
[2026-05-11 11:20:32.903] [INFO ] [http-nio-8881-exec-2] jdbc.sqltiming - SELECT MEMBER_ID
             , USER_ID
             , USER_PASS
             , USER_NAME
             , USER_EMAIL
             , EMAIL_VERIFIED
             , USER_ROLE
             , USER_STATUS
             , PROFILE_IMAGE
             , CREATE_AT
             , UPDATE_AT
             , LAST_LOG_AT
          FROM MEMBER_INFO
         WHERE USER_ID = 'admin'
         LIMIT 1
 {executed in 7 msec}
[2026-05-11 11:20:33.029] [INFO ] [http-nio-8881-exec-2] c.s.sqld.exception.ExceptionAdvice - SignInFailureException
com.sqld_board.sqld.exception.common.InvalidCredentialsException: null
	at com.sqld_board.sqld.service.sign.SignServiceImpl.signIn(SignServiceImpl.java:328)
	at java.base/jdk.internal.reflect.NativeMethodAccessorImpl.invoke0(Native Method)
	at java.base/jdk.internal.reflect.NativeMethodAccessorImpl.invoke(NativeMethodAccessorImpl.java:77)
	at java.base/jdk.internal.reflect.DelegatingMethodAccessorImpl.invoke(DelegatingMethodAccessorImpl.java:43)
	at java.base/java.lang.reflect.Method.invoke(Method.java:568)
	at org.springframework.aop.support.AopUtils.invokeJoinpointUsingReflection(AopUtils.java:360)
	at org.springframework.aop.framework.ReflectiveMethodInvocation.invokeJoinpoint(ReflectiveMethodInvocation.java:196)
	at org.springframework.aop.framework.ReflectiveMethodInvocation.proceed(ReflectiveMethodInvocation.java:163)
	at org.springframework.transaction.interceptor.TransactionAspectSupport.invokeWithinTransaction(TransactionAspectSupport.java:380)
	at org.springframework.transaction.interceptor.TransactionInterceptor.invoke(TransactionInterceptor.java:119)
	at org.springframework.aop.framework.ReflectiveMethodInvocation.proceed(ReflectiveMethodInvocation.java:184)
	at org.springframework.aop.framework.CglibAopProxy$DynamicAdvisedInterceptor.intercept(CglibAopProxy.java:728)
	at com.sqld_board.sqld.service.sign.SignServiceImpl$$SpringCGLIB$$0.signIn(<generated>)
	at com.sqld_board.sqld.controller.sign.SignController.signIn(SignController.java:171)
	at java.base/jdk.internal.reflect.NativeMethodAccessorImpl.invoke0(Native Method)
	at java.base/jdk.internal.reflect.NativeMethodAccessorImpl.invoke(NativeMethodAccessorImpl.java:77)
	at java.base/jdk.internal.reflect.DelegatingMethodAccessorImpl.invoke(DelegatingMethodAccessorImpl.java:43)
	at java.base/java.lang.reflect.Method.invoke(Method.java:568)
	at org.springframework.web.method.support.InvocableHandlerMethod.doInvoke(InvocableHandlerMethod.java:258)
	at org.springframework.web.method.support.InvocableHandlerMethod.invokeForRequest(InvocableHandlerMethod.java:191)
	at org.springframework.web.servlet.mvc.method.annotation.ServletInvocableHandlerMethod.invokeAndHandle(ServletInvocableHandlerMethod.java:118)
	at org.springframework.web.servlet.mvc.method.annotation.RequestMappingHandlerAdapter.invokeHandlerMethod(RequestMappingHandlerAdapter.java:991)
	at org.springframework.web.servlet.mvc.method.annotation.RequestMappingHandlerAdapter.handleInternal(RequestMappingHandlerAdapter.java:896)
	at org.springframework.web.servlet.mvc.method.AbstractHandlerMethodAdapter.handle(AbstractHandlerMethodAdapter.java:87)
	at org.springframework.web.servlet.DispatcherServlet.doDispatch(DispatcherServlet.java:1089)
	at org.springframework.web.servlet.DispatcherServlet.doService(DispatcherServlet.java:979)
	at org.springframework.web.servlet.FrameworkServlet.processRequest(FrameworkServlet.java:1014)
	at org.springframework.web.servlet.FrameworkServlet.doPost(FrameworkServlet.java:914)
	at jakarta.servlet.http.HttpServlet.service(HttpServlet.java:590)
	at org.springframework.web.servlet.FrameworkServlet.service(FrameworkServlet.java:885)
	at jakarta.servlet.http.HttpServlet.service(HttpServlet.java:658)
	at org.apache.catalina.core.ApplicationFilterChain.internalDoFilter(ApplicationFilterChain.java:195)
	at org.apache.catalina.core.ApplicationFilterChain.doFilter(ApplicationFilterChain.java:140)
	at org.apache.tomcat.websocket.server.WsFilter.doFilter(WsFilter.java:51)
	at org.apache.catalina.core.ApplicationFilterChain.internalDoFilter(ApplicationFilterChain.java:164)
	at org.apache.catalina.core.ApplicationFilterChain.doFilter(ApplicationFilterChain.java:140)
	at org.springframework.web.filter.OncePerRequestFilter.doFilter(OncePerRequestFilter.java:110)
	at org.apache.catalina.core.ApplicationFilterChain.internalDoFilter(ApplicationFilterChain.java:164)
	at org.apache.catalina.core.ApplicationFilterChain.doFilter(ApplicationFilterChain.java:140)
	at org.springframework.web.filter.CompositeFilter$VirtualFilterChain.doFilter(CompositeFilter.java:108)
	at org.springframework.web.filter.CompositeFilter$VirtualFilterChain.doFilter(CompositeFilter.java:108)
	at org.springframework.security.web.FilterChainProxy.lambda$doFilterInternal$3(FilterChainProxy.java:231)
	at org.springframework.security.web.FilterChainProxy$VirtualFilterChain.doFilter(FilterChainProxy.java:365)
	at org.springframework.security.web.access.intercept.AuthorizationFilter.doFilter(AuthorizationFilter.java:101)
	at org.springframework.security.web.FilterChainProxy$VirtualFilterChain.doFilter(FilterChainProxy.java:374)
	at org.springframework.security.web.access.ExceptionTranslationFilter.doFilter(ExceptionTranslationFilter.java:125)
	at org.springframework.security.web.access.ExceptionTranslationFilter.doFilter(ExceptionTranslationFilter.java:119)
	at org.springframework.security.web.FilterChainProxy$VirtualFilterChain.doFilter(FilterChainProxy.java:374)
	at org.springframework.security.web.session.SessionManagementFilter.doFilter(SessionManagementFilter.java:131)
	at org.springframework.security.web.session.SessionManagementFilter.doFilter(SessionManagementFilter.java:85)
	at org.springframework.security.web.FilterChainProxy$VirtualFilterChain.doFilter(FilterChainProxy.java:374)
	at org.springframework.security.web.authentication.AnonymousAuthenticationFilter.doFilter(AnonymousAuthenticationFilter.java:100)
	at org.springframework.security.web.FilterChainProxy$VirtualFilterChain.doFilter(FilterChainProxy.java:374)
	at org.springframework.security.web.servletapi.SecurityContextHolderAwareRequestFilter.doFilter(SecurityContextHolderAwareRequestFilter.java:179)
	at org.springframework.security.web.FilterChainProxy$VirtualFilterChain.doFilter(FilterChainProxy.java:374)
	at org.springframework.security.web.savedrequest.RequestCacheAwareFilter.doFilter(RequestCacheAwareFilter.java:63)
	at org.springframework.security.web.FilterChainProxy$VirtualFilterChain.doFilter(FilterChainProxy.java:374)
	at com.sqld_board.sqld.config.security.JwtAuthenticationFilter.doFilterInternal(JwtAuthenticationFilter.java:62)
	at org.springframework.web.filter.OncePerRequestFilter.doFilter(OncePerRequestFilter.java:116)
	at org.springframework.security.web.FilterChainProxy$VirtualFilterChain.doFilter(FilterChainProxy.java:374)
	at org.springframework.security.web.authentication.logout.LogoutFilter.doFilter(LogoutFilter.java:107)
	at org.springframework.security.web.authentication.logout.LogoutFilter.doFilter(LogoutFilter.java:93)
	at org.springframework.security.web.FilterChainProxy$VirtualFilterChain.doFilter(FilterChainProxy.java:374)
	at org.springframework.web.filter.CorsFilter.doFilterInternal(CorsFilter.java:91)
	at org.springframework.web.filter.OncePerRequestFilter.doFilter(OncePerRequestFilter.java:116)
	at org.springframework.security.web.FilterChainProxy$VirtualFilterChain.doFilter(FilterChainProxy.java:374)
	at org.springframework.security.web.header.HeaderWriterFilter.doHeadersAfter(HeaderWriterFilter.java:90)
	at org.springframework.security.web.header.HeaderWriterFilter.doFilterInternal(HeaderWriterFilter.java:75)
	at org.springframework.web.filter.OncePerRequestFilter.doFilter(OncePerRequestFilter.java:116)
	at org.springframework.security.web.FilterChainProxy$VirtualFilterChain.doFilter(FilterChainProxy.java:374)
	at org.springframework.security.web.context.SecurityContextHolderFilter.doFilter(SecurityContextHolderFilter.java:82)
	at org.springframework.security.web.context.SecurityContextHolderFilter.doFilter(SecurityContextHolderFilter.java:69)
	at org.springframework.security.web.FilterChainProxy$VirtualFilterChain.doFilter(FilterChainProxy.java:374)
	at org.springframework.security.web.context.request.async.WebAsyncManagerIntegrationFilter.doFilterInternal(WebAsyncManagerIntegrationFilter.java:62)
	at org.springframework.web.filter.OncePerRequestFilter.doFilter(OncePerRequestFilter.java:116)
	at org.springframework.security.web.FilterChainProxy$VirtualFilterChain.doFilter(FilterChainProxy.java:374)
	at org.springframework.security.web.session.DisableEncodeUrlFilter.doFilterInternal(DisableEncodeUrlFilter.java:42)
	at org.springframework.web.filter.OncePerRequestFilter.doFilter(OncePerRequestFilter.java:116)
	at org.springframework.security.web.FilterChainProxy$VirtualFilterChain.doFilter(FilterChainProxy.java:374)
	at org.springframework.security.web.FilterChainProxy.doFilterInternal(FilterChainProxy.java:233)
	at org.springframework.security.web.FilterChainProxy.doFilter(FilterChainProxy.java:191)
	at org.springframework.web.filter.CompositeFilter$VirtualFilterChain.doFilter(CompositeFilter.java:113)
	at org.springframework.web.filter.ServletRequestPathFilter.doFilter(ServletRequestPathFilter.java:52)
	at org.springframework.web.filter.CompositeFilter$VirtualFilterChain.doFilter(CompositeFilter.java:113)
	at org.springframework.web.filter.CompositeFilter.doFilter(CompositeFilter.java:74)
	at org.springframework.security.config.annotation.web.configuration.WebSecurityConfiguration$CompositeFilterChainProxy.doFilter(WebSecurityConfiguration.java:319)
	at org.springframework.web.filter.CompositeFilter$VirtualFilterChain.doFilter(CompositeFilter.java:113)
	at org.springframework.web.servlet.handler.HandlerMappingIntrospector.lambda$createCacheFilter$4(HandlerMappingIntrospector.java:267)
	at org.springframework.web.filter.CompositeFilter$VirtualFilterChain.doFilter(CompositeFilter.java:113)
	at org.springframework.web.filter.CompositeFilter.doFilter(CompositeFilter.java:74)
	at org.springframework.security.config.annotation.web.configuration.WebMvcSecurityConfiguration$CompositeFilterChainProxy.doFilter(WebMvcSecurityConfiguration.java:240)
	at org.springframework.web.filter.DelegatingFilterProxy.invokeDelegate(DelegatingFilterProxy.java:362)
	at org.springframework.web.filter.DelegatingFilterProxy.doFilter(DelegatingFilterProxy.java:278)
	at org.apache.catalina.core.ApplicationFilterChain.internalDoFilter(ApplicationFilterChain.java:164)
	at org.apache.catalina.core.ApplicationFilterChain.doFilter(ApplicationFilterChain.java:140)
	at org.springframework.web.filter.RequestContextFilter.doFilterInternal(RequestContextFilter.java:100)
	at org.springframework.web.filter.OncePerRequestFilter.doFilter(OncePerRequestFilter.java:116)
	at org.apache.catalina.core.ApplicationFilterChain.internalDoFilter(ApplicationFilterChain.java:164)
	at org.apache.catalina.core.ApplicationFilterChain.doFilter(ApplicationFilterChain.java:140)
	at org.springframework.web.filter.FormContentFilter.doFilterInternal(FormContentFilter.java:93)
	at org.springframework.web.filter.OncePerRequestFilter.doFilter(OncePerRequestFilter.java:116)
	at org.apache.catalina.core.ApplicationFilterChain.internalDoFilter(ApplicationFilterChain.java:164)
	at org.apache.catalina.core.ApplicationFilterChain.doFilter(ApplicationFilterChain.java:140)
	at org.springframework.web.filter.CharacterEncodingFilter.doFilterInternal(CharacterEncodingFilter.java:201)
	at org.springframework.web.filter.OncePerRequestFilter.doFilter(OncePerRequestFilter.java:116)
	at org.apache.catalina.core.ApplicationFilterChain.internalDoFilter(ApplicationFilterChain.java:164)
	at org.apache.catalina.core.ApplicationFilterChain.doFilter(ApplicationFilterChain.java:140)
	at org.apache.catalina.core.StandardWrapperValve.invoke(StandardWrapperValve.java:167)
	at org.apache.catalina.core.StandardContextValve.invoke(StandardContextValve.java:90)
	at org.apache.catalina.authenticator.AuthenticatorBase.invoke(AuthenticatorBase.java:483)
	at org.apache.catalina.core.StandardHostValve.invoke(StandardHostValve.java:116)
	at org.apache.catalina.valves.ErrorReportValve.invoke(ErrorReportValve.java:93)
	at org.apache.catalina.core.StandardEngineValve.invoke(StandardEngineValve.java:74)
	at org.apache.catalina.connector.CoyoteAdapter.service(CoyoteAdapter.java:344)
	at org.apache.coyote.http11.Http11Processor.service(Http11Processor.java:398)
	at org.apache.coyote.AbstractProcessorLight.process(AbstractProcessorLight.java:63)
	at org.apache.coyote.AbstractProtocol$ConnectionHandler.process(AbstractProtocol.java:903)
	at org.apache.tomcat.util.net.NioEndpoint$SocketProcessor.doRun(NioEndpoint.java:1776)
	at org.apache.tomcat.util.net.SocketProcessorBase.run(SocketProcessorBase.java:52)
	at org.apache.tomcat.util.threads.ThreadPoolExecutor.runWorker(ThreadPoolExecutor.java:975)
	at org.apache.tomcat.util.threads.ThreadPoolExecutor$Worker.run(ThreadPoolExecutor.java:493)
	at org.apache.tomcat.util.threads.TaskThread$WrappingRunnable.run(TaskThread.java:63)
	at java.base/java.lang.Thread.run(Thread.java:840)
[2026-05-11 11:20:33.033] [WARN ] [http-nio-8881-exec-2] o.s.w.s.m.m.a.ExceptionHandlerExceptionResolver - Resolved [com.sqld_board.sqld.exception.common.InvalidCredentialsException]
[2026-05-11 11:20:57.642] [INFO ] [MessageBroker-2] o.s.w.s.c.WebSocketMessageBrokerStats - WebSocketSession[0 current WS(0)-HttpStream(0)-HttpPoll(0), 0 total, 0 closed abnormally (0 connect failure, 0 send limit, 0 transport error)], stompSubProtocol[processed CONNECT(0)-CONNECTED(0)-DISCONNECT(0)], stompBrokerRelay[null], inboundChannel[pool size = 0, active threads = 0, queued tasks = 0, completed tasks = 0], outboundChannel[pool size = 0, active threads = 0, queued tasks = 0, completed tasks = 0], sockJsScheduler[pool size = 6, active threads = 1, queued tasks = 4, completed tasks = 1]
[2026-05-11 11:21:14.868] [INFO ] [http-nio-8881-exec-4] jdbc.sqltiming - SELECT EXISTS
                (
                SELECT 1
                  FROM MEMBER_INFO
                 WHERE USER_EMAIL = 'test_gemini@example.com'
                )
 {executed in 6 msec}
[2026-05-11 11:21:14.884] [INFO ] [http-nio-8881-exec-4] jdbc.sqltiming - DELETE
          FROM EMAIL_VERIFICATION
         WHERE EMAIL_CHECK = 'test_gemini@example.com'
 {executed in 14 msec}
[2026-05-11 11:21:14.922] [ERROR] [http-nio-8881-exec-4] jdbc.sqltiming - 1. PreparedStatement.execute() FAILED! INSERT INTO email_verification (
            EMAIL_CHECK,
            IS_VERIFIED,
            VERIFICATION_CODE,
            EXPIRED_AT
        ) VALUES (
            'test_gemini@example.com',
            'N',
            '084147',
            2026-05-11T11:26:14.884614
        )
        ON DUPLICATE KEY UPDATE
            VERIFICATION_CODE = '084147',
            EXPIRED_AT = 2026-05-11T11:26:14.884614,
            IS_VERIFIED = 'N'
 {FAILED after 36 msec}
java.sql.SQLSyntaxErrorException: Table 'sqld_database.email_verification' doesn't exist
	at com.mysql.cj.jdbc.exceptions.SQLError.createSQLException(SQLError.java:112)
	at com.mysql.cj.jdbc.exceptions.SQLExceptionsMapping.translateException(SQLExceptionsMapping.java:114)
	at com.mysql.cj.jdbc.ClientPreparedStatement.executeInternal(ClientPreparedStatement.java:988)
	at com.mysql.cj.jdbc.ClientPreparedStatement.execute(ClientPreparedStatement.java:383)
	at net.sf.log4jdbc.sql.jdbcapi.PreparedStatementSpy.execute(PreparedStatementSpy.java:443)
	at com.zaxxer.hikari.pool.ProxyPreparedStatement.execute(ProxyPreparedStatement.java:44)
	at com.zaxxer.hikari.pool.HikariProxyPreparedStatement.execute(HikariProxyPreparedStatement.java)
	at org.apache.ibatis.executor.statement.PreparedStatementHandler.update(PreparedStatementHandler.java:48)
	at org.apache.ibatis.executor.statement.RoutingStatementHandler.update(RoutingStatementHandler.java:75)
	at org.apache.ibatis.executor.SimpleExecutor.doUpdate(SimpleExecutor.java:50)
	at org.apache.ibatis.executor.BaseExecutor.update(BaseExecutor.java:117)
	at org.apache.ibatis.executor.CachingExecutor.update(CachingExecutor.java:76)
	at org.apache.ibatis.session.defaults.DefaultSqlSession.update(DefaultSqlSession.java:197)
	at org.apache.ibatis.session.defaults.DefaultSqlSession.insert(DefaultSqlSession.java:184)
	at java.base/jdk.internal.reflect.NativeMethodAccessorImpl.invoke0(Native Method)
	at java.base/jdk.internal.reflect.NativeMethodAccessorImpl.invoke(NativeMethodAccessorImpl.java:77)
	at java.base/jdk.internal.reflect.DelegatingMethodAccessorImpl.invoke(DelegatingMethodAccessorImpl.java:43)
	at java.base/java.lang.reflect.Method.invoke(Method.java:568)
	at org.mybatis.spring.SqlSessionTemplate$SqlSessionInterceptor.invoke(SqlSessionTemplate.java:333)
	at jdk.proxy2/jdk.proxy2.$Proxy95.insert(Unknown Source)
	at org.mybatis.spring.SqlSessionTemplate.insert(SqlSessionTemplate.java:224)
	at org.apache.ibatis.binding.MapperMethod.execute(MapperMethod.java:62)
	at org.apache.ibatis.binding.MapperProxy$PlainMethodInvoker.invoke(MapperProxy.java:141)
	at org.apache.ibatis.binding.MapperProxy.invoke(MapperProxy.java:86)
	at jdk.proxy3/jdk.proxy3.$Proxy138.insertVerification(Unknown Source)
	at java.base/jdk.internal.reflect.NativeMethodAccessorImpl.invoke0(Native Method)
	at java.base/jdk.internal.reflect.NativeMethodAccessorImpl.invoke(NativeMethodAccessorImpl.java:77)
	at java.base/jdk.internal.reflect.DelegatingMethodAccessorImpl.invoke(DelegatingMethodAccessorImpl.java:43)
	at java.base/java.lang.reflect.Method.invoke(Method.java:568)
	at org.springframework.aop.support.AopUtils.invokeJoinpointUsingReflection(AopUtils.java:360)
	at org.springframework.aop.framework.ReflectiveMethodInvocation.invokeJoinpoint(ReflectiveMethodInvocation.java:196)
	at org.springframework.aop.framework.ReflectiveMethodInvocation.proceed(ReflectiveMethodInvocation.java:163)
	at org.springframework.dao.support.PersistenceExceptionTranslationInterceptor.invoke(PersistenceExceptionTranslationInterceptor.java:138)
	at org.springframework.aop.framework.ReflectiveMethodInvocation.proceed(ReflectiveMethodInvocation.java:184)
	at org.springframework.aop.framework.JdkDynamicAopProxy.invoke(JdkDynamicAopProxy.java:223)
	at jdk.proxy3/jdk.proxy3.$Proxy139.insertVerification(Unknown Source)
	at com.sqld_board.sqld.service.sign.SignServiceImpl.sendVerificationCode(SignServiceImpl.java:154)
	at java.base/jdk.internal.reflect.NativeMethodAccessorImpl.invoke0(Native Method)
	at java.base/jdk.internal.reflect.NativeMethodAccessorImpl.invoke(NativeMethodAccessorImpl.java:77)
	at java.base/jdk.internal.reflect.DelegatingMethodAccessorImpl.invoke(DelegatingMethodAccessorImpl.java:43)
	at java.base/java.lang.reflect.Method.invoke(Method.java:568)
	at org.springframework.aop.support.AopUtils.invokeJoinpointUsingReflection(AopUtils.java:360)
	at org.springframework.aop.framework.ReflectiveMethodInvocation.invokeJoinpoint(ReflectiveMethodInvocation.java:196)
	at org.springframework.aop.framework.ReflectiveMethodInvocation.proceed(ReflectiveMethodInvocation.java:163)
	at org.springframework.transaction.interceptor.TransactionAspectSupport.invokeWithinTransaction(TransactionAspectSupport.java:380)
	at org.springframework.transaction.interceptor.TransactionInterceptor.invoke(TransactionInterceptor.java:119)
	at org.springframework.aop.framework.ReflectiveMethodInvocation.proceed(ReflectiveMethodInvocation.java:184)
	at org.springframework.aop.framework.CglibAopProxy$DynamicAdvisedInterceptor.intercept(CglibAopProxy.java:728)
	at com.sqld_board.sqld.service.sign.SignServiceImpl$$SpringCGLIB$$0.sendVerificationCode(<generated>)
	at com.sqld_board.sqld.controller.sign.SignController.sendCode(SignController.java:114)
	at java.base/jdk.internal.reflect.NativeMethodAccessorImpl.invoke0(Native Method)
	at java.base/jdk.internal.reflect.NativeMethodAccessorImpl.invoke(NativeMethodAccessorImpl.java:77)
	at java.base/jdk.internal.reflect.DelegatingMethodAccessorImpl.invoke(DelegatingMethodAccessorImpl.java:43)
	at java.base/java.lang.reflect.Method.invoke(Method.java:568)
	at org.springframework.web.method.support.InvocableHandlerMethod.doInvoke(InvocableHandlerMethod.java:258)
	at org.springframework.web.method.support.InvocableHandlerMethod.invokeForRequest(InvocableHandlerMethod.java:191)
	at org.springframework.web.servlet.mvc.method.annotation.ServletInvocableHandlerMethod.invokeAndHandle(ServletInvocableHandlerMethod.java:118)
	at org.springframework.web.servlet.mvc.method.annotation.RequestMappingHandlerAdapter.invokeHandlerMethod(RequestMappingHandlerAdapter.java:991)
	at org.springframework.web.servlet.mvc.method.annotation.RequestMappingHandlerAdapter.handleInternal(RequestMappingHandlerAdapter.java:896)
	at org.springframework.web.servlet.mvc.method.AbstractHandlerMethodAdapter.handle(AbstractHandlerMethodAdapter.java:87)
	at org.springframework.web.servlet.DispatcherServlet.doDispatch(DispatcherServlet.java:1089)
	at org.springframework.web.servlet.DispatcherServlet.doService(DispatcherServlet.java:979)
	at org.springframework.web.servlet.FrameworkServlet.processRequest(FrameworkServlet.java:1014)
	at org.springframework.web.servlet.FrameworkServlet.doPost(FrameworkServlet.java:914)
	at jakarta.servlet.http.HttpServlet.service(HttpServlet.java:590)
	at org.springframework.web.servlet.FrameworkServlet.service(FrameworkServlet.java:885)
	at jakarta.servlet.http.HttpServlet.service(HttpServlet.java:658)
	at org.apache.catalina.core.ApplicationFilterChain.internalDoFilter(ApplicationFilterChain.java:195)
	at org.apache.catalina.core.ApplicationFilterChain.doFilter(ApplicationFilterChain.java:140)
	at org.apache.tomcat.websocket.server.WsFilter.doFilter(WsFilter.java:51)
	at org.apache.catalina.core.ApplicationFilterChain.internalDoFilter(ApplicationFilterChain.java:164)
	at org.apache.catalina.core.ApplicationFilterChain.doFilter(ApplicationFilterChain.java:140)
	at org.springframework.web.filter.OncePerRequestFilter.doFilter(OncePerRequestFilter.java:110)
	at org.apache.catalina.core.ApplicationFilterChain.internalDoFilter(ApplicationFilterChain.java:164)
	at org.apache.catalina.core.ApplicationFilterChain.doFilter(ApplicationFilterChain.java:140)
	at org.springframework.web.filter.CompositeFilter$VirtualFilterChain.doFilter(CompositeFilter.java:108)
	at org.springframework.web.filter.CompositeFilter$VirtualFilterChain.doFilter(CompositeFilter.java:108)
	at org.springframework.security.web.FilterChainProxy.lambda$doFilterInternal$3(FilterChainProxy.java:231)
	at org.springframework.security.web.FilterChainProxy$VirtualFilterChain.doFilter(FilterChainProxy.java:365)
	at org.springframework.security.web.access.intercept.AuthorizationFilter.doFilter(AuthorizationFilter.java:101)
	at org.springframework.security.web.FilterChainProxy$VirtualFilterChain.doFilter(FilterChainProxy.java:374)
	at org.springframework.security.web.access.ExceptionTranslationFilter.doFilter(ExceptionTranslationFilter.java:125)
	at org.springframework.security.web.access.ExceptionTranslationFilter.doFilter(ExceptionTranslationFilter.java:119)
	at org.springframework.security.web.FilterChainProxy$VirtualFilterChain.doFilter(FilterChainProxy.java:374)
	at org.springframework.security.web.session.SessionManagementFilter.doFilter(SessionManagementFilter.java:131)
	at org.springframework.security.web.session.SessionManagementFilter.doFilter(SessionManagementFilter.java:85)
	at org.springframework.security.web.FilterChainProxy$VirtualFilterChain.doFilter(FilterChainProxy.java:374)
	at org.springframework.security.web.authentication.AnonymousAuthenticationFilter.doFilter(AnonymousAuthenticationFilter.java:100)
	at org.springframework.security.web.FilterChainProxy$VirtualFilterChain.doFilter(FilterChainProxy.java:374)
	at org.springframework.security.web.servletapi.SecurityContextHolderAwareRequestFilter.doFilter(SecurityContextHolderAwareRequestFilter.java:179)
	at org.springframework.security.web.FilterChainProxy$VirtualFilterChain.doFilter(FilterChainProxy.java:374)
	at org.springframework.security.web.savedrequest.RequestCacheAwareFilter.doFilter(RequestCacheAwareFilter.java:63)
	at org.springframework.security.web.FilterChainProxy$VirtualFilterChain.doFilter(FilterChainProxy.java:374)
	at com.sqld_board.sqld.config.security.JwtAuthenticationFilter.doFilterInternal(JwtAuthenticationFilter.java:62)
	at org.springframework.web.filter.OncePerRequestFilter.doFilter(OncePerRequestFilter.java:116)
	at org.springframework.security.web.FilterChainProxy$VirtualFilterChain.doFilter(FilterChainProxy.java:374)
	at org.springframework.security.web.authentication.logout.LogoutFilter.doFilter(LogoutFilter.java:107)
	at org.springframework.security.web.authentication.logout.LogoutFilter.doFilter(LogoutFilter.java:93)
	at org.springframework.security.web.FilterChainProxy$VirtualFilterChain.doFilter(FilterChainProxy.java:374)
	at org.springframework.web.filter.CorsFilter.doFilterInternal(CorsFilter.java:91)
	at org.springframework.web.filter.OncePerRequestFilter.doFilter(OncePerRequestFilter.java:116)
	at org.springframework.security.web.FilterChainProxy$VirtualFilterChain.doFilter(FilterChainProxy.java:374)
	at org.springframework.security.web.header.HeaderWriterFilter.doHeadersAfter(HeaderWriterFilter.java:90)
	at org.springframework.security.web.header.HeaderWriterFilter.doFilterInternal(HeaderWriterFilter.java:75)
	at org.springframework.web.filter.OncePerRequestFilter.doFilter(OncePerRequestFilter.java:116)
	at org.springframework.security.web.FilterChainProxy$VirtualFilterChain.doFilter(FilterChainProxy.java:374)
	at org.springframework.security.web.context.SecurityContextHolderFilter.doFilter(SecurityContextHolderFilter.java:82)
	at org.springframework.security.web.context.SecurityContextHolderFilter.doFilter(SecurityContextHolderFilter.java:69)
	at org.springframework.security.web.FilterChainProxy$VirtualFilterChain.doFilter(FilterChainProxy.java:374)
	at org.springframework.security.web.context.request.async.WebAsyncManagerIntegrationFilter.doFilterInternal(WebAsyncManagerIntegrationFilter.java:62)
	at org.springframework.web.filter.OncePerRequestFilter.doFilter(OncePerRequestFilter.java:116)
	at org.springframework.security.web.FilterChainProxy$VirtualFilterChain.doFilter(FilterChainProxy.java:374)
	at org.springframework.security.web.session.DisableEncodeUrlFilter.doFilterInternal(DisableEncodeUrlFilter.java:42)
	at org.springframework.web.filter.OncePerRequestFilter.doFilter(OncePerRequestFilter.java:116)
	at org.springframework.security.web.FilterChainProxy$VirtualFilterChain.doFilter(FilterChainProxy.java:374)
	at org.springframework.security.web.FilterChainProxy.doFilterInternal(FilterChainProxy.java:233)
	at org.springframework.security.web.FilterChainProxy.doFilter(FilterChainProxy.java:191)
	at org.springframework.web.filter.CompositeFilter$VirtualFilterChain.doFilter(CompositeFilter.java:113)
	at org.springframework.web.filter.ServletRequestPathFilter.doFilter(ServletRequestPathFilter.java:52)
	at org.springframework.web.filter.CompositeFilter$VirtualFilterChain.doFilter(CompositeFilter.java:113)
	at org.springframework.web.filter.CompositeFilter.doFilter(CompositeFilter.java:74)
	at org.springframework.security.config.annotation.web.configuration.WebSecurityConfiguration$CompositeFilterChainProxy.doFilter(WebSecurityConfiguration.java:319)
	at org.springframework.web.filter.CompositeFilter$VirtualFilterChain.doFilter(CompositeFilter.java:113)
	at org.springframework.web.servlet.handler.HandlerMappingIntrospector.lambda$createCacheFilter$4(HandlerMappingIntrospector.java:267)
	at org.springframework.web.filter.CompositeFilter$VirtualFilterChain.doFilter(CompositeFilter.java:113)
	at org.springframework.web.filter.CompositeFilter.doFilter(CompositeFilter.java:74)
	at org.springframework.security.config.annotation.web.configuration.WebMvcSecurityConfiguration$CompositeFilterChainProxy.doFilter(WebMvcSecurityConfiguration.java:240)
	at org.springframework.web.filter.DelegatingFilterProxy.invokeDelegate(DelegatingFilterProxy.java:362)
	at org.springframework.web.filter.DelegatingFilterProxy.doFilter(DelegatingFilterProxy.java:278)
	at org.apache.catalina.core.ApplicationFilterChain.internalDoFilter(ApplicationFilterChain.java:164)
	at org.apache.catalina.core.ApplicationFilterChain.doFilter(ApplicationFilterChain.java:140)
	at org.springframework.web.filter.RequestContextFilter.doFilterInternal(RequestContextFilter.java:100)
	at org.springframework.web.filter.OncePerRequestFilter.doFilter(OncePerRequestFilter.java:116)
	at org.apache.catalina.core.ApplicationFilterChain.internalDoFilter(ApplicationFilterChain.java:164)
	at org.apache.catalina.core.ApplicationFilterChain.doFilter(ApplicationFilterChain.java:140)
	at org.springframework.web.filter.FormContentFilter.doFilterInternal(FormContentFilter.java:93)
	at org.springframework.web.filter.OncePerRequestFilter.doFilter(OncePerRequestFilter.java:116)
	at org.apache.catalina.core.ApplicationFilterChain.internalDoFilter(ApplicationFilterChain.java:164)
	at org.apache.catalina.core.ApplicationFilterChain.doFilter(ApplicationFilterChain.java:140)
	at org.springframework.web.filter.CharacterEncodingFilter.doFilterInternal(CharacterEncodingFilter.java:201)
	at org.springframework.web.filter.OncePerRequestFilter.doFilter(OncePerRequestFilter.java:116)
	at org.apache.catalina.core.ApplicationFilterChain.internalDoFilter(ApplicationFilterChain.java:164)
	at org.apache.catalina.core.ApplicationFilterChain.doFilter(ApplicationFilterChain.java:140)
	at org.apache.catalina.core.StandardWrapperValve.invoke(StandardWrapperValve.java:167)
	at org.apache.catalina.core.StandardContextValve.invoke(StandardContextValve.java:90)
	at org.apache.catalina.authenticator.AuthenticatorBase.invoke(AuthenticatorBase.java:483)
	at org.apache.catalina.core.StandardHostValve.invoke(StandardHostValve.java:116)
	at org.apache.catalina.valves.ErrorReportValve.invoke(ErrorReportValve.java:93)
	at org.apache.catalina.core.StandardEngineValve.invoke(StandardEngineValve.java:74)
	at org.apache.catalina.connector.CoyoteAdapter.service(CoyoteAdapter.java:344)
	at org.apache.coyote.http11.Http11Processor.service(Http11Processor.java:398)
	at org.apache.coyote.AbstractProcessorLight.process(AbstractProcessorLight.java:63)
	at org.apache.coyote.AbstractProtocol$ConnectionHandler.process(AbstractProtocol.java:903)
	at org.apache.tomcat.util.net.NioEndpoint$SocketProcessor.doRun(NioEndpoint.java:1776)
	at org.apache.tomcat.util.net.SocketProcessorBase.run(SocketProcessorBase.java:52)
	at org.apache.tomcat.util.threads.ThreadPoolExecutor.runWorker(ThreadPoolExecutor.java:975)
	at org.apache.tomcat.util.threads.ThreadPoolExecutor$Worker.run(ThreadPoolExecutor.java:493)
	at org.apache.tomcat.util.threads.TaskThread$WrappingRunnable.run(TaskThread.java:63)
	at java.base/java.lang.Thread.run(Thread.java:840)
[2026-05-11 11:21:14.998] [INFO ] [http-nio-8881-exec-4] c.s.sqld.exception.ExceptionAdvice - error
org.springframework.jdbc.BadSqlGrammarException: 
### Error updating database.  Cause: java.sql.SQLSyntaxErrorException: Table 'sqld_database.email_verification' doesn't exist
### The error may exist in file [/Users/minboklee/Downloads/sqld/build/resources/main/mapper/EmailVerification.xml]
### The error may involve com.sqld_board.sqld.mapper.EmailVerificationMapper.insertVerification-Inline
### The error occurred while setting parameters
### SQL: INSERT INTO email_verification (             EMAIL_CHECK,             IS_VERIFIED,             VERIFICATION_CODE,             EXPIRED_AT         ) VALUES (             ?,             'N',             ?,             ?         )         ON DUPLICATE KEY UPDATE             VERIFICATION_CODE = ?,             EXPIRED_AT = ?,             IS_VERIFIED = 'N'
### Cause: java.sql.SQLSyntaxErrorException: Table 'sqld_database.email_verification' doesn't exist
; bad SQL grammar []
	at org.springframework.jdbc.support.SQLErrorCodeSQLExceptionTranslator.doTranslate(SQLErrorCodeSQLExceptionTranslator.java:246)
	at org.springframework.jdbc.support.AbstractFallbackSQLExceptionTranslator.translate(AbstractFallbackSQLExceptionTranslator.java:107)
	at org.mybatis.spring.MyBatisExceptionTranslator.translateExceptionIfPossible(MyBatisExceptionTranslator.java:95)
	at org.mybatis.spring.SqlSessionTemplate$SqlSessionInterceptor.invoke(SqlSessionTemplate.java:347)
	at jdk.proxy2/jdk.proxy2.$Proxy95.insert(Unknown Source)
	at org.mybatis.spring.SqlSessionTemplate.insert(SqlSessionTemplate.java:224)
	at org.apache.ibatis.binding.MapperMethod.execute(MapperMethod.java:62)
	at org.apache.ibatis.binding.MapperProxy$PlainMethodInvoker.invoke(MapperProxy.java:141)
	at org.apache.ibatis.binding.MapperProxy.invoke(MapperProxy.java:86)
	at jdk.proxy3/jdk.proxy3.$Proxy138.insertVerification(Unknown Source)
	at java.base/jdk.internal.reflect.NativeMethodAccessorImpl.invoke0(Native Method)
	at java.base/jdk.internal.reflect.NativeMethodAccessorImpl.invoke(NativeMethodAccessorImpl.java:77)
	at java.base/jdk.internal.reflect.DelegatingMethodAccessorImpl.invoke(DelegatingMethodAccessorImpl.java:43)
	at java.base/java.lang.reflect.Method.invoke(Method.java:568)
	at org.springframework.aop.support.AopUtils.invokeJoinpointUsingReflection(AopUtils.java:360)
	at org.springframework.aop.framework.ReflectiveMethodInvocation.invokeJoinpoint(ReflectiveMethodInvocation.java:196)
	at org.springframework.aop.framework.ReflectiveMethodInvocation.proceed(ReflectiveMethodInvocation.java:163)
	at org.springframework.dao.support.PersistenceExceptionTranslationInterceptor.invoke(PersistenceExceptionTranslationInterceptor.java:138)
	at org.springframework.aop.framework.ReflectiveMethodInvocation.proceed(ReflectiveMethodInvocation.java:184)
	at org.springframework.aop.framework.JdkDynamicAopProxy.invoke(JdkDynamicAopProxy.java:223)
	at jdk.proxy3/jdk.proxy3.$Proxy139.insertVerification(Unknown Source)
	at com.sqld_board.sqld.service.sign.SignServiceImpl.sendVerificationCode(SignServiceImpl.java:154)
	at java.base/jdk.internal.reflect.NativeMethodAccessorImpl.invoke0(Native Method)
	at java.base/jdk.internal.reflect.NativeMethodAccessorImpl.invoke(NativeMethodAccessorImpl.java:77)
	at java.base/jdk.internal.reflect.DelegatingMethodAccessorImpl.invoke(DelegatingMethodAccessorImpl.java:43)
	at java.base/java.lang.reflect.Method.invoke(Method.java:568)
	at org.springframework.aop.support.AopUtils.invokeJoinpointUsingReflection(AopUtils.java:360)
	at org.springframework.aop.framework.ReflectiveMethodInvocation.invokeJoinpoint(ReflectiveMethodInvocation.java:196)
	at org.springframework.aop.framework.ReflectiveMethodInvocation.proceed(ReflectiveMethodInvocation.java:163)
	at org.springframework.transaction.interceptor.TransactionAspectSupport.invokeWithinTransaction(TransactionAspectSupport.java:380)
	at org.springframework.transaction.interceptor.TransactionInterceptor.invoke(TransactionInterceptor.java:119)
	at org.springframework.aop.framework.ReflectiveMethodInvocation.proceed(ReflectiveMethodInvocation.java:184)
	at org.springframework.aop.framework.CglibAopProxy$DynamicAdvisedInterceptor.intercept(CglibAopProxy.java:728)
	at com.sqld_board.sqld.service.sign.SignServiceImpl$$SpringCGLIB$$0.sendVerificationCode(<generated>)
	at com.sqld_board.sqld.controller.sign.SignController.sendCode(SignController.java:114)
	at java.base/jdk.internal.reflect.NativeMethodAccessorImpl.invoke0(Native Method)
	at java.base/jdk.internal.reflect.NativeMethodAccessorImpl.invoke(NativeMethodAccessorImpl.java:77)
	at java.base/jdk.internal.reflect.DelegatingMethodAccessorImpl.invoke(DelegatingMethodAccessorImpl.java:43)
	at java.base/java.lang.reflect.Method.invoke(Method.java:568)
	at org.springframework.web.method.support.InvocableHandlerMethod.doInvoke(InvocableHandlerMethod.java:258)
	at org.springframework.web.method.support.InvocableHandlerMethod.invokeForRequest(InvocableHandlerMethod.java:191)
	at org.springframework.web.servlet.mvc.method.annotation.ServletInvocableHandlerMethod.invokeAndHandle(ServletInvocableHandlerMethod.java:118)
	at org.springframework.web.servlet.mvc.method.annotation.RequestMappingHandlerAdapter.invokeHandlerMethod(RequestMappingHandlerAdapter.java:991)
	at org.springframework.web.servlet.mvc.method.annotation.RequestMappingHandlerAdapter.handleInternal(RequestMappingHandlerAdapter.java:896)
	at org.springframework.web.servlet.mvc.method.AbstractHandlerMethodAdapter.handle(AbstractHandlerMethodAdapter.java:87)
	at org.springframework.web.servlet.DispatcherServlet.doDispatch(DispatcherServlet.java:1089)
	at org.springframework.web.servlet.DispatcherServlet.doService(DispatcherServlet.java:979)
	at org.springframework.web.servlet.FrameworkServlet.processRequest(FrameworkServlet.java:1014)
	at org.springframework.web.servlet.FrameworkServlet.doPost(FrameworkServlet.java:914)
	at jakarta.servlet.http.HttpServlet.service(HttpServlet.java:590)
	at org.springframework.web.servlet.FrameworkServlet.service(FrameworkServlet.java:885)
	at jakarta.servlet.http.HttpServlet.service(HttpServlet.java:658)
	at org.apache.catalina.core.ApplicationFilterChain.internalDoFilter(ApplicationFilterChain.java:195)
	at org.apache.catalina.core.ApplicationFilterChain.doFilter(ApplicationFilterChain.java:140)
	at org.apache.tomcat.websocket.server.WsFilter.doFilter(WsFilter.java:51)
	at org.apache.catalina.core.ApplicationFilterChain.internalDoFilter(ApplicationFilterChain.java:164)
	at org.apache.catalina.core.ApplicationFilterChain.doFilter(ApplicationFilterChain.java:140)
	at org.springframework.web.filter.OncePerRequestFilter.doFilter(OncePerRequestFilter.java:110)
	at org.apache.catalina.core.ApplicationFilterChain.internalDoFilter(ApplicationFilterChain.java:164)
	at org.apache.catalina.core.ApplicationFilterChain.doFilter(ApplicationFilterChain.java:140)
	at org.springframework.web.filter.CompositeFilter$VirtualFilterChain.doFilter(CompositeFilter.java:108)
	at org.springframework.web.filter.CompositeFilter$VirtualFilterChain.doFilter(CompositeFilter.java:108)
	at org.springframework.security.web.FilterChainProxy.lambda$doFilterInternal$3(FilterChainProxy.java:231)
	at org.springframework.security.web.FilterChainProxy$VirtualFilterChain.doFilter(FilterChainProxy.java:365)
	at org.springframework.security.web.access.intercept.AuthorizationFilter.doFilter(AuthorizationFilter.java:101)
	at org.springframework.security.web.FilterChainProxy$VirtualFilterChain.doFilter(FilterChainProxy.java:374)
	at org.springframework.security.web.access.ExceptionTranslationFilter.doFilter(ExceptionTranslationFilter.java:125)
	at org.springframework.security.web.access.ExceptionTranslationFilter.doFilter(ExceptionTranslationFilter.java:119)
	at org.springframework.security.web.FilterChainProxy$VirtualFilterChain.doFilter(FilterChainProxy.java:374)
	at org.springframework.security.web.session.SessionManagementFilter.doFilter(SessionManagementFilter.java:131)
	at org.springframework.security.web.session.SessionManagementFilter.doFilter(SessionManagementFilter.java:85)
	at org.springframework.security.web.FilterChainProxy$VirtualFilterChain.doFilter(FilterChainProxy.java:374)
	at org.springframework.security.web.authentication.AnonymousAuthenticationFilter.doFilter(AnonymousAuthenticationFilter.java:100)
	at org.springframework.security.web.FilterChainProxy$VirtualFilterChain.doFilter(FilterChainProxy.java:374)
	at org.springframework.security.web.servletapi.SecurityContextHolderAwareRequestFilter.doFilter(SecurityContextHolderAwareRequestFilter.java:179)
	at org.springframework.security.web.FilterChainProxy$VirtualFilterChain.doFilter(FilterChainProxy.java:374)
	at org.springframework.security.web.savedrequest.RequestCacheAwareFilter.doFilter(RequestCacheAwareFilter.java:63)
	at org.springframework.security.web.FilterChainProxy$VirtualFilterChain.doFilter(FilterChainProxy.java:374)
	at com.sqld_board.sqld.config.security.JwtAuthenticationFilter.doFilterInternal(JwtAuthenticationFilter.java:62)
	at org.springframework.web.filter.OncePerRequestFilter.doFilter(OncePerRequestFilter.java:116)
	at org.springframework.security.web.FilterChainProxy$VirtualFilterChain.doFilter(FilterChainProxy.java:374)
	at org.springframework.security.web.authentication.logout.LogoutFilter.doFilter(LogoutFilter.java:107)
	at org.springframework.security.web.authentication.logout.LogoutFilter.doFilter(LogoutFilter.java:93)
	at org.springframework.security.web.FilterChainProxy$VirtualFilterChain.doFilter(FilterChainProxy.java:374)
	at org.springframework.web.filter.CorsFilter.doFilterInternal(CorsFilter.java:91)
	at org.springframework.web.filter.OncePerRequestFilter.doFilter(OncePerRequestFilter.java:116)
	at org.springframework.security.web.FilterChainProxy$VirtualFilterChain.doFilter(FilterChainProxy.java:374)
	at org.springframework.security.web.header.HeaderWriterFilter.doHeadersAfter(HeaderWriterFilter.java:90)
	at org.springframework.security.web.header.HeaderWriterFilter.doFilterInternal(HeaderWriterFilter.java:75)
	at org.springframework.web.filter.OncePerRequestFilter.doFilter(OncePerRequestFilter.java:116)
	at org.springframework.security.web.FilterChainProxy$VirtualFilterChain.doFilter(FilterChainProxy.java:374)
	at org.springframework.security.web.context.SecurityContextHolderFilter.doFilter(SecurityContextHolderFilter.java:82)
	at org.springframework.security.web.context.SecurityContextHolderFilter.doFilter(SecurityContextHolderFilter.java:69)
	at org.springframework.security.web.FilterChainProxy$VirtualFilterChain.doFilter(FilterChainProxy.java:374)
	at org.springframework.security.web.context.request.async.WebAsyncManagerIntegrationFilter.doFilterInternal(WebAsyncManagerIntegrationFilter.java:62)
	at org.springframework.web.filter.OncePerRequestFilter.doFilter(OncePerRequestFilter.java:116)
	at org.springframework.security.web.FilterChainProxy$VirtualFilterChain.doFilter(FilterChainProxy.java:374)
	at org.springframework.security.web.session.DisableEncodeUrlFilter.doFilterInternal(DisableEncodeUrlFilter.java:42)
	at org.springframework.web.filter.OncePerRequestFilter.doFilter(OncePerRequestFilter.java:116)
	at org.springframework.security.web.FilterChainProxy$VirtualFilterChain.doFilter(FilterChainProxy.java:374)
	at org.springframework.security.web.FilterChainProxy.doFilterInternal(FilterChainProxy.java:233)
	at org.springframework.security.web.FilterChainProxy.doFilter(FilterChainProxy.java:191)
	at org.springframework.web.filter.CompositeFilter$VirtualFilterChain.doFilter(CompositeFilter.java:113)
	at org.springframework.web.filter.ServletRequestPathFilter.doFilter(ServletRequestPathFilter.java:52)
	at org.springframework.web.filter.CompositeFilter$VirtualFilterChain.doFilter(CompositeFilter.java:113)
	at org.springframework.web.filter.CompositeFilter.doFilter(CompositeFilter.java:74)
	at org.springframework.security.config.annotation.web.configuration.WebSecurityConfiguration$CompositeFilterChainProxy.doFilter(WebSecurityConfiguration.java:319)
	at org.springframework.web.filter.CompositeFilter$VirtualFilterChain.doFilter(CompositeFilter.java:113)
	at org.springframework.web.servlet.handler.HandlerMappingIntrospector.lambda$createCacheFilter$4(HandlerMappingIntrospector.java:267)
	at org.springframework.web.filter.CompositeFilter$VirtualFilterChain.doFilter(CompositeFilter.java:113)
	at org.springframework.web.filter.CompositeFilter.doFilter(CompositeFilter.java:74)
	at org.springframework.security.config.annotation.web.configuration.WebMvcSecurityConfiguration$CompositeFilterChainProxy.doFilter(WebMvcSecurityConfiguration.java:240)
	at org.springframework.web.filter.DelegatingFilterProxy.invokeDelegate(DelegatingFilterProxy.java:362)
	at org.springframework.web.filter.DelegatingFilterProxy.doFilter(DelegatingFilterProxy.java:278)
	at org.apache.catalina.core.ApplicationFilterChain.internalDoFilter(ApplicationFilterChain.java:164)
	at org.apache.catalina.core.ApplicationFilterChain.doFilter(ApplicationFilterChain.java:140)
	at org.springframework.web.filter.RequestContextFilter.doFilterInternal(RequestContextFilter.java:100)
	at org.springframework.web.filter.OncePerRequestFilter.doFilter(OncePerRequestFilter.java:116)
	at org.apache.catalina.core.ApplicationFilterChain.internalDoFilter(ApplicationFilterChain.java:164)
	at org.apache.catalina.core.ApplicationFilterChain.doFilter(ApplicationFilterChain.java:140)
	at org.springframework.web.filter.FormContentFilter.doFilterInternal(FormContentFilter.java:93)
	at org.springframework.web.filter.OncePerRequestFilter.doFilter(OncePerRequestFilter.java:116)
	at org.apache.catalina.core.ApplicationFilterChain.internalDoFilter(ApplicationFilterChain.java:164)
	at org.apache.catalina.core.ApplicationFilterChain.doFilter(ApplicationFilterChain.java:140)
	at org.springframework.web.filter.CharacterEncodingFilter.doFilterInternal(CharacterEncodingFilter.java:201)
	at org.springframework.web.filter.OncePerRequestFilter.doFilter(OncePerRequestFilter.java:116)
	at org.apache.catalina.core.ApplicationFilterChain.internalDoFilter(ApplicationFilterChain.java:164)
	at org.apache.catalina.core.ApplicationFilterChain.doFilter(ApplicationFilterChain.java:140)
	at org.apache.catalina.core.StandardWrapperValve.invoke(StandardWrapperValve.java:167)
	at org.apache.catalina.core.StandardContextValve.invoke(StandardContextValve.java:90)
	at org.apache.catalina.authenticator.AuthenticatorBase.invoke(AuthenticatorBase.java:483)
	at org.apache.catalina.core.StandardHostValve.invoke(StandardHostValve.java:116)
	at org.apache.catalina.valves.ErrorReportValve.invoke(ErrorReportValve.java:93)
	at org.apache.catalina.core.StandardEngineValve.invoke(StandardEngineValve.java:74)
	at org.apache.catalina.connector.CoyoteAdapter.service(CoyoteAdapter.java:344)
	at org.apache.coyote.http11.Http11Processor.service(Http11Processor.java:398)
	at org.apache.coyote.AbstractProcessorLight.process(AbstractProcessorLight.java:63)
	at org.apache.coyote.AbstractProtocol$ConnectionHandler.process(AbstractProtocol.java:903)
	at org.apache.tomcat.util.net.NioEndpoint$SocketProcessor.doRun(NioEndpoint.java:1776)
	at org.apache.tomcat.util.net.SocketProcessorBase.run(SocketProcessorBase.java:52)
	at org.apache.tomcat.util.threads.ThreadPoolExecutor.runWorker(ThreadPoolExecutor.java:975)
	at org.apache.tomcat.util.threads.ThreadPoolExecutor$Worker.run(ThreadPoolExecutor.java:493)
	at org.apache.tomcat.util.threads.TaskThread$WrappingRunnable.run(TaskThread.java:63)
	at java.base/java.lang.Thread.run(Thread.java:840)
Caused by: java.sql.SQLSyntaxErrorException: Table 'sqld_database.email_verification' doesn't exist
	at com.mysql.cj.jdbc.exceptions.SQLError.createSQLException(SQLError.java:112)
	at com.mysql.cj.jdbc.exceptions.SQLExceptionsMapping.translateException(SQLExceptionsMapping.java:114)
	at com.mysql.cj.jdbc.ClientPreparedStatement.executeInternal(ClientPreparedStatement.java:988)
	at com.mysql.cj.jdbc.ClientPreparedStatement.execute(ClientPreparedStatement.java:383)
	at net.sf.log4jdbc.sql.jdbcapi.PreparedStatementSpy.execute(PreparedStatementSpy.java:443)
	at com.zaxxer.hikari.pool.ProxyPreparedStatement.execute(ProxyPreparedStatement.java:44)
	at com.zaxxer.hikari.pool.HikariProxyPreparedStatement.execute(HikariProxyPreparedStatement.java)
	at org.apache.ibatis.executor.statement.PreparedStatementHandler.update(PreparedStatementHandler.java:48)
	at org.apache.ibatis.executor.statement.RoutingStatementHandler.update(RoutingStatementHandler.java:75)
	at org.apache.ibatis.executor.SimpleExecutor.doUpdate(SimpleExecutor.java:50)
	at org.apache.ibatis.executor.BaseExecutor.update(BaseExecutor.java:117)
	at org.apache.ibatis.executor.CachingExecutor.update(CachingExecutor.java:76)
	at org.apache.ibatis.session.defaults.DefaultSqlSession.update(DefaultSqlSession.java:197)
	at org.apache.ibatis.session.defaults.DefaultSqlSession.insert(DefaultSqlSession.java:184)
	at java.base/jdk.internal.reflect.NativeMethodAccessorImpl.invoke0(Native Method)
	at java.base/jdk.internal.reflect.NativeMethodAccessorImpl.invoke(NativeMethodAccessorImpl.java:77)
	at java.base/jdk.internal.reflect.DelegatingMethodAccessorImpl.invoke(DelegatingMethodAccessorImpl.java:43)
	at java.base/java.lang.reflect.Method.invoke(Method.java:568)
	at org.mybatis.spring.SqlSessionTemplate$SqlSessionInterceptor.invoke(SqlSessionTemplate.java:333)
	... 140 common frames omitted
[2026-05-11 11:21:15.000] [WARN ] [http-nio-8881-exec-4] o.s.w.s.m.m.a.ExceptionHandlerExceptionResolver - Resolved [org.springframework.jdbc.BadSqlGrammarException: <EOL>### Error updating database.  Cause: java.sql.SQLSyntaxErrorException: Table 'sqld_database.email_verification' doesn't exist<EOL>### The error may exist in file [/Users/minboklee/Downloads/sqld/build/resources/main/mapper/EmailVerification.xml]<EOL>### The error may involve com.sqld_board.sqld.mapper.EmailVerificationMapper.insertVerification-Inline<EOL>### The error occurred while setting parameters<EOL>### SQL: INSERT INTO email_verification (             EMAIL_CHECK,             IS_VERIFIED,             VERIFICATION_CODE,             EXPIRED_AT         ) VALUES (             ?,             'N',             ?,             ?         )         ON DUPLICATE KEY UPDATE             VERIFICATION_CODE = ?,             EXPIRED_AT = ?,             IS_VERIFIED = 'N'<EOL>### Cause: java.sql.SQLSyntaxErrorException: Table 'sqld_database.email_verification' doesn't exist<EOL>; bad SQL grammar []]
[2026-05-11 11:22:48.797] [INFO ] [SpringApplicationShutdownHook] o.s.b.w.e.tomcat.GracefulShutdown - Commencing graceful shutdown. Waiting for active requests to complete
[2026-05-11 11:22:48.800] [INFO ] [tomcat-shutdown] o.s.b.w.e.tomcat.GracefulShutdown - Graceful shutdown complete
[2026-05-11 11:22:48.803] [INFO ] [SpringApplicationShutdownHook] o.s.m.s.b.SimpleBrokerMessageHandler - Stopping...
[2026-05-11 11:22:48.803] [INFO ] [SpringApplicationShutdownHook] o.s.m.s.b.SimpleBrokerMessageHandler - BrokerAvailabilityEvent[available=false, SimpleBrokerMessageHandler [org.springframework.messaging.simp.broker.DefaultSubscriptionRegistry@69ec73f9]]
[2026-05-11 11:22:48.803] [INFO ] [SpringApplicationShutdownHook] o.s.m.s.b.SimpleBrokerMessageHandler - Stopped.
[2026-05-11 11:22:48.818] [INFO ] [SpringApplicationShutdownHook] com.zaxxer.hikari.HikariDataSource - HikariPool-1 - Shutdown initiated...
[2026-05-11 11:22:48.823] [INFO ] [SpringApplicationShutdownHook] com.zaxxer.hikari.HikariDataSource - HikariPool-1 - Shutdown completed.
[2026-05-11 11:22:50.728] [INFO ] [background-preinit] o.h.validator.internal.util.Version - HV000001: Hibernate Validator 8.0.3.Final
[2026-05-11 11:22:50.746] [INFO ] [restartedMain] com.sqld_board.sqld.SqldApplication - Starting SqldApplication using Java 17.0.11 with PID 24385 (/Users/minboklee/Downloads/sqld/build/classes/java/main started by minboklee in /Users/minboklee/Downloads/sqld)
[2026-05-11 11:22:50.746] [INFO ] [restartedMain] com.sqld_board.sqld.SqldApplication - The following 1 profile is active: "dev"
[2026-05-11 11:22:50.763] [INFO ] [restartedMain] o.s.b.d.restart.ChangeableUrls - The Class-Path manifest attribute in /Users/minboklee/.gradle/caches/modules-2/files-2.1/com.oracle.database.jdbc/ojdbc11/23.7.0.25.01/665f52abef9122ce003b5cfc1d9d44f7302e2cfe/ojdbc11-23.7.0.25.01.jar referenced one or more files that do not exist: file:/Users/minboklee/.gradle/caches/modules-2/files-2.1/com.oracle.database.jdbc/ojdbc11/23.7.0.25.01/665f52abef9122ce003b5cfc1d9d44f7302e2cfe/oraclepki.jar
[2026-05-11 11:22:50.764] [INFO ] [restartedMain] o.s.b.d.e.DevToolsPropertyDefaultsPostProcessor - Devtools property defaults active! Set 'spring.devtools.add-properties' to 'false' to disable
[2026-05-11 11:22:50.764] [INFO ] [restartedMain] o.s.b.d.e.DevToolsPropertyDefaultsPostProcessor - For additional web related logging consider setting the 'logging.level.web' property to 'DEBUG'
[2026-05-11 11:22:51.294] [INFO ] [restartedMain] o.s.d.r.c.RepositoryConfigurationDelegate - Multiple Spring Data modules found, entering strict repository configuration mode
[2026-05-11 11:22:51.295] [INFO ] [restartedMain] o.s.d.r.c.RepositoryConfigurationDelegate - Bootstrapping Spring Data Redis repositories in DEFAULT mode.
[2026-05-11 11:22:51.312] [INFO ] [restartedMain] o.s.d.r.c.RepositoryConfigurationDelegate - Finished Spring Data repository scanning in 8 ms. Found 0 Redis repository interfaces.
[2026-05-11 11:22:51.470] [INFO ] [restartedMain] c.u.j.c.EnableEncryptablePropertiesBeanFactoryPostProcessor - Post-processing PropertySource instances
[2026-05-11 11:22:51.470] [INFO ] [restartedMain] c.u.j.EncryptablePropertySourceConverter - Skipping PropertySource configurationProperties [class org.springframework.boot.context.properties.source.ConfigurationPropertySourcesPropertySource
[2026-05-11 11:22:51.470] [INFO ] [restartedMain] c.u.j.EncryptablePropertySourceConverter - Skipping PropertySource servletConfigInitParams [class org.springframework.core.env.PropertySource$StubPropertySource
[2026-05-11 11:22:51.470] [INFO ] [restartedMain] c.u.j.EncryptablePropertySourceConverter - Skipping PropertySource servletContextInitParams [class org.springframework.core.env.PropertySource$StubPropertySource
[2026-05-11 11:22:51.470] [INFO ] [restartedMain] c.u.j.EncryptablePropertySourceConverter - Converting PropertySource systemProperties [org.springframework.core.env.PropertiesPropertySource] to EncryptableMapPropertySourceWrapper
[2026-05-11 11:22:51.470] [INFO ] [restartedMain] c.u.j.EncryptablePropertySourceConverter - Converting PropertySource systemEnvironment [org.springframework.boot.env.SystemEnvironmentPropertySourceEnvironmentPostProcessor$OriginAwareSystemEnvironmentPropertySource] to EncryptableSystemEnvironmentPropertySourceWrapper
[2026-05-11 11:22:51.471] [INFO ] [restartedMain] c.u.j.EncryptablePropertySourceConverter - Converting PropertySource random [org.springframework.boot.env.RandomValuePropertySource] to EncryptablePropertySourceWrapper
[2026-05-11 11:22:51.471] [INFO ] [restartedMain] c.u.j.EncryptablePropertySourceConverter - Converting PropertySource Config resource 'class path resource [application-dev.yml]' via location 'optional:classpath:/' [org.springframework.boot.env.OriginTrackedMapPropertySource] to EncryptableMapPropertySourceWrapper
[2026-05-11 11:22:51.471] [INFO ] [restartedMain] c.u.j.EncryptablePropertySourceConverter - Converting PropertySource Config resource 'class path resource [application.yml]' via location 'optional:classpath:/' [org.springframework.boot.env.OriginTrackedMapPropertySource] to EncryptableMapPropertySourceWrapper
[2026-05-11 11:22:51.471] [INFO ] [restartedMain] c.u.j.EncryptablePropertySourceConverter - Converting PropertySource devtools [org.springframework.core.env.MapPropertySource] to EncryptableMapPropertySourceWrapper
[2026-05-11 11:22:51.471] [INFO ] [restartedMain] c.u.j.EncryptablePropertySourceConverter - Converting PropertySource applicationInfo [org.springframework.boot.ApplicationInfoPropertySource] to EncryptableMapPropertySourceWrapper
[2026-05-11 11:22:51.480] [INFO ] [restartedMain] c.u.j.f.DefaultLazyPropertyFilter - Property Filter custom Bean not found with name 'encryptablePropertyFilter'. Initializing Default Property Filter
[2026-05-11 11:22:51.484] [INFO ] [restartedMain] c.u.j.r.DefaultLazyPropertyResolver - Property Resolver custom Bean not found with name 'encryptablePropertyResolver'. Initializing Default Property Resolver
[2026-05-11 11:22:51.484] [INFO ] [restartedMain] c.u.j.d.DefaultLazyPropertyDetector - Property Detector custom Bean not found with name 'encryptablePropertyDetector'. Initializing Default Property Detector
[2026-05-11 11:22:51.742] [INFO ] [restartedMain] o.s.b.w.e.tomcat.TomcatWebServer - Tomcat initialized with port 8881 (http)
[2026-05-11 11:22:51.748] [INFO ] [restartedMain] o.a.coyote.http11.Http11NioProtocol - Initializing ProtocolHandler ["http-nio-8881"]
[2026-05-11 11:22:51.749] [INFO ] [restartedMain] o.a.catalina.core.StandardService - Starting service [Tomcat]
[2026-05-11 11:22:51.749] [INFO ] [restartedMain] o.a.catalina.core.StandardEngine - Starting Servlet engine: [Apache Tomcat/10.1.46]
[2026-05-11 11:22:51.768] [INFO ] [restartedMain] o.a.c.c.C.[Tomcat].[localhost].[/] - Initializing Spring embedded WebApplicationContext
[2026-05-11 11:22:51.768] [INFO ] [restartedMain] o.s.b.w.s.c.ServletWebServerApplicationContext - Root WebApplicationContext: initialization completed in 1004 ms
[2026-05-11 11:22:51.781] [INFO ] [restartedMain] c.u.j.encryptor.DefaultLazyEncryptor - String Encryptor custom Bean not found with name 'jasyptStringEncryptor'. Initializing Default String Encryptor
[2026-05-11 11:22:51.785] [INFO ] [restartedMain] c.u.j.c.StringEncryptorBuilder - Encryptor config not found for property jasypt.encryptor.key-obtention-iterations, using default value: 1000
[2026-05-11 11:22:51.785] [INFO ] [restartedMain] c.u.j.c.StringEncryptorBuilder - Encryptor config not found for property jasypt.encryptor.pool-size, using default value: 1
[2026-05-11 11:22:51.785] [INFO ] [restartedMain] c.u.j.c.StringEncryptorBuilder - Encryptor config not found for property jasypt.encryptor.provider-name, using default value: null
[2026-05-11 11:22:51.785] [INFO ] [restartedMain] c.u.j.c.StringEncryptorBuilder - Encryptor config not found for property jasypt.encryptor.provider-class-name, using default value: null
[2026-05-11 11:22:51.785] [INFO ] [restartedMain] c.u.j.c.StringEncryptorBuilder - Encryptor config not found for property jasypt.encryptor.salt-generator-classname, using default value: org.jasypt.salt.RandomSaltGenerator
[2026-05-11 11:22:51.786] [INFO ] [restartedMain] c.u.j.c.StringEncryptorBuilder - Encryptor config not found for property jasypt.encryptor.string-output-type, using default value: base64
[2026-05-11 11:22:52.584] [INFO ] [restartedMain] o.s.s.c.a.a.c.InitializeUserDetailsBeanManagerConfigurer$InitializeUserDetailsManagerConfigurer - Global AuthenticationManager configured with UserDetailsService bean with name customUserDetailService
[2026-05-11 11:22:52.606] [INFO ] [restartedMain] c.s.s.c.s.CustomSecurityConfig - ********* Security Config Loading: WebSocket Support Added
[2026-05-11 11:22:52.655] [WARN ] [restartedMain] o.s.s.c.a.w.b.WebSecurity$IgnoredRequestConfigurer - One of the patterns in [/demo-ui.html, /swagger-ui/**, /api-docs/**, /swagger-resources/**, /webjars/**, ws-stomp] is missing a leading slash. This is discouraged; please include the leading slash in all your request matcher patterns. In future versions of Spring Security, leaving out the leading slash will result in an exception.
[2026-05-11 11:22:52.659] [WARN ] [restartedMain] o.s.s.c.a.web.builders.WebSecurity - You are asking Spring Security to ignore Deferred [Mvc [pattern='/demo-ui.html'], Ant [pattern='/demo-ui.html']]. This is not recommended -- please use permitAll via HttpSecurity#authorizeHttpRequests instead.
[2026-05-11 11:22:52.659] [WARN ] [restartedMain] o.s.s.c.a.web.builders.WebSecurity - You are asking Spring Security to ignore Deferred [Mvc [pattern='/swagger-ui/**'], Ant [pattern='/swagger-ui/**']]. This is not recommended -- please use permitAll via HttpSecurity#authorizeHttpRequests instead.
[2026-05-11 11:22:52.659] [WARN ] [restartedMain] o.s.s.c.a.web.builders.WebSecurity - You are asking Spring Security to ignore Deferred [Mvc [pattern='/api-docs/**'], Ant [pattern='/api-docs/**']]. This is not recommended -- please use permitAll via HttpSecurity#authorizeHttpRequests instead.
[2026-05-11 11:22:52.659] [WARN ] [restartedMain] o.s.s.c.a.web.builders.WebSecurity - You are asking Spring Security to ignore Deferred [Mvc [pattern='/swagger-resources/**'], Ant [pattern='/swagger-resources/**']]. This is not recommended -- please use permitAll via HttpSecurity#authorizeHttpRequests instead.
[2026-05-11 11:22:52.659] [WARN ] [restartedMain] o.s.s.c.a.web.builders.WebSecurity - You are asking Spring Security to ignore Deferred [Mvc [pattern='/webjars/**'], Ant [pattern='/webjars/**']]. This is not recommended -- please use permitAll via HttpSecurity#authorizeHttpRequests instead.
[2026-05-11 11:22:52.659] [WARN ] [restartedMain] o.s.s.c.a.web.builders.WebSecurity - You are asking Spring Security to ignore Deferred [Mvc [pattern='ws-stomp'], Ant [pattern='ws-stomp']]. This is not recommended -- please use permitAll via HttpSecurity#authorizeHttpRequests instead.
[2026-05-11 11:22:52.902] [WARN ] [restartedMain] com.zaxxer.hikari.HikariConfig - HikariPool-1 - idleTimeout has been set but has no effect because the pool is operating as a fixed size pool.
[2026-05-11 11:22:52.902] [INFO ] [restartedMain] com.zaxxer.hikari.HikariDataSource - HikariPool-1 - Starting...
[2026-05-11 11:22:53.080] [INFO ] [restartedMain] com.zaxxer.hikari.pool.HikariPool - HikariPool-1 - Added connection net.sf.log4jdbc.sql.jdbcapi.ConnectionSpy@56678643
[2026-05-11 11:22:53.081] [INFO ] [restartedMain] com.zaxxer.hikari.HikariDataSource - HikariPool-1 - Start completed.
[2026-05-11 11:22:53.086] [INFO ] [restartedMain] o.s.b.a.h.H2ConsoleAutoConfiguration - H2 console available at '/h2-console'. Database available at 'jdbc:mysql://175.197.69.42:3306/sqld_database?serverTimezone=Asia/Seoul&useSSL=false&allowPublicKeyRetrieval=true&useUnicode=true&characterEncoding=UTF-8'
[2026-05-11 11:22:53.153] [INFO ] [restartedMain] o.s.b.d.a.OptionalLiveReloadServer - LiveReload server is running on port 35729
[2026-05-11 11:22:53.171] [INFO ] [restartedMain] o.s.m.s.b.SimpleBrokerMessageHandler - Starting...
[2026-05-11 11:22:53.171] [INFO ] [restartedMain] o.s.m.s.b.SimpleBrokerMessageHandler - BrokerAvailabilityEvent[available=true, SimpleBrokerMessageHandler [org.springframework.messaging.simp.broker.DefaultSubscriptionRegistry@5133fd26]]
[2026-05-11 11:22:53.172] [INFO ] [restartedMain] o.s.m.s.b.SimpleBrokerMessageHandler - Started.
[2026-05-11 11:22:53.172] [INFO ] [restartedMain] o.a.coyote.http11.Http11NioProtocol - Starting ProtocolHandler ["http-nio-8881"]
[2026-05-11 11:22:53.181] [INFO ] [restartedMain] o.s.b.w.e.tomcat.TomcatWebServer - Tomcat started on port 8881 (http) with context path '/'
[2026-05-11 11:22:53.181] [INFO ] [restartedMain] c.u.j.c.RefreshScopeRefreshedEventListener - Refreshing cached encryptable property sources on ServletWebServerInitializedEvent
[2026-05-11 11:22:53.181] [INFO ] [restartedMain] c.u.j.c.CachingDelegateEncryptablePropertySource - Property Source systemProperties refreshed
[2026-05-11 11:22:53.181] [INFO ] [restartedMain] c.u.j.c.CachingDelegateEncryptablePropertySource - Property Source systemEnvironment refreshed
[2026-05-11 11:22:53.181] [INFO ] [restartedMain] c.u.j.c.CachingDelegateEncryptablePropertySource - Property Source random refreshed
[2026-05-11 11:22:53.181] [INFO ] [restartedMain] c.u.j.c.CachingDelegateEncryptablePropertySource - Property Source Config resource 'class path resource [application-dev.yml]' via location 'optional:classpath:/' refreshed
[2026-05-11 11:22:53.181] [INFO ] [restartedMain] c.u.j.c.CachingDelegateEncryptablePropertySource - Property Source Config resource 'class path resource [application.yml]' via location 'optional:classpath:/' refreshed
[2026-05-11 11:22:53.182] [INFO ] [restartedMain] c.u.j.c.CachingDelegateEncryptablePropertySource - Property Source devtools refreshed
[2026-05-11 11:22:53.182] [INFO ] [restartedMain] c.u.j.c.CachingDelegateEncryptablePropertySource - Property Source applicationInfo refreshed
[2026-05-11 11:22:53.182] [INFO ] [restartedMain] c.u.j.EncryptablePropertySourceConverter - Skipping PropertySource configurationProperties [class org.springframework.boot.context.properties.source.ConfigurationPropertySourcesPropertySource
[2026-05-11 11:22:53.182] [INFO ] [restartedMain] c.u.j.EncryptablePropertySourceConverter - Skipping PropertySource servletConfigInitParams [class org.springframework.core.env.PropertySource$StubPropertySource
[2026-05-11 11:22:53.182] [INFO ] [restartedMain] c.u.j.EncryptablePropertySourceConverter - Converting PropertySource servletContextInitParams [org.springframework.web.context.support.ServletContextPropertySource] to EncryptableEnumerablePropertySourceWrapper
[2026-05-11 11:22:53.477] [INFO ] [restartedMain] com.sqld_board.sqld.SqldApplication - Started SqldApplication in 2.972 seconds (process running for 3.453)
[2026-05-11 11:23:27.122] [INFO ] [http-nio-8881-exec-1] o.a.c.c.C.[Tomcat].[localhost].[/] - Initializing Spring DispatcherServlet 'dispatcherServlet'
[2026-05-11 11:23:27.123] [INFO ] [http-nio-8881-exec-1] o.s.web.servlet.DispatcherServlet - Initializing Servlet 'dispatcherServlet'
[2026-05-11 11:23:27.130] [INFO ] [http-nio-8881-exec-1] o.s.web.servlet.DispatcherServlet - Completed initialization in 7 ms
[2026-05-11 11:23:27.250] [INFO ] [http-nio-8881-exec-1] jdbc.sqltiming - SELECT EXISTS
                (
                SELECT 1
                  FROM MEMBER_INFO
                 WHERE USER_EMAIL = 'test_gemini_final@example.com'
                )
 {executed in 19 msec}
[2026-05-11 11:23:27.270] [INFO ] [http-nio-8881-exec-1] jdbc.sqltiming - DELETE
          FROM EMAIL_VERIFICATION
         WHERE EMAIL_CHECK = 'test_gemini_final@example.com'
 {executed in 14 msec}
[2026-05-11 11:23:27.288] [INFO ] [http-nio-8881-exec-1] jdbc.sqltiming - INSERT INTO EMAIL_VERIFICATION (
            EMAIL_CHECK,
            IS_VERIFIED,
            VERIFICATION_CODE,
            EXPIRED_AT
        ) VALUES (
            'test_gemini_final@example.com',
            'N',
            '926858',
            2026-05-11T11:28:27.270592
        )
        ON DUPLICATE KEY UPDATE
            VERIFICATION_CODE = '926858',
            EXPIRED_AT = 2026-05-11T11:28:27.270592,
            IS_VERIFIED = 'N'
 {executed in 17 msec}
[2026-05-11 11:23:30.160] [INFO ] [http-nio-8881-exec-1] c.s.s.service.sign.SignServiceImpl - Verification code sent to: test_gemini_final@example.com
[2026-05-11 11:23:35.025] [INFO ] [http-nio-8881-exec-2] jdbc.sqltiming - SELECT 
            VERIFICATION_ID,
            EMAIL_CHECK,
            IS_VERIFIED,
            VERIFICATION_CODE,
            EXPIRED_AT
        FROM EMAIL_VERIFICATION
        WHERE EMAIL_CHECK = 'test_gemini_final@example.com'
        ORDER BY VERIFICATION_ID DESC
        LIMIT 1
 {executed in 8 msec}
[2026-05-11 11:23:35.044] [INFO ] [http-nio-8881-exec-2] jdbc.sqltiming - UPDATE EMAIL_VERIFICATION
        SET IS_VERIFIED = 'Y'
        WHERE EMAIL_CHECK = 'test_gemini_final@example.com'
 {executed in 16 msec}
[2026-05-11 11:23:37.492] [INFO ] [http-nio-8881-exec-4] jdbc.sqltiming - SELECT 
            VERIFICATION_ID,
            EMAIL_CHECK,
            IS_VERIFIED,
            VERIFICATION_CODE,
            EXPIRED_AT
        FROM EMAIL_VERIFICATION
        WHERE EMAIL_CHECK = 'test_gemini_final@example.com'
        ORDER BY VERIFICATION_ID DESC
        LIMIT 1
 {executed in 10 msec}
[2026-05-11 11:23:37.500] [INFO ] [http-nio-8881-exec-4] jdbc.sqltiming - SELECT EXISTS (
            SELECT 1 FROM MEMBER_INFO WHERE USER_ID = 'gemini_tester'
        )
 {executed in 7 msec}
[2026-05-11 11:23:37.507] [INFO ] [http-nio-8881-exec-4] jdbc.sqltiming - SELECT EXISTS (
            SELECT 1 FROM MEMBER_INFO WHERE USER_NAME = '테스터제미니'
        )
 {executed in 7 msec}
[2026-05-11 11:23:37.523] [INFO ] [http-nio-8881-exec-4] jdbc.sqltiming - INSERT INTO MEMBER_SEQUENCE (USER_ID) VALUES ('gemini_tester')
 {executed in 15 msec}
[2026-05-11 11:23:37.523] [INFO ] [http-nio-8881-exec-4] jdbc.sqltiming - getGeneratedKeys on query: INSERT INTO MEMBER_SEQUENCE (USER_ID) VALUES ('gemini_tester')
 {executed in 0 msec}
[2026-05-11 11:23:37.643] [INFO ] [http-nio-8881-exec-4] jdbc.sqltiming - INSERT INTO MEMBER_INFO( MEMBER_ID /* MemberMapper.signUpMember*/
                                , USER_ID
                                , USER_PASS
                                , USER_NAME
                                , USER_EMAIL
                                , EMAIL_VERIFIED
                                , USER_ROLE
                                , USER_STATUS
                                , CREATE_AT
                                , UPDATE_AT
                                )
            VALUES              ( 'MEMBER_20260511_001'
                                , 'gemini_tester'
                                , '$2a$10$5Ia.11w39WJtsTYBu2IeN.hqovLOKSCEm9u.XMGet2pEe6fYjysY.'
                                , '테스터제미니'
                                , 'test_gemini_final@example.com'
                                , NULL
                                , 'USER'
                                , 'Y'
                                , NOW()
                                , NOW()
                                )
 {executed in 13 msec}
[2026-05-11 11:23:37.658] [INFO ] [http-nio-8881-exec-4] jdbc.sqltiming - DELETE
          FROM EMAIL_VERIFICATION
         WHERE EMAIL_CHECK = 'test_gemini_final@example.com'
 {executed in 14 msec}
[2026-05-11 11:23:40.121] [INFO ] [http-nio-8881-exec-6] jdbc.sqltiming - SELECT MEMBER_ID
             , USER_ID
             , USER_PASS
             , USER_NAME
             , USER_EMAIL
             , EMAIL_VERIFIED
             , USER_ROLE
             , USER_STATUS
             , PROFILE_IMAGE
             , CREATE_AT
             , UPDATE_AT
             , LAST_LOG_AT
          FROM MEMBER_INFO
         WHERE USER_ID = 'gemini_tester'
         LIMIT 1
 {executed in 9 msec}
[2026-05-11 11:23:40.238] [INFO ] [http-nio-8881-exec-6] jdbc.sqltiming - UPDATE MEMBER_INFO
        SET LAST_LOG_AT = NOW()
        WHERE MEMBER_ID = 'MEMBER_20260511_001'
 {executed in 15 msec}
[2026-05-11 11:23:40.276] [INFO ] [http-nio-8881-exec-6] jdbc.sqltiming - DELETE FROM REFRESH_TOKEN WHERE MEMBER_ID = 'MEMBER_20260511_001'
 {executed in 16 msec}
[2026-05-11 11:23:40.293] [INFO ] [http-nio-8881-exec-6] jdbc.sqltiming - INSERT INTO REFRESH_TOKEN (MEMBER_ID, R_TOKEN, EXPIRY_DATE)
        VALUES ('MEMBER_20260511_001', '011017b6-5426-4ef1-b396-84df70ea155b', '05/18/2026 11:23:40.276')
 {executed in 16 msec}
[2026-05-11 11:23:43.515] [INFO ] [http-nio-8881-exec-8] jdbc.sqltiming - SELECT /* MemberMapper.readMemberByMemberId (memberId를 통한 회원 정보 조회) */
               MEMBER_ID
             , USER_ID
             , USER_PASS
             , USER_NAME
             , USER_EMAIL
             , EMAIL_VERIFIED
             , USER_ROLE
             , USER_STATUS
             , PROFILE_IMAGE
             , CREATE_AT
             , UPDATE_AT
             , LAST_LOG_AT
          FROM MEMBER_INFO
        WHERE MEMBER_ID = 'MEMBER_20260511_001'
 {executed in 9 msec}
[2026-05-11 11:23:43.520] [INFO ] [http-nio-8881-exec-8] c.s.sqld.exception.ExceptionAdvice - error
org.springframework.web.HttpMediaTypeNotSupportedException: Content-Type 'application/json' is not supported
	at org.springframework.web.servlet.mvc.method.RequestMappingInfoHandlerMapping.handleNoMatch(RequestMappingInfoHandlerMapping.java:282)
	at org.springframework.web.servlet.handler.AbstractHandlerMethodMapping.lookupHandlerMethod(AbstractHandlerMethodMapping.java:441)
	at org.springframework.web.servlet.handler.AbstractHandlerMethodMapping.getHandlerInternal(AbstractHandlerMethodMapping.java:382)
	at org.springframework.web.servlet.mvc.method.RequestMappingInfoHandlerMapping.getHandlerInternal(RequestMappingInfoHandlerMapping.java:127)
	at org.springframework.web.servlet.mvc.method.RequestMappingInfoHandlerMapping.getHandlerInternal(RequestMappingInfoHandlerMapping.java:68)
	at org.springframework.web.servlet.handler.AbstractHandlerMapping.getHandler(AbstractHandlerMapping.java:509)
	at org.springframework.web.servlet.DispatcherServlet.getHandler(DispatcherServlet.java:1284)
	at org.springframework.web.servlet.DispatcherServlet.doDispatch(DispatcherServlet.java:1065)
	at org.springframework.web.servlet.DispatcherServlet.doService(DispatcherServlet.java:979)
	at org.springframework.web.servlet.FrameworkServlet.processRequest(FrameworkServlet.java:1014)
	at org.springframework.web.servlet.FrameworkServlet.doPost(FrameworkServlet.java:914)
	at jakarta.servlet.http.HttpServlet.service(HttpServlet.java:590)
	at org.springframework.web.servlet.FrameworkServlet.service(FrameworkServlet.java:885)
	at jakarta.servlet.http.HttpServlet.service(HttpServlet.java:658)
	at org.apache.catalina.core.ApplicationFilterChain.internalDoFilter(ApplicationFilterChain.java:195)
	at org.apache.catalina.core.ApplicationFilterChain.doFilter(ApplicationFilterChain.java:140)
	at org.apache.tomcat.websocket.server.WsFilter.doFilter(WsFilter.java:51)
	at org.apache.catalina.core.ApplicationFilterChain.internalDoFilter(ApplicationFilterChain.java:164)
	at org.apache.catalina.core.ApplicationFilterChain.doFilter(ApplicationFilterChain.java:140)
	at org.springframework.web.filter.OncePerRequestFilter.doFilter(OncePerRequestFilter.java:110)
	at org.apache.catalina.core.ApplicationFilterChain.internalDoFilter(ApplicationFilterChain.java:164)
	at org.apache.catalina.core.ApplicationFilterChain.doFilter(ApplicationFilterChain.java:140)
	at org.springframework.web.filter.CompositeFilter$VirtualFilterChain.doFilter(CompositeFilter.java:108)
	at org.springframework.web.filter.CompositeFilter$VirtualFilterChain.doFilter(CompositeFilter.java:108)
	at org.springframework.security.web.FilterChainProxy.lambda$doFilterInternal$3(FilterChainProxy.java:231)
	at org.springframework.security.web.FilterChainProxy$VirtualFilterChain.doFilter(FilterChainProxy.java:365)
	at org.springframework.security.web.access.intercept.AuthorizationFilter.doFilter(AuthorizationFilter.java:101)
	at org.springframework.security.web.FilterChainProxy$VirtualFilterChain.doFilter(FilterChainProxy.java:374)
	at org.springframework.security.web.access.ExceptionTranslationFilter.doFilter(ExceptionTranslationFilter.java:125)
	at org.springframework.security.web.access.ExceptionTranslationFilter.doFilter(ExceptionTranslationFilter.java:119)
	at org.springframework.security.web.FilterChainProxy$VirtualFilterChain.doFilter(FilterChainProxy.java:374)
	at org.springframework.security.web.session.SessionManagementFilter.doFilter(SessionManagementFilter.java:131)
	at org.springframework.security.web.session.SessionManagementFilter.doFilter(SessionManagementFilter.java:85)
	at org.springframework.security.web.FilterChainProxy$VirtualFilterChain.doFilter(FilterChainProxy.java:374)
	at org.springframework.security.web.authentication.AnonymousAuthenticationFilter.doFilter(AnonymousAuthenticationFilter.java:100)
	at org.springframework.security.web.FilterChainProxy$VirtualFilterChain.doFilter(FilterChainProxy.java:374)
	at org.springframework.security.web.servletapi.SecurityContextHolderAwareRequestFilter.doFilter(SecurityContextHolderAwareRequestFilter.java:179)
	at org.springframework.security.web.FilterChainProxy$VirtualFilterChain.doFilter(FilterChainProxy.java:374)
	at org.springframework.security.web.savedrequest.RequestCacheAwareFilter.doFilter(RequestCacheAwareFilter.java:63)
	at org.springframework.security.web.FilterChainProxy$VirtualFilterChain.doFilter(FilterChainProxy.java:374)
	at com.sqld_board.sqld.config.security.JwtAuthenticationFilter.doFilterInternal(JwtAuthenticationFilter.java:62)
	at org.springframework.web.filter.OncePerRequestFilter.doFilter(OncePerRequestFilter.java:116)
	at org.springframework.security.web.FilterChainProxy$VirtualFilterChain.doFilter(FilterChainProxy.java:374)
	at org.springframework.security.web.authentication.logout.LogoutFilter.doFilter(LogoutFilter.java:107)
	at org.springframework.security.web.authentication.logout.LogoutFilter.doFilter(LogoutFilter.java:93)
	at org.springframework.security.web.FilterChainProxy$VirtualFilterChain.doFilter(FilterChainProxy.java:374)
	at org.springframework.web.filter.CorsFilter.doFilterInternal(CorsFilter.java:91)
	at org.springframework.web.filter.OncePerRequestFilter.doFilter(OncePerRequestFilter.java:116)
	at org.springframework.security.web.FilterChainProxy$VirtualFilterChain.doFilter(FilterChainProxy.java:374)
	at org.springframework.security.web.header.HeaderWriterFilter.doHeadersAfter(HeaderWriterFilter.java:90)
	at org.springframework.security.web.header.HeaderWriterFilter.doFilterInternal(HeaderWriterFilter.java:75)
	at org.springframework.web.filter.OncePerRequestFilter.doFilter(OncePerRequestFilter.java:116)
	at org.springframework.security.web.FilterChainProxy$VirtualFilterChain.doFilter(FilterChainProxy.java:374)
	at org.springframework.security.web.context.SecurityContextHolderFilter.doFilter(SecurityContextHolderFilter.java:82)
	at org.springframework.security.web.context.SecurityContextHolderFilter.doFilter(SecurityContextHolderFilter.java:69)
	at org.springframework.security.web.FilterChainProxy$VirtualFilterChain.doFilter(FilterChainProxy.java:374)
	at org.springframework.security.web.context.request.async.WebAsyncManagerIntegrationFilter.doFilterInternal(WebAsyncManagerIntegrationFilter.java:62)
	at org.springframework.web.filter.OncePerRequestFilter.doFilter(OncePerRequestFilter.java:116)
	at org.springframework.security.web.FilterChainProxy$VirtualFilterChain.doFilter(FilterChainProxy.java:374)
	at org.springframework.security.web.session.DisableEncodeUrlFilter.doFilterInternal(DisableEncodeUrlFilter.java:42)
	at org.springframework.web.filter.OncePerRequestFilter.doFilter(OncePerRequestFilter.java:116)
	at org.springframework.security.web.FilterChainProxy$VirtualFilterChain.doFilter(FilterChainProxy.java:374)
	at org.springframework.security.web.FilterChainProxy.doFilterInternal(FilterChainProxy.java:233)
	at org.springframework.security.web.FilterChainProxy.doFilter(FilterChainProxy.java:191)
	at org.springframework.web.filter.CompositeFilter$VirtualFilterChain.doFilter(CompositeFilter.java:113)
	at org.springframework.web.filter.ServletRequestPathFilter.doFilter(ServletRequestPathFilter.java:52)
	at org.springframework.web.filter.CompositeFilter$VirtualFilterChain.doFilter(CompositeFilter.java:113)
	at org.springframework.web.filter.CompositeFilter.doFilter(CompositeFilter.java:74)
	at org.springframework.security.config.annotation.web.configuration.WebSecurityConfiguration$CompositeFilterChainProxy.doFilter(WebSecurityConfiguration.java:319)
	at org.springframework.web.filter.CompositeFilter$VirtualFilterChain.doFilter(CompositeFilter.java:113)
	at org.springframework.web.servlet.handler.HandlerMappingIntrospector.lambda$createCacheFilter$4(HandlerMappingIntrospector.java:267)
	at org.springframework.web.filter.CompositeFilter$VirtualFilterChain.doFilter(CompositeFilter.java:113)
	at org.springframework.web.filter.CompositeFilter.doFilter(CompositeFilter.java:74)
	at org.springframework.security.config.annotation.web.configuration.WebMvcSecurityConfiguration$CompositeFilterChainProxy.doFilter(WebMvcSecurityConfiguration.java:240)
	at org.springframework.web.filter.DelegatingFilterProxy.invokeDelegate(DelegatingFilterProxy.java:362)
	at org.springframework.web.filter.DelegatingFilterProxy.doFilter(DelegatingFilterProxy.java:278)
	at org.apache.catalina.core.ApplicationFilterChain.internalDoFilter(ApplicationFilterChain.java:164)
	at org.apache.catalina.core.ApplicationFilterChain.doFilter(ApplicationFilterChain.java:140)
	at org.springframework.web.filter.RequestContextFilter.doFilterInternal(RequestContextFilter.java:100)
	at org.springframework.web.filter.OncePerRequestFilter.doFilter(OncePerRequestFilter.java:116)
	at org.apache.catalina.core.ApplicationFilterChain.internalDoFilter(ApplicationFilterChain.java:164)
	at org.apache.catalina.core.ApplicationFilterChain.doFilter(ApplicationFilterChain.java:140)
	at org.springframework.web.filter.FormContentFilter.doFilterInternal(FormContentFilter.java:93)
	at org.springframework.web.filter.OncePerRequestFilter.doFilter(OncePerRequestFilter.java:116)
	at org.apache.catalina.core.ApplicationFilterChain.internalDoFilter(ApplicationFilterChain.java:164)
	at org.apache.catalina.core.ApplicationFilterChain.doFilter(ApplicationFilterChain.java:140)
	at org.springframework.web.filter.CharacterEncodingFilter.doFilterInternal(CharacterEncodingFilter.java:201)
	at org.springframework.web.filter.OncePerRequestFilter.doFilter(OncePerRequestFilter.java:116)
	at org.apache.catalina.core.ApplicationFilterChain.internalDoFilter(ApplicationFilterChain.java:164)
	at org.apache.catalina.core.ApplicationFilterChain.doFilter(ApplicationFilterChain.java:140)
	at org.apache.catalina.core.StandardWrapperValve.invoke(StandardWrapperValve.java:167)
	at org.apache.catalina.core.StandardContextValve.invoke(StandardContextValve.java:90)
	at org.apache.catalina.authenticator.AuthenticatorBase.invoke(AuthenticatorBase.java:483)
	at org.apache.catalina.core.StandardHostValve.invoke(StandardHostValve.java:116)
	at org.apache.catalina.valves.ErrorReportValve.invoke(ErrorReportValve.java:93)
	at org.apache.catalina.core.StandardEngineValve.invoke(StandardEngineValve.java:74)
	at org.apache.catalina.connector.CoyoteAdapter.service(CoyoteAdapter.java:344)
	at org.apache.coyote.http11.Http11Processor.service(Http11Processor.java:398)
	at org.apache.coyote.AbstractProcessorLight.process(AbstractProcessorLight.java:63)
	at org.apache.coyote.AbstractProtocol$ConnectionHandler.process(AbstractProtocol.java:903)
	at org.apache.tomcat.util.net.NioEndpoint$SocketProcessor.doRun(NioEndpoint.java:1776)
	at org.apache.tomcat.util.net.SocketProcessorBase.run(SocketProcessorBase.java:52)
	at org.apache.tomcat.util.threads.ThreadPoolExecutor.runWorker(ThreadPoolExecutor.java:975)
	at org.apache.tomcat.util.threads.ThreadPoolExecutor$Worker.run(ThreadPoolExecutor.java:493)
	at org.apache.tomcat.util.threads.TaskThread$WrappingRunnable.run(TaskThread.java:63)
	at java.base/java.lang.Thread.run(Thread.java:840)
[2026-05-11 11:23:43.524] [WARN ] [http-nio-8881-exec-8] o.s.w.s.m.m.a.ExceptionHandlerExceptionResolver - Resolved [org.springframework.web.HttpMediaTypeNotSupportedException: Content-Type 'application/json' is not supported]
[2026-05-11 11:23:48.693] [INFO ] [http-nio-8881-exec-9] jdbc.sqltiming - SELECT /* MemberMapper.readMemberByMemberId (memberId를 통한 회원 정보 조회) */
               MEMBER_ID
             , USER_ID
             , USER_PASS
             , USER_NAME
             , USER_EMAIL
             , EMAIL_VERIFIED
             , USER_ROLE
             , USER_STATUS
             , PROFILE_IMAGE
             , CREATE_AT
             , UPDATE_AT
             , LAST_LOG_AT
          FROM MEMBER_INFO
        WHERE MEMBER_ID = 'MEMBER_20260511_001'
 {executed in 9 msec}
[2026-05-11 11:23:48.742] [INFO ] [http-nio-8881-exec-9] jdbc.sqltiming - SELECT /* BoardMasterMapper.validateBoardCodeExist (boardCode 중복 확인) */
               COUNT(1)
          FROM BOARD_MASTER
         WHERE BOARD_CODE = 'B_SQLD_01'
 {executed in 9 msec}
[2026-05-11 11:23:48.753] [INFO ] [http-nio-8881-exec-9] jdbc.sqltiming - SELECT /* BoardMapper.isValidCategoryForBoard */
               COUNT(1)
          FROM BOARD_MASTER BM
    INNER JOIN COMMON_CODE_DETAIL CCD           /* inner 는 생략 가능 */
            ON BM.GROUP_CODE = CCD.GROUP_CODE
         WHERE BM.BOARD_CODE = 'B_SQLD_01'      /* 게시판 확인 */
           AND CCD.CODE_ID = 'S01'       /* 카데고리명 확인 */
           AND BM.USE_YN= 'Y'                   /* 사용중인 게시판인지 확인 */
           AND CCD.USE_YN= 'Y'                  /* 사용중인 카테고리인지 확인 */
 {executed in 10 msec}
[2026-05-11 11:23:48.767] [ERROR] [http-nio-8881-exec-9] c.s.sqld.exception.ExceptionAdvice - null
com.sqld_board.sqld.exception.board.InvalidCategoryException: null
	at com.sqld_board.sqld.service.board.BoardServiceImpl.isValidateCategoryForBoard(BoardServiceImpl.java:864)
	at com.sqld_board.sqld.service.board.BoardServiceImpl.writeBoard(BoardServiceImpl.java:377)
	at java.base/jdk.internal.reflect.NativeMethodAccessorImpl.invoke0(Native Method)
	at java.base/jdk.internal.reflect.NativeMethodAccessorImpl.invoke(NativeMethodAccessorImpl.java:77)
	at java.base/jdk.internal.reflect.DelegatingMethodAccessorImpl.invoke(DelegatingMethodAccessorImpl.java:43)
	at java.base/java.lang.reflect.Method.invoke(Method.java:568)
	at org.springframework.aop.support.AopUtils.invokeJoinpointUsingReflection(AopUtils.java:360)
	at org.springframework.aop.framework.ReflectiveMethodInvocation.invokeJoinpoint(ReflectiveMethodInvocation.java:196)
	at org.springframework.aop.framework.ReflectiveMethodInvocation.proceed(ReflectiveMethodInvocation.java:163)
	at org.springframework.transaction.interceptor.TransactionAspectSupport.invokeWithinTransaction(TransactionAspectSupport.java:380)
	at org.springframework.transaction.interceptor.TransactionInterceptor.invoke(TransactionInterceptor.java:119)
	at org.springframework.aop.framework.ReflectiveMethodInvocation.proceed(ReflectiveMethodInvocation.java:184)
	at org.springframework.aop.framework.CglibAopProxy$DynamicAdvisedInterceptor.intercept(CglibAopProxy.java:728)
	at com.sqld_board.sqld.service.board.BoardServiceImpl$$SpringCGLIB$$0.writeBoard(<generated>)
	at com.sqld_board.sqld.controller.board.BoardController.writeBoard(BoardController.java:183)
	at java.base/jdk.internal.reflect.NativeMethodAccessorImpl.invoke0(Native Method)
	at java.base/jdk.internal.reflect.NativeMethodAccessorImpl.invoke(NativeMethodAccessorImpl.java:77)
	at java.base/jdk.internal.reflect.DelegatingMethodAccessorImpl.invoke(DelegatingMethodAccessorImpl.java:43)
	at java.base/java.lang.reflect.Method.invoke(Method.java:568)
	at org.springframework.web.method.support.InvocableHandlerMethod.doInvoke(InvocableHandlerMethod.java:258)
	at org.springframework.web.method.support.InvocableHandlerMethod.invokeForRequest(InvocableHandlerMethod.java:191)
	at org.springframework.web.servlet.mvc.method.annotation.ServletInvocableHandlerMethod.invokeAndHandle(ServletInvocableHandlerMethod.java:118)
	at org.springframework.web.servlet.mvc.method.annotation.RequestMappingHandlerAdapter.invokeHandlerMethod(RequestMappingHandlerAdapter.java:991)
	at org.springframework.web.servlet.mvc.method.annotation.RequestMappingHandlerAdapter.handleInternal(RequestMappingHandlerAdapter.java:896)
	at org.springframework.web.servlet.mvc.method.AbstractHandlerMethodAdapter.handle(AbstractHandlerMethodAdapter.java:87)
	at org.springframework.web.servlet.DispatcherServlet.doDispatch(DispatcherServlet.java:1089)
	at org.springframework.web.servlet.DispatcherServlet.doService(DispatcherServlet.java:979)
	at org.springframework.web.servlet.FrameworkServlet.processRequest(FrameworkServlet.java:1014)
	at org.springframework.web.servlet.FrameworkServlet.doPost(FrameworkServlet.java:914)
	at jakarta.servlet.http.HttpServlet.service(HttpServlet.java:590)
	at org.springframework.web.servlet.FrameworkServlet.service(FrameworkServlet.java:885)
	at jakarta.servlet.http.HttpServlet.service(HttpServlet.java:658)
	at org.apache.catalina.core.ApplicationFilterChain.internalDoFilter(ApplicationFilterChain.java:195)
	at org.apache.catalina.core.ApplicationFilterChain.doFilter(ApplicationFilterChain.java:140)
	at org.apache.tomcat.websocket.server.WsFilter.doFilter(WsFilter.java:51)
	at org.apache.catalina.core.ApplicationFilterChain.internalDoFilter(ApplicationFilterChain.java:164)
	at org.apache.catalina.core.ApplicationFilterChain.doFilter(ApplicationFilterChain.java:140)
	at org.springframework.web.filter.OncePerRequestFilter.doFilter(OncePerRequestFilter.java:110)
	at org.apache.catalina.core.ApplicationFilterChain.internalDoFilter(ApplicationFilterChain.java:164)
	at org.apache.catalina.core.ApplicationFilterChain.doFilter(ApplicationFilterChain.java:140)
	at org.springframework.web.filter.CompositeFilter$VirtualFilterChain.doFilter(CompositeFilter.java:108)
	at org.springframework.web.filter.CompositeFilter$VirtualFilterChain.doFilter(CompositeFilter.java:108)
	at org.springframework.security.web.FilterChainProxy.lambda$doFilterInternal$3(FilterChainProxy.java:231)
	at org.springframework.security.web.FilterChainProxy$VirtualFilterChain.doFilter(FilterChainProxy.java:365)
	at org.springframework.security.web.access.intercept.AuthorizationFilter.doFilter(AuthorizationFilter.java:101)
	at org.springframework.security.web.FilterChainProxy$VirtualFilterChain.doFilter(FilterChainProxy.java:374)
	at org.springframework.security.web.access.ExceptionTranslationFilter.doFilter(ExceptionTranslationFilter.java:125)
	at org.springframework.security.web.access.ExceptionTranslationFilter.doFilter(ExceptionTranslationFilter.java:119)
	at org.springframework.security.web.FilterChainProxy$VirtualFilterChain.doFilter(FilterChainProxy.java:374)
	at org.springframework.security.web.session.SessionManagementFilter.doFilter(SessionManagementFilter.java:131)
	at org.springframework.security.web.session.SessionManagementFilter.doFilter(SessionManagementFilter.java:85)
	at org.springframework.security.web.FilterChainProxy$VirtualFilterChain.doFilter(FilterChainProxy.java:374)
	at org.springframework.security.web.authentication.AnonymousAuthenticationFilter.doFilter(AnonymousAuthenticationFilter.java:100)
	at org.springframework.security.web.FilterChainProxy$VirtualFilterChain.doFilter(FilterChainProxy.java:374)
	at org.springframework.security.web.servletapi.SecurityContextHolderAwareRequestFilter.doFilter(SecurityContextHolderAwareRequestFilter.java:179)
	at org.springframework.security.web.FilterChainProxy$VirtualFilterChain.doFilter(FilterChainProxy.java:374)
	at org.springframework.security.web.savedrequest.RequestCacheAwareFilter.doFilter(RequestCacheAwareFilter.java:63)
	at org.springframework.security.web.FilterChainProxy$VirtualFilterChain.doFilter(FilterChainProxy.java:374)
	at com.sqld_board.sqld.config.security.JwtAuthenticationFilter.doFilterInternal(JwtAuthenticationFilter.java:62)
	at org.springframework.web.filter.OncePerRequestFilter.doFilter(OncePerRequestFilter.java:116)
	at org.springframework.security.web.FilterChainProxy$VirtualFilterChain.doFilter(FilterChainProxy.java:374)
	at org.springframework.security.web.authentication.logout.LogoutFilter.doFilter(LogoutFilter.java:107)
	at org.springframework.security.web.authentication.logout.LogoutFilter.doFilter(LogoutFilter.java:93)
	at org.springframework.security.web.FilterChainProxy$VirtualFilterChain.doFilter(FilterChainProxy.java:374)
	at org.springframework.web.filter.CorsFilter.doFilterInternal(CorsFilter.java:91)
	at org.springframework.web.filter.OncePerRequestFilter.doFilter(OncePerRequestFilter.java:116)
	at org.springframework.security.web.FilterChainProxy$VirtualFilterChain.doFilter(FilterChainProxy.java:374)
	at org.springframework.security.web.header.HeaderWriterFilter.doHeadersAfter(HeaderWriterFilter.java:90)
	at org.springframework.security.web.header.HeaderWriterFilter.doFilterInternal(HeaderWriterFilter.java:75)
	at org.springframework.web.filter.OncePerRequestFilter.doFilter(OncePerRequestFilter.java:116)
	at org.springframework.security.web.FilterChainProxy$VirtualFilterChain.doFilter(FilterChainProxy.java:374)
	at org.springframework.security.web.context.SecurityContextHolderFilter.doFilter(SecurityContextHolderFilter.java:82)
	at org.springframework.security.web.context.SecurityContextHolderFilter.doFilter(SecurityContextHolderFilter.java:69)
	at org.springframework.security.web.FilterChainProxy$VirtualFilterChain.doFilter(FilterChainProxy.java:374)
	at org.springframework.security.web.context.request.async.WebAsyncManagerIntegrationFilter.doFilterInternal(WebAsyncManagerIntegrationFilter.java:62)
	at org.springframework.web.filter.OncePerRequestFilter.doFilter(OncePerRequestFilter.java:116)
	at org.springframework.security.web.FilterChainProxy$VirtualFilterChain.doFilter(FilterChainProxy.java:374)
	at org.springframework.security.web.session.DisableEncodeUrlFilter.doFilterInternal(DisableEncodeUrlFilter.java:42)
	at org.springframework.web.filter.OncePerRequestFilter.doFilter(OncePerRequestFilter.java:116)
	at org.springframework.security.web.FilterChainProxy$VirtualFilterChain.doFilter(FilterChainProxy.java:374)
	at org.springframework.security.web.FilterChainProxy.doFilterInternal(FilterChainProxy.java:233)
	at org.springframework.security.web.FilterChainProxy.doFilter(FilterChainProxy.java:191)
	at org.springframework.web.filter.CompositeFilter$VirtualFilterChain.doFilter(CompositeFilter.java:113)
	at org.springframework.web.filter.ServletRequestPathFilter.doFilter(ServletRequestPathFilter.java:52)
	at org.springframework.web.filter.CompositeFilter$VirtualFilterChain.doFilter(CompositeFilter.java:113)
	at org.springframework.web.filter.CompositeFilter.doFilter(CompositeFilter.java:74)
	at org.springframework.security.config.annotation.web.configuration.WebSecurityConfiguration$CompositeFilterChainProxy.doFilter(WebSecurityConfiguration.java:319)
	at org.springframework.web.filter.CompositeFilter$VirtualFilterChain.doFilter(CompositeFilter.java:113)
	at org.springframework.web.servlet.handler.HandlerMappingIntrospector.lambda$createCacheFilter$4(HandlerMappingIntrospector.java:267)
	at org.springframework.web.filter.CompositeFilter$VirtualFilterChain.doFilter(CompositeFilter.java:113)
	at org.springframework.web.filter.CompositeFilter.doFilter(CompositeFilter.java:74)
	at org.springframework.security.config.annotation.web.configuration.WebMvcSecurityConfiguration$CompositeFilterChainProxy.doFilter(WebMvcSecurityConfiguration.java:240)
	at org.springframework.web.filter.DelegatingFilterProxy.invokeDelegate(DelegatingFilterProxy.java:362)
	at org.springframework.web.filter.DelegatingFilterProxy.doFilter(DelegatingFilterProxy.java:278)
	at org.apache.catalina.core.ApplicationFilterChain.internalDoFilter(ApplicationFilterChain.java:164)
	at org.apache.catalina.core.ApplicationFilterChain.doFilter(ApplicationFilterChain.java:140)
	at org.springframework.web.filter.RequestContextFilter.doFilterInternal(RequestContextFilter.java:100)
	at org.springframework.web.filter.OncePerRequestFilter.doFilter(OncePerRequestFilter.java:116)
	at org.apache.catalina.core.ApplicationFilterChain.internalDoFilter(ApplicationFilterChain.java:164)
	at org.apache.catalina.core.ApplicationFilterChain.doFilter(ApplicationFilterChain.java:140)
	at org.springframework.web.filter.FormContentFilter.doFilterInternal(FormContentFilter.java:93)
	at org.springframework.web.filter.OncePerRequestFilter.doFilter(OncePerRequestFilter.java:116)
	at org.apache.catalina.core.ApplicationFilterChain.internalDoFilter(ApplicationFilterChain.java:164)
	at org.apache.catalina.core.ApplicationFilterChain.doFilter(ApplicationFilterChain.java:140)
	at org.springframework.web.filter.CharacterEncodingFilter.doFilterInternal(CharacterEncodingFilter.java:201)
	at org.springframework.web.filter.OncePerRequestFilter.doFilter(OncePerRequestFilter.java:116)
	at org.apache.catalina.core.ApplicationFilterChain.internalDoFilter(ApplicationFilterChain.java:164)
	at org.apache.catalina.core.ApplicationFilterChain.doFilter(ApplicationFilterChain.java:140)
	at org.apache.catalina.core.StandardWrapperValve.invoke(StandardWrapperValve.java:167)
	at org.apache.catalina.core.StandardContextValve.invoke(StandardContextValve.java:90)
	at org.apache.catalina.authenticator.AuthenticatorBase.invoke(AuthenticatorBase.java:483)
	at org.apache.catalina.core.StandardHostValve.invoke(StandardHostValve.java:116)
	at org.apache.catalina.valves.ErrorReportValve.invoke(ErrorReportValve.java:93)
	at org.apache.catalina.core.StandardEngineValve.invoke(StandardEngineValve.java:74)
	at org.apache.catalina.connector.CoyoteAdapter.service(CoyoteAdapter.java:344)
	at org.apache.coyote.http11.Http11Processor.service(Http11Processor.java:398)
	at org.apache.coyote.AbstractProcessorLight.process(AbstractProcessorLight.java:63)
	at org.apache.coyote.AbstractProtocol$ConnectionHandler.process(AbstractProtocol.java:903)
	at org.apache.tomcat.util.net.NioEndpoint$SocketProcessor.doRun(NioEndpoint.java:1776)
	at org.apache.tomcat.util.net.SocketProcessorBase.run(SocketProcessorBase.java:52)
	at org.apache.tomcat.util.threads.ThreadPoolExecutor.runWorker(ThreadPoolExecutor.java:975)
	at org.apache.tomcat.util.threads.ThreadPoolExecutor$Worker.run(ThreadPoolExecutor.java:493)
	at org.apache.tomcat.util.threads.TaskThread$WrappingRunnable.run(TaskThread.java:63)
	at java.base/java.lang.Thread.run(Thread.java:840)
[2026-05-11 11:23:48.769] [WARN ] [http-nio-8881-exec-9] o.s.w.s.m.m.a.ExceptionHandlerExceptionResolver - Resolved [com.sqld_board.sqld.exception.board.InvalidCategoryException]
[2026-05-11 11:23:51.056] [INFO ] [http-nio-8881-exec-1] jdbc.sqltiming - SELECT /*  boardMapper.getCategoryListByBoardCode 특정 게시판(boardCode)에 소속된 카테고리 목록 조회 */
               CCD.CODE_ID AS categoryId
             , CCD.CODE_NAME AS categoryName
          FROM BOARD_MASTER BM
    INNER JOIN COMMON_CODE_DETAIL CCD
            ON BM.GROUP_CODE = CCD.GROUP_CODE
         WHERE BM.BOARD_CODE = 'B_GREET'
           AND BM.USE_YN = 'Y'
      ORDER BY CCD.SORT_ORDER ASC
 {executed in 9 msec}
[2026-05-11 11:23:53.174] [INFO ] [MessageBroker-1] o.s.w.s.c.WebSocketMessageBrokerStats - WebSocketSession[0 current WS(0)-HttpStream(0)-HttpPoll(0), 0 total, 0 closed abnormally (0 connect failure, 0 send limit, 0 transport error)], stompSubProtocol[processed CONNECT(0)-CONNECTED(0)-DISCONNECT(0)], stompBrokerRelay[null], inboundChannel[pool size = 0, active threads = 0, queued tasks = 0, completed tasks = 0], outboundChannel[pool size = 0, active threads = 0, queued tasks = 0, completed tasks = 0], sockJsScheduler[pool size = 5, active threads = 1, queued tasks = 4, completed tasks = 0]
[2026-05-11 11:24:01.744] [INFO ] [http-nio-8881-exec-3] jdbc.sqltiming - SELECT  /* BoardMapper.getBoardList (게시판 목록 전체를 조회하는 쿼리 (사용자 정보 JOIN))*/
               B.BOARD_ID
             , B.TITLE
             , B.CONTENT
             , M.USER_ID
             , M.USER_NAME
             , B.MEMBER_ID
             , B.BOARD_CODE
             , B.CATEGORY_ID
             , B.VIEW_COUNT
             , B.LIKE_COUNT
             ,(SELECT COUNT(*)
                 FROM COMMENT_MANAGEMENT CM
                WHERE CM.BOARD_ID = B.BOARD_ID
                  AND CM.DELETE_YN = 'N') AS commentCount /* 댓글 작성 수 */
             , M.PROFILE_IMAGE
             , B.CREATE_AT
             , B.UPDATE_AT
             , B.TAG_NAME
        FROM
            BOARD B
        LEFT JOIN MEMBER_INFO M ON B.MEMBER_ID = M.MEMBER_ID
        WHERE B.DELETE_YN = 'N'
        ORDER BY
            B.CREATE_AT DESC
 {executed in 11 msec}
[2026-05-11 11:24:05.124] [INFO ] [http-nio-8881-exec-5] jdbc.sqltiming - SELECT /* MemberMapper.readMemberByMemberId (memberId를 통한 회원 정보 조회) */
               MEMBER_ID
             , USER_ID
             , USER_PASS
             , USER_NAME
             , USER_EMAIL
             , EMAIL_VERIFIED
             , USER_ROLE
             , USER_STATUS
             , PROFILE_IMAGE
             , CREATE_AT
             , UPDATE_AT
             , LAST_LOG_AT
          FROM MEMBER_INFO
        WHERE MEMBER_ID = 'MEMBER_20260511_001'
 {executed in 8 msec}
[2026-05-11 11:24:05.143] [INFO ] [http-nio-8881-exec-5] jdbc.sqltiming - SELECT /* BoardMasterMapper.validateBoardCodeExist (boardCode 중복 확인) */
               COUNT(1)
          FROM BOARD_MASTER
         WHERE BOARD_CODE = 'B_NOTICE_01'
 {executed in 7 msec}
[2026-05-11 11:24:05.153] [INFO ] [http-nio-8881-exec-5] jdbc.sqltiming - SELECT /* BoardMapper.isValidCategoryForBoard */
               COUNT(1)
          FROM BOARD_MASTER BM
    INNER JOIN COMMON_CODE_DETAIL CCD           /* inner 는 생략 가능 */
            ON BM.GROUP_CODE = CCD.GROUP_CODE
         WHERE BM.BOARD_CODE = 'B_NOTICE_01'      /* 게시판 확인 */
           AND CCD.CODE_ID = 'N001'       /* 카데고리명 확인 */
           AND BM.USE_YN= 'Y'                   /* 사용중인 게시판인지 확인 */
           AND CCD.USE_YN= 'Y'                  /* 사용중인 카테고리인지 확인 */
 {executed in 9 msec}
[2026-05-11 11:24:05.161] [INFO ] [http-nio-8881-exec-5] jdbc.sqltiming - SELECT /* MemberMapper.readMemberByMemberId (memberId를 통한 회원 정보 조회) */
               MEMBER_ID
             , USER_ID
             , USER_PASS
             , USER_NAME
             , USER_EMAIL
             , EMAIL_VERIFIED
             , USER_ROLE
             , USER_STATUS
             , PROFILE_IMAGE
             , CREATE_AT
             , UPDATE_AT
             , LAST_LOG_AT
          FROM MEMBER_INFO
        WHERE MEMBER_ID = 'MEMBER_20260511_001'
 {executed in 8 msec}
[2026-05-11 11:24:05.180] [INFO ] [http-nio-8881-exec-5] jdbc.sqltiming - INSERT INTO BOARD ( /* BoardMapper.insertBoard (게시글 등록)*/
              TITLE
            , CONTENT
            , MEMBER_ID
            , USER_ID
            , BOARD_CODE
            , CATEGORY_ID
            , VIEW_COUNT
            , CREATE_AT
            , UPDATE_AT
            , TAG_NAME
        ) VALUES (
              '등급 승격 테스트 - 공지사항 작성 시도'
            , '가입인사 전에는 이 글이 작성되면 안 됩니다.'
            , 'MEMBER_20260511_001'
            , 'gemini_tester'
            , 'B_NOTICE_01'
            , 'N001'
            , 0
            , NOW()
            , NOW()
            , NULL
        )
 {executed in 17 msec}
[2026-05-11 11:24:05.180] [INFO ] [http-nio-8881-exec-5] jdbc.sqltiming - getGeneratedKeys on query: INSERT INTO BOARD ( /* BoardMapper.insertBoard (게시글 등록)*/
              TITLE
            , CONTENT
            , MEMBER_ID
            , USER_ID
            , BOARD_CODE
            , CATEGORY_ID
            , VIEW_COUNT
            , CREATE_AT
            , UPDATE_AT
            , TAG_NAME
        ) VALUES (
              '등급 승격 테스트 - 공지사항 작성 시도'
            , '가입인사 전에는 이 글이 작성되면 안 됩니다.'
            , 'MEMBER_20260511_001'
            , 'gemini_tester'
            , 'B_NOTICE_01'
            , 'N001'
            , 0
            , NOW()
            , NOW()
            , NULL
        )
 {executed in 0 msec}
[2026-05-11 11:24:10.812] [INFO ] [http-nio-8881-exec-7] jdbc.sqltiming - SELECT /* MemberMapper.readMemberByMemberId (memberId를 통한 회원 정보 조회) */
               MEMBER_ID
             , USER_ID
             , USER_PASS
             , USER_NAME
             , USER_EMAIL
             , EMAIL_VERIFIED
             , USER_ROLE
             , USER_STATUS
             , PROFILE_IMAGE
             , CREATE_AT
             , UPDATE_AT
             , LAST_LOG_AT
          FROM MEMBER_INFO
        WHERE MEMBER_ID = 'MEMBER_20260511_001'
 {executed in 8 msec}
[2026-05-11 11:24:10.836] [INFO ] [http-nio-8881-exec-7] jdbc.sqltiming - SELECT /* BoardMapper.getSearchBoard (게시판 글 단건조회 (사용자 정보 JOIN)) */
               B.BOARD_ID
             , B.TITLE
             , B.CONTENT
             , M.USER_ID
             , M.USER_NAME
             , B.MEMBER_ID
             , B.BOARD_CODE
             , B.CATEGORY_ID
             , B.VIEW_COUNT
             , B.LIKE_COUNT
             , M.PROFILE_IMAGE
             , B.CREATE_AT
             , B.UPDATE_AT
             , B.TAG_NAME
             , BS.SCRAP_ID /* 스크랩 고유 ID */
          FROM BOARD B
          LEFT JOIN MEMBER_INFO M ON B.MEMBER_ID = M.MEMBER_ID
          LEFT JOIN BOARD_SCRAP BS ON B.BOARD_ID = BS.BOARD_ID AND BS.MEMBER_ID = NULL
         WHERE B.BOARD_ID = 1
           AND B.DELETE_YN = 'N'
 {executed in 10 msec}
[2026-05-11 11:24:10.847] [INFO ] [http-nio-8881-exec-7] jdbc.sqltiming - SELECT /* MemberMapper.readMemberByMemberId (memberId를 통한 회원 정보 조회) */
               MEMBER_ID
             , USER_ID
             , USER_PASS
             , USER_NAME
             , USER_EMAIL
             , EMAIL_VERIFIED
             , USER_ROLE
             , USER_STATUS
             , PROFILE_IMAGE
             , CREATE_AT
             , UPDATE_AT
             , LAST_LOG_AT
          FROM MEMBER_INFO
        WHERE MEMBER_ID = 'MEMBER_20260511_001'
 {executed in 9 msec}
[2026-05-11 11:24:10.862] [INFO ] [http-nio-8881-exec-7] jdbc.sqltiming - INSERT INTO COMMENT_MANAGEMENT ( /* commentMapper.insertComment (댓글 등록)*/
                    BOARD_ID
                  , MEMBER_ID
                  , USER_ID
                  , CONTENT
                  , PARENT_COMMENT_ID
                  , LIKE_COUNT
                  , CREATE_AT
                  , UPDATE_AT
                  , DELETE_YN
        )    VALUES (
                    1
                  , 'MEMBER_20260511_001'
                  , 'gemini_tester'
                  , '통합테스트 댓글 알림 확인용 댓글입니다.'
                  , NULL
                  , 0
                  , NOW()
                  , NOW()
                  , 'N'
        )
 {executed in 14 msec}
[2026-05-11 11:24:10.863] [INFO ] [http-nio-8881-exec-7] jdbc.sqltiming - getGeneratedKeys on query: INSERT INTO COMMENT_MANAGEMENT ( /* commentMapper.insertComment (댓글 등록)*/
                    BOARD_ID
                  , MEMBER_ID
                  , USER_ID
                  , CONTENT
                  , PARENT_COMMENT_ID
                  , LIKE_COUNT
                  , CREATE_AT
                  , UPDATE_AT
                  , DELETE_YN
        )    VALUES (
                    1
                  , 'MEMBER_20260511_001'
                  , 'gemini_tester'
                  , '통합테스트 댓글 알림 확인용 댓글입니다.'
                  , NULL
                  , 0
                  , NOW()
                  , NOW()
                  , 'N'
        )
 {executed in 0 msec}
[2026-05-11 11:24:10.882] [INFO ] [http-nio-8881-exec-7] jdbc.sqltiming - INSERT INTO NOTIFICATION( /* WebSocketMapper.saveNotification (알림 저장) */
                                  RECEIVER_ID
                                , SENDER_ID
                                , NOTI_TYPE
                                , MESSAGE
                                , IS_READ
                                , CREATE_AT
                                , TARGET_URL
        )    VALUES (
                      'MEMBER_20260427_001'
                    , 'MEMBER_20260511_001'
                    , 'NOTIFY'
                    , '새로운 댓글이 달렸습니다: 통합테스트 댓글 알림 확인용 댓글입니다.'
                    , 'N'
                    , 2026-05-11T11:24:10.866452
                    , '/board/view?boardId=1'
                    )
 {executed in 16 msec}
[2026-05-11 11:24:10.895] [INFO ] [http-nio-8881-exec-7] jdbc.sqltiming - getGeneratedKeys on query: INSERT INTO NOTIFICATION( /* WebSocketMapper.saveNotification (알림 저장) */
                                  RECEIVER_ID
                                , SENDER_ID
                                , NOTI_TYPE
                                , MESSAGE
                                , IS_READ
                                , CREATE_AT
                                , TARGET_URL
        )    VALUES (
                      'MEMBER_20260427_001'
                    , 'MEMBER_20260511_001'
                    , 'NOTIFY'
                    , '새로운 댓글이 달렸습니다: 통합테스트 댓글 알림 확인용 댓글입니다.'
                    , 'N'
                    , 2026-05-11T11:24:10.866452
                    , '/board/view?boardId=1'
                    )
 {executed in 0 msec}
[2026-05-11 11:24:10.911] [INFO ] [http-nio-8881-exec-7] c.s.s.s.n.NotificationStompServiceImpl - Notification sent: {"notiId":1,"senderName":null,"type":"NOTIFY","roomId":null,"senderId":"MEMBER_20260511_001","targetId":"MEMBER_20260427_001","content":"새로운 댓글이 달렸습니다: 통합테스트 댓글 알림 확인용 댓글입니다.","timestamp":"2026-05-11 11:24:10","targetUrl":"/board/view?boardId=1"}
[2026-05-11 11:24:10.914] [INFO ] [redisContainer-1] c.s.s.s.redisConfig.RedisSubscriber - Redis Subscribe - Message Received: {"notiId":1,"senderName":null,"type":"NOTIFY","roomId":null,"senderId":"MEMBER_20260511_001","targetId":"MEMBER_20260427_001","content":"새로운 댓글이 달렸습니다: 통합테스트 댓글 알림 확인용 댓글입니다.","timestamp":"2026-05-11 11:24:10","targetUrl":"/board/view?boardId=1"}
[2026-05-11 11:24:19.840] [INFO ] [http-nio-8881-exec-9] o.a.coyote.http11.Http11Processor - Error parsing HTTP request header
 Note: further occurrences of HTTP request parsing errors will be logged at DEBUG level.
java.lang.IllegalArgumentException: Invalid character found in the request target [/api/board/searchContent?keyword=0xed0x950x990xec0x8a0xb5 ]. The valid characters are defined in RFC 7230 and RFC 3986
	at org.apache.coyote.http11.Http11InputBuffer.parseRequestLine(Http11InputBuffer.java:478)
	at org.apache.coyote.http11.Http11Processor.service(Http11Processor.java:271)
	at org.apache.coyote.AbstractProcessorLight.process(AbstractProcessorLight.java:63)
	at org.apache.coyote.AbstractProtocol$ConnectionHandler.process(AbstractProtocol.java:903)
	at org.apache.tomcat.util.net.NioEndpoint$SocketProcessor.doRun(NioEndpoint.java:1776)
	at org.apache.tomcat.util.net.SocketProcessorBase.run(SocketProcessorBase.java:52)
	at org.apache.tomcat.util.threads.ThreadPoolExecutor.runWorker(ThreadPoolExecutor.java:975)
	at org.apache.tomcat.util.threads.ThreadPoolExecutor$Worker.run(ThreadPoolExecutor.java:493)
	at org.apache.tomcat.util.threads.TaskThread$WrappingRunnable.run(TaskThread.java:63)
	at java.base/java.lang.Thread.run(Thread.java:840)
[2026-05-11 11:24:22.157] [INFO ] [http-nio-8881-exec-10] jdbc.sqltiming - SELECT /* BoardMapper.searchBoardContent*/
               B.BOARD_ID
             , B.TITLE
             , B.CONTENT
             , M.USER_ID
             , M.USER_NAME
             , B.MEMBER_ID
             , B.BOARD_CODE
             , B.CATEGORY_ID
             , B.VIEW_COUNT
             , B.LIKE_COUNT
             ,(SELECT COUNT(*)
                 FROM COMMENT_MANAGEMENT CM
                WHERE CM.BOARD_ID = B.BOARD_ID
                  AND CM.DELETE_YN = 'N') AS commentCount /* 댓글 작성 수 */
             , M.PROFILE_IMAGE
             , B.CREATE_AT
             , B.UPDATE_AT
             , B.TAG_NAME
          FROM BOARD B
    INNER JOIN /* 여기서 IDaks 빠르게 10개 추출 */
               (SELECT BOARD_ID
                  FROM BOARD
                  WHERE DELETE_YN = 'N'

                         AND MATCH(TITLE, CONTENT) AGAINST('학층*' IN BOOLEAN MODE) 
              ORDER BY CREATE_AT DESC
                          LIMIT 10
                OFFSET 0
                ) AS temp ON B.BOARD_ID = temp.BOARD_ID
     LEFT JOIN MEMBER_INFO M ON B.MEMBER_ID = M.MEMBER_ID
      ORDER By B.CREATE_AT DESC
 {executed in 11 msec}
[2026-05-11 11:24:22.165] [INFO ] [http-nio-8881-exec-10] jdbc.sqltiming - SELECT COUNT(*)
        FROM BOARD
         WHERE DELETE_YN = 'N'

                AND MATCH(TITLE, CONTENT) AGAINST('학층*' IN BOOLEAN MODE)
 {executed in 7 msec}
[2026-05-11 11:24:24.776] [INFO ] [http-nio-8881-exec-2] jdbc.sqltiming - SELECT /* BoardMapper.searchBoardContent*/
               B.BOARD_ID
             , B.TITLE
             , B.CONTENT
             , M.USER_ID
             , M.USER_NAME
             , B.MEMBER_ID
             , B.BOARD_CODE
             , B.CATEGORY_ID
             , B.VIEW_COUNT
             , B.LIKE_COUNT
             ,(SELECT COUNT(*)
                 FROM COMMENT_MANAGEMENT CM
                WHERE CM.BOARD_ID = B.BOARD_ID
                  AND CM.DELETE_YN = 'N') AS commentCount /* 댓글 작성 수 */
             , M.PROFILE_IMAGE
             , B.CREATE_AT
             , B.UPDATE_AT
             , B.TAG_NAME
          FROM BOARD B
    INNER JOIN /* 여기서 IDaks 빠르게 10개 추출 */
               (SELECT BOARD_ID
                  FROM BOARD
                  WHERE DELETE_YN = 'N'

                         AND MATCH(TITLE, CONTENT) AGAINST('테스트*' IN BOOLEAN MODE) 
              ORDER BY CREATE_AT DESC
                          LIMIT 10
                OFFSET 0
                ) AS temp ON B.BOARD_ID = temp.BOARD_ID
     LEFT JOIN MEMBER_INFO M ON B.MEMBER_ID = M.MEMBER_ID
      ORDER By B.CREATE_AT DESC
 {executed in 9 msec}
[2026-05-11 11:24:24.799] [INFO ] [http-nio-8881-exec-2] jdbc.sqltiming - SELECT COUNT(*)
        FROM BOARD
         WHERE DELETE_YN = 'N'

                AND MATCH(TITLE, CONTENT) AGAINST('테스트*' IN BOOLEAN MODE)
 {executed in 7 msec}
[2026-05-11 11:25:00.050] [INFO ] [MessageBroker-2] c.s.s.c.s.BoardViewCountScheduler - >>> Redis 조회수 DB 동기화 시작
[2026-05-11 11:25:00.068] [INFO ] [MessageBroker-2] c.s.s.c.s.BoardViewCountScheduler - >>> 동기화할 조회수 데이터가 없습니다.
[2026-05-11 11:25:46.043] [INFO ] [http-nio-8881-exec-4] jdbc.sqltiming - SELECT MEMBER_ID
             , USER_ID
             , USER_PASS
             , USER_NAME
             , USER_EMAIL
             , EMAIL_VERIFIED
             , USER_ROLE
             , USER_STATUS
             , PROFILE_IMAGE
             , CREATE_AT
             , UPDATE_AT
             , LAST_LOG_AT
          FROM MEMBER_INFO
         WHERE USER_ID = 'Admin'
         LIMIT 1
 {executed in 9 msec}
[2026-05-11 11:25:46.162] [INFO ] [http-nio-8881-exec-4] c.s.sqld.exception.ExceptionAdvice - SignInFailureException
com.sqld_board.sqld.exception.common.InvalidCredentialsException: null
	at com.sqld_board.sqld.service.sign.SignServiceImpl.signIn(SignServiceImpl.java:328)
	at java.base/jdk.internal.reflect.NativeMethodAccessorImpl.invoke0(Native Method)
	at java.base/jdk.internal.reflect.NativeMethodAccessorImpl.invoke(NativeMethodAccessorImpl.java:77)
	at java.base/jdk.internal.reflect.DelegatingMethodAccessorImpl.invoke(DelegatingMethodAccessorImpl.java:43)
	at java.base/java.lang.reflect.Method.invoke(Method.java:568)
	at org.springframework.aop.support.AopUtils.invokeJoinpointUsingReflection(AopUtils.java:360)
	at org.springframework.aop.framework.ReflectiveMethodInvocation.invokeJoinpoint(ReflectiveMethodInvocation.java:196)
	at org.springframework.aop.framework.ReflectiveMethodInvocation.proceed(ReflectiveMethodInvocation.java:163)
	at org.springframework.transaction.interceptor.TransactionAspectSupport.invokeWithinTransaction(TransactionAspectSupport.java:380)
	at org.springframework.transaction.interceptor.TransactionInterceptor.invoke(TransactionInterceptor.java:119)
	at org.springframework.aop.framework.ReflectiveMethodInvocation.proceed(ReflectiveMethodInvocation.java:184)
	at org.springframework.aop.framework.CglibAopProxy$DynamicAdvisedInterceptor.intercept(CglibAopProxy.java:728)
	at com.sqld_board.sqld.service.sign.SignServiceImpl$$SpringCGLIB$$0.signIn(<generated>)
	at com.sqld_board.sqld.controller.sign.SignController.signIn(SignController.java:171)
	at java.base/jdk.internal.reflect.NativeMethodAccessorImpl.invoke0(Native Method)
	at java.base/jdk.internal.reflect.NativeMethodAccessorImpl.invoke(NativeMethodAccessorImpl.java:77)
	at java.base/jdk.internal.reflect.DelegatingMethodAccessorImpl.invoke(DelegatingMethodAccessorImpl.java:43)
	at java.base/java.lang.reflect.Method.invoke(Method.java:568)
	at org.springframework.web.method.support.InvocableHandlerMethod.doInvoke(InvocableHandlerMethod.java:258)
	at org.springframework.web.method.support.InvocableHandlerMethod.invokeForRequest(InvocableHandlerMethod.java:191)
	at org.springframework.web.servlet.mvc.method.annotation.ServletInvocableHandlerMethod.invokeAndHandle(ServletInvocableHandlerMethod.java:118)
	at org.springframework.web.servlet.mvc.method.annotation.RequestMappingHandlerAdapter.invokeHandlerMethod(RequestMappingHandlerAdapter.java:991)
	at org.springframework.web.servlet.mvc.method.annotation.RequestMappingHandlerAdapter.handleInternal(RequestMappingHandlerAdapter.java:896)
	at org.springframework.web.servlet.mvc.method.AbstractHandlerMethodAdapter.handle(AbstractHandlerMethodAdapter.java:87)
	at org.springframework.web.servlet.DispatcherServlet.doDispatch(DispatcherServlet.java:1089)
	at org.springframework.web.servlet.DispatcherServlet.doService(DispatcherServlet.java:979)
	at org.springframework.web.servlet.FrameworkServlet.processRequest(FrameworkServlet.java:1014)
	at org.springframework.web.servlet.FrameworkServlet.doPost(FrameworkServlet.java:914)
	at jakarta.servlet.http.HttpServlet.service(HttpServlet.java:590)
	at org.springframework.web.servlet.FrameworkServlet.service(FrameworkServlet.java:885)
	at jakarta.servlet.http.HttpServlet.service(HttpServlet.java:658)
	at org.apache.catalina.core.ApplicationFilterChain.internalDoFilter(ApplicationFilterChain.java:195)
	at org.apache.catalina.core.ApplicationFilterChain.doFilter(ApplicationFilterChain.java:140)
	at org.apache.tomcat.websocket.server.WsFilter.doFilter(WsFilter.java:51)
	at org.apache.catalina.core.ApplicationFilterChain.internalDoFilter(ApplicationFilterChain.java:164)
	at org.apache.catalina.core.ApplicationFilterChain.doFilter(ApplicationFilterChain.java:140)
	at org.springframework.web.filter.OncePerRequestFilter.doFilter(OncePerRequestFilter.java:110)
	at org.apache.catalina.core.ApplicationFilterChain.internalDoFilter(ApplicationFilterChain.java:164)
	at org.apache.catalina.core.ApplicationFilterChain.doFilter(ApplicationFilterChain.java:140)
	at org.springframework.web.filter.CompositeFilter$VirtualFilterChain.doFilter(CompositeFilter.java:108)
	at org.springframework.web.filter.CompositeFilter$VirtualFilterChain.doFilter(CompositeFilter.java:108)
	at org.springframework.security.web.FilterChainProxy.lambda$doFilterInternal$3(FilterChainProxy.java:231)
	at org.springframework.security.web.FilterChainProxy$VirtualFilterChain.doFilter(FilterChainProxy.java:365)
	at org.springframework.security.web.access.intercept.AuthorizationFilter.doFilter(AuthorizationFilter.java:101)
	at org.springframework.security.web.FilterChainProxy$VirtualFilterChain.doFilter(FilterChainProxy.java:374)
	at org.springframework.security.web.access.ExceptionTranslationFilter.doFilter(ExceptionTranslationFilter.java:125)
	at org.springframework.security.web.access.ExceptionTranslationFilter.doFilter(ExceptionTranslationFilter.java:119)
	at org.springframework.security.web.FilterChainProxy$VirtualFilterChain.doFilter(FilterChainProxy.java:374)
	at org.springframework.security.web.session.SessionManagementFilter.doFilter(SessionManagementFilter.java:131)
	at org.springframework.security.web.session.SessionManagementFilter.doFilter(SessionManagementFilter.java:85)
	at org.springframework.security.web.FilterChainProxy$VirtualFilterChain.doFilter(FilterChainProxy.java:374)
	at org.springframework.security.web.authentication.AnonymousAuthenticationFilter.doFilter(AnonymousAuthenticationFilter.java:100)
	at org.springframework.security.web.FilterChainProxy$VirtualFilterChain.doFilter(FilterChainProxy.java:374)
	at org.springframework.security.web.servletapi.SecurityContextHolderAwareRequestFilter.doFilter(SecurityContextHolderAwareRequestFilter.java:179)
	at org.springframework.security.web.FilterChainProxy$VirtualFilterChain.doFilter(FilterChainProxy.java:374)
	at org.springframework.security.web.savedrequest.RequestCacheAwareFilter.doFilter(RequestCacheAwareFilter.java:63)
	at org.springframework.security.web.FilterChainProxy$VirtualFilterChain.doFilter(FilterChainProxy.java:374)
	at com.sqld_board.sqld.config.security.JwtAuthenticationFilter.doFilterInternal(JwtAuthenticationFilter.java:62)
	at org.springframework.web.filter.OncePerRequestFilter.doFilter(OncePerRequestFilter.java:116)
	at org.springframework.security.web.FilterChainProxy$VirtualFilterChain.doFilter(FilterChainProxy.java:374)
	at org.springframework.security.web.authentication.logout.LogoutFilter.doFilter(LogoutFilter.java:107)
	at org.springframework.security.web.authentication.logout.LogoutFilter.doFilter(LogoutFilter.java:93)
	at org.springframework.security.web.FilterChainProxy$VirtualFilterChain.doFilter(FilterChainProxy.java:374)
	at org.springframework.web.filter.CorsFilter.doFilterInternal(CorsFilter.java:91)
	at org.springframework.web.filter.OncePerRequestFilter.doFilter(OncePerRequestFilter.java:116)
	at org.springframework.security.web.FilterChainProxy$VirtualFilterChain.doFilter(FilterChainProxy.java:374)
	at org.springframework.security.web.header.HeaderWriterFilter.doHeadersAfter(HeaderWriterFilter.java:90)
	at org.springframework.security.web.header.HeaderWriterFilter.doFilterInternal(HeaderWriterFilter.java:75)
	at org.springframework.web.filter.OncePerRequestFilter.doFilter(OncePerRequestFilter.java:116)
	at org.springframework.security.web.FilterChainProxy$VirtualFilterChain.doFilter(FilterChainProxy.java:374)
	at org.springframework.security.web.context.SecurityContextHolderFilter.doFilter(SecurityContextHolderFilter.java:82)
	at org.springframework.security.web.context.SecurityContextHolderFilter.doFilter(SecurityContextHolderFilter.java:69)
	at org.springframework.security.web.FilterChainProxy$VirtualFilterChain.doFilter(FilterChainProxy.java:374)
	at org.springframework.security.web.context.request.async.WebAsyncManagerIntegrationFilter.doFilterInternal(WebAsyncManagerIntegrationFilter.java:62)
	at org.springframework.web.filter.OncePerRequestFilter.doFilter(OncePerRequestFilter.java:116)
	at org.springframework.security.web.FilterChainProxy$VirtualFilterChain.doFilter(FilterChainProxy.java:374)
	at org.springframework.security.web.session.DisableEncodeUrlFilter.doFilterInternal(DisableEncodeUrlFilter.java:42)
	at org.springframework.web.filter.OncePerRequestFilter.doFilter(OncePerRequestFilter.java:116)
	at org.springframework.security.web.FilterChainProxy$VirtualFilterChain.doFilter(FilterChainProxy.java:374)
	at org.springframework.security.web.FilterChainProxy.doFilterInternal(FilterChainProxy.java:233)
	at org.springframework.security.web.FilterChainProxy.doFilter(FilterChainProxy.java:191)
	at org.springframework.web.filter.CompositeFilter$VirtualFilterChain.doFilter(CompositeFilter.java:113)
	at org.springframework.web.filter.ServletRequestPathFilter.doFilter(ServletRequestPathFilter.java:52)
	at org.springframework.web.filter.CompositeFilter$VirtualFilterChain.doFilter(CompositeFilter.java:113)
	at org.springframework.web.filter.CompositeFilter.doFilter(CompositeFilter.java:74)
	at org.springframework.security.config.annotation.web.configuration.WebSecurityConfiguration$CompositeFilterChainProxy.doFilter(WebSecurityConfiguration.java:319)
	at org.springframework.web.filter.CompositeFilter$VirtualFilterChain.doFilter(CompositeFilter.java:113)
	at org.springframework.web.servlet.handler.HandlerMappingIntrospector.lambda$createCacheFilter$4(HandlerMappingIntrospector.java:267)
	at org.springframework.web.filter.CompositeFilter$VirtualFilterChain.doFilter(CompositeFilter.java:113)
	at org.springframework.web.filter.CompositeFilter.doFilter(CompositeFilter.java:74)
	at org.springframework.security.config.annotation.web.configuration.WebMvcSecurityConfiguration$CompositeFilterChainProxy.doFilter(WebMvcSecurityConfiguration.java:240)
	at org.springframework.web.filter.DelegatingFilterProxy.invokeDelegate(DelegatingFilterProxy.java:362)
	at org.springframework.web.filter.DelegatingFilterProxy.doFilter(DelegatingFilterProxy.java:278)
	at org.apache.catalina.core.ApplicationFilterChain.internalDoFilter(ApplicationFilterChain.java:164)
	at org.apache.catalina.core.ApplicationFilterChain.doFilter(ApplicationFilterChain.java:140)
	at org.springframework.web.filter.RequestContextFilter.doFilterInternal(RequestContextFilter.java:100)
	at org.springframework.web.filter.OncePerRequestFilter.doFilter(OncePerRequestFilter.java:116)
	at org.apache.catalina.core.ApplicationFilterChain.internalDoFilter(ApplicationFilterChain.java:164)
	at org.apache.catalina.core.ApplicationFilterChain.doFilter(ApplicationFilterChain.java:140)
	at org.springframework.web.filter.FormContentFilter.doFilterInternal(FormContentFilter.java:93)
	at org.springframework.web.filter.OncePerRequestFilter.doFilter(OncePerRequestFilter.java:116)
	at org.apache.catalina.core.ApplicationFilterChain.internalDoFilter(ApplicationFilterChain.java:164)
	at org.apache.catalina.core.ApplicationFilterChain.doFilter(ApplicationFilterChain.java:140)
	at org.springframework.web.filter.CharacterEncodingFilter.doFilterInternal(CharacterEncodingFilter.java:201)
	at org.springframework.web.filter.OncePerRequestFilter.doFilter(OncePerRequestFilter.java:116)
	at org.apache.catalina.core.ApplicationFilterChain.internalDoFilter(ApplicationFilterChain.java:164)
	at org.apache.catalina.core.ApplicationFilterChain.doFilter(ApplicationFilterChain.java:140)
	at org.apache.catalina.core.StandardWrapperValve.invoke(StandardWrapperValve.java:167)
	at org.apache.catalina.core.StandardContextValve.invoke(StandardContextValve.java:90)
	at org.apache.catalina.authenticator.AuthenticatorBase.invoke(AuthenticatorBase.java:483)
	at org.apache.catalina.core.StandardHostValve.invoke(StandardHostValve.java:116)
	at org.apache.catalina.valves.ErrorReportValve.invoke(ErrorReportValve.java:93)
	at org.apache.catalina.core.StandardEngineValve.invoke(StandardEngineValve.java:74)
	at org.apache.catalina.connector.CoyoteAdapter.service(CoyoteAdapter.java:344)
	at org.apache.coyote.http11.Http11Processor.service(Http11Processor.java:398)
	at org.apache.coyote.AbstractProcessorLight.process(AbstractProcessorLight.java:63)
	at org.apache.coyote.AbstractProtocol$ConnectionHandler.process(AbstractProtocol.java:903)
	at org.apache.tomcat.util.net.NioEndpoint$SocketProcessor.doRun(NioEndpoint.java:1776)
	at org.apache.tomcat.util.net.SocketProcessorBase.run(SocketProcessorBase.java:52)
	at org.apache.tomcat.util.threads.ThreadPoolExecutor.runWorker(ThreadPoolExecutor.java:975)
	at org.apache.tomcat.util.threads.ThreadPoolExecutor$Worker.run(ThreadPoolExecutor.java:493)
	at org.apache.tomcat.util.threads.TaskThread$WrappingRunnable.run(TaskThread.java:63)
	at java.base/java.lang.Thread.run(Thread.java:840)
[2026-05-11 11:25:46.164] [WARN ] [http-nio-8881-exec-4] o.s.w.s.m.m.a.ExceptionHandlerExceptionResolver - Resolved [com.sqld_board.sqld.exception.common.InvalidCredentialsException]
[2026-05-11 11:25:48.480] [INFO ] [http-nio-8881-exec-6] jdbc.sqltiming - SELECT MEMBER_ID
             , USER_ID
             , USER_PASS
             , USER_NAME
             , USER_EMAIL
             , EMAIL_VERIFIED
             , USER_ROLE
             , USER_STATUS
             , PROFILE_IMAGE
             , CREATE_AT
             , UPDATE_AT
             , LAST_LOG_AT
          FROM MEMBER_INFO
         WHERE USER_ID = 'Admin'
         LIMIT 1
 {executed in 9 msec}
[2026-05-11 11:25:48.597] [INFO ] [http-nio-8881-exec-6] c.s.sqld.exception.ExceptionAdvice - SignInFailureException
com.sqld_board.sqld.exception.common.InvalidCredentialsException: null
	at com.sqld_board.sqld.service.sign.SignServiceImpl.signIn(SignServiceImpl.java:328)
	at java.base/jdk.internal.reflect.NativeMethodAccessorImpl.invoke0(Native Method)
	at java.base/jdk.internal.reflect.NativeMethodAccessorImpl.invoke(NativeMethodAccessorImpl.java:77)
	at java.base/jdk.internal.reflect.DelegatingMethodAccessorImpl.invoke(DelegatingMethodAccessorImpl.java:43)
	at java.base/java.lang.reflect.Method.invoke(Method.java:568)
	at org.springframework.aop.support.AopUtils.invokeJoinpointUsingReflection(AopUtils.java:360)
	at org.springframework.aop.framework.ReflectiveMethodInvocation.invokeJoinpoint(ReflectiveMethodInvocation.java:196)
	at org.springframework.aop.framework.ReflectiveMethodInvocation.proceed(ReflectiveMethodInvocation.java:163)
	at org.springframework.transaction.interceptor.TransactionAspectSupport.invokeWithinTransaction(TransactionAspectSupport.java:380)
	at org.springframework.transaction.interceptor.TransactionInterceptor.invoke(TransactionInterceptor.java:119)
	at org.springframework.aop.framework.ReflectiveMethodInvocation.proceed(ReflectiveMethodInvocation.java:184)
	at org.springframework.aop.framework.CglibAopProxy$DynamicAdvisedInterceptor.intercept(CglibAopProxy.java:728)
	at com.sqld_board.sqld.service.sign.SignServiceImpl$$SpringCGLIB$$0.signIn(<generated>)
	at com.sqld_board.sqld.controller.sign.SignController.signIn(SignController.java:171)
	at java.base/jdk.internal.reflect.NativeMethodAccessorImpl.invoke0(Native Method)
	at java.base/jdk.internal.reflect.NativeMethodAccessorImpl.invoke(NativeMethodAccessorImpl.java:77)
	at java.base/jdk.internal.reflect.DelegatingMethodAccessorImpl.invoke(DelegatingMethodAccessorImpl.java:43)
	at java.base/java.lang.reflect.Method.invoke(Method.java:568)
	at org.springframework.web.method.support.InvocableHandlerMethod.doInvoke(InvocableHandlerMethod.java:258)
	at org.springframework.web.method.support.InvocableHandlerMethod.invokeForRequest(InvocableHandlerMethod.java:191)
	at org.springframework.web.servlet.mvc.method.annotation.ServletInvocableHandlerMethod.invokeAndHandle(ServletInvocableHandlerMethod.java:118)
	at org.springframework.web.servlet.mvc.method.annotation.RequestMappingHandlerAdapter.invokeHandlerMethod(RequestMappingHandlerAdapter.java:991)
	at org.springframework.web.servlet.mvc.method.annotation.RequestMappingHandlerAdapter.handleInternal(RequestMappingHandlerAdapter.java:896)
	at org.springframework.web.servlet.mvc.method.AbstractHandlerMethodAdapter.handle(AbstractHandlerMethodAdapter.java:87)
	at org.springframework.web.servlet.DispatcherServlet.doDispatch(DispatcherServlet.java:1089)
	at org.springframework.web.servlet.DispatcherServlet.doService(DispatcherServlet.java:979)
	at org.springframework.web.servlet.FrameworkServlet.processRequest(FrameworkServlet.java:1014)
	at org.springframework.web.servlet.FrameworkServlet.doPost(FrameworkServlet.java:914)
	at jakarta.servlet.http.HttpServlet.service(HttpServlet.java:590)
	at org.springframework.web.servlet.FrameworkServlet.service(FrameworkServlet.java:885)
	at jakarta.servlet.http.HttpServlet.service(HttpServlet.java:658)
	at org.apache.catalina.core.ApplicationFilterChain.internalDoFilter(ApplicationFilterChain.java:195)
	at org.apache.catalina.core.ApplicationFilterChain.doFilter(ApplicationFilterChain.java:140)
	at org.apache.tomcat.websocket.server.WsFilter.doFilter(WsFilter.java:51)
	at org.apache.catalina.core.ApplicationFilterChain.internalDoFilter(ApplicationFilterChain.java:164)
	at org.apache.catalina.core.ApplicationFilterChain.doFilter(ApplicationFilterChain.java:140)
	at org.springframework.web.filter.OncePerRequestFilter.doFilter(OncePerRequestFilter.java:110)
	at org.apache.catalina.core.ApplicationFilterChain.internalDoFilter(ApplicationFilterChain.java:164)
	at org.apache.catalina.core.ApplicationFilterChain.doFilter(ApplicationFilterChain.java:140)
	at org.springframework.web.filter.CompositeFilter$VirtualFilterChain.doFilter(CompositeFilter.java:108)
	at org.springframework.web.filter.CompositeFilter$VirtualFilterChain.doFilter(CompositeFilter.java:108)
	at org.springframework.security.web.FilterChainProxy.lambda$doFilterInternal$3(FilterChainProxy.java:231)
	at org.springframework.security.web.FilterChainProxy$VirtualFilterChain.doFilter(FilterChainProxy.java:365)
	at org.springframework.security.web.access.intercept.AuthorizationFilter.doFilter(AuthorizationFilter.java:101)
	at org.springframework.security.web.FilterChainProxy$VirtualFilterChain.doFilter(FilterChainProxy.java:374)
	at org.springframework.security.web.access.ExceptionTranslationFilter.doFilter(ExceptionTranslationFilter.java:125)
	at org.springframework.security.web.access.ExceptionTranslationFilter.doFilter(ExceptionTranslationFilter.java:119)
	at org.springframework.security.web.FilterChainProxy$VirtualFilterChain.doFilter(FilterChainProxy.java:374)
	at org.springframework.security.web.session.SessionManagementFilter.doFilter(SessionManagementFilter.java:131)
	at org.springframework.security.web.session.SessionManagementFilter.doFilter(SessionManagementFilter.java:85)
	at org.springframework.security.web.FilterChainProxy$VirtualFilterChain.doFilter(FilterChainProxy.java:374)
	at org.springframework.security.web.authentication.AnonymousAuthenticationFilter.doFilter(AnonymousAuthenticationFilter.java:100)
	at org.springframework.security.web.FilterChainProxy$VirtualFilterChain.doFilter(FilterChainProxy.java:374)
	at org.springframework.security.web.servletapi.SecurityContextHolderAwareRequestFilter.doFilter(SecurityContextHolderAwareRequestFilter.java:179)
	at org.springframework.security.web.FilterChainProxy$VirtualFilterChain.doFilter(FilterChainProxy.java:374)
	at org.springframework.security.web.savedrequest.RequestCacheAwareFilter.doFilter(RequestCacheAwareFilter.java:63)
	at org.springframework.security.web.FilterChainProxy$VirtualFilterChain.doFilter(FilterChainProxy.java:374)
	at com.sqld_board.sqld.config.security.JwtAuthenticationFilter.doFilterInternal(JwtAuthenticationFilter.java:62)
	at org.springframework.web.filter.OncePerRequestFilter.doFilter(OncePerRequestFilter.java:116)
	at org.springframework.security.web.FilterChainProxy$VirtualFilterChain.doFilter(FilterChainProxy.java:374)
	at org.springframework.security.web.authentication.logout.LogoutFilter.doFilter(LogoutFilter.java:107)
	at org.springframework.security.web.authentication.logout.LogoutFilter.doFilter(LogoutFilter.java:93)
	at org.springframework.security.web.FilterChainProxy$VirtualFilterChain.doFilter(FilterChainProxy.java:374)
	at org.springframework.web.filter.CorsFilter.doFilterInternal(CorsFilter.java:91)
	at org.springframework.web.filter.OncePerRequestFilter.doFilter(OncePerRequestFilter.java:116)
	at org.springframework.security.web.FilterChainProxy$VirtualFilterChain.doFilter(FilterChainProxy.java:374)
	at org.springframework.security.web.header.HeaderWriterFilter.doHeadersAfter(HeaderWriterFilter.java:90)
	at org.springframework.security.web.header.HeaderWriterFilter.doFilterInternal(HeaderWriterFilter.java:75)
	at org.springframework.web.filter.OncePerRequestFilter.doFilter(OncePerRequestFilter.java:116)
	at org.springframework.security.web.FilterChainProxy$VirtualFilterChain.doFilter(FilterChainProxy.java:374)
	at org.springframework.security.web.context.SecurityContextHolderFilter.doFilter(SecurityContextHolderFilter.java:82)
	at org.springframework.security.web.context.SecurityContextHolderFilter.doFilter(SecurityContextHolderFilter.java:69)
	at org.springframework.security.web.FilterChainProxy$VirtualFilterChain.doFilter(FilterChainProxy.java:374)
	at org.springframework.security.web.context.request.async.WebAsyncManagerIntegrationFilter.doFilterInternal(WebAsyncManagerIntegrationFilter.java:62)
	at org.springframework.web.filter.OncePerRequestFilter.doFilter(OncePerRequestFilter.java:116)
	at org.springframework.security.web.FilterChainProxy$VirtualFilterChain.doFilter(FilterChainProxy.java:374)
	at org.springframework.security.web.session.DisableEncodeUrlFilter.doFilterInternal(DisableEncodeUrlFilter.java:42)
	at org.springframework.web.filter.OncePerRequestFilter.doFilter(OncePerRequestFilter.java:116)
	at org.springframework.security.web.FilterChainProxy$VirtualFilterChain.doFilter(FilterChainProxy.java:374)
	at org.springframework.security.web.FilterChainProxy.doFilterInternal(FilterChainProxy.java:233)
	at org.springframework.security.web.FilterChainProxy.doFilter(FilterChainProxy.java:191)
	at org.springframework.web.filter.CompositeFilter$VirtualFilterChain.doFilter(CompositeFilter.java:113)
	at org.springframework.web.filter.ServletRequestPathFilter.doFilter(ServletRequestPathFilter.java:52)
	at org.springframework.web.filter.CompositeFilter$VirtualFilterChain.doFilter(CompositeFilter.java:113)
	at org.springframework.web.filter.CompositeFilter.doFilter(CompositeFilter.java:74)
	at org.springframework.security.config.annotation.web.configuration.WebSecurityConfiguration$CompositeFilterChainProxy.doFilter(WebSecurityConfiguration.java:319)
	at org.springframework.web.filter.CompositeFilter$VirtualFilterChain.doFilter(CompositeFilter.java:113)
	at org.springframework.web.servlet.handler.HandlerMappingIntrospector.lambda$createCacheFilter$4(HandlerMappingIntrospector.java:267)
	at org.springframework.web.filter.CompositeFilter$VirtualFilterChain.doFilter(CompositeFilter.java:113)
	at org.springframework.web.filter.CompositeFilter.doFilter(CompositeFilter.java:74)
	at org.springframework.security.config.annotation.web.configuration.WebMvcSecurityConfiguration$CompositeFilterChainProxy.doFilter(WebMvcSecurityConfiguration.java:240)
	at org.springframework.web.filter.DelegatingFilterProxy.invokeDelegate(DelegatingFilterProxy.java:362)
	at org.springframework.web.filter.DelegatingFilterProxy.doFilter(DelegatingFilterProxy.java:278)
	at org.apache.catalina.core.ApplicationFilterChain.internalDoFilter(ApplicationFilterChain.java:164)
	at org.apache.catalina.core.ApplicationFilterChain.doFilter(ApplicationFilterChain.java:140)
	at org.springframework.web.filter.RequestContextFilter.doFilterInternal(RequestContextFilter.java:100)
	at org.springframework.web.filter.OncePerRequestFilter.doFilter(OncePerRequestFilter.java:116)
	at org.apache.catalina.core.ApplicationFilterChain.internalDoFilter(ApplicationFilterChain.java:164)
	at org.apache.catalina.core.ApplicationFilterChain.doFilter(ApplicationFilterChain.java:140)
	at org.springframework.web.filter.FormContentFilter.doFilterInternal(FormContentFilter.java:93)
	at org.springframework.web.filter.OncePerRequestFilter.doFilter(OncePerRequestFilter.java:116)
	at org.apache.catalina.core.ApplicationFilterChain.internalDoFilter(ApplicationFilterChain.java:164)
	at org.apache.catalina.core.ApplicationFilterChain.doFilter(ApplicationFilterChain.java:140)
	at org.springframework.web.filter.CharacterEncodingFilter.doFilterInternal(CharacterEncodingFilter.java:201)
	at org.springframework.web.filter.OncePerRequestFilter.doFilter(OncePerRequestFilter.java:116)
	at org.apache.catalina.core.ApplicationFilterChain.internalDoFilter(ApplicationFilterChain.java:164)
	at org.apache.catalina.core.ApplicationFilterChain.doFilter(ApplicationFilterChain.java:140)
	at org.apache.catalina.core.StandardWrapperValve.invoke(StandardWrapperValve.java:167)
	at org.apache.catalina.core.StandardContextValve.invoke(StandardContextValve.java:90)
	at org.apache.catalina.authenticator.AuthenticatorBase.invoke(AuthenticatorBase.java:483)
	at org.apache.catalina.core.StandardHostValve.invoke(StandardHostValve.java:116)
	at org.apache.catalina.valves.ErrorReportValve.invoke(ErrorReportValve.java:93)
	at org.apache.catalina.core.StandardEngineValve.invoke(StandardEngineValve.java:74)
	at org.apache.catalina.connector.CoyoteAdapter.service(CoyoteAdapter.java:344)
	at org.apache.coyote.http11.Http11Processor.service(Http11Processor.java:398)
	at org.apache.coyote.AbstractProcessorLight.process(AbstractProcessorLight.java:63)
	at org.apache.coyote.AbstractProtocol$ConnectionHandler.process(AbstractProtocol.java:903)
	at org.apache.tomcat.util.net.NioEndpoint$SocketProcessor.doRun(NioEndpoint.java:1776)
	at org.apache.tomcat.util.net.SocketProcessorBase.run(SocketProcessorBase.java:52)
	at org.apache.tomcat.util.threads.ThreadPoolExecutor.runWorker(ThreadPoolExecutor.java:975)
	at org.apache.tomcat.util.threads.ThreadPoolExecutor$Worker.run(ThreadPoolExecutor.java:493)
	at org.apache.tomcat.util.threads.TaskThread$WrappingRunnable.run(TaskThread.java:63)
	at java.base/java.lang.Thread.run(Thread.java:840)
[2026-05-11 11:25:48.598] [WARN ] [http-nio-8881-exec-6] o.s.w.s.m.m.a.ExceptionHandlerExceptionResolver - Resolved [com.sqld_board.sqld.exception.common.InvalidCredentialsException]
[2026-05-11 11:25:52.958] [INFO ] [http-nio-8881-exec-8] c.s.sqld.exception.ExceptionAdvice - error
org.springframework.web.HttpRequestMethodNotSupportedException: Request method 'GET' is not supported
	at org.springframework.web.servlet.mvc.method.RequestMappingInfoHandlerMapping.handleNoMatch(RequestMappingInfoHandlerMapping.java:267)
	at org.springframework.web.servlet.handler.AbstractHandlerMethodMapping.lookupHandlerMethod(AbstractHandlerMethodMapping.java:441)
	at org.springframework.web.servlet.handler.AbstractHandlerMethodMapping.getHandlerInternal(AbstractHandlerMethodMapping.java:382)
	at org.springframework.web.servlet.mvc.method.RequestMappingInfoHandlerMapping.getHandlerInternal(RequestMappingInfoHandlerMapping.java:127)
	at org.springframework.web.servlet.mvc.method.RequestMappingInfoHandlerMapping.getHandlerInternal(RequestMappingInfoHandlerMapping.java:68)
	at org.springframework.web.servlet.handler.AbstractHandlerMapping.getHandler(AbstractHandlerMapping.java:509)
	at org.springframework.web.servlet.DispatcherServlet.getHandler(DispatcherServlet.java:1284)
	at org.springframework.web.servlet.DispatcherServlet.doDispatch(DispatcherServlet.java:1065)
	at org.springframework.web.servlet.DispatcherServlet.doService(DispatcherServlet.java:979)
	at org.springframework.web.servlet.FrameworkServlet.processRequest(FrameworkServlet.java:1014)
	at org.springframework.web.servlet.FrameworkServlet.doGet(FrameworkServlet.java:903)
	at jakarta.servlet.http.HttpServlet.service(HttpServlet.java:564)
	at org.springframework.web.servlet.FrameworkServlet.service(FrameworkServlet.java:885)
	at jakarta.servlet.http.HttpServlet.service(HttpServlet.java:658)
	at org.apache.catalina.core.ApplicationFilterChain.internalDoFilter(ApplicationFilterChain.java:195)
	at org.apache.catalina.core.ApplicationFilterChain.doFilter(ApplicationFilterChain.java:140)
	at org.apache.tomcat.websocket.server.WsFilter.doFilter(WsFilter.java:51)
	at org.apache.catalina.core.ApplicationFilterChain.internalDoFilter(ApplicationFilterChain.java:164)
	at org.apache.catalina.core.ApplicationFilterChain.doFilter(ApplicationFilterChain.java:140)
	at org.springframework.web.filter.OncePerRequestFilter.doFilter(OncePerRequestFilter.java:110)
	at org.apache.catalina.core.ApplicationFilterChain.internalDoFilter(ApplicationFilterChain.java:164)
	at org.apache.catalina.core.ApplicationFilterChain.doFilter(ApplicationFilterChain.java:140)
	at org.springframework.web.filter.CompositeFilter$VirtualFilterChain.doFilter(CompositeFilter.java:108)
	at org.springframework.web.filter.CompositeFilter$VirtualFilterChain.doFilter(CompositeFilter.java:108)
	at org.springframework.security.web.FilterChainProxy.lambda$doFilterInternal$3(FilterChainProxy.java:231)
	at org.springframework.security.web.FilterChainProxy$VirtualFilterChain.doFilter(FilterChainProxy.java:365)
	at org.springframework.security.web.access.intercept.AuthorizationFilter.doFilter(AuthorizationFilter.java:101)
	at org.springframework.security.web.FilterChainProxy$VirtualFilterChain.doFilter(FilterChainProxy.java:374)
	at org.springframework.security.web.access.ExceptionTranslationFilter.doFilter(ExceptionTranslationFilter.java:125)
	at org.springframework.security.web.access.ExceptionTranslationFilter.doFilter(ExceptionTranslationFilter.java:119)
	at org.springframework.security.web.FilterChainProxy$VirtualFilterChain.doFilter(FilterChainProxy.java:374)
	at org.springframework.security.web.session.SessionManagementFilter.doFilter(SessionManagementFilter.java:131)
	at org.springframework.security.web.session.SessionManagementFilter.doFilter(SessionManagementFilter.java:85)
	at org.springframework.security.web.FilterChainProxy$VirtualFilterChain.doFilter(FilterChainProxy.java:374)
	at org.springframework.security.web.authentication.AnonymousAuthenticationFilter.doFilter(AnonymousAuthenticationFilter.java:100)
	at org.springframework.security.web.FilterChainProxy$VirtualFilterChain.doFilter(FilterChainProxy.java:374)
	at org.springframework.security.web.servletapi.SecurityContextHolderAwareRequestFilter.doFilter(SecurityContextHolderAwareRequestFilter.java:179)
	at org.springframework.security.web.FilterChainProxy$VirtualFilterChain.doFilter(FilterChainProxy.java:374)
	at org.springframework.security.web.savedrequest.RequestCacheAwareFilter.doFilter(RequestCacheAwareFilter.java:63)
	at org.springframework.security.web.FilterChainProxy$VirtualFilterChain.doFilter(FilterChainProxy.java:374)
	at com.sqld_board.sqld.config.security.JwtAuthenticationFilter.doFilterInternal(JwtAuthenticationFilter.java:62)
	at org.springframework.web.filter.OncePerRequestFilter.doFilter(OncePerRequestFilter.java:116)
	at org.springframework.security.web.FilterChainProxy$VirtualFilterChain.doFilter(FilterChainProxy.java:374)
	at org.springframework.security.web.authentication.logout.LogoutFilter.doFilter(LogoutFilter.java:107)
	at org.springframework.security.web.authentication.logout.LogoutFilter.doFilter(LogoutFilter.java:93)
	at org.springframework.security.web.FilterChainProxy$VirtualFilterChain.doFilter(FilterChainProxy.java:374)
	at org.springframework.web.filter.CorsFilter.doFilterInternal(CorsFilter.java:91)
	at org.springframework.web.filter.OncePerRequestFilter.doFilter(OncePerRequestFilter.java:116)
	at org.springframework.security.web.FilterChainProxy$VirtualFilterChain.doFilter(FilterChainProxy.java:374)
	at org.springframework.security.web.header.HeaderWriterFilter.doHeadersAfter(HeaderWriterFilter.java:90)
	at org.springframework.security.web.header.HeaderWriterFilter.doFilterInternal(HeaderWriterFilter.java:75)
	at org.springframework.web.filter.OncePerRequestFilter.doFilter(OncePerRequestFilter.java:116)
	at org.springframework.security.web.FilterChainProxy$VirtualFilterChain.doFilter(FilterChainProxy.java:374)
	at org.springframework.security.web.context.SecurityContextHolderFilter.doFilter(SecurityContextHolderFilter.java:82)
	at org.springframework.security.web.context.SecurityContextHolderFilter.doFilter(SecurityContextHolderFilter.java:69)
	at org.springframework.security.web.FilterChainProxy$VirtualFilterChain.doFilter(FilterChainProxy.java:374)
	at org.springframework.security.web.context.request.async.WebAsyncManagerIntegrationFilter.doFilterInternal(WebAsyncManagerIntegrationFilter.java:62)
	at org.springframework.web.filter.OncePerRequestFilter.doFilter(OncePerRequestFilter.java:116)
	at org.springframework.security.web.FilterChainProxy$VirtualFilterChain.doFilter(FilterChainProxy.java:374)
	at org.springframework.security.web.session.DisableEncodeUrlFilter.doFilterInternal(DisableEncodeUrlFilter.java:42)
	at org.springframework.web.filter.OncePerRequestFilter.doFilter(OncePerRequestFilter.java:116)
	at org.springframework.security.web.FilterChainProxy$VirtualFilterChain.doFilter(FilterChainProxy.java:374)
	at org.springframework.security.web.FilterChainProxy.doFilterInternal(FilterChainProxy.java:233)
	at org.springframework.security.web.FilterChainProxy.doFilter(FilterChainProxy.java:191)
	at org.springframework.web.filter.CompositeFilter$VirtualFilterChain.doFilter(CompositeFilter.java:113)
	at org.springframework.web.filter.ServletRequestPathFilter.doFilter(ServletRequestPathFilter.java:52)
	at org.springframework.web.filter.CompositeFilter$VirtualFilterChain.doFilter(CompositeFilter.java:113)
	at org.springframework.web.filter.CompositeFilter.doFilter(CompositeFilter.java:74)
	at org.springframework.security.config.annotation.web.configuration.WebSecurityConfiguration$CompositeFilterChainProxy.doFilter(WebSecurityConfiguration.java:319)
	at org.springframework.web.filter.CompositeFilter$VirtualFilterChain.doFilter(CompositeFilter.java:113)
	at org.springframework.web.servlet.handler.HandlerMappingIntrospector.lambda$createCacheFilter$4(HandlerMappingIntrospector.java:267)
	at org.springframework.web.filter.CompositeFilter$VirtualFilterChain.doFilter(CompositeFilter.java:113)
	at org.springframework.web.filter.CompositeFilter.doFilter(CompositeFilter.java:74)
	at org.springframework.security.config.annotation.web.configuration.WebMvcSecurityConfiguration$CompositeFilterChainProxy.doFilter(WebMvcSecurityConfiguration.java:240)
	at org.springframework.web.filter.DelegatingFilterProxy.invokeDelegate(DelegatingFilterProxy.java:362)
	at org.springframework.web.filter.DelegatingFilterProxy.doFilter(DelegatingFilterProxy.java:278)
	at org.apache.catalina.core.ApplicationFilterChain.internalDoFilter(ApplicationFilterChain.java:164)
	at org.apache.catalina.core.ApplicationFilterChain.doFilter(ApplicationFilterChain.java:140)
	at org.springframework.web.filter.RequestContextFilter.doFilterInternal(RequestContextFilter.java:100)
	at org.springframework.web.filter.OncePerRequestFilter.doFilter(OncePerRequestFilter.java:116)
	at org.apache.catalina.core.ApplicationFilterChain.internalDoFilter(ApplicationFilterChain.java:164)
	at org.apache.catalina.core.ApplicationFilterChain.doFilter(ApplicationFilterChain.java:140)
	at org.springframework.web.filter.FormContentFilter.doFilterInternal(FormContentFilter.java:93)
	at org.springframework.web.filter.OncePerRequestFilter.doFilter(OncePerRequestFilter.java:116)
	at org.apache.catalina.core.ApplicationFilterChain.internalDoFilter(ApplicationFilterChain.java:164)
	at org.apache.catalina.core.ApplicationFilterChain.doFilter(ApplicationFilterChain.java:140)
	at org.springframework.web.filter.CharacterEncodingFilter.doFilterInternal(CharacterEncodingFilter.java:201)
	at org.springframework.web.filter.OncePerRequestFilter.doFilter(OncePerRequestFilter.java:116)
	at org.apache.catalina.core.ApplicationFilterChain.internalDoFilter(ApplicationFilterChain.java:164)
	at org.apache.catalina.core.ApplicationFilterChain.doFilter(ApplicationFilterChain.java:140)
	at org.apache.catalina.core.StandardWrapperValve.invoke(StandardWrapperValve.java:167)
	at org.apache.catalina.core.StandardContextValve.invoke(StandardContextValve.java:90)
	at org.apache.catalina.authenticator.AuthenticatorBase.invoke(AuthenticatorBase.java:483)
	at org.apache.catalina.core.StandardHostValve.invoke(StandardHostValve.java:116)
	at org.apache.catalina.valves.ErrorReportValve.invoke(ErrorReportValve.java:93)
	at org.apache.catalina.core.StandardEngineValve.invoke(StandardEngineValve.java:74)
	at org.apache.catalina.connector.CoyoteAdapter.service(CoyoteAdapter.java:344)
	at org.apache.coyote.http11.Http11Processor.service(Http11Processor.java:398)
	at org.apache.coyote.AbstractProcessorLight.process(AbstractProcessorLight.java:63)
	at org.apache.coyote.AbstractProtocol$ConnectionHandler.process(AbstractProtocol.java:903)
	at org.apache.tomcat.util.net.NioEndpoint$SocketProcessor.doRun(NioEndpoint.java:1776)
	at org.apache.tomcat.util.net.SocketProcessorBase.run(SocketProcessorBase.java:52)
	at org.apache.tomcat.util.threads.ThreadPoolExecutor.runWorker(ThreadPoolExecutor.java:975)
	at org.apache.tomcat.util.threads.ThreadPoolExecutor$Worker.run(ThreadPoolExecutor.java:493)
	at org.apache.tomcat.util.threads.TaskThread$WrappingRunnable.run(TaskThread.java:63)
	at java.base/java.lang.Thread.run(Thread.java:840)
[2026-05-11 11:25:52.960] [WARN ] [http-nio-8881-exec-8] o.s.w.s.m.m.a.ExceptionHandlerExceptionResolver - Resolved [org.springframework.web.HttpRequestMethodNotSupportedException: Request method 'GET' is not supported]
[2026-05-11 11:26:04.224] [INFO ] [http-nio-8881-exec-9] jdbc.sqltiming - SELECT /* MemberMapper.readMemberByMemberId (memberId를 통한 회원 정보 조회) */
               MEMBER_ID
             , USER_ID
             , USER_PASS
             , USER_NAME
             , USER_EMAIL
             , EMAIL_VERIFIED
             , USER_ROLE
             , USER_STATUS
             , PROFILE_IMAGE
             , CREATE_AT
             , UPDATE_AT
             , LAST_LOG_AT
          FROM MEMBER_INFO
        WHERE MEMBER_ID = 'MEMBER_20260511_001'
 {executed in 9 msec}
[2026-05-11 11:26:04.241] [ERROR] [http-nio-8881-exec-9] c.s.sqld.exception.ExceptionAdvice - 정적 리소스를 찾을 수 없습니다: api/board/updateBoardMaster/B_NOTICE_01
[2026-05-11 11:26:04.245] [WARN ] [http-nio-8881-exec-9] o.s.w.s.m.m.a.ExceptionHandlerExceptionResolver - Resolved [org.springframework.web.servlet.resource.NoResourceFoundException: No static resource api/board/updateBoardMaster/B_NOTICE_01.]
[2026-05-11 11:26:07.597] [INFO ] [http-nio-8881-exec-1] jdbc.sqltiming - SELECT /* MemberMapper.readMemberByMemberId (memberId를 통한 회원 정보 조회) */
               MEMBER_ID
             , USER_ID
             , USER_PASS
             , USER_NAME
             , USER_EMAIL
             , EMAIL_VERIFIED
             , USER_ROLE
             , USER_STATUS
             , PROFILE_IMAGE
             , CREATE_AT
             , UPDATE_AT
             , LAST_LOG_AT
          FROM MEMBER_INFO
        WHERE MEMBER_ID = 'MEMBER_20260511_001'
 {executed in 9 msec}
[2026-05-11 11:26:11.927] [INFO ] [http-nio-8881-exec-3] jdbc.sqltiming - SELECT MEMBER_ID
             , USER_ID
             , USER_PASS
             , USER_NAME
             , USER_EMAIL
             , EMAIL_VERIFIED
             , USER_ROLE
             , USER_STATUS
             , PROFILE_IMAGE
             , CREATE_AT
             , UPDATE_AT
             , LAST_LOG_AT
          FROM MEMBER_INFO
         WHERE USER_ID = 'Admin'
         LIMIT 1
 {executed in 6 msec}
[2026-05-11 11:26:12.041] [INFO ] [http-nio-8881-exec-3] c.s.sqld.exception.ExceptionAdvice - SignInFailureException
com.sqld_board.sqld.exception.common.InvalidCredentialsException: null
	at com.sqld_board.sqld.service.sign.SignServiceImpl.signIn(SignServiceImpl.java:328)
	at java.base/jdk.internal.reflect.NativeMethodAccessorImpl.invoke0(Native Method)
	at java.base/jdk.internal.reflect.NativeMethodAccessorImpl.invoke(NativeMethodAccessorImpl.java:77)
	at java.base/jdk.internal.reflect.DelegatingMethodAccessorImpl.invoke(DelegatingMethodAccessorImpl.java:43)
	at java.base/java.lang.reflect.Method.invoke(Method.java:568)
	at org.springframework.aop.support.AopUtils.invokeJoinpointUsingReflection(AopUtils.java:360)
	at org.springframework.aop.framework.ReflectiveMethodInvocation.invokeJoinpoint(ReflectiveMethodInvocation.java:196)
	at org.springframework.aop.framework.ReflectiveMethodInvocation.proceed(ReflectiveMethodInvocation.java:163)
	at org.springframework.transaction.interceptor.TransactionAspectSupport.invokeWithinTransaction(TransactionAspectSupport.java:380)
	at org.springframework.transaction.interceptor.TransactionInterceptor.invoke(TransactionInterceptor.java:119)
	at org.springframework.aop.framework.ReflectiveMethodInvocation.proceed(ReflectiveMethodInvocation.java:184)
	at org.springframework.aop.framework.CglibAopProxy$DynamicAdvisedInterceptor.intercept(CglibAopProxy.java:728)
	at com.sqld_board.sqld.service.sign.SignServiceImpl$$SpringCGLIB$$0.signIn(<generated>)
	at com.sqld_board.sqld.controller.sign.SignController.signIn(SignController.java:171)
	at java.base/jdk.internal.reflect.NativeMethodAccessorImpl.invoke0(Native Method)
	at java.base/jdk.internal.reflect.NativeMethodAccessorImpl.invoke(NativeMethodAccessorImpl.java:77)
	at java.base/jdk.internal.reflect.DelegatingMethodAccessorImpl.invoke(DelegatingMethodAccessorImpl.java:43)
	at java.base/java.lang.reflect.Method.invoke(Method.java:568)
	at org.springframework.web.method.support.InvocableHandlerMethod.doInvoke(InvocableHandlerMethod.java:258)
	at org.springframework.web.method.support.InvocableHandlerMethod.invokeForRequest(InvocableHandlerMethod.java:191)
	at org.springframework.web.servlet.mvc.method.annotation.ServletInvocableHandlerMethod.invokeAndHandle(ServletInvocableHandlerMethod.java:118)
	at org.springframework.web.servlet.mvc.method.annotation.RequestMappingHandlerAdapter.invokeHandlerMethod(RequestMappingHandlerAdapter.java:991)
	at org.springframework.web.servlet.mvc.method.annotation.RequestMappingHandlerAdapter.handleInternal(RequestMappingHandlerAdapter.java:896)
	at org.springframework.web.servlet.mvc.method.AbstractHandlerMethodAdapter.handle(AbstractHandlerMethodAdapter.java:87)
	at org.springframework.web.servlet.DispatcherServlet.doDispatch(DispatcherServlet.java:1089)
	at org.springframework.web.servlet.DispatcherServlet.doService(DispatcherServlet.java:979)
	at org.springframework.web.servlet.FrameworkServlet.processRequest(FrameworkServlet.java:1014)
	at org.springframework.web.servlet.FrameworkServlet.doPost(FrameworkServlet.java:914)
	at jakarta.servlet.http.HttpServlet.service(HttpServlet.java:590)
	at org.springframework.web.servlet.FrameworkServlet.service(FrameworkServlet.java:885)
	at jakarta.servlet.http.HttpServlet.service(HttpServlet.java:658)
	at org.apache.catalina.core.ApplicationFilterChain.internalDoFilter(ApplicationFilterChain.java:195)
	at org.apache.catalina.core.ApplicationFilterChain.doFilter(ApplicationFilterChain.java:140)
	at org.apache.tomcat.websocket.server.WsFilter.doFilter(WsFilter.java:51)
	at org.apache.catalina.core.ApplicationFilterChain.internalDoFilter(ApplicationFilterChain.java:164)
	at org.apache.catalina.core.ApplicationFilterChain.doFilter(ApplicationFilterChain.java:140)
	at org.springframework.web.filter.OncePerRequestFilter.doFilter(OncePerRequestFilter.java:110)
	at org.apache.catalina.core.ApplicationFilterChain.internalDoFilter(ApplicationFilterChain.java:164)
	at org.apache.catalina.core.ApplicationFilterChain.doFilter(ApplicationFilterChain.java:140)
	at org.springframework.web.filter.CompositeFilter$VirtualFilterChain.doFilter(CompositeFilter.java:108)
	at org.springframework.web.filter.CompositeFilter$VirtualFilterChain.doFilter(CompositeFilter.java:108)
	at org.springframework.security.web.FilterChainProxy.lambda$doFilterInternal$3(FilterChainProxy.java:231)
	at org.springframework.security.web.FilterChainProxy$VirtualFilterChain.doFilter(FilterChainProxy.java:365)
	at org.springframework.security.web.access.intercept.AuthorizationFilter.doFilter(AuthorizationFilter.java:101)
	at org.springframework.security.web.FilterChainProxy$VirtualFilterChain.doFilter(FilterChainProxy.java:374)
	at org.springframework.security.web.access.ExceptionTranslationFilter.doFilter(ExceptionTranslationFilter.java:125)
	at org.springframework.security.web.access.ExceptionTranslationFilter.doFilter(ExceptionTranslationFilter.java:119)
	at org.springframework.security.web.FilterChainProxy$VirtualFilterChain.doFilter(FilterChainProxy.java:374)
	at org.springframework.security.web.session.SessionManagementFilter.doFilter(SessionManagementFilter.java:131)
	at org.springframework.security.web.session.SessionManagementFilter.doFilter(SessionManagementFilter.java:85)
	at org.springframework.security.web.FilterChainProxy$VirtualFilterChain.doFilter(FilterChainProxy.java:374)
	at org.springframework.security.web.authentication.AnonymousAuthenticationFilter.doFilter(AnonymousAuthenticationFilter.java:100)
	at org.springframework.security.web.FilterChainProxy$VirtualFilterChain.doFilter(FilterChainProxy.java:374)
	at org.springframework.security.web.servletapi.SecurityContextHolderAwareRequestFilter.doFilter(SecurityContextHolderAwareRequestFilter.java:179)
	at org.springframework.security.web.FilterChainProxy$VirtualFilterChain.doFilter(FilterChainProxy.java:374)
	at org.springframework.security.web.savedrequest.RequestCacheAwareFilter.doFilter(RequestCacheAwareFilter.java:63)
	at org.springframework.security.web.FilterChainProxy$VirtualFilterChain.doFilter(FilterChainProxy.java:374)
	at com.sqld_board.sqld.config.security.JwtAuthenticationFilter.doFilterInternal(JwtAuthenticationFilter.java:62)
	at org.springframework.web.filter.OncePerRequestFilter.doFilter(OncePerRequestFilter.java:116)
	at org.springframework.security.web.FilterChainProxy$VirtualFilterChain.doFilter(FilterChainProxy.java:374)
	at org.springframework.security.web.authentication.logout.LogoutFilter.doFilter(LogoutFilter.java:107)
	at org.springframework.security.web.authentication.logout.LogoutFilter.doFilter(LogoutFilter.java:93)
	at org.springframework.security.web.FilterChainProxy$VirtualFilterChain.doFilter(FilterChainProxy.java:374)
	at org.springframework.web.filter.CorsFilter.doFilterInternal(CorsFilter.java:91)
	at org.springframework.web.filter.OncePerRequestFilter.doFilter(OncePerRequestFilter.java:116)
	at org.springframework.security.web.FilterChainProxy$VirtualFilterChain.doFilter(FilterChainProxy.java:374)
	at org.springframework.security.web.header.HeaderWriterFilter.doHeadersAfter(HeaderWriterFilter.java:90)
	at org.springframework.security.web.header.HeaderWriterFilter.doFilterInternal(HeaderWriterFilter.java:75)
	at org.springframework.web.filter.OncePerRequestFilter.doFilter(OncePerRequestFilter.java:116)
	at org.springframework.security.web.FilterChainProxy$VirtualFilterChain.doFilter(FilterChainProxy.java:374)
	at org.springframework.security.web.context.SecurityContextHolderFilter.doFilter(SecurityContextHolderFilter.java:82)
	at org.springframework.security.web.context.SecurityContextHolderFilter.doFilter(SecurityContextHolderFilter.java:69)
	at org.springframework.security.web.FilterChainProxy$VirtualFilterChain.doFilter(FilterChainProxy.java:374)
	at org.springframework.security.web.context.request.async.WebAsyncManagerIntegrationFilter.doFilterInternal(WebAsyncManagerIntegrationFilter.java:62)
	at org.springframework.web.filter.OncePerRequestFilter.doFilter(OncePerRequestFilter.java:116)
	at org.springframework.security.web.FilterChainProxy$VirtualFilterChain.doFilter(FilterChainProxy.java:374)
	at org.springframework.security.web.session.DisableEncodeUrlFilter.doFilterInternal(DisableEncodeUrlFilter.java:42)
	at org.springframework.web.filter.OncePerRequestFilter.doFilter(OncePerRequestFilter.java:116)
	at org.springframework.security.web.FilterChainProxy$VirtualFilterChain.doFilter(FilterChainProxy.java:374)
	at org.springframework.security.web.FilterChainProxy.doFilterInternal(FilterChainProxy.java:233)
	at org.springframework.security.web.FilterChainProxy.doFilter(FilterChainProxy.java:191)
	at org.springframework.web.filter.CompositeFilter$VirtualFilterChain.doFilter(CompositeFilter.java:113)
	at org.springframework.web.filter.ServletRequestPathFilter.doFilter(ServletRequestPathFilter.java:52)
	at org.springframework.web.filter.CompositeFilter$VirtualFilterChain.doFilter(CompositeFilter.java:113)
	at org.springframework.web.filter.CompositeFilter.doFilter(CompositeFilter.java:74)
	at org.springframework.security.config.annotation.web.configuration.WebSecurityConfiguration$CompositeFilterChainProxy.doFilter(WebSecurityConfiguration.java:319)
	at org.springframework.web.filter.CompositeFilter$VirtualFilterChain.doFilter(CompositeFilter.java:113)
	at org.springframework.web.servlet.handler.HandlerMappingIntrospector.lambda$createCacheFilter$4(HandlerMappingIntrospector.java:267)
	at org.springframework.web.filter.CompositeFilter$VirtualFilterChain.doFilter(CompositeFilter.java:113)
	at org.springframework.web.filter.CompositeFilter.doFilter(CompositeFilter.java:74)
	at org.springframework.security.config.annotation.web.configuration.WebMvcSecurityConfiguration$CompositeFilterChainProxy.doFilter(WebMvcSecurityConfiguration.java:240)
	at org.springframework.web.filter.DelegatingFilterProxy.invokeDelegate(DelegatingFilterProxy.java:362)
	at org.springframework.web.filter.DelegatingFilterProxy.doFilter(DelegatingFilterProxy.java:278)
	at org.apache.catalina.core.ApplicationFilterChain.internalDoFilter(ApplicationFilterChain.java:164)
	at org.apache.catalina.core.ApplicationFilterChain.doFilter(ApplicationFilterChain.java:140)
	at org.springframework.web.filter.RequestContextFilter.doFilterInternal(RequestContextFilter.java:100)
	at org.springframework.web.filter.OncePerRequestFilter.doFilter(OncePerRequestFilter.java:116)
	at org.apache.catalina.core.ApplicationFilterChain.internalDoFilter(ApplicationFilterChain.java:164)
	at org.apache.catalina.core.ApplicationFilterChain.doFilter(ApplicationFilterChain.java:140)
	at org.springframework.web.filter.FormContentFilter.doFilterInternal(FormContentFilter.java:93)
	at org.springframework.web.filter.OncePerRequestFilter.doFilter(OncePerRequestFilter.java:116)
	at org.apache.catalina.core.ApplicationFilterChain.internalDoFilter(ApplicationFilterChain.java:164)
	at org.apache.catalina.core.ApplicationFilterChain.doFilter(ApplicationFilterChain.java:140)
	at org.springframework.web.filter.CharacterEncodingFilter.doFilterInternal(CharacterEncodingFilter.java:201)
	at org.springframework.web.filter.OncePerRequestFilter.doFilter(OncePerRequestFilter.java:116)
	at org.apache.catalina.core.ApplicationFilterChain.internalDoFilter(ApplicationFilterChain.java:164)
	at org.apache.catalina.core.ApplicationFilterChain.doFilter(ApplicationFilterChain.java:140)
	at org.apache.catalina.core.StandardWrapperValve.invoke(StandardWrapperValve.java:167)
	at org.apache.catalina.core.StandardContextValve.invoke(StandardContextValve.java:90)
	at org.apache.catalina.authenticator.AuthenticatorBase.invoke(AuthenticatorBase.java:483)
	at org.apache.catalina.core.StandardHostValve.invoke(StandardHostValve.java:116)
	at org.apache.catalina.valves.ErrorReportValve.invoke(ErrorReportValve.java:93)
	at org.apache.catalina.core.StandardEngineValve.invoke(StandardEngineValve.java:74)
	at org.apache.catalina.connector.CoyoteAdapter.service(CoyoteAdapter.java:344)
	at org.apache.coyote.http11.Http11Processor.service(Http11Processor.java:398)
	at org.apache.coyote.AbstractProcessorLight.process(AbstractProcessorLight.java:63)
	at org.apache.coyote.AbstractProtocol$ConnectionHandler.process(AbstractProtocol.java:903)
	at org.apache.tomcat.util.net.NioEndpoint$SocketProcessor.doRun(NioEndpoint.java:1776)
	at org.apache.tomcat.util.net.SocketProcessorBase.run(SocketProcessorBase.java:52)
	at org.apache.tomcat.util.threads.ThreadPoolExecutor.runWorker(ThreadPoolExecutor.java:975)
	at org.apache.tomcat.util.threads.ThreadPoolExecutor$Worker.run(ThreadPoolExecutor.java:493)
	at org.apache.tomcat.util.threads.TaskThread$WrappingRunnable.run(TaskThread.java:63)
	at java.base/java.lang.Thread.run(Thread.java:840)
[2026-05-11 11:26:12.042] [WARN ] [http-nio-8881-exec-3] o.s.w.s.m.m.a.ExceptionHandlerExceptionResolver - Resolved [com.sqld_board.sqld.exception.common.InvalidCredentialsException]
[2026-05-11 11:26:19.886] [INFO ] [http-nio-8881-exec-5] jdbc.sqltiming - SELECT /* MemberMapper.readMemberByMemberId (memberId를 통한 회원 정보 조회) */
               MEMBER_ID
             , USER_ID
             , USER_PASS
             , USER_NAME
             , USER_EMAIL
             , EMAIL_VERIFIED
             , USER_ROLE
             , USER_STATUS
             , PROFILE_IMAGE
             , CREATE_AT
             , UPDATE_AT
             , LAST_LOG_AT
          FROM MEMBER_INFO
        WHERE MEMBER_ID = 'MEMBER_20260511_001'
 {executed in 9 msec}
[2026-05-11 11:26:19.923] [INFO ] [http-nio-8881-exec-5] jdbc.sqltiming - SELECT /* BoardMasterMapper.validateBoardCodeExist (boardCode 중복 확인) */
               COUNT(1)
          FROM BOARD_MASTER
         WHERE BOARD_CODE = 'B_NOTICE_01'
 {executed in 6 msec}
[2026-05-11 11:26:19.929] [INFO ] [http-nio-8881-exec-5] jdbc.sqltiming - SELECT /* CommonCodeGroupMapper.existGroupCOde */
               COUNT(1)
          FROM COMMON_CODE_GROUP
         WHERE GROUP_CODE = NULL
 {executed in 6 msec}
[2026-05-11 11:26:19.942] [ERROR] [http-nio-8881-exec-5] c.s.sqld.exception.ExceptionAdvice - null
com.sqld_board.sqld.exception.code.NotFoundGroupCodeException: null
	at com.sqld_board.sqld.service.board.BoardMasterServiceImpl.validateGroupCodeExists(BoardMasterServiceImpl.java:141)
	at com.sqld_board.sqld.service.board.BoardMasterServiceImpl.updateBoardMaster(BoardMasterServiceImpl.java:43)
	at java.base/jdk.internal.reflect.NativeMethodAccessorImpl.invoke0(Native Method)
	at java.base/jdk.internal.reflect.NativeMethodAccessorImpl.invoke(NativeMethodAccessorImpl.java:77)
	at java.base/jdk.internal.reflect.DelegatingMethodAccessorImpl.invoke(DelegatingMethodAccessorImpl.java:43)
	at java.base/java.lang.reflect.Method.invoke(Method.java:568)
	at org.springframework.aop.support.AopUtils.invokeJoinpointUsingReflection(AopUtils.java:360)
	at org.springframework.aop.framework.ReflectiveMethodInvocation.invokeJoinpoint(ReflectiveMethodInvocation.java:196)
	at org.springframework.aop.framework.ReflectiveMethodInvocation.proceed(ReflectiveMethodInvocation.java:163)
	at org.springframework.transaction.interceptor.TransactionAspectSupport.invokeWithinTransaction(TransactionAspectSupport.java:380)
	at org.springframework.transaction.interceptor.TransactionInterceptor.invoke(TransactionInterceptor.java:119)
	at org.springframework.aop.framework.ReflectiveMethodInvocation.proceed(ReflectiveMethodInvocation.java:184)
	at org.springframework.aop.framework.CglibAopProxy$DynamicAdvisedInterceptor.intercept(CglibAopProxy.java:728)
	at com.sqld_board.sqld.service.board.BoardMasterServiceImpl$$SpringCGLIB$$0.updateBoardMaster(<generated>)
	at com.sqld_board.sqld.controller.board.BoardMasterController.updateBoardMaster(BoardMasterController.java:37)
	at java.base/jdk.internal.reflect.NativeMethodAccessorImpl.invoke0(Native Method)
	at java.base/jdk.internal.reflect.NativeMethodAccessorImpl.invoke(NativeMethodAccessorImpl.java:77)
	at java.base/jdk.internal.reflect.DelegatingMethodAccessorImpl.invoke(DelegatingMethodAccessorImpl.java:43)
	at java.base/java.lang.reflect.Method.invoke(Method.java:568)
	at org.springframework.aop.support.AopUtils.invokeJoinpointUsingReflection(AopUtils.java:360)
	at org.springframework.aop.framework.ReflectiveMethodInvocation.invokeJoinpoint(ReflectiveMethodInvocation.java:196)
	at org.springframework.aop.framework.ReflectiveMethodInvocation.proceed(ReflectiveMethodInvocation.java:163)
	at org.springframework.security.authorization.method.AuthorizationManagerBeforeMethodInterceptor.proceed(AuthorizationManagerBeforeMethodInterceptor.java:268)
	at org.springframework.security.authorization.method.AuthorizationManagerBeforeMethodInterceptor.attemptAuthorization(AuthorizationManagerBeforeMethodInterceptor.java:263)
	at org.springframework.security.authorization.method.AuthorizationManagerBeforeMethodInterceptor.invoke(AuthorizationManagerBeforeMethodInterceptor.java:196)
	at org.springframework.security.config.annotation.method.configuration.DeferringMethodInterceptor.invoke(DeferringMethodInterceptor.java:44)
	at org.springframework.aop.framework.ReflectiveMethodInvocation.proceed(ReflectiveMethodInvocation.java:184)
	at org.springframework.aop.framework.CglibAopProxy$DynamicAdvisedInterceptor.intercept(CglibAopProxy.java:728)
	at com.sqld_board.sqld.controller.board.BoardMasterController$$SpringCGLIB$$0.updateBoardMaster(<generated>)
	at java.base/jdk.internal.reflect.NativeMethodAccessorImpl.invoke0(Native Method)
	at java.base/jdk.internal.reflect.NativeMethodAccessorImpl.invoke(NativeMethodAccessorImpl.java:77)
	at java.base/jdk.internal.reflect.DelegatingMethodAccessorImpl.invoke(DelegatingMethodAccessorImpl.java:43)
	at java.base/java.lang.reflect.Method.invoke(Method.java:568)
	at org.springframework.web.method.support.InvocableHandlerMethod.doInvoke(InvocableHandlerMethod.java:258)
	at org.springframework.web.method.support.InvocableHandlerMethod.invokeForRequest(InvocableHandlerMethod.java:191)
	at org.springframework.web.servlet.mvc.method.annotation.ServletInvocableHandlerMethod.invokeAndHandle(ServletInvocableHandlerMethod.java:118)
	at org.springframework.web.servlet.mvc.method.annotation.RequestMappingHandlerAdapter.invokeHandlerMethod(RequestMappingHandlerAdapter.java:991)
	at org.springframework.web.servlet.mvc.method.annotation.RequestMappingHandlerAdapter.handleInternal(RequestMappingHandlerAdapter.java:896)
	at org.springframework.web.servlet.mvc.method.AbstractHandlerMethodAdapter.handle(AbstractHandlerMethodAdapter.java:87)
	at org.springframework.web.servlet.DispatcherServlet.doDispatch(DispatcherServlet.java:1089)
	at org.springframework.web.servlet.DispatcherServlet.doService(DispatcherServlet.java:979)
	at org.springframework.web.servlet.FrameworkServlet.processRequest(FrameworkServlet.java:1014)
	at org.springframework.web.servlet.FrameworkServlet.service(FrameworkServlet.java:888)
	at jakarta.servlet.http.HttpServlet.service(HttpServlet.java:658)
	at org.apache.catalina.core.ApplicationFilterChain.internalDoFilter(ApplicationFilterChain.java:195)
	at org.apache.catalina.core.ApplicationFilterChain.doFilter(ApplicationFilterChain.java:140)
	at org.apache.tomcat.websocket.server.WsFilter.doFilter(WsFilter.java:51)
	at org.apache.catalina.core.ApplicationFilterChain.internalDoFilter(ApplicationFilterChain.java:164)
	at org.apache.catalina.core.ApplicationFilterChain.doFilter(ApplicationFilterChain.java:140)
	at org.springframework.web.filter.OncePerRequestFilter.doFilter(OncePerRequestFilter.java:110)
	at org.apache.catalina.core.ApplicationFilterChain.internalDoFilter(ApplicationFilterChain.java:164)
	at org.apache.catalina.core.ApplicationFilterChain.doFilter(ApplicationFilterChain.java:140)
	at org.springframework.web.filter.CompositeFilter$VirtualFilterChain.doFilter(CompositeFilter.java:108)
	at org.springframework.web.filter.CompositeFilter$VirtualFilterChain.doFilter(CompositeFilter.java:108)
	at org.springframework.security.web.FilterChainProxy.lambda$doFilterInternal$3(FilterChainProxy.java:231)
	at org.springframework.security.web.FilterChainProxy$VirtualFilterChain.doFilter(FilterChainProxy.java:365)
	at org.springframework.security.web.access.intercept.AuthorizationFilter.doFilter(AuthorizationFilter.java:101)
	at org.springframework.security.web.FilterChainProxy$VirtualFilterChain.doFilter(FilterChainProxy.java:374)
	at org.springframework.security.web.access.ExceptionTranslationFilter.doFilter(ExceptionTranslationFilter.java:125)
	at org.springframework.security.web.access.ExceptionTranslationFilter.doFilter(ExceptionTranslationFilter.java:119)
	at org.springframework.security.web.FilterChainProxy$VirtualFilterChain.doFilter(FilterChainProxy.java:374)
	at org.springframework.security.web.session.SessionManagementFilter.doFilter(SessionManagementFilter.java:131)
	at org.springframework.security.web.session.SessionManagementFilter.doFilter(SessionManagementFilter.java:85)
	at org.springframework.security.web.FilterChainProxy$VirtualFilterChain.doFilter(FilterChainProxy.java:374)
	at org.springframework.security.web.authentication.AnonymousAuthenticationFilter.doFilter(AnonymousAuthenticationFilter.java:100)
	at org.springframework.security.web.FilterChainProxy$VirtualFilterChain.doFilter(FilterChainProxy.java:374)
	at org.springframework.security.web.servletapi.SecurityContextHolderAwareRequestFilter.doFilter(SecurityContextHolderAwareRequestFilter.java:179)
	at org.springframework.security.web.FilterChainProxy$VirtualFilterChain.doFilter(FilterChainProxy.java:374)
	at org.springframework.security.web.savedrequest.RequestCacheAwareFilter.doFilter(RequestCacheAwareFilter.java:63)
	at org.springframework.security.web.FilterChainProxy$VirtualFilterChain.doFilter(FilterChainProxy.java:374)
	at com.sqld_board.sqld.config.security.JwtAuthenticationFilter.doFilterInternal(JwtAuthenticationFilter.java:62)
	at org.springframework.web.filter.OncePerRequestFilter.doFilter(OncePerRequestFilter.java:116)
	at org.springframework.security.web.FilterChainProxy$VirtualFilterChain.doFilter(FilterChainProxy.java:374)
	at org.springframework.security.web.authentication.logout.LogoutFilter.doFilter(LogoutFilter.java:107)
	at org.springframework.security.web.authentication.logout.LogoutFilter.doFilter(LogoutFilter.java:93)
	at org.springframework.security.web.FilterChainProxy$VirtualFilterChain.doFilter(FilterChainProxy.java:374)
	at org.springframework.web.filter.CorsFilter.doFilterInternal(CorsFilter.java:91)
	at org.springframework.web.filter.OncePerRequestFilter.doFilter(OncePerRequestFilter.java:116)
	at org.springframework.security.web.FilterChainProxy$VirtualFilterChain.doFilter(FilterChainProxy.java:374)
	at org.springframework.security.web.header.HeaderWriterFilter.doHeadersAfter(HeaderWriterFilter.java:90)
	at org.springframework.security.web.header.HeaderWriterFilter.doFilterInternal(HeaderWriterFilter.java:75)
	at org.springframework.web.filter.OncePerRequestFilter.doFilter(OncePerRequestFilter.java:116)
	at org.springframework.security.web.FilterChainProxy$VirtualFilterChain.doFilter(FilterChainProxy.java:374)
	at org.springframework.security.web.context.SecurityContextHolderFilter.doFilter(SecurityContextHolderFilter.java:82)
	at org.springframework.security.web.context.SecurityContextHolderFilter.doFilter(SecurityContextHolderFilter.java:69)
	at org.springframework.security.web.FilterChainProxy$VirtualFilterChain.doFilter(FilterChainProxy.java:374)
	at org.springframework.security.web.context.request.async.WebAsyncManagerIntegrationFilter.doFilterInternal(WebAsyncManagerIntegrationFilter.java:62)
	at org.springframework.web.filter.OncePerRequestFilter.doFilter(OncePerRequestFilter.java:116)
	at org.springframework.security.web.FilterChainProxy$VirtualFilterChain.doFilter(FilterChainProxy.java:374)
	at org.springframework.security.web.session.DisableEncodeUrlFilter.doFilterInternal(DisableEncodeUrlFilter.java:42)
	at org.springframework.web.filter.OncePerRequestFilter.doFilter(OncePerRequestFilter.java:116)
	at org.springframework.security.web.FilterChainProxy$VirtualFilterChain.doFilter(FilterChainProxy.java:374)
	at org.springframework.security.web.FilterChainProxy.doFilterInternal(FilterChainProxy.java:233)
	at org.springframework.security.web.FilterChainProxy.doFilter(FilterChainProxy.java:191)
	at org.springframework.web.filter.CompositeFilter$VirtualFilterChain.doFilter(CompositeFilter.java:113)
	at org.springframework.web.filter.ServletRequestPathFilter.doFilter(ServletRequestPathFilter.java:52)
	at org.springframework.web.filter.CompositeFilter$VirtualFilterChain.doFilter(CompositeFilter.java:113)
	at org.springframework.web.filter.CompositeFilter.doFilter(CompositeFilter.java:74)
	at org.springframework.security.config.annotation.web.configuration.WebSecurityConfiguration$CompositeFilterChainProxy.doFilter(WebSecurityConfiguration.java:319)
	at org.springframework.web.filter.CompositeFilter$VirtualFilterChain.doFilter(CompositeFilter.java:113)
	at org.springframework.web.servlet.handler.HandlerMappingIntrospector.lambda$createCacheFilter$4(HandlerMappingIntrospector.java:267)
	at org.springframework.web.filter.CompositeFilter$VirtualFilterChain.doFilter(CompositeFilter.java:113)
	at org.springframework.web.filter.CompositeFilter.doFilter(CompositeFilter.java:74)
	at org.springframework.security.config.annotation.web.configuration.WebMvcSecurityConfiguration$CompositeFilterChainProxy.doFilter(WebMvcSecurityConfiguration.java:240)
	at org.springframework.web.filter.DelegatingFilterProxy.invokeDelegate(DelegatingFilterProxy.java:362)
	at org.springframework.web.filter.DelegatingFilterProxy.doFilter(DelegatingFilterProxy.java:278)
	at org.apache.catalina.core.ApplicationFilterChain.internalDoFilter(ApplicationFilterChain.java:164)
	at org.apache.catalina.core.ApplicationFilterChain.doFilter(ApplicationFilterChain.java:140)
	at org.springframework.web.filter.RequestContextFilter.doFilterInternal(RequestContextFilter.java:100)
	at org.springframework.web.filter.OncePerRequestFilter.doFilter(OncePerRequestFilter.java:116)
	at org.apache.catalina.core.ApplicationFilterChain.internalDoFilter(ApplicationFilterChain.java:164)
	at org.apache.catalina.core.ApplicationFilterChain.doFilter(ApplicationFilterChain.java:140)
	at org.springframework.web.filter.FormContentFilter.doFilterInternal(FormContentFilter.java:93)
	at org.springframework.web.filter.OncePerRequestFilter.doFilter(OncePerRequestFilter.java:116)
	at org.apache.catalina.core.ApplicationFilterChain.internalDoFilter(ApplicationFilterChain.java:164)
	at org.apache.catalina.core.ApplicationFilterChain.doFilter(ApplicationFilterChain.java:140)
	at org.springframework.web.filter.CharacterEncodingFilter.doFilterInternal(CharacterEncodingFilter.java:201)
	at org.springframework.web.filter.OncePerRequestFilter.doFilter(OncePerRequestFilter.java:116)
	at org.apache.catalina.core.ApplicationFilterChain.internalDoFilter(ApplicationFilterChain.java:164)
	at org.apache.catalina.core.ApplicationFilterChain.doFilter(ApplicationFilterChain.java:140)
	at org.apache.catalina.core.StandardWrapperValve.invoke(StandardWrapperValve.java:167)
	at org.apache.catalina.core.StandardContextValve.invoke(StandardContextValve.java:90)
	at org.apache.catalina.authenticator.AuthenticatorBase.invoke(AuthenticatorBase.java:483)
	at org.apache.catalina.core.StandardHostValve.invoke(StandardHostValve.java:116)
	at org.apache.catalina.valves.ErrorReportValve.invoke(ErrorReportValve.java:93)
	at org.apache.catalina.core.StandardEngineValve.invoke(StandardEngineValve.java:74)
	at org.apache.catalina.connector.CoyoteAdapter.service(CoyoteAdapter.java:344)
	at org.apache.coyote.http11.Http11Processor.service(Http11Processor.java:398)
	at org.apache.coyote.AbstractProcessorLight.process(AbstractProcessorLight.java:63)
	at org.apache.coyote.AbstractProtocol$ConnectionHandler.process(AbstractProtocol.java:903)
	at org.apache.tomcat.util.net.NioEndpoint$SocketProcessor.doRun(NioEndpoint.java:1776)
	at org.apache.tomcat.util.net.SocketProcessorBase.run(SocketProcessorBase.java:52)
	at org.apache.tomcat.util.threads.ThreadPoolExecutor.runWorker(ThreadPoolExecutor.java:975)
	at org.apache.tomcat.util.threads.ThreadPoolExecutor$Worker.run(ThreadPoolExecutor.java:493)
	at org.apache.tomcat.util.threads.TaskThread$WrappingRunnable.run(TaskThread.java:63)
	at java.base/java.lang.Thread.run(Thread.java:840)
[2026-05-11 11:26:19.943] [WARN ] [http-nio-8881-exec-5] o.s.w.s.m.m.a.ExceptionHandlerExceptionResolver - Resolved [com.sqld_board.sqld.exception.code.NotFoundGroupCodeException]
[2026-05-11 11:26:22.099] [INFO ] [http-nio-8881-exec-7] jdbc.sqltiming - SELECT  /* BoardMasterMapper.readBoardMasterDetail 특정 게시판의 설정(이름, 카테고리 그룹, 기능 여부) 상세 조회 */
               BM.BOARD_CODE
             , BM.BOARD_NAME
             , BM.GROUP_CODE
             , BM.USE_YN
             , BM.FILE_YN
             , BM.REPLY_YN
             , BM.TAG_YN
             , CCD.SORT_ORDER
             , BM.CREATE_AT
             , BM.UPDATE_AT
          FROM BOARD_MASTER BM
    INNER JOIN COMMON_CODE_GROUP CCD ON BM.GROUP_CODE = CCD.GROUP_CODE
         WHERE BOARD_CODE = 'B_NOTICE_01'
 {executed in 9 msec}
[2026-05-11 11:26:22.107] [INFO ] [http-nio-8881-exec-7] jdbc.sqltiming - SELECT /*  boardMapper.getCategoryListByBoardCode 특정 게시판(boardCode)에 소속된 카테고리 목록 조회 */
               CCD.CODE_ID AS categoryId
             , CCD.CODE_NAME AS categoryName
          FROM BOARD_MASTER BM
    INNER JOIN COMMON_CODE_DETAIL CCD
            ON BM.GROUP_CODE = CCD.GROUP_CODE
         WHERE BM.BOARD_CODE = 'B_NOTICE_01'
           AND BM.USE_YN = 'Y'
      ORDER BY CCD.SORT_ORDER ASC
 {executed in 6 msec}
[2026-05-11 11:26:25.322] [INFO ] [http-nio-8881-exec-9] jdbc.sqltiming - SELECT /* MemberMapper.readMemberByMemberId (memberId를 통한 회원 정보 조회) */
               MEMBER_ID
             , USER_ID
             , USER_PASS
             , USER_NAME
             , USER_EMAIL
             , EMAIL_VERIFIED
             , USER_ROLE
             , USER_STATUS
             , PROFILE_IMAGE
             , CREATE_AT
             , UPDATE_AT
             , LAST_LOG_AT
          FROM MEMBER_INFO
        WHERE MEMBER_ID = 'MEMBER_20260511_001'
 {executed in 7 msec}
[2026-05-11 11:26:25.343] [INFO ] [http-nio-8881-exec-9] jdbc.sqltiming - SELECT /* BoardMasterMapper.validateBoardCodeExist (boardCode 중복 확인) */
               COUNT(1)
          FROM BOARD_MASTER
         WHERE BOARD_CODE = 'B_NOTICE_01'
 {executed in 10 msec}
[2026-05-11 11:26:25.351] [INFO ] [http-nio-8881-exec-9] jdbc.sqltiming - SELECT /* CommonCodeGroupMapper.existGroupCOde */
               COUNT(1)
          FROM COMMON_CODE_GROUP
         WHERE GROUP_CODE = 'G_BRD_NOTICE'
 {executed in 8 msec}
[2026-05-11 11:26:25.358] [INFO ] [http-nio-8881-exec-9] jdbc.sqltiming - SELECT /* BoardMasterMapper.existsByBoardNameExceptMe boardName 존재 확인 */
               COUNT(1)
          FROM BOARD_MASTER
         WHERE BOARD_NAME = NULL
           AND BOARD_CODE != 'B_NOTICE_01' /* 해당 (boardCode 는 검사 대상에서 제외) */
 {executed in 7 msec}
[2026-05-11 11:26:25.371] [INFO ] [http-nio-8881-exec-9] jdbc.sqltiming - UPDATE BOARD_MASTER /* BoardMasterMapper.updateBoardMaster (게시판 설정 수정) */
           SET USE_YN = 'Y'
             , FILE_YN = 'Y'
             , REPLY_YN = 'N'
             , TAG_YN = 'Y'
             , UPDATE_AT = CURRENT_TIMESTAMP
         WHERE BOARD_CODE = 'B_NOTICE_01'
 {executed in 13 msec}
[2026-05-11 11:26:27.613] [INFO ] [http-nio-8881-exec-1] jdbc.sqltiming - SELECT  /* BoardMasterMapper.readBoardMasterDetail 특정 게시판의 설정(이름, 카테고리 그룹, 기능 여부) 상세 조회 */
               BM.BOARD_CODE
             , BM.BOARD_NAME
             , BM.GROUP_CODE
             , BM.USE_YN
             , BM.FILE_YN
             , BM.REPLY_YN
             , BM.TAG_YN
             , CCD.SORT_ORDER
             , BM.CREATE_AT
             , BM.UPDATE_AT
          FROM BOARD_MASTER BM
    INNER JOIN COMMON_CODE_GROUP CCD ON BM.GROUP_CODE = CCD.GROUP_CODE
         WHERE BOARD_CODE = 'B_NOTICE_01'
 {executed in 6 msec}
[2026-05-11 11:26:27.620] [INFO ] [http-nio-8881-exec-1] jdbc.sqltiming - SELECT /*  boardMapper.getCategoryListByBoardCode 특정 게시판(boardCode)에 소속된 카테고리 목록 조회 */
               CCD.CODE_ID AS categoryId
             , CCD.CODE_NAME AS categoryName
          FROM BOARD_MASTER BM
    INNER JOIN COMMON_CODE_DETAIL CCD
            ON BM.GROUP_CODE = CCD.GROUP_CODE
         WHERE BM.BOARD_CODE = 'B_NOTICE_01'
           AND BM.USE_YN = 'Y'
      ORDER BY CCD.SORT_ORDER ASC
 {executed in 6 msec}
[2026-05-11 11:30:00.043] [INFO ] [MessageBroker-4] c.s.s.c.s.BoardViewCountScheduler - >>> Redis 조회수 DB 동기화 시작
[2026-05-11 11:30:00.055] [INFO ] [MessageBroker-4] c.s.s.c.s.BoardViewCountScheduler - >>> 동기화할 조회수 데이터가 없습니다.
[2026-05-11 11:33:53.131] [WARN ] [HikariPool-1:housekeeper] com.zaxxer.hikari.pool.HikariPool - HikariPool-1 - Retrograde clock change detected (housekeeper delta=29s841ms), soft-evicting connections from pool.
[2026-05-11 11:34:59.877] [INFO ] [MessageBroker-1] c.s.s.c.s.BoardViewCountScheduler - >>> Redis 조회수 DB 동기화 시작
[2026-05-11 11:34:59.889] [INFO ] [MessageBroker-1] c.s.s.c.s.BoardViewCountScheduler - >>> 동기화할 조회수 데이터가 없습니다.
[2026-05-11 11:40:00.025] [INFO ] [MessageBroker-1] c.s.s.c.s.BoardViewCountScheduler - >>> Redis 조회수 DB 동기화 시작
[2026-05-11 11:40:00.039] [INFO ] [MessageBroker-1] c.s.s.c.s.BoardViewCountScheduler - >>> 동기화할 조회수 데이터가 없습니다.
[2026-05-11 11:45:00.024] [INFO ] [MessageBroker-7] c.s.s.c.s.BoardViewCountScheduler - >>> Redis 조회수 DB 동기화 시작
[2026-05-11 11:45:00.037] [INFO ] [MessageBroker-7] c.s.s.c.s.BoardViewCountScheduler - >>> 동기화할 조회수 데이터가 없습니다.
[2026-05-11 11:46:17.025] [INFO ] [background-preinit] o.h.validator.internal.util.Version - HV000001: Hibernate Validator 8.0.3.Final
[2026-05-11 11:46:17.039] [INFO ] [Test worker] c.s.sqld.SqldApplicationTests - Starting SqldApplicationTests using Java 17.0.11 with PID 27841 (started by minboklee in /Users/minboklee/Downloads/sqld)
[2026-05-11 11:46:17.040] [INFO ] [Test worker] c.s.sqld.SqldApplicationTests - The following 1 profile is active: "dev"
[2026-05-11 11:46:17.613] [INFO ] [Test worker] o.s.d.r.c.RepositoryConfigurationDelegate - Multiple Spring Data modules found, entering strict repository configuration mode
[2026-05-11 11:46:17.614] [INFO ] [Test worker] o.s.d.r.c.RepositoryConfigurationDelegate - Bootstrapping Spring Data Redis repositories in DEFAULT mode.
[2026-05-11 11:46:17.635] [INFO ] [Test worker] o.s.d.r.c.RepositoryConfigurationDelegate - Finished Spring Data repository scanning in 10 ms. Found 0 Redis repository interfaces.
[2026-05-11 11:46:17.824] [INFO ] [Test worker] c.u.j.c.EnableEncryptablePropertiesBeanFactoryPostProcessor - Post-processing PropertySource instances
[2026-05-11 11:46:17.824] [INFO ] [Test worker] c.u.j.EncryptablePropertySourceConverter - Skipping PropertySource configurationProperties [class org.springframework.boot.context.properties.source.ConfigurationPropertySourcesPropertySource
[2026-05-11 11:46:17.824] [INFO ] [Test worker] c.u.j.EncryptablePropertySourceConverter - Converting PropertySource test [org.springframework.core.env.MapPropertySource] to EncryptableMapPropertySourceWrapper
[2026-05-11 11:46:17.825] [INFO ] [Test worker] c.u.j.EncryptablePropertySourceConverter - Converting PropertySource Inlined Test Properties [org.springframework.core.env.MapPropertySource] to EncryptableMapPropertySourceWrapper
[2026-05-11 11:46:17.825] [INFO ] [Test worker] c.u.j.EncryptablePropertySourceConverter - Skipping PropertySource servletConfigInitParams [class org.springframework.core.env.PropertySource$StubPropertySource
[2026-05-11 11:46:17.825] [INFO ] [Test worker] c.u.j.EncryptablePropertySourceConverter - Converting PropertySource servletContextInitParams [org.springframework.web.context.support.ServletContextPropertySource] to EncryptableEnumerablePropertySourceWrapper
[2026-05-11 11:46:17.825] [INFO ] [Test worker] c.u.j.EncryptablePropertySourceConverter - Converting PropertySource systemProperties [org.springframework.core.env.PropertiesPropertySource] to EncryptableMapPropertySourceWrapper
[2026-05-11 11:46:17.825] [INFO ] [Test worker] c.u.j.EncryptablePropertySourceConverter - Converting PropertySource systemEnvironment [org.springframework.boot.env.SystemEnvironmentPropertySourceEnvironmentPostProcessor$OriginAwareSystemEnvironmentPropertySource] to EncryptableSystemEnvironmentPropertySourceWrapper
[2026-05-11 11:46:17.825] [INFO ] [Test worker] c.u.j.EncryptablePropertySourceConverter - Converting PropertySource random [org.springframework.boot.env.RandomValuePropertySource] to EncryptablePropertySourceWrapper
[2026-05-11 11:46:17.825] [INFO ] [Test worker] c.u.j.EncryptablePropertySourceConverter - Converting PropertySource Config resource 'class path resource [application-dev.yml]' via location 'optional:classpath:/' [org.springframework.boot.env.OriginTrackedMapPropertySource] to EncryptableMapPropertySourceWrapper
[2026-05-11 11:46:17.825] [INFO ] [Test worker] c.u.j.EncryptablePropertySourceConverter - Converting PropertySource Config resource 'class path resource [application.yml]' via location 'optional:classpath:/' [org.springframework.boot.env.OriginTrackedMapPropertySource] to EncryptableMapPropertySourceWrapper
[2026-05-11 11:46:17.825] [INFO ] [Test worker] c.u.j.EncryptablePropertySourceConverter - Converting PropertySource applicationInfo [org.springframework.boot.ApplicationInfoPropertySource] to EncryptableMapPropertySourceWrapper
[2026-05-11 11:46:17.849] [INFO ] [Test worker] c.u.j.f.DefaultLazyPropertyFilter - Property Filter custom Bean not found with name 'encryptablePropertyFilter'. Initializing Default Property Filter
[2026-05-11 11:46:17.854] [INFO ] [Test worker] c.u.j.r.DefaultLazyPropertyResolver - Property Resolver custom Bean not found with name 'encryptablePropertyResolver'. Initializing Default Property Resolver
[2026-05-11 11:46:17.855] [INFO ] [Test worker] c.u.j.d.DefaultLazyPropertyDetector - Property Detector custom Bean not found with name 'encryptablePropertyDetector'. Initializing Default Property Detector
[2026-05-11 11:46:17.991] [INFO ] [Test worker] c.u.j.encryptor.DefaultLazyEncryptor - String Encryptor custom Bean not found with name 'jasyptStringEncryptor'. Initializing Default String Encryptor
[2026-05-11 11:46:17.997] [INFO ] [Test worker] c.u.j.c.StringEncryptorBuilder - Encryptor config not found for property jasypt.encryptor.key-obtention-iterations, using default value: 1000
[2026-05-11 11:46:17.997] [INFO ] [Test worker] c.u.j.c.StringEncryptorBuilder - Encryptor config not found for property jasypt.encryptor.pool-size, using default value: 1
[2026-05-11 11:46:17.997] [INFO ] [Test worker] c.u.j.c.StringEncryptorBuilder - Encryptor config not found for property jasypt.encryptor.provider-name, using default value: null
[2026-05-11 11:46:17.997] [INFO ] [Test worker] c.u.j.c.StringEncryptorBuilder - Encryptor config not found for property jasypt.encryptor.provider-class-name, using default value: null
[2026-05-11 11:46:17.997] [INFO ] [Test worker] c.u.j.c.StringEncryptorBuilder - Encryptor config not found for property jasypt.encryptor.salt-generator-classname, using default value: org.jasypt.salt.RandomSaltGenerator
[2026-05-11 11:46:17.998] [INFO ] [Test worker] c.u.j.c.StringEncryptorBuilder - Encryptor config not found for property jasypt.encryptor.string-output-type, using default value: base64
[2026-05-11 11:46:18.017] [WARN ] [Test worker] o.s.w.c.s.GenericWebApplicationContext - Exception encountered during context initialization - cancelling refresh attempt: org.springframework.beans.factory.UnsatisfiedDependencyException: Error creating bean with name 'boardViewCountScheduler' defined in file [/Users/minboklee/Downloads/sqld/build/classes/java/main/com/sqld_board/sqld/common/scheduler/BoardViewCountScheduler.class]: Unsatisfied dependency expressed through constructor parameter 0: Error creating bean with name 'viewCountRedisService' defined in file [/Users/minboklee/Downloads/sqld/build/classes/java/main/com/sqld_board/sqld/service/board/ViewCountRedisService.class]: Unsatisfied dependency expressed through constructor parameter 0: Error creating bean with name 'redisTemplate' defined in class path resource [com/sqld_board/sqld/config/redis/RedisConfig.class]: Unsatisfied dependency expressed through method 'redisTemplate' parameter 0: Error creating bean with name 'org.springframework.boot.autoconfigure.data.redis.LettuceConnectionConfiguration': Unsatisfied dependency expressed through constructor parameter 0: Error creating bean with name 'spring.data.redis-org.springframework.boot.autoconfigure.data.redis.RedisProperties': Could not bind properties to 'RedisProperties' : prefix=spring.data.redis, ignoreInvalidFields=false, ignoreUnknownFields=true
[2026-05-11 11:46:18.047] [INFO ] [Test worker] o.s.b.a.l.ConditionEvaluationReportLogger - 

Error starting ApplicationContext. To display the condition evaluation report re-run your application with 'debug' enabled.
[2026-05-11 11:46:18.060] [ERROR] [Test worker] o.s.b.d.LoggingFailureAnalysisReporter - 

***************************
APPLICATION FAILED TO START
***************************

Description:

Failed to bind properties under 'spring.data.redis.password' to java.lang.String:

    Reason: org.springframework.boot.context.properties.bind.BindException: Failed to bind properties under 'spring.data.redis.password' to java.lang.String

Action:

Update your application's configuration

[2026-05-11 11:46:18.062] [WARN ] [Test worker] o.s.test.context.TestContextManager - Caught exception while allowing TestExecutionListener [org.springframework.test.context.web.ServletTestExecutionListener] to prepare test instance [com.sqld_board.sqld.SqldApplicationTests@62158991]
java.lang.IllegalStateException: Failed to load ApplicationContext for [WebMergedContextConfiguration@38e7860c testClass = com.sqld_board.sqld.SqldApplicationTests, locations = [], classes = [com.sqld_board.sqld.SqldApplication], contextInitializerClasses = [], activeProfiles = [], propertySourceDescriptors = [], propertySourceProperties = ["org.springframework.boot.test.context.SpringBootTestContextBootstrapper=true"], contextCustomizers = [org.springframework.boot.test.autoconfigure.OnFailureConditionReportContextCustomizerFactory$OnFailureConditionReportContextCustomizer@51972dc7, org.springframework.boot.test.autoconfigure.actuate.observability.ObservabilityContextCustomizerFactory$DisableObservabilityContextCustomizer@1f, org.springframework.boot.test.autoconfigure.properties.PropertyMappingContextCustomizer@0, org.springframework.boot.test.autoconfigure.web.servlet.WebDriverContextCustomizer@3300f4fd, org.springframework.boot.test.context.filter.ExcludeFilterContextCustomizer@3a393455, org.springframework.boot.test.json.DuplicateJsonObjectContextCustomizerFactory$DuplicateJsonObjectContextCustomizer@56303b57, org.springframework.boot.test.mock.mockito.MockitoContextCustomizer@0, org.springframework.boot.test.web.client.TestRestTemplateContextCustomizer@53f0a4cb, org.springframework.boot.test.web.reactor.netty.DisableReactorResourceFactoryGlobalResourcesContextCustomizerFactory$DisableReactorResourceFactoryGlobalResourcesContextCustomizerCustomizer@302a07d, org.springframework.test.context.support.DynamicPropertiesContextCustomizer@0, org.springframework.boot.test.context.SpringBootTestAnnotation@35ef0047], resourceBasePath = "src/main/webapp", contextLoader = org.springframework.boot.test.context.SpringBootContextLoader, parent = null]
	at org.springframework.test.context.cache.DefaultCacheAwareContextLoaderDelegate.loadContext(DefaultCacheAwareContextLoaderDelegate.java:180)
	at org.springframework.test.context.support.DefaultTestContext.getApplicationContext(DefaultTestContext.java:130)
	at org.springframework.test.context.web.ServletTestExecutionListener.setUpRequestContextIfNecessary(ServletTestExecutionListener.java:200)
	at org.springframework.test.context.web.ServletTestExecutionListener.prepareTestInstance(ServletTestExecutionListener.java:139)
	at org.springframework.test.context.TestContextManager.prepareTestInstance(TestContextManager.java:260)
	at org.springframework.test.context.junit.jupiter.SpringExtension.postProcessTestInstance(SpringExtension.java:159)
	at org.junit.jupiter.engine.descriptor.ClassBasedTestDescriptor.lambda$invokeTestInstancePostProcessors$10(ClassBasedTestDescriptor.java:383)
	at org.junit.jupiter.engine.descriptor.ClassBasedTestDescriptor.executeAndMaskThrowable(ClassBasedTestDescriptor.java:388)
	at org.junit.jupiter.engine.descriptor.ClassBasedTestDescriptor.lambda$invokeTestInstancePostProcessors$11(ClassBasedTestDescriptor.java:382)
	at java.base/java.util.stream.ForEachOps$ForEachOp$OfRef.accept(ForEachOps.java:183)
	at java.base/java.util.stream.ReferencePipeline$3$1.accept(ReferencePipeline.java:197)
	at java.base/java.util.stream.ReferencePipeline$2$1.accept(ReferencePipeline.java:179)
	at java.base/java.util.stream.ReferencePipeline$3$1.accept(ReferencePipeline.java:197)
	at java.base/java.util.ArrayList$ArrayListSpliterator.forEachRemaining(ArrayList.java:1625)
	at java.base/java.util.stream.AbstractPipeline.copyInto(AbstractPipeline.java:509)
	at java.base/java.util.stream.AbstractPipeline.wrapAndCopyInto(AbstractPipeline.java:499)
	at java.base/java.util.stream.ForEachOps$ForEachOp.evaluateSequential(ForEachOps.java:150)
	at java.base/java.util.stream.ForEachOps$ForEachOp$OfRef.evaluateSequential(ForEachOps.java:173)
	at java.base/java.util.stream.AbstractPipeline.evaluate(AbstractPipeline.java:234)
	at java.base/java.util.stream.ReferencePipeline.forEach(ReferencePipeline.java:596)
	at org.junit.jupiter.engine.descriptor.ClassBasedTestDescriptor.invokeTestInstancePostProcessors(ClassBasedTestDescriptor.java:382)
	at org.junit.jupiter.engine.descriptor.ClassBasedTestDescriptor.lambda$instantiateAndPostProcessTestInstance$6(ClassBasedTestDescriptor.java:293)
	at org.junit.platform.engine.support.hierarchical.ThrowableCollector.execute(ThrowableCollector.java:73)
	at org.junit.jupiter.engine.descriptor.ClassBasedTestDescriptor.instantiateAndPostProcessTestInstance(ClassBasedTestDescriptor.java:292)
	at org.junit.jupiter.engine.descriptor.ClassBasedTestDescriptor.lambda$testInstancesProvider$4(ClassBasedTestDescriptor.java:281)
	at java.base/java.util.Optional.orElseGet(Optional.java:364)
	at org.junit.jupiter.engine.descriptor.ClassBasedTestDescriptor.lambda$testInstancesProvider$5(ClassBasedTestDescriptor.java:280)
	at org.junit.jupiter.engine.execution.TestInstancesProvider.getTestInstances(TestInstancesProvider.java:27)
	at org.junit.jupiter.engine.descriptor.TestMethodTestDescriptor.lambda$prepare$0(TestMethodTestDescriptor.java:112)
	at org.junit.platform.engine.support.hierarchical.ThrowableCollector.execute(ThrowableCollector.java:73)
	at org.junit.jupiter.engine.descriptor.TestMethodTestDescriptor.prepare(TestMethodTestDescriptor.java:111)
	at org.junit.jupiter.engine.descriptor.TestMethodTestDescriptor.prepare(TestMethodTestDescriptor.java:69)
	at org.junit.platform.engine.support.hierarchical.NodeTestTask.lambda$prepare$2(NodeTestTask.java:128)
	at org.junit.platform.engine.support.hierarchical.ThrowableCollector.execute(ThrowableCollector.java:73)
	at org.junit.platform.engine.support.hierarchical.NodeTestTask.prepare(NodeTestTask.java:128)
	at org.junit.platform.engine.support.hierarchical.NodeTestTask.execute(NodeTestTask.java:95)
	at java.base/java.util.ArrayList.forEach(ArrayList.java:1511)
	at org.junit.platform.engine.support.hierarchical.SameThreadHierarchicalTestExecutorService.invokeAll(SameThreadHierarchicalTestExecutorService.java:41)
	at org.junit.platform.engine.support.hierarchical.NodeTestTask.lambda$executeRecursively$6(NodeTestTask.java:160)
	at org.junit.platform.engine.support.hierarchical.ThrowableCollector.execute(ThrowableCollector.java:73)
	at org.junit.platform.engine.support.hierarchical.NodeTestTask.lambda$executeRecursively$8(NodeTestTask.java:146)
	at org.junit.platform.engine.support.hierarchical.Node.around(Node.java:137)
	at org.junit.platform.engine.support.hierarchical.NodeTestTask.lambda$executeRecursively$9(NodeTestTask.java:144)
	at org.junit.platform.engine.support.hierarchical.ThrowableCollector.execute(ThrowableCollector.java:73)
	at org.junit.platform.engine.support.hierarchical.NodeTestTask.executeRecursively(NodeTestTask.java:143)
	at org.junit.platform.engine.support.hierarchical.NodeTestTask.execute(NodeTestTask.java:100)
	at java.base/java.util.ArrayList.forEach(ArrayList.java:1511)
	at org.junit.platform.engine.support.hierarchical.SameThreadHierarchicalTestExecutorService.invokeAll(SameThreadHierarchicalTestExecutorService.java:41)
	at org.junit.platform.engine.support.hierarchical.NodeTestTask.lambda$executeRecursively$6(NodeTestTask.java:160)
	at org.junit.platform.engine.support.hierarchical.ThrowableCollector.execute(ThrowableCollector.java:73)
	at org.junit.platform.engine.support.hierarchical.NodeTestTask.lambda$executeRecursively$8(NodeTestTask.java:146)
	at org.junit.platform.engine.support.hierarchical.Node.around(Node.java:137)
	at org.junit.platform.engine.support.hierarchical.NodeTestTask.lambda$executeRecursively$9(NodeTestTask.java:144)
	at org.junit.platform.engine.support.hierarchical.ThrowableCollector.execute(ThrowableCollector.java:73)
	at org.junit.platform.engine.support.hierarchical.NodeTestTask.executeRecursively(NodeTestTask.java:143)
	at org.junit.platform.engine.support.hierarchical.NodeTestTask.execute(NodeTestTask.java:100)
	at org.junit.platform.engine.support.hierarchical.SameThreadHierarchicalTestExecutorService.submit(SameThreadHierarchicalTestExecutorService.java:35)
	at org.junit.platform.engine.support.hierarchical.HierarchicalTestExecutor.execute(HierarchicalTestExecutor.java:57)
	at org.junit.platform.engine.support.hierarchical.HierarchicalTestEngine.execute(HierarchicalTestEngine.java:54)
	at org.junit.platform.launcher.core.EngineExecutionOrchestrator.execute(EngineExecutionOrchestrator.java:201)
	at org.junit.platform.launcher.core.EngineExecutionOrchestrator.execute(EngineExecutionOrchestrator.java:170)
	at org.junit.platform.launcher.core.EngineExecutionOrchestrator.execute(EngineExecutionOrchestrator.java:94)
	at org.junit.platform.launcher.core.EngineExecutionOrchestrator.lambda$execute$0(EngineExecutionOrchestrator.java:59)
	at org.junit.platform.launcher.core.EngineExecutionOrchestrator.withInterceptedStreams(EngineExecutionOrchestrator.java:142)
	at org.junit.platform.launcher.core.EngineExecutionOrchestrator.execute(EngineExecutionOrchestrator.java:58)
	at org.junit.platform.launcher.core.DefaultLauncher.execute(DefaultLauncher.java:103)
	at org.junit.platform.launcher.core.DefaultLauncher.execute(DefaultLauncher.java:85)
	at org.junit.platform.launcher.core.DelegatingLauncher.execute(DelegatingLauncher.java:47)
	at org.junit.platform.launcher.core.InterceptingLauncher.lambda$execute$1(InterceptingLauncher.java:39)
	at org.junit.platform.launcher.core.ClasspathAlignmentCheckingLauncherInterceptor.intercept(ClasspathAlignmentCheckingLauncherInterceptor.java:25)
	at org.junit.platform.launcher.core.InterceptingLauncher.execute(InterceptingLauncher.java:38)
	at org.junit.platform.launcher.core.DelegatingLauncher.execute(DelegatingLauncher.java:47)
	at org.gradle.api.internal.tasks.testing.junitplatform.JUnitPlatformTestClassProcessor$CollectAllTestClassesExecutor.processAllTestClasses(JUnitPlatformTestClassProcessor.java:124)
	at org.gradle.api.internal.tasks.testing.junitplatform.JUnitPlatformTestClassProcessor$CollectAllTestClassesExecutor.access$000(JUnitPlatformTestClassProcessor.java:99)
	at org.gradle.api.internal.tasks.testing.junitplatform.JUnitPlatformTestClassProcessor.stop(JUnitPlatformTestClassProcessor.java:94)
	at org.gradle.api.internal.tasks.testing.SuiteTestClassProcessor.stop(SuiteTestClassProcessor.java:63)
	at java.base/jdk.internal.reflect.NativeMethodAccessorImpl.invoke0(Native Method)
	at java.base/jdk.internal.reflect.NativeMethodAccessorImpl.invoke(NativeMethodAccessorImpl.java:77)
	at java.base/jdk.internal.reflect.DelegatingMethodAccessorImpl.invoke(DelegatingMethodAccessorImpl.java:43)
	at java.base/java.lang.reflect.Method.invoke(Method.java:568)
	at org.gradle.internal.dispatch.ReflectionDispatch.dispatch(ReflectionDispatch.java:36)
	at org.gradle.internal.dispatch.ReflectionDispatch.dispatch(ReflectionDispatch.java:24)
	at org.gradle.internal.dispatch.ContextClassLoaderDispatch.dispatch(ContextClassLoaderDispatch.java:33)
	at org.gradle.internal.dispatch.ProxyDispatchAdapter$DispatchingInvocationHandler.invoke(ProxyDispatchAdapter.java:92)
	at jdk.proxy1/jdk.proxy1.$Proxy4.stop(Unknown Source)
	at org.gradle.api.internal.tasks.testing.worker.TestWorker$3.run(TestWorker.java:200)
	at org.gradle.api.internal.tasks.testing.worker.TestWorker.executeAndMaintainThreadName(TestWorker.java:132)
	at org.gradle.api.internal.tasks.testing.worker.TestWorker.execute(TestWorker.java:103)
	at org.gradle.api.internal.tasks.testing.worker.TestWorker.execute(TestWorker.java:63)
	at org.gradle.process.internal.worker.child.ActionExecutionWorker.execute(ActionExecutionWorker.java:56)
	at org.gradle.process.internal.worker.child.SystemApplicationClassLoaderWorker.call(SystemApplicationClassLoaderWorker.java:122)
	at org.gradle.process.internal.worker.child.SystemApplicationClassLoaderWorker.call(SystemApplicationClassLoaderWorker.java:72)
	at worker.org.gradle.process.internal.worker.GradleWorkerMain.run(GradleWorkerMain.java:69)
	at worker.org.gradle.process.internal.worker.GradleWorkerMain.main(GradleWorkerMain.java:74)
Caused by: org.springframework.beans.factory.UnsatisfiedDependencyException: Error creating bean with name 'boardViewCountScheduler' defined in file [/Users/minboklee/Downloads/sqld/build/classes/java/main/com/sqld_board/sqld/common/scheduler/BoardViewCountScheduler.class]: Unsatisfied dependency expressed through constructor parameter 0: Error creating bean with name 'viewCountRedisService' defined in file [/Users/minboklee/Downloads/sqld/build/classes/java/main/com/sqld_board/sqld/service/board/ViewCountRedisService.class]: Unsatisfied dependency expressed through constructor parameter 0: Error creating bean with name 'redisTemplate' defined in class path resource [com/sqld_board/sqld/config/redis/RedisConfig.class]: Unsatisfied dependency expressed through method 'redisTemplate' parameter 0: Error creating bean with name 'org.springframework.boot.autoconfigure.data.redis.LettuceConnectionConfiguration': Unsatisfied dependency expressed through constructor parameter 0: Error creating bean with name 'spring.data.redis-org.springframework.boot.autoconfigure.data.redis.RedisProperties': Could not bind properties to 'RedisProperties' : prefix=spring.data.redis, ignoreInvalidFields=false, ignoreUnknownFields=true
	at org.springframework.beans.factory.support.ConstructorResolver.createArgumentArray(ConstructorResolver.java:804)
	at org.springframework.beans.factory.support.ConstructorResolver.autowireConstructor(ConstructorResolver.java:240)
	at org.springframework.beans.factory.support.AbstractAutowireCapableBeanFactory.autowireConstructor(AbstractAutowireCapableBeanFactory.java:1395)
	at org.springframework.beans.factory.support.AbstractAutowireCapableBeanFactory.createBeanInstance(AbstractAutowireCapableBeanFactory.java:1232)
	at org.springframework.beans.factory.support.AbstractAutowireCapableBeanFactory.doCreateBean(AbstractAutowireCapableBeanFactory.java:569)
	at org.springframework.beans.factory.support.AbstractAutowireCapableBeanFactory.createBean(AbstractAutowireCapableBeanFactory.java:529)
	at org.springframework.beans.factory.support.AbstractBeanFactory.lambda$doGetBean$0(AbstractBeanFactory.java:339)
	at org.springframework.beans.factory.support.DefaultSingletonBeanRegistry.getSingleton(DefaultSingletonBeanRegistry.java:373)
	at org.springframework.beans.factory.support.AbstractBeanFactory.doGetBean(AbstractBeanFactory.java:337)
	at org.springframework.beans.factory.support.AbstractBeanFactory.getBean(AbstractBeanFactory.java:202)
	at org.springframework.beans.factory.support.DefaultListableBeanFactory.instantiateSingleton(DefaultListableBeanFactory.java:1221)
	at org.springframework.beans.factory.support.DefaultListableBeanFactory.preInstantiateSingleton(DefaultListableBeanFactory.java:1187)
	at org.springframework.beans.factory.support.DefaultListableBeanFactory.preInstantiateSingletons(DefaultListableBeanFactory.java:1123)
	at org.springframework.context.support.AbstractApplicationContext.finishBeanFactoryInitialization(AbstractApplicationContext.java:987)
	at org.springframework.context.support.AbstractApplicationContext.refresh(AbstractApplicationContext.java:627)
	at org.springframework.boot.SpringApplication.refresh(SpringApplication.java:752)
	at org.springframework.boot.SpringApplication.refreshContext(SpringApplication.java:439)
	at org.springframework.boot.SpringApplication.run(SpringApplication.java:318)
	at org.springframework.boot.test.context.SpringBootContextLoader.lambda$loadContext$3(SpringBootContextLoader.java:144)
	at org.springframework.util.function.ThrowingSupplier.get(ThrowingSupplier.java:58)
	at org.springframework.util.function.ThrowingSupplier.get(ThrowingSupplier.java:46)
	at org.springframework.boot.SpringApplication.withHook(SpringApplication.java:1461)
	at org.springframework.boot.test.context.SpringBootContextLoader$ContextLoaderHook.run(SpringBootContextLoader.java:563)
	at org.springframework.boot.test.context.SpringBootContextLoader.loadContext(SpringBootContextLoader.java:144)
	at org.springframework.boot.test.context.SpringBootContextLoader.loadContext(SpringBootContextLoader.java:110)
	at org.springframework.test.context.cache.DefaultCacheAwareContextLoaderDelegate.loadContextInternal(DefaultCacheAwareContextLoaderDelegate.java:225)
	at org.springframework.test.context.cache.DefaultCacheAwareContextLoaderDelegate.loadContext(DefaultCacheAwareContextLoaderDelegate.java:152)
	... 93 common frames omitted
Caused by: org.springframework.beans.factory.UnsatisfiedDependencyException: Error creating bean with name 'viewCountRedisService' defined in file [/Users/minboklee/Downloads/sqld/build/classes/java/main/com/sqld_board/sqld/service/board/ViewCountRedisService.class]: Unsatisfied dependency expressed through constructor parameter 0: Error creating bean with name 'redisTemplate' defined in class path resource [com/sqld_board/sqld/config/redis/RedisConfig.class]: Unsatisfied dependency expressed through method 'redisTemplate' parameter 0: Error creating bean with name 'org.springframework.boot.autoconfigure.data.redis.LettuceConnectionConfiguration': Unsatisfied dependency expressed through constructor parameter 0: Error creating bean with name 'spring.data.redis-org.springframework.boot.autoconfigure.data.redis.RedisProperties': Could not bind properties to 'RedisProperties' : prefix=spring.data.redis, ignoreInvalidFields=false, ignoreUnknownFields=true
	at org.springframework.beans.factory.support.ConstructorResolver.createArgumentArray(ConstructorResolver.java:804)
	at org.springframework.beans.factory.support.ConstructorResolver.autowireConstructor(ConstructorResolver.java:240)
	at org.springframework.beans.factory.support.AbstractAutowireCapableBeanFactory.autowireConstructor(AbstractAutowireCapableBeanFactory.java:1395)
	at org.springframework.beans.factory.support.AbstractAutowireCapableBeanFactory.createBeanInstance(AbstractAutowireCapableBeanFactory.java:1232)
	at org.springframework.beans.factory.support.AbstractAutowireCapableBeanFactory.doCreateBean(AbstractAutowireCapableBeanFactory.java:569)
	at org.springframework.beans.factory.support.AbstractAutowireCapableBeanFactory.createBean(AbstractAutowireCapableBeanFactory.java:529)
	at org.springframework.beans.factory.support.AbstractBeanFactory.lambda$doGetBean$0(AbstractBeanFactory.java:339)
	at org.springframework.beans.factory.support.DefaultSingletonBeanRegistry.getSingleton(DefaultSingletonBeanRegistry.java:373)
	at org.springframework.beans.factory.support.AbstractBeanFactory.doGetBean(AbstractBeanFactory.java:337)
	at org.springframework.beans.factory.support.AbstractBeanFactory.getBean(AbstractBeanFactory.java:202)
	at org.springframework.beans.factory.config.DependencyDescriptor.resolveCandidate(DependencyDescriptor.java:254)
	at org.springframework.beans.factory.support.DefaultListableBeanFactory.doResolveDependency(DefaultListableBeanFactory.java:1760)
	at org.springframework.beans.factory.support.DefaultListableBeanFactory.resolveDependency(DefaultListableBeanFactory.java:1643)
	at org.springframework.beans.factory.support.ConstructorResolver.resolveAutowiredArgument(ConstructorResolver.java:913)
	at org.springframework.beans.factory.support.ConstructorResolver.createArgumentArray(ConstructorResolver.java:791)
	... 119 common frames omitted
Caused by: org.springframework.beans.factory.UnsatisfiedDependencyException: Error creating bean with name 'redisTemplate' defined in class path resource [com/sqld_board/sqld/config/redis/RedisConfig.class]: Unsatisfied dependency expressed through method 'redisTemplate' parameter 0: Error creating bean with name 'org.springframework.boot.autoconfigure.data.redis.LettuceConnectionConfiguration': Unsatisfied dependency expressed through constructor parameter 0: Error creating bean with name 'spring.data.redis-org.springframework.boot.autoconfigure.data.redis.RedisProperties': Could not bind properties to 'RedisProperties' : prefix=spring.data.redis, ignoreInvalidFields=false, ignoreUnknownFields=true
	at org.springframework.beans.factory.support.ConstructorResolver.createArgumentArray(ConstructorResolver.java:804)
	at org.springframework.beans.factory.support.ConstructorResolver.instantiateUsingFactoryMethod(ConstructorResolver.java:546)
	at org.springframework.beans.factory.support.AbstractAutowireCapableBeanFactory.instantiateUsingFactoryMethod(AbstractAutowireCapableBeanFactory.java:1375)
	at org.springframework.beans.factory.support.AbstractAutowireCapableBeanFactory.createBeanInstance(AbstractAutowireCapableBeanFactory.java:1205)
	at org.springframework.beans.factory.support.AbstractAutowireCapableBeanFactory.doCreateBean(AbstractAutowireCapableBeanFactory.java:569)
	at org.springframework.beans.factory.support.AbstractAutowireCapableBeanFactory.createBean(AbstractAutowireCapableBeanFactory.java:529)
	at org.springframework.beans.factory.support.AbstractBeanFactory.lambda$doGetBean$0(AbstractBeanFactory.java:339)
	at org.springframework.beans.factory.support.DefaultSingletonBeanRegistry.getSingleton(DefaultSingletonBeanRegistry.java:373)
	at org.springframework.beans.factory.support.AbstractBeanFactory.doGetBean(AbstractBeanFactory.java:337)
	at org.springframework.beans.factory.support.AbstractBeanFactory.getBean(AbstractBeanFactory.java:202)
	at org.springframework.beans.factory.support.DefaultListableBeanFactory.doResolveDependency(DefaultListableBeanFactory.java:1698)
	at org.springframework.beans.factory.support.DefaultListableBeanFactory.resolveDependency(DefaultListableBeanFactory.java:1643)
	at org.springframework.beans.factory.support.ConstructorResolver.resolveAutowiredArgument(ConstructorResolver.java:913)
	at org.springframework.beans.factory.support.ConstructorResolver.createArgumentArray(ConstructorResolver.java:791)
	... 133 common frames omitted
Caused by: org.springframework.beans.factory.UnsatisfiedDependencyException: Error creating bean with name 'org.springframework.boot.autoconfigure.data.redis.LettuceConnectionConfiguration': Unsatisfied dependency expressed through constructor parameter 0: Error creating bean with name 'spring.data.redis-org.springframework.boot.autoconfigure.data.redis.RedisProperties': Could not bind properties to 'RedisProperties' : prefix=spring.data.redis, ignoreInvalidFields=false, ignoreUnknownFields=true
	at org.springframework.beans.factory.support.ConstructorResolver.createArgumentArray(ConstructorResolver.java:804)
	at org.springframework.beans.factory.support.ConstructorResolver.autowireConstructor(ConstructorResolver.java:240)
	at org.springframework.beans.factory.support.AbstractAutowireCapableBeanFactory.autowireConstructor(AbstractAutowireCapableBeanFactory.java:1395)
	at org.springframework.beans.factory.support.AbstractAutowireCapableBeanFactory.createBeanInstance(AbstractAutowireCapableBeanFactory.java:1232)
	at org.springframework.beans.factory.support.AbstractAutowireCapableBeanFactory.doCreateBean(AbstractAutowireCapableBeanFactory.java:569)
	at org.springframework.beans.factory.support.AbstractAutowireCapableBeanFactory.createBean(AbstractAutowireCapableBeanFactory.java:529)
	at org.springframework.beans.factory.support.AbstractBeanFactory.lambda$doGetBean$0(AbstractBeanFactory.java:339)
	at org.springframework.beans.factory.support.DefaultSingletonBeanRegistry.getSingleton(DefaultSingletonBeanRegistry.java:373)
	at org.springframework.beans.factory.support.AbstractBeanFactory.doGetBean(AbstractBeanFactory.java:337)
	at org.springframework.beans.factory.support.AbstractBeanFactory.getBean(AbstractBeanFactory.java:202)
	at org.springframework.beans.factory.support.ConstructorResolver.instantiateUsingFactoryMethod(ConstructorResolver.java:413)
	at org.springframework.beans.factory.support.AbstractAutowireCapableBeanFactory.instantiateUsingFactoryMethod(AbstractAutowireCapableBeanFactory.java:1375)
	at org.springframework.beans.factory.support.AbstractAutowireCapableBeanFactory.createBeanInstance(AbstractAutowireCapableBeanFactory.java:1205)
	at org.springframework.beans.factory.support.AbstractAutowireCapableBeanFactory.doCreateBean(AbstractAutowireCapableBeanFactory.java:569)
	at org.springframework.beans.factory.support.AbstractAutowireCapableBeanFactory.createBean(AbstractAutowireCapableBeanFactory.java:529)
	at org.springframework.beans.factory.support.AbstractBeanFactory.lambda$doGetBean$0(AbstractBeanFactory.java:339)
	at org.springframework.beans.factory.support.DefaultSingletonBeanRegistry.getSingleton(DefaultSingletonBeanRegistry.java:373)
	at org.springframework.beans.factory.support.AbstractBeanFactory.doGetBean(AbstractBeanFactory.java:337)
	at org.springframework.beans.factory.support.AbstractBeanFactory.getBean(AbstractBeanFactory.java:202)
	at org.springframework.beans.factory.support.DefaultListableBeanFactory.doResolveDependency(DefaultListableBeanFactory.java:1698)
	at org.springframework.beans.factory.support.DefaultListableBeanFactory.resolveDependency(DefaultListableBeanFactory.java:1643)
	at org.springframework.beans.factory.support.ConstructorResolver.resolveAutowiredArgument(ConstructorResolver.java:913)
	at org.springframework.beans.factory.support.ConstructorResolver.createArgumentArray(ConstructorResolver.java:791)
	... 146 common frames omitted
Caused by: org.springframework.boot.context.properties.ConfigurationPropertiesBindException: Error creating bean with name 'spring.data.redis-org.springframework.boot.autoconfigure.data.redis.RedisProperties': Could not bind properties to 'RedisProperties' : prefix=spring.data.redis, ignoreInvalidFields=false, ignoreUnknownFields=true
	at org.springframework.boot.context.properties.ConfigurationPropertiesBindingPostProcessor.bind(ConfigurationPropertiesBindingPostProcessor.java:99)
	at org.springframework.boot.context.properties.ConfigurationPropertiesBindingPostProcessor.postProcessBeforeInitialization(ConfigurationPropertiesBindingPostProcessor.java:79)
	at org.springframework.beans.factory.support.AbstractAutowireCapableBeanFactory.applyBeanPostProcessorsBeforeInitialization(AbstractAutowireCapableBeanFactory.java:429)
	at org.springframework.beans.factory.support.AbstractAutowireCapableBeanFactory.initializeBean(AbstractAutowireCapableBeanFactory.java:1818)
	at org.springframework.beans.factory.support.AbstractAutowireCapableBeanFactory.doCreateBean(AbstractAutowireCapableBeanFactory.java:607)
	at org.springframework.beans.factory.support.AbstractAutowireCapableBeanFactory.createBean(AbstractAutowireCapableBeanFactory.java:529)
	at org.springframework.beans.factory.support.AbstractBeanFactory.lambda$doGetBean$0(AbstractBeanFactory.java:339)
	at org.springframework.beans.factory.support.DefaultSingletonBeanRegistry.getSingleton(DefaultSingletonBeanRegistry.java:373)
	at org.springframework.beans.factory.support.AbstractBeanFactory.doGetBean(AbstractBeanFactory.java:337)
	at org.springframework.beans.factory.support.AbstractBeanFactory.getBean(AbstractBeanFactory.java:202)
	at org.springframework.beans.factory.config.DependencyDescriptor.resolveCandidate(DependencyDescriptor.java:254)
	at org.springframework.beans.factory.support.DefaultListableBeanFactory.doResolveDependency(DefaultListableBeanFactory.java:1760)
	at org.springframework.beans.factory.support.DefaultListableBeanFactory.resolveDependency(DefaultListableBeanFactory.java:1643)
	at org.springframework.beans.factory.support.ConstructorResolver.resolveAutowiredArgument(ConstructorResolver.java:913)
	at org.springframework.beans.factory.support.ConstructorResolver.createArgumentArray(ConstructorResolver.java:791)
	... 168 common frames omitted
Caused by: org.springframework.boot.context.properties.bind.BindException: Failed to bind properties under 'spring.data.redis.password' to java.lang.String
	at org.springframework.boot.context.properties.bind.Binder.handleBindError(Binder.java:399)
	at org.springframework.boot.context.properties.bind.Binder.bind(Binder.java:361)
	at org.springframework.boot.context.properties.bind.Binder.lambda$bindDataObject$5(Binder.java:485)
	at org.springframework.boot.context.properties.bind.JavaBeanBinder.bind(JavaBeanBinder.java:124)
	at org.springframework.boot.context.properties.bind.JavaBeanBinder.bind(JavaBeanBinder.java:112)
	at org.springframework.boot.context.properties.bind.JavaBeanBinder.bind(JavaBeanBinder.java:68)
	at org.springframework.boot.context.properties.bind.Binder.lambda$bindDataObject$6(Binder.java:488)
	at org.springframework.boot.context.properties.bind.Binder.fromDataObjectBinders(Binder.java:493)
	at org.springframework.boot.context.properties.bind.Binder.lambda$bindDataObject$7(Binder.java:487)
	at org.springframework.boot.context.properties.bind.Binder$Context.withIncreasedDepth(Binder.java:608)
	at org.springframework.boot.context.properties.bind.Binder$Context.withDataObject(Binder.java:594)
	at org.springframework.boot.context.properties.bind.Binder.bindDataObject(Binder.java:487)
	at org.springframework.boot.context.properties.bind.Binder.bindObject(Binder.java:426)
	at org.springframework.boot.context.properties.bind.Binder.bind(Binder.java:357)
	at org.springframework.boot.context.properties.bind.Binder.bind(Binder.java:345)
	at org.springframework.boot.context.properties.bind.Binder.bind(Binder.java:275)
	at org.springframework.boot.context.properties.bind.Binder.bind(Binder.java:262)
	at org.springframework.boot.context.properties.ConfigurationPropertiesBinder.bind(ConfigurationPropertiesBinder.java:94)
	at org.springframework.boot.context.properties.ConfigurationPropertiesBindingPostProcessor.bind(ConfigurationPropertiesBindingPostProcessor.java:96)
	... 182 common frames omitted
Caused by: com.ulisesbocchio.jasyptspringboot.exception.DecryptionException: Unable to decrypt property: ENC(jfKmL6HUHaTFPEodEhMW2/oBZkqiJBpU) resolved to: ENC(jfKmL6HUHaTFPEodEhMW2/oBZkqiJBpU). Decryption of Properties failed,  make sure encryption/decryption passwords match
	at com.ulisesbocchio.jasyptspringboot.resolver.DefaultPropertyResolver.lambda$resolvePropertyValue$0(DefaultPropertyResolver.java:63)
	at java.base/java.util.Optional.map(Optional.java:260)
	at com.ulisesbocchio.jasyptspringboot.resolver.DefaultPropertyResolver.resolvePropertyValue(DefaultPropertyResolver.java:57)
	at com.ulisesbocchio.jasyptspringboot.resolver.DefaultLazyPropertyResolver.resolvePropertyValue(DefaultLazyPropertyResolver.java:69)
	at com.ulisesbocchio.jasyptspringboot.caching.CachingDelegateEncryptablePropertySource.getProperty(CachingDelegateEncryptablePropertySource.java:74)
	at com.ulisesbocchio.jasyptspringboot.wrapper.EncryptableMapPropertySourceWrapper.getProperty(EncryptableMapPropertySourceWrapper.java:40)
	at org.springframework.boot.context.properties.source.SpringConfigurationPropertySource.getPropertySourceProperty(SpringConfigurationPropertySource.java:108)
	at org.springframework.boot.context.properties.source.SpringIterableConfigurationPropertySource.getConfigurationProperty(SpringIterableConfigurationPropertySource.java:111)
	at org.springframework.boot.context.properties.bind.Binder.findProperty(Binder.java:459)
	at org.springframework.boot.context.properties.bind.Binder.bindObject(Binder.java:405)
	at org.springframework.boot.context.properties.bind.Binder.bind(Binder.java:357)
	... 199 common frames omitted
Caused by: org.jasypt.exceptions.EncryptionOperationNotPossibleException: null
	at org.jasypt.encryption.pbe.StandardPBEByteEncryptor.decrypt(StandardPBEByteEncryptor.java:1169)
	at org.jasypt.encryption.pbe.StandardPBEStringEncryptor.decrypt(StandardPBEStringEncryptor.java:738)
	at org.jasypt.encryption.pbe.PooledPBEStringEncryptor.decrypt(PooledPBEStringEncryptor.java:511)
	at com.ulisesbocchio.jasyptspringboot.encryptor.DefaultLazyEncryptor.decrypt(DefaultLazyEncryptor.java:73)
	at com.ulisesbocchio.jasyptspringboot.resolver.DefaultPropertyResolver.lambda$resolvePropertyValue$0(DefaultPropertyResolver.java:61)
	... 209 common frames omitted
[2026-05-11 11:46:26.386] [INFO ] [background-preinit] o.h.validator.internal.util.Version - HV000001: Hibernate Validator 8.0.3.Final
[2026-05-11 11:46:26.436] [INFO ] [Test worker] c.s.sqld.SqldApplicationTests - Starting SqldApplicationTests using Java 17.0.11 with PID 27879 (started by minboklee in /Users/minboklee/Downloads/sqld)
[2026-05-11 11:46:26.438] [INFO ] [Test worker] c.s.sqld.SqldApplicationTests - The following 1 profile is active: "dev"
[2026-05-11 11:46:27.191] [INFO ] [Test worker] o.s.d.r.c.RepositoryConfigurationDelegate - Multiple Spring Data modules found, entering strict repository configuration mode
[2026-05-11 11:46:27.193] [INFO ] [Test worker] o.s.d.r.c.RepositoryConfigurationDelegate - Bootstrapping Spring Data Redis repositories in DEFAULT mode.
[2026-05-11 11:46:27.215] [INFO ] [Test worker] o.s.d.r.c.RepositoryConfigurationDelegate - Finished Spring Data repository scanning in 11 ms. Found 0 Redis repository interfaces.
[2026-05-11 11:46:27.432] [INFO ] [Test worker] c.u.j.c.EnableEncryptablePropertiesBeanFactoryPostProcessor - Post-processing PropertySource instances
[2026-05-11 11:46:27.433] [INFO ] [Test worker] c.u.j.EncryptablePropertySourceConverter - Skipping PropertySource configurationProperties [class org.springframework.boot.context.properties.source.ConfigurationPropertySourcesPropertySource
[2026-05-11 11:46:27.433] [INFO ] [Test worker] c.u.j.EncryptablePropertySourceConverter - Converting PropertySource test [org.springframework.core.env.MapPropertySource] to EncryptableMapPropertySourceWrapper
[2026-05-11 11:46:27.433] [INFO ] [Test worker] c.u.j.EncryptablePropertySourceConverter - Converting PropertySource Inlined Test Properties [org.springframework.core.env.MapPropertySource] to EncryptableMapPropertySourceWrapper
[2026-05-11 11:46:27.433] [INFO ] [Test worker] c.u.j.EncryptablePropertySourceConverter - Skipping PropertySource servletConfigInitParams [class org.springframework.core.env.PropertySource$StubPropertySource
[2026-05-11 11:46:27.434] [INFO ] [Test worker] c.u.j.EncryptablePropertySourceConverter - Converting PropertySource servletContextInitParams [org.springframework.web.context.support.ServletContextPropertySource] to EncryptableEnumerablePropertySourceWrapper
[2026-05-11 11:46:27.434] [INFO ] [Test worker] c.u.j.EncryptablePropertySourceConverter - Converting PropertySource systemProperties [org.springframework.core.env.PropertiesPropertySource] to EncryptableMapPropertySourceWrapper
[2026-05-11 11:46:27.434] [INFO ] [Test worker] c.u.j.EncryptablePropertySourceConverter - Converting PropertySource systemEnvironment [org.springframework.boot.env.SystemEnvironmentPropertySourceEnvironmentPostProcessor$OriginAwareSystemEnvironmentPropertySource] to EncryptableSystemEnvironmentPropertySourceWrapper
[2026-05-11 11:46:27.434] [INFO ] [Test worker] c.u.j.EncryptablePropertySourceConverter - Converting PropertySource random [org.springframework.boot.env.RandomValuePropertySource] to EncryptablePropertySourceWrapper
[2026-05-11 11:46:27.434] [INFO ] [Test worker] c.u.j.EncryptablePropertySourceConverter - Converting PropertySource Config resource 'class path resource [application-dev.yml]' via location 'optional:classpath:/' [org.springframework.boot.env.OriginTrackedMapPropertySource] to EncryptableMapPropertySourceWrapper
[2026-05-11 11:46:27.434] [INFO ] [Test worker] c.u.j.EncryptablePropertySourceConverter - Converting PropertySource Config resource 'class path resource [application.yml]' via location 'optional:classpath:/' [org.springframework.boot.env.OriginTrackedMapPropertySource] to EncryptableMapPropertySourceWrapper
[2026-05-11 11:46:27.434] [INFO ] [Test worker] c.u.j.EncryptablePropertySourceConverter - Converting PropertySource applicationInfo [org.springframework.boot.ApplicationInfoPropertySource] to EncryptableMapPropertySourceWrapper
[2026-05-11 11:46:27.456] [INFO ] [Test worker] c.u.j.f.DefaultLazyPropertyFilter - Property Filter custom Bean not found with name 'encryptablePropertyFilter'. Initializing Default Property Filter
[2026-05-11 11:46:27.462] [INFO ] [Test worker] c.u.j.r.DefaultLazyPropertyResolver - Property Resolver custom Bean not found with name 'encryptablePropertyResolver'. Initializing Default Property Resolver
[2026-05-11 11:46:27.463] [INFO ] [Test worker] c.u.j.d.DefaultLazyPropertyDetector - Property Detector custom Bean not found with name 'encryptablePropertyDetector'. Initializing Default Property Detector
[2026-05-11 11:46:27.735] [INFO ] [Test worker] c.u.j.encryptor.DefaultLazyEncryptor - String Encryptor custom Bean not found with name 'jasyptStringEncryptor'. Initializing Default String Encryptor
[2026-05-11 11:46:27.742] [INFO ] [Test worker] c.u.j.c.StringEncryptorBuilder - Encryptor config not found for property jasypt.encryptor.key-obtention-iterations, using default value: 1000
[2026-05-11 11:46:27.743] [INFO ] [Test worker] c.u.j.c.StringEncryptorBuilder - Encryptor config not found for property jasypt.encryptor.pool-size, using default value: 1
[2026-05-11 11:46:27.743] [INFO ] [Test worker] c.u.j.c.StringEncryptorBuilder - Encryptor config not found for property jasypt.encryptor.provider-name, using default value: null
[2026-05-11 11:46:27.743] [INFO ] [Test worker] c.u.j.c.StringEncryptorBuilder - Encryptor config not found for property jasypt.encryptor.provider-class-name, using default value: null
[2026-05-11 11:46:27.743] [INFO ] [Test worker] c.u.j.c.StringEncryptorBuilder - Encryptor config not found for property jasypt.encryptor.salt-generator-classname, using default value: org.jasypt.salt.RandomSaltGenerator
[2026-05-11 11:46:27.744] [INFO ] [Test worker] c.u.j.c.StringEncryptorBuilder - Encryptor config not found for property jasypt.encryptor.string-output-type, using default value: base64
[2026-05-11 11:46:27.761] [WARN ] [Test worker] o.s.w.c.s.GenericWebApplicationContext - Exception encountered during context initialization - cancelling refresh attempt: org.springframework.beans.factory.UnsatisfiedDependencyException: Error creating bean with name 'boardViewCountScheduler' defined in file [/Users/minboklee/Downloads/sqld/build/classes/java/main/com/sqld_board/sqld/common/scheduler/BoardViewCountScheduler.class]: Unsatisfied dependency expressed through constructor parameter 0: Error creating bean with name 'viewCountRedisService' defined in file [/Users/minboklee/Downloads/sqld/build/classes/java/main/com/sqld_board/sqld/service/board/ViewCountRedisService.class]: Unsatisfied dependency expressed through constructor parameter 0: Error creating bean with name 'redisTemplate' defined in class path resource [com/sqld_board/sqld/config/redis/RedisConfig.class]: Unsatisfied dependency expressed through method 'redisTemplate' parameter 0: Error creating bean with name 'org.springframework.boot.autoconfigure.data.redis.LettuceConnectionConfiguration': Unsatisfied dependency expressed through constructor parameter 0: Error creating bean with name 'spring.data.redis-org.springframework.boot.autoconfigure.data.redis.RedisProperties': Could not bind properties to 'RedisProperties' : prefix=spring.data.redis, ignoreInvalidFields=false, ignoreUnknownFields=true
[2026-05-11 11:46:27.799] [INFO ] [Test worker] o.s.b.a.l.ConditionEvaluationReportLogger - 

Error starting ApplicationContext. To display the condition evaluation report re-run your application with 'debug' enabled.
[2026-05-11 11:46:27.816] [ERROR] [Test worker] o.s.b.d.LoggingFailureAnalysisReporter - 

***************************
APPLICATION FAILED TO START
***************************

Description:

Failed to bind properties under 'spring.data.redis.password' to java.lang.String:

    Reason: org.springframework.boot.context.properties.bind.BindException: Failed to bind properties under 'spring.data.redis.password' to java.lang.String

Action:

Update your application's configuration

[2026-05-11 11:46:27.818] [WARN ] [Test worker] o.s.test.context.TestContextManager - Caught exception while allowing TestExecutionListener [org.springframework.test.context.web.ServletTestExecutionListener] to prepare test instance [com.sqld_board.sqld.SqldApplicationTests@62158991]
java.lang.IllegalStateException: Failed to load ApplicationContext for [WebMergedContextConfiguration@38e7860c testClass = com.sqld_board.sqld.SqldApplicationTests, locations = [], classes = [com.sqld_board.sqld.SqldApplication], contextInitializerClasses = [], activeProfiles = [], propertySourceDescriptors = [], propertySourceProperties = ["org.springframework.boot.test.context.SpringBootTestContextBootstrapper=true"], contextCustomizers = [org.springframework.boot.test.autoconfigure.OnFailureConditionReportContextCustomizerFactory$OnFailureConditionReportContextCustomizer@51972dc7, org.springframework.boot.test.autoconfigure.actuate.observability.ObservabilityContextCustomizerFactory$DisableObservabilityContextCustomizer@1f, org.springframework.boot.test.autoconfigure.properties.PropertyMappingContextCustomizer@0, org.springframework.boot.test.autoconfigure.web.servlet.WebDriverContextCustomizer@3300f4fd, org.springframework.boot.test.context.filter.ExcludeFilterContextCustomizer@3a393455, org.springframework.boot.test.json.DuplicateJsonObjectContextCustomizerFactory$DuplicateJsonObjectContextCustomizer@56303b57, org.springframework.boot.test.mock.mockito.MockitoContextCustomizer@0, org.springframework.boot.test.web.client.TestRestTemplateContextCustomizer@53f0a4cb, org.springframework.boot.test.web.reactor.netty.DisableReactorResourceFactoryGlobalResourcesContextCustomizerFactory$DisableReactorResourceFactoryGlobalResourcesContextCustomizerCustomizer@302a07d, org.springframework.test.context.support.DynamicPropertiesContextCustomizer@0, org.springframework.boot.test.context.SpringBootTestAnnotation@35ef0047], resourceBasePath = "src/main/webapp", contextLoader = org.springframework.boot.test.context.SpringBootContextLoader, parent = null]
	at org.springframework.test.context.cache.DefaultCacheAwareContextLoaderDelegate.loadContext(DefaultCacheAwareContextLoaderDelegate.java:180)
	at org.springframework.test.context.support.DefaultTestContext.getApplicationContext(DefaultTestContext.java:130)
	at org.springframework.test.context.web.ServletTestExecutionListener.setUpRequestContextIfNecessary(ServletTestExecutionListener.java:200)
	at org.springframework.test.context.web.ServletTestExecutionListener.prepareTestInstance(ServletTestExecutionListener.java:139)
	at org.springframework.test.context.TestContextManager.prepareTestInstance(TestContextManager.java:260)
	at org.springframework.test.context.junit.jupiter.SpringExtension.postProcessTestInstance(SpringExtension.java:159)
	at org.junit.jupiter.engine.descriptor.ClassBasedTestDescriptor.lambda$invokeTestInstancePostProcessors$10(ClassBasedTestDescriptor.java:383)
	at org.junit.jupiter.engine.descriptor.ClassBasedTestDescriptor.executeAndMaskThrowable(ClassBasedTestDescriptor.java:388)
	at org.junit.jupiter.engine.descriptor.ClassBasedTestDescriptor.lambda$invokeTestInstancePostProcessors$11(ClassBasedTestDescriptor.java:382)
	at java.base/java.util.stream.ForEachOps$ForEachOp$OfRef.accept(ForEachOps.java:183)
	at java.base/java.util.stream.ReferencePipeline$3$1.accept(ReferencePipeline.java:197)
	at java.base/java.util.stream.ReferencePipeline$2$1.accept(ReferencePipeline.java:179)
	at java.base/java.util.stream.ReferencePipeline$3$1.accept(ReferencePipeline.java:197)
	at java.base/java.util.ArrayList$ArrayListSpliterator.forEachRemaining(ArrayList.java:1625)
	at java.base/java.util.stream.AbstractPipeline.copyInto(AbstractPipeline.java:509)
	at java.base/java.util.stream.AbstractPipeline.wrapAndCopyInto(AbstractPipeline.java:499)
	at java.base/java.util.stream.ForEachOps$ForEachOp.evaluateSequential(ForEachOps.java:150)
	at java.base/java.util.stream.ForEachOps$ForEachOp$OfRef.evaluateSequential(ForEachOps.java:173)
	at java.base/java.util.stream.AbstractPipeline.evaluate(AbstractPipeline.java:234)
	at java.base/java.util.stream.ReferencePipeline.forEach(ReferencePipeline.java:596)
	at org.junit.jupiter.engine.descriptor.ClassBasedTestDescriptor.invokeTestInstancePostProcessors(ClassBasedTestDescriptor.java:382)
	at org.junit.jupiter.engine.descriptor.ClassBasedTestDescriptor.lambda$instantiateAndPostProcessTestInstance$6(ClassBasedTestDescriptor.java:293)
	at org.junit.platform.engine.support.hierarchical.ThrowableCollector.execute(ThrowableCollector.java:73)
	at org.junit.jupiter.engine.descriptor.ClassBasedTestDescriptor.instantiateAndPostProcessTestInstance(ClassBasedTestDescriptor.java:292)
	at org.junit.jupiter.engine.descriptor.ClassBasedTestDescriptor.lambda$testInstancesProvider$4(ClassBasedTestDescriptor.java:281)
	at java.base/java.util.Optional.orElseGet(Optional.java:364)
	at org.junit.jupiter.engine.descriptor.ClassBasedTestDescriptor.lambda$testInstancesProvider$5(ClassBasedTestDescriptor.java:280)
	at org.junit.jupiter.engine.execution.TestInstancesProvider.getTestInstances(TestInstancesProvider.java:27)
	at org.junit.jupiter.engine.descriptor.TestMethodTestDescriptor.lambda$prepare$0(TestMethodTestDescriptor.java:112)
	at org.junit.platform.engine.support.hierarchical.ThrowableCollector.execute(ThrowableCollector.java:73)
	at org.junit.jupiter.engine.descriptor.TestMethodTestDescriptor.prepare(TestMethodTestDescriptor.java:111)
	at org.junit.jupiter.engine.descriptor.TestMethodTestDescriptor.prepare(TestMethodTestDescriptor.java:69)
	at org.junit.platform.engine.support.hierarchical.NodeTestTask.lambda$prepare$2(NodeTestTask.java:128)
	at org.junit.platform.engine.support.hierarchical.ThrowableCollector.execute(ThrowableCollector.java:73)
	at org.junit.platform.engine.support.hierarchical.NodeTestTask.prepare(NodeTestTask.java:128)
	at org.junit.platform.engine.support.hierarchical.NodeTestTask.execute(NodeTestTask.java:95)
	at java.base/java.util.ArrayList.forEach(ArrayList.java:1511)
	at org.junit.platform.engine.support.hierarchical.SameThreadHierarchicalTestExecutorService.invokeAll(SameThreadHierarchicalTestExecutorService.java:41)
	at org.junit.platform.engine.support.hierarchical.NodeTestTask.lambda$executeRecursively$6(NodeTestTask.java:160)
	at org.junit.platform.engine.support.hierarchical.ThrowableCollector.execute(ThrowableCollector.java:73)
	at org.junit.platform.engine.support.hierarchical.NodeTestTask.lambda$executeRecursively$8(NodeTestTask.java:146)
	at org.junit.platform.engine.support.hierarchical.Node.around(Node.java:137)
	at org.junit.platform.engine.support.hierarchical.NodeTestTask.lambda$executeRecursively$9(NodeTestTask.java:144)
	at org.junit.platform.engine.support.hierarchical.ThrowableCollector.execute(ThrowableCollector.java:73)
	at org.junit.platform.engine.support.hierarchical.NodeTestTask.executeRecursively(NodeTestTask.java:143)
	at org.junit.platform.engine.support.hierarchical.NodeTestTask.execute(NodeTestTask.java:100)
	at java.base/java.util.ArrayList.forEach(ArrayList.java:1511)
	at org.junit.platform.engine.support.hierarchical.SameThreadHierarchicalTestExecutorService.invokeAll(SameThreadHierarchicalTestExecutorService.java:41)
	at org.junit.platform.engine.support.hierarchical.NodeTestTask.lambda$executeRecursively$6(NodeTestTask.java:160)
	at org.junit.platform.engine.support.hierarchical.ThrowableCollector.execute(ThrowableCollector.java:73)
	at org.junit.platform.engine.support.hierarchical.NodeTestTask.lambda$executeRecursively$8(NodeTestTask.java:146)
	at org.junit.platform.engine.support.hierarchical.Node.around(Node.java:137)
	at org.junit.platform.engine.support.hierarchical.NodeTestTask.lambda$executeRecursively$9(NodeTestTask.java:144)
	at org.junit.platform.engine.support.hierarchical.ThrowableCollector.execute(ThrowableCollector.java:73)
	at org.junit.platform.engine.support.hierarchical.NodeTestTask.executeRecursively(NodeTestTask.java:143)
	at org.junit.platform.engine.support.hierarchical.NodeTestTask.execute(NodeTestTask.java:100)
	at org.junit.platform.engine.support.hierarchical.SameThreadHierarchicalTestExecutorService.submit(SameThreadHierarchicalTestExecutorService.java:35)
	at org.junit.platform.engine.support.hierarchical.HierarchicalTestExecutor.execute(HierarchicalTestExecutor.java:57)
	at org.junit.platform.engine.support.hierarchical.HierarchicalTestEngine.execute(HierarchicalTestEngine.java:54)
	at org.junit.platform.launcher.core.EngineExecutionOrchestrator.execute(EngineExecutionOrchestrator.java:201)
	at org.junit.platform.launcher.core.EngineExecutionOrchestrator.execute(EngineExecutionOrchestrator.java:170)
	at org.junit.platform.launcher.core.EngineExecutionOrchestrator.execute(EngineExecutionOrchestrator.java:94)
	at org.junit.platform.launcher.core.EngineExecutionOrchestrator.lambda$execute$0(EngineExecutionOrchestrator.java:59)
	at org.junit.platform.launcher.core.EngineExecutionOrchestrator.withInterceptedStreams(EngineExecutionOrchestrator.java:142)
	at org.junit.platform.launcher.core.EngineExecutionOrchestrator.execute(EngineExecutionOrchestrator.java:58)
	at org.junit.platform.launcher.core.DefaultLauncher.execute(DefaultLauncher.java:103)
	at org.junit.platform.launcher.core.DefaultLauncher.execute(DefaultLauncher.java:85)
	at org.junit.platform.launcher.core.DelegatingLauncher.execute(DelegatingLauncher.java:47)
	at org.junit.platform.launcher.core.InterceptingLauncher.lambda$execute$1(InterceptingLauncher.java:39)
	at org.junit.platform.launcher.core.ClasspathAlignmentCheckingLauncherInterceptor.intercept(ClasspathAlignmentCheckingLauncherInterceptor.java:25)
	at org.junit.platform.launcher.core.InterceptingLauncher.execute(InterceptingLauncher.java:38)
	at org.junit.platform.launcher.core.DelegatingLauncher.execute(DelegatingLauncher.java:47)
	at org.gradle.api.internal.tasks.testing.junitplatform.JUnitPlatformTestClassProcessor$CollectAllTestClassesExecutor.processAllTestClasses(JUnitPlatformTestClassProcessor.java:124)
	at org.gradle.api.internal.tasks.testing.junitplatform.JUnitPlatformTestClassProcessor$CollectAllTestClassesExecutor.access$000(JUnitPlatformTestClassProcessor.java:99)
	at org.gradle.api.internal.tasks.testing.junitplatform.JUnitPlatformTestClassProcessor.stop(JUnitPlatformTestClassProcessor.java:94)
	at org.gradle.api.internal.tasks.testing.SuiteTestClassProcessor.stop(SuiteTestClassProcessor.java:63)
	at java.base/jdk.internal.reflect.NativeMethodAccessorImpl.invoke0(Native Method)
	at java.base/jdk.internal.reflect.NativeMethodAccessorImpl.invoke(NativeMethodAccessorImpl.java:77)
	at java.base/jdk.internal.reflect.DelegatingMethodAccessorImpl.invoke(DelegatingMethodAccessorImpl.java:43)
	at java.base/java.lang.reflect.Method.invoke(Method.java:568)
	at org.gradle.internal.dispatch.ReflectionDispatch.dispatch(ReflectionDispatch.java:36)
	at org.gradle.internal.dispatch.ReflectionDispatch.dispatch(ReflectionDispatch.java:24)
	at org.gradle.internal.dispatch.ContextClassLoaderDispatch.dispatch(ContextClassLoaderDispatch.java:33)
	at org.gradle.internal.dispatch.ProxyDispatchAdapter$DispatchingInvocationHandler.invoke(ProxyDispatchAdapter.java:92)
	at jdk.proxy1/jdk.proxy1.$Proxy4.stop(Unknown Source)
	at org.gradle.api.internal.tasks.testing.worker.TestWorker$3.run(TestWorker.java:200)
	at org.gradle.api.internal.tasks.testing.worker.TestWorker.executeAndMaintainThreadName(TestWorker.java:132)
	at org.gradle.api.internal.tasks.testing.worker.TestWorker.execute(TestWorker.java:103)
	at org.gradle.api.internal.tasks.testing.worker.TestWorker.execute(TestWorker.java:63)
	at org.gradle.process.internal.worker.child.ActionExecutionWorker.execute(ActionExecutionWorker.java:56)
	at org.gradle.process.internal.worker.child.SystemApplicationClassLoaderWorker.call(SystemApplicationClassLoaderWorker.java:122)
	at org.gradle.process.internal.worker.child.SystemApplicationClassLoaderWorker.call(SystemApplicationClassLoaderWorker.java:72)
	at worker.org.gradle.process.internal.worker.GradleWorkerMain.run(GradleWorkerMain.java:69)
	at worker.org.gradle.process.internal.worker.GradleWorkerMain.main(GradleWorkerMain.java:74)
Caused by: org.springframework.beans.factory.UnsatisfiedDependencyException: Error creating bean with name 'boardViewCountScheduler' defined in file [/Users/minboklee/Downloads/sqld/build/classes/java/main/com/sqld_board/sqld/common/scheduler/BoardViewCountScheduler.class]: Unsatisfied dependency expressed through constructor parameter 0: Error creating bean with name 'viewCountRedisService' defined in file [/Users/minboklee/Downloads/sqld/build/classes/java/main/com/sqld_board/sqld/service/board/ViewCountRedisService.class]: Unsatisfied dependency expressed through constructor parameter 0: Error creating bean with name 'redisTemplate' defined in class path resource [com/sqld_board/sqld/config/redis/RedisConfig.class]: Unsatisfied dependency expressed through method 'redisTemplate' parameter 0: Error creating bean with name 'org.springframework.boot.autoconfigure.data.redis.LettuceConnectionConfiguration': Unsatisfied dependency expressed through constructor parameter 0: Error creating bean with name 'spring.data.redis-org.springframework.boot.autoconfigure.data.redis.RedisProperties': Could not bind properties to 'RedisProperties' : prefix=spring.data.redis, ignoreInvalidFields=false, ignoreUnknownFields=true
	at org.springframework.beans.factory.support.ConstructorResolver.createArgumentArray(ConstructorResolver.java:804)
	at org.springframework.beans.factory.support.ConstructorResolver.autowireConstructor(ConstructorResolver.java:240)
	at org.springframework.beans.factory.support.AbstractAutowireCapableBeanFactory.autowireConstructor(AbstractAutowireCapableBeanFactory.java:1395)
	at org.springframework.beans.factory.support.AbstractAutowireCapableBeanFactory.createBeanInstance(AbstractAutowireCapableBeanFactory.java:1232)
	at org.springframework.beans.factory.support.AbstractAutowireCapableBeanFactory.doCreateBean(AbstractAutowireCapableBeanFactory.java:569)
	at org.springframework.beans.factory.support.AbstractAutowireCapableBeanFactory.createBean(AbstractAutowireCapableBeanFactory.java:529)
	at org.springframework.beans.factory.support.AbstractBeanFactory.lambda$doGetBean$0(AbstractBeanFactory.java:339)
	at org.springframework.beans.factory.support.DefaultSingletonBeanRegistry.getSingleton(DefaultSingletonBeanRegistry.java:373)
	at org.springframework.beans.factory.support.AbstractBeanFactory.doGetBean(AbstractBeanFactory.java:337)
	at org.springframework.beans.factory.support.AbstractBeanFactory.getBean(AbstractBeanFactory.java:202)
	at org.springframework.beans.factory.support.DefaultListableBeanFactory.instantiateSingleton(DefaultListableBeanFactory.java:1221)
	at org.springframework.beans.factory.support.DefaultListableBeanFactory.preInstantiateSingleton(DefaultListableBeanFactory.java:1187)
	at org.springframework.beans.factory.support.DefaultListableBeanFactory.preInstantiateSingletons(DefaultListableBeanFactory.java:1123)
	at org.springframework.context.support.AbstractApplicationContext.finishBeanFactoryInitialization(AbstractApplicationContext.java:987)
	at org.springframework.context.support.AbstractApplicationContext.refresh(AbstractApplicationContext.java:627)
	at org.springframework.boot.SpringApplication.refresh(SpringApplication.java:752)
	at org.springframework.boot.SpringApplication.refreshContext(SpringApplication.java:439)
	at org.springframework.boot.SpringApplication.run(SpringApplication.java:318)
	at org.springframework.boot.test.context.SpringBootContextLoader.lambda$loadContext$3(SpringBootContextLoader.java:144)
	at org.springframework.util.function.ThrowingSupplier.get(ThrowingSupplier.java:58)
	at org.springframework.util.function.ThrowingSupplier.get(ThrowingSupplier.java:46)
	at org.springframework.boot.SpringApplication.withHook(SpringApplication.java:1461)
	at org.springframework.boot.test.context.SpringBootContextLoader$ContextLoaderHook.run(SpringBootContextLoader.java:563)
	at org.springframework.boot.test.context.SpringBootContextLoader.loadContext(SpringBootContextLoader.java:144)
	at org.springframework.boot.test.context.SpringBootContextLoader.loadContext(SpringBootContextLoader.java:110)
	at org.springframework.test.context.cache.DefaultCacheAwareContextLoaderDelegate.loadContextInternal(DefaultCacheAwareContextLoaderDelegate.java:225)
	at org.springframework.test.context.cache.DefaultCacheAwareContextLoaderDelegate.loadContext(DefaultCacheAwareContextLoaderDelegate.java:152)
	... 93 common frames omitted
Caused by: org.springframework.beans.factory.UnsatisfiedDependencyException: Error creating bean with name 'viewCountRedisService' defined in file [/Users/minboklee/Downloads/sqld/build/classes/java/main/com/sqld_board/sqld/service/board/ViewCountRedisService.class]: Unsatisfied dependency expressed through constructor parameter 0: Error creating bean with name 'redisTemplate' defined in class path resource [com/sqld_board/sqld/config/redis/RedisConfig.class]: Unsatisfied dependency expressed through method 'redisTemplate' parameter 0: Error creating bean with name 'org.springframework.boot.autoconfigure.data.redis.LettuceConnectionConfiguration': Unsatisfied dependency expressed through constructor parameter 0: Error creating bean with name 'spring.data.redis-org.springframework.boot.autoconfigure.data.redis.RedisProperties': Could not bind properties to 'RedisProperties' : prefix=spring.data.redis, ignoreInvalidFields=false, ignoreUnknownFields=true
	at org.springframework.beans.factory.support.ConstructorResolver.createArgumentArray(ConstructorResolver.java:804)
	at org.springframework.beans.factory.support.ConstructorResolver.autowireConstructor(ConstructorResolver.java:240)
	at org.springframework.beans.factory.support.AbstractAutowireCapableBeanFactory.autowireConstructor(AbstractAutowireCapableBeanFactory.java:1395)
	at org.springframework.beans.factory.support.AbstractAutowireCapableBeanFactory.createBeanInstance(AbstractAutowireCapableBeanFactory.java:1232)
	at org.springframework.beans.factory.support.AbstractAutowireCapableBeanFactory.doCreateBean(AbstractAutowireCapableBeanFactory.java:569)
	at org.springframework.beans.factory.support.AbstractAutowireCapableBeanFactory.createBean(AbstractAutowireCapableBeanFactory.java:529)
	at org.springframework.beans.factory.support.AbstractBeanFactory.lambda$doGetBean$0(AbstractBeanFactory.java:339)
	at org.springframework.beans.factory.support.DefaultSingletonBeanRegistry.getSingleton(DefaultSingletonBeanRegistry.java:373)
	at org.springframework.beans.factory.support.AbstractBeanFactory.doGetBean(AbstractBeanFactory.java:337)
	at org.springframework.beans.factory.support.AbstractBeanFactory.getBean(AbstractBeanFactory.java:202)
	at org.springframework.beans.factory.config.DependencyDescriptor.resolveCandidate(DependencyDescriptor.java:254)
	at org.springframework.beans.factory.support.DefaultListableBeanFactory.doResolveDependency(DefaultListableBeanFactory.java:1760)
	at org.springframework.beans.factory.support.DefaultListableBeanFactory.resolveDependency(DefaultListableBeanFactory.java:1643)
	at org.springframework.beans.factory.support.ConstructorResolver.resolveAutowiredArgument(ConstructorResolver.java:913)
	at org.springframework.beans.factory.support.ConstructorResolver.createArgumentArray(ConstructorResolver.java:791)
	... 119 common frames omitted
Caused by: org.springframework.beans.factory.UnsatisfiedDependencyException: Error creating bean with name 'redisTemplate' defined in class path resource [com/sqld_board/sqld/config/redis/RedisConfig.class]: Unsatisfied dependency expressed through method 'redisTemplate' parameter 0: Error creating bean with name 'org.springframework.boot.autoconfigure.data.redis.LettuceConnectionConfiguration': Unsatisfied dependency expressed through constructor parameter 0: Error creating bean with name 'spring.data.redis-org.springframework.boot.autoconfigure.data.redis.RedisProperties': Could not bind properties to 'RedisProperties' : prefix=spring.data.redis, ignoreInvalidFields=false, ignoreUnknownFields=true
	at org.springframework.beans.factory.support.ConstructorResolver.createArgumentArray(ConstructorResolver.java:804)
	at org.springframework.beans.factory.support.ConstructorResolver.instantiateUsingFactoryMethod(ConstructorResolver.java:546)
	at org.springframework.beans.factory.support.AbstractAutowireCapableBeanFactory.instantiateUsingFactoryMethod(AbstractAutowireCapableBeanFactory.java:1375)
	at org.springframework.beans.factory.support.AbstractAutowireCapableBeanFactory.createBeanInstance(AbstractAutowireCapableBeanFactory.java:1205)
	at org.springframework.beans.factory.support.AbstractAutowireCapableBeanFactory.doCreateBean(AbstractAutowireCapableBeanFactory.java:569)
	at org.springframework.beans.factory.support.AbstractAutowireCapableBeanFactory.createBean(AbstractAutowireCapableBeanFactory.java:529)
	at org.springframework.beans.factory.support.AbstractBeanFactory.lambda$doGetBean$0(AbstractBeanFactory.java:339)
	at org.springframework.beans.factory.support.DefaultSingletonBeanRegistry.getSingleton(DefaultSingletonBeanRegistry.java:373)
	at org.springframework.beans.factory.support.AbstractBeanFactory.doGetBean(AbstractBeanFactory.java:337)
	at org.springframework.beans.factory.support.AbstractBeanFactory.getBean(AbstractBeanFactory.java:202)
	at org.springframework.beans.factory.support.DefaultListableBeanFactory.doResolveDependency(DefaultListableBeanFactory.java:1698)
	at org.springframework.beans.factory.support.DefaultListableBeanFactory.resolveDependency(DefaultListableBeanFactory.java:1643)
	at org.springframework.beans.factory.support.ConstructorResolver.resolveAutowiredArgument(ConstructorResolver.java:913)
	at org.springframework.beans.factory.support.ConstructorResolver.createArgumentArray(ConstructorResolver.java:791)
	... 133 common frames omitted
Caused by: org.springframework.beans.factory.UnsatisfiedDependencyException: Error creating bean with name 'org.springframework.boot.autoconfigure.data.redis.LettuceConnectionConfiguration': Unsatisfied dependency expressed through constructor parameter 0: Error creating bean with name 'spring.data.redis-org.springframework.boot.autoconfigure.data.redis.RedisProperties': Could not bind properties to 'RedisProperties' : prefix=spring.data.redis, ignoreInvalidFields=false, ignoreUnknownFields=true
	at org.springframework.beans.factory.support.ConstructorResolver.createArgumentArray(ConstructorResolver.java:804)
	at org.springframework.beans.factory.support.ConstructorResolver.autowireConstructor(ConstructorResolver.java:240)
	at org.springframework.beans.factory.support.AbstractAutowireCapableBeanFactory.autowireConstructor(AbstractAutowireCapableBeanFactory.java:1395)
	at org.springframework.beans.factory.support.AbstractAutowireCapableBeanFactory.createBeanInstance(AbstractAutowireCapableBeanFactory.java:1232)
	at org.springframework.beans.factory.support.AbstractAutowireCapableBeanFactory.doCreateBean(AbstractAutowireCapableBeanFactory.java:569)
	at org.springframework.beans.factory.support.AbstractAutowireCapableBeanFactory.createBean(AbstractAutowireCapableBeanFactory.java:529)
	at org.springframework.beans.factory.support.AbstractBeanFactory.lambda$doGetBean$0(AbstractBeanFactory.java:339)
	at org.springframework.beans.factory.support.DefaultSingletonBeanRegistry.getSingleton(DefaultSingletonBeanRegistry.java:373)
	at org.springframework.beans.factory.support.AbstractBeanFactory.doGetBean(AbstractBeanFactory.java:337)
	at org.springframework.beans.factory.support.AbstractBeanFactory.getBean(AbstractBeanFactory.java:202)
	at org.springframework.beans.factory.support.ConstructorResolver.instantiateUsingFactoryMethod(ConstructorResolver.java:413)
	at org.springframework.beans.factory.support.AbstractAutowireCapableBeanFactory.instantiateUsingFactoryMethod(AbstractAutowireCapableBeanFactory.java:1375)
	at org.springframework.beans.factory.support.AbstractAutowireCapableBeanFactory.createBeanInstance(AbstractAutowireCapableBeanFactory.java:1205)
	at org.springframework.beans.factory.support.AbstractAutowireCapableBeanFactory.doCreateBean(AbstractAutowireCapableBeanFactory.java:569)
	at org.springframework.beans.factory.support.AbstractAutowireCapableBeanFactory.createBean(AbstractAutowireCapableBeanFactory.java:529)
	at org.springframework.beans.factory.support.AbstractBeanFactory.lambda$doGetBean$0(AbstractBeanFactory.java:339)
	at org.springframework.beans.factory.support.DefaultSingletonBeanRegistry.getSingleton(DefaultSingletonBeanRegistry.java:373)
	at org.springframework.beans.factory.support.AbstractBeanFactory.doGetBean(AbstractBeanFactory.java:337)
	at org.springframework.beans.factory.support.AbstractBeanFactory.getBean(AbstractBeanFactory.java:202)
	at org.springframework.beans.factory.support.DefaultListableBeanFactory.doResolveDependency(DefaultListableBeanFactory.java:1698)
	at org.springframework.beans.factory.support.DefaultListableBeanFactory.resolveDependency(DefaultListableBeanFactory.java:1643)
	at org.springframework.beans.factory.support.ConstructorResolver.resolveAutowiredArgument(ConstructorResolver.java:913)
	at org.springframework.beans.factory.support.ConstructorResolver.createArgumentArray(ConstructorResolver.java:791)
	... 146 common frames omitted
Caused by: org.springframework.boot.context.properties.ConfigurationPropertiesBindException: Error creating bean with name 'spring.data.redis-org.springframework.boot.autoconfigure.data.redis.RedisProperties': Could not bind properties to 'RedisProperties' : prefix=spring.data.redis, ignoreInvalidFields=false, ignoreUnknownFields=true
	at org.springframework.boot.context.properties.ConfigurationPropertiesBindingPostProcessor.bind(ConfigurationPropertiesBindingPostProcessor.java:99)
	at org.springframework.boot.context.properties.ConfigurationPropertiesBindingPostProcessor.postProcessBeforeInitialization(ConfigurationPropertiesBindingPostProcessor.java:79)
	at org.springframework.beans.factory.support.AbstractAutowireCapableBeanFactory.applyBeanPostProcessorsBeforeInitialization(AbstractAutowireCapableBeanFactory.java:429)
	at org.springframework.beans.factory.support.AbstractAutowireCapableBeanFactory.initializeBean(AbstractAutowireCapableBeanFactory.java:1818)
	at org.springframework.beans.factory.support.AbstractAutowireCapableBeanFactory.doCreateBean(AbstractAutowireCapableBeanFactory.java:607)
	at org.springframework.beans.factory.support.AbstractAutowireCapableBeanFactory.createBean(AbstractAutowireCapableBeanFactory.java:529)
	at org.springframework.beans.factory.support.AbstractBeanFactory.lambda$doGetBean$0(AbstractBeanFactory.java:339)
	at org.springframework.beans.factory.support.DefaultSingletonBeanRegistry.getSingleton(DefaultSingletonBeanRegistry.java:373)
	at org.springframework.beans.factory.support.AbstractBeanFactory.doGetBean(AbstractBeanFactory.java:337)
	at org.springframework.beans.factory.support.AbstractBeanFactory.getBean(AbstractBeanFactory.java:202)
	at org.springframework.beans.factory.config.DependencyDescriptor.resolveCandidate(DependencyDescriptor.java:254)
	at org.springframework.beans.factory.support.DefaultListableBeanFactory.doResolveDependency(DefaultListableBeanFactory.java:1760)
	at org.springframework.beans.factory.support.DefaultListableBeanFactory.resolveDependency(DefaultListableBeanFactory.java:1643)
	at org.springframework.beans.factory.support.ConstructorResolver.resolveAutowiredArgument(ConstructorResolver.java:913)
	at org.springframework.beans.factory.support.ConstructorResolver.createArgumentArray(ConstructorResolver.java:791)
	... 168 common frames omitted
Caused by: org.springframework.boot.context.properties.bind.BindException: Failed to bind properties under 'spring.data.redis.password' to java.lang.String
	at org.springframework.boot.context.properties.bind.Binder.handleBindError(Binder.java:399)
	at org.springframework.boot.context.properties.bind.Binder.bind(Binder.java:361)
	at org.springframework.boot.context.properties.bind.Binder.lambda$bindDataObject$5(Binder.java:485)
	at org.springframework.boot.context.properties.bind.JavaBeanBinder.bind(JavaBeanBinder.java:124)
	at org.springframework.boot.context.properties.bind.JavaBeanBinder.bind(JavaBeanBinder.java:112)
	at org.springframework.boot.context.properties.bind.JavaBeanBinder.bind(JavaBeanBinder.java:68)
	at org.springframework.boot.context.properties.bind.Binder.lambda$bindDataObject$6(Binder.java:488)
	at org.springframework.boot.context.properties.bind.Binder.fromDataObjectBinders(Binder.java:493)
	at org.springframework.boot.context.properties.bind.Binder.lambda$bindDataObject$7(Binder.java:487)
	at org.springframework.boot.context.properties.bind.Binder$Context.withIncreasedDepth(Binder.java:608)
	at org.springframework.boot.context.properties.bind.Binder$Context.withDataObject(Binder.java:594)
	at org.springframework.boot.context.properties.bind.Binder.bindDataObject(Binder.java:487)
	at org.springframework.boot.context.properties.bind.Binder.bindObject(Binder.java:426)
	at org.springframework.boot.context.properties.bind.Binder.bind(Binder.java:357)
	at org.springframework.boot.context.properties.bind.Binder.bind(Binder.java:345)
	at org.springframework.boot.context.properties.bind.Binder.bind(Binder.java:275)
	at org.springframework.boot.context.properties.bind.Binder.bind(Binder.java:262)
	at org.springframework.boot.context.properties.ConfigurationPropertiesBinder.bind(ConfigurationPropertiesBinder.java:94)
	at org.springframework.boot.context.properties.ConfigurationPropertiesBindingPostProcessor.bind(ConfigurationPropertiesBindingPostProcessor.java:96)
	... 182 common frames omitted
Caused by: com.ulisesbocchio.jasyptspringboot.exception.DecryptionException: Unable to decrypt property: ENC(jfKmL6HUHaTFPEodEhMW2/oBZkqiJBpU) resolved to: ENC(jfKmL6HUHaTFPEodEhMW2/oBZkqiJBpU). Decryption of Properties failed,  make sure encryption/decryption passwords match
	at com.ulisesbocchio.jasyptspringboot.resolver.DefaultPropertyResolver.lambda$resolvePropertyValue$0(DefaultPropertyResolver.java:63)
	at java.base/java.util.Optional.map(Optional.java:260)
	at com.ulisesbocchio.jasyptspringboot.resolver.DefaultPropertyResolver.resolvePropertyValue(DefaultPropertyResolver.java:57)
	at com.ulisesbocchio.jasyptspringboot.resolver.DefaultLazyPropertyResolver.resolvePropertyValue(DefaultLazyPropertyResolver.java:69)
	at com.ulisesbocchio.jasyptspringboot.caching.CachingDelegateEncryptablePropertySource.getProperty(CachingDelegateEncryptablePropertySource.java:74)
	at com.ulisesbocchio.jasyptspringboot.wrapper.EncryptableMapPropertySourceWrapper.getProperty(EncryptableMapPropertySourceWrapper.java:40)
	at org.springframework.boot.context.properties.source.SpringConfigurationPropertySource.getPropertySourceProperty(SpringConfigurationPropertySource.java:108)
	at org.springframework.boot.context.properties.source.SpringIterableConfigurationPropertySource.getConfigurationProperty(SpringIterableConfigurationPropertySource.java:111)
	at org.springframework.boot.context.properties.bind.Binder.findProperty(Binder.java:459)
	at org.springframework.boot.context.properties.bind.Binder.bindObject(Binder.java:405)
	at org.springframework.boot.context.properties.bind.Binder.bind(Binder.java:357)
	... 199 common frames omitted
Caused by: org.jasypt.exceptions.EncryptionOperationNotPossibleException: null
	at org.jasypt.encryption.pbe.StandardPBEByteEncryptor.decrypt(StandardPBEByteEncryptor.java:1169)
	at org.jasypt.encryption.pbe.StandardPBEStringEncryptor.decrypt(StandardPBEStringEncryptor.java:738)
	at org.jasypt.encryption.pbe.PooledPBEStringEncryptor.decrypt(PooledPBEStringEncryptor.java:511)
	at com.ulisesbocchio.jasyptspringboot.encryptor.DefaultLazyEncryptor.decrypt(DefaultLazyEncryptor.java:73)
	at com.ulisesbocchio.jasyptspringboot.resolver.DefaultPropertyResolver.lambda$resolvePropertyValue$0(DefaultPropertyResolver.java:61)
	... 209 common frames omitted
[2026-05-11 11:47:03.109] [INFO ] [http-nio-8881-exec-3] jdbc.sqltiming - SELECT /* MemberMapper.readMemberByMemberId (memberId를 통한 회원 정보 조회) */
               MEMBER_ID
             , USER_ID
             , USER_PASS
             , USER_NAME
             , USER_EMAIL
             , EMAIL_VERIFIED
             , USER_ROLE
             , USER_STATUS
             , PROFILE_IMAGE
             , CREATE_AT
             , UPDATE_AT
             , LAST_LOG_AT
          FROM MEMBER_INFO
        WHERE MEMBER_ID = 'MEMBER_20260511_001'
 {executed in 10 msec}
[2026-05-11 11:47:03.118] [ERROR] [http-nio-8881-exec-3] c.s.sqld.exception.ExceptionAdvice - 정적 리소스를 찾을 수 없습니다: api/commonDetailCode/addCommonDetailCode
[2026-05-11 11:47:03.128] [WARN ] [http-nio-8881-exec-3] o.s.w.s.m.m.a.ExceptionHandlerExceptionResolver - Resolved [org.springframework.web.servlet.resource.NoResourceFoundException: No static resource api/commonDetailCode/addCommonDetailCode.]
[2026-05-11 11:47:14.610] [INFO ] [http-nio-8881-exec-5] jdbc.sqltiming - SELECT /* MemberMapper.readMemberByMemberId (memberId를 통한 회원 정보 조회) */
               MEMBER_ID
             , USER_ID
             , USER_PASS
             , USER_NAME
             , USER_EMAIL
             , EMAIL_VERIFIED
             , USER_ROLE
             , USER_STATUS
             , PROFILE_IMAGE
             , CREATE_AT
             , UPDATE_AT
             , LAST_LOG_AT
          FROM MEMBER_INFO
        WHERE MEMBER_ID = 'MEMBER_20260511_001'
 {executed in 7 msec}
[2026-05-11 11:47:14.651] [INFO ] [http-nio-8881-exec-5] jdbc.sqltiming - SELECT /* commonCodeDetailMapper.getMaxSortOrder, groupCode 별, sortOrder Number 최대값 조회 */
               IFNULL(MAX(SORT_ORDER),0)
          FROM COMMON_CODE_DETAIL
         WHERE GROUP_CODE = 'G_BRD_NOTICE'
 {executed in 9 msec}
[2026-05-11 11:47:14.660] [INFO ] [http-nio-8881-exec-5] jdbc.sqltiming - SELECT /* CommonCodeDetailMapper.validateSortOrderDuplicate */
               COUNT(1)
          FROM COMMON_CODE_DETAIL
         WHERE GROUP_CODE = 'G_BRD_NOTICE'
           AND SORT_ORDER = 1
 {executed in 8 msec}
[2026-05-11 11:47:14.678] [ERROR] [http-nio-8881-exec-5] c.s.sqld.exception.ExceptionAdvice - null
com.sqld_board.sqld.exception.code.ExistsSortOrderException: null
	at com.sqld_board.sqld.service.code.CommonCodeDetailServiceImpl.validateSortOrder(CommonCodeDetailServiceImpl.java:139)
	at com.sqld_board.sqld.service.code.CommonCodeDetailServiceImpl.addCommonDetailCode(CommonCodeDetailServiceImpl.java:93)
	at java.base/jdk.internal.reflect.NativeMethodAccessorImpl.invoke0(Native Method)
	at java.base/jdk.internal.reflect.NativeMethodAccessorImpl.invoke(NativeMethodAccessorImpl.java:77)
	at java.base/jdk.internal.reflect.DelegatingMethodAccessorImpl.invoke(DelegatingMethodAccessorImpl.java:43)
	at java.base/java.lang.reflect.Method.invoke(Method.java:568)
	at org.springframework.aop.support.AopUtils.invokeJoinpointUsingReflection(AopUtils.java:360)
	at org.springframework.aop.framework.ReflectiveMethodInvocation.invokeJoinpoint(ReflectiveMethodInvocation.java:196)
	at org.springframework.aop.framework.ReflectiveMethodInvocation.proceed(ReflectiveMethodInvocation.java:163)
	at org.springframework.transaction.interceptor.TransactionAspectSupport.invokeWithinTransaction(TransactionAspectSupport.java:380)
	at org.springframework.transaction.interceptor.TransactionInterceptor.invoke(TransactionInterceptor.java:119)
	at org.springframework.aop.framework.ReflectiveMethodInvocation.proceed(ReflectiveMethodInvocation.java:184)
	at org.springframework.aop.framework.CglibAopProxy$DynamicAdvisedInterceptor.intercept(CglibAopProxy.java:728)
	at com.sqld_board.sqld.service.code.CommonCodeDetailServiceImpl$$SpringCGLIB$$0.addCommonDetailCode(<generated>)
	at com.sqld_board.sqld.controller.code.CommonCodeDetailController.addCommonDetailCode(CommonCodeDetailController.java:61)
	at java.base/jdk.internal.reflect.NativeMethodAccessorImpl.invoke0(Native Method)
	at java.base/jdk.internal.reflect.NativeMethodAccessorImpl.invoke(NativeMethodAccessorImpl.java:77)
	at java.base/jdk.internal.reflect.DelegatingMethodAccessorImpl.invoke(DelegatingMethodAccessorImpl.java:43)
	at java.base/java.lang.reflect.Method.invoke(Method.java:568)
	at org.springframework.aop.support.AopUtils.invokeJoinpointUsingReflection(AopUtils.java:360)
	at org.springframework.aop.framework.ReflectiveMethodInvocation.invokeJoinpoint(ReflectiveMethodInvocation.java:196)
	at org.springframework.aop.framework.ReflectiveMethodInvocation.proceed(ReflectiveMethodInvocation.java:163)
	at org.springframework.security.authorization.method.AuthorizationManagerBeforeMethodInterceptor.proceed(AuthorizationManagerBeforeMethodInterceptor.java:268)
	at org.springframework.security.authorization.method.AuthorizationManagerBeforeMethodInterceptor.attemptAuthorization(AuthorizationManagerBeforeMethodInterceptor.java:263)
	at org.springframework.security.authorization.method.AuthorizationManagerBeforeMethodInterceptor.invoke(AuthorizationManagerBeforeMethodInterceptor.java:196)
	at org.springframework.security.config.annotation.method.configuration.DeferringMethodInterceptor.invoke(DeferringMethodInterceptor.java:44)
	at org.springframework.aop.framework.ReflectiveMethodInvocation.proceed(ReflectiveMethodInvocation.java:184)
	at org.springframework.aop.framework.CglibAopProxy$DynamicAdvisedInterceptor.intercept(CglibAopProxy.java:728)
	at com.sqld_board.sqld.controller.code.CommonCodeDetailController$$SpringCGLIB$$0.addCommonDetailCode(<generated>)
	at java.base/jdk.internal.reflect.NativeMethodAccessorImpl.invoke0(Native Method)
	at java.base/jdk.internal.reflect.NativeMethodAccessorImpl.invoke(NativeMethodAccessorImpl.java:77)
	at java.base/jdk.internal.reflect.DelegatingMethodAccessorImpl.invoke(DelegatingMethodAccessorImpl.java:43)
	at java.base/java.lang.reflect.Method.invoke(Method.java:568)
	at org.springframework.web.method.support.InvocableHandlerMethod.doInvoke(InvocableHandlerMethod.java:258)
	at org.springframework.web.method.support.InvocableHandlerMethod.invokeForRequest(InvocableHandlerMethod.java:191)
	at org.springframework.web.servlet.mvc.method.annotation.ServletInvocableHandlerMethod.invokeAndHandle(ServletInvocableHandlerMethod.java:118)
	at org.springframework.web.servlet.mvc.method.annotation.RequestMappingHandlerAdapter.invokeHandlerMethod(RequestMappingHandlerAdapter.java:991)
	at org.springframework.web.servlet.mvc.method.annotation.RequestMappingHandlerAdapter.handleInternal(RequestMappingHandlerAdapter.java:896)
	at org.springframework.web.servlet.mvc.method.AbstractHandlerMethodAdapter.handle(AbstractHandlerMethodAdapter.java:87)
	at org.springframework.web.servlet.DispatcherServlet.doDispatch(DispatcherServlet.java:1089)
	at org.springframework.web.servlet.DispatcherServlet.doService(DispatcherServlet.java:979)
	at org.springframework.web.servlet.FrameworkServlet.processRequest(FrameworkServlet.java:1014)
	at org.springframework.web.servlet.FrameworkServlet.doPost(FrameworkServlet.java:914)
	at jakarta.servlet.http.HttpServlet.service(HttpServlet.java:590)
	at org.springframework.web.servlet.FrameworkServlet.service(FrameworkServlet.java:885)
	at jakarta.servlet.http.HttpServlet.service(HttpServlet.java:658)
	at org.apache.catalina.core.ApplicationFilterChain.internalDoFilter(ApplicationFilterChain.java:195)
	at org.apache.catalina.core.ApplicationFilterChain.doFilter(ApplicationFilterChain.java:140)
	at org.apache.tomcat.websocket.server.WsFilter.doFilter(WsFilter.java:51)
	at org.apache.catalina.core.ApplicationFilterChain.internalDoFilter(ApplicationFilterChain.java:164)
	at org.apache.catalina.core.ApplicationFilterChain.doFilter(ApplicationFilterChain.java:140)
	at org.springframework.web.filter.OncePerRequestFilter.doFilter(OncePerRequestFilter.java:110)
	at org.apache.catalina.core.ApplicationFilterChain.internalDoFilter(ApplicationFilterChain.java:164)
	at org.apache.catalina.core.ApplicationFilterChain.doFilter(ApplicationFilterChain.java:140)
	at org.springframework.web.filter.CompositeFilter$VirtualFilterChain.doFilter(CompositeFilter.java:108)
	at org.springframework.web.filter.CompositeFilter$VirtualFilterChain.doFilter(CompositeFilter.java:108)
	at org.springframework.security.web.FilterChainProxy.lambda$doFilterInternal$3(FilterChainProxy.java:231)
	at org.springframework.security.web.FilterChainProxy$VirtualFilterChain.doFilter(FilterChainProxy.java:365)
	at org.springframework.security.web.access.intercept.AuthorizationFilter.doFilter(AuthorizationFilter.java:101)
	at org.springframework.security.web.FilterChainProxy$VirtualFilterChain.doFilter(FilterChainProxy.java:374)
	at org.springframework.security.web.access.ExceptionTranslationFilter.doFilter(ExceptionTranslationFilter.java:125)
	at org.springframework.security.web.access.ExceptionTranslationFilter.doFilter(ExceptionTranslationFilter.java:119)
	at org.springframework.security.web.FilterChainProxy$VirtualFilterChain.doFilter(FilterChainProxy.java:374)
	at org.springframework.security.web.session.SessionManagementFilter.doFilter(SessionManagementFilter.java:131)
	at org.springframework.security.web.session.SessionManagementFilter.doFilter(SessionManagementFilter.java:85)
	at org.springframework.security.web.FilterChainProxy$VirtualFilterChain.doFilter(FilterChainProxy.java:374)
	at org.springframework.security.web.authentication.AnonymousAuthenticationFilter.doFilter(AnonymousAuthenticationFilter.java:100)
	at org.springframework.security.web.FilterChainProxy$VirtualFilterChain.doFilter(FilterChainProxy.java:374)
	at org.springframework.security.web.servletapi.SecurityContextHolderAwareRequestFilter.doFilter(SecurityContextHolderAwareRequestFilter.java:179)
	at org.springframework.security.web.FilterChainProxy$VirtualFilterChain.doFilter(FilterChainProxy.java:374)
	at org.springframework.security.web.savedrequest.RequestCacheAwareFilter.doFilter(RequestCacheAwareFilter.java:63)
	at org.springframework.security.web.FilterChainProxy$VirtualFilterChain.doFilter(FilterChainProxy.java:374)
	at com.sqld_board.sqld.config.security.JwtAuthenticationFilter.doFilterInternal(JwtAuthenticationFilter.java:62)
	at org.springframework.web.filter.OncePerRequestFilter.doFilter(OncePerRequestFilter.java:116)
	at org.springframework.security.web.FilterChainProxy$VirtualFilterChain.doFilter(FilterChainProxy.java:374)
	at org.springframework.security.web.authentication.logout.LogoutFilter.doFilter(LogoutFilter.java:107)
	at org.springframework.security.web.authentication.logout.LogoutFilter.doFilter(LogoutFilter.java:93)
	at org.springframework.security.web.FilterChainProxy$VirtualFilterChain.doFilter(FilterChainProxy.java:374)
	at org.springframework.web.filter.CorsFilter.doFilterInternal(CorsFilter.java:91)
	at org.springframework.web.filter.OncePerRequestFilter.doFilter(OncePerRequestFilter.java:116)
	at org.springframework.security.web.FilterChainProxy$VirtualFilterChain.doFilter(FilterChainProxy.java:374)
	at org.springframework.security.web.header.HeaderWriterFilter.doHeadersAfter(HeaderWriterFilter.java:90)
	at org.springframework.security.web.header.HeaderWriterFilter.doFilterInternal(HeaderWriterFilter.java:75)
	at org.springframework.web.filter.OncePerRequestFilter.doFilter(OncePerRequestFilter.java:116)
	at org.springframework.security.web.FilterChainProxy$VirtualFilterChain.doFilter(FilterChainProxy.java:374)
	at org.springframework.security.web.context.SecurityContextHolderFilter.doFilter(SecurityContextHolderFilter.java:82)
	at org.springframework.security.web.context.SecurityContextHolderFilter.doFilter(SecurityContextHolderFilter.java:69)
	at org.springframework.security.web.FilterChainProxy$VirtualFilterChain.doFilter(FilterChainProxy.java:374)
	at org.springframework.security.web.context.request.async.WebAsyncManagerIntegrationFilter.doFilterInternal(WebAsyncManagerIntegrationFilter.java:62)
	at org.springframework.web.filter.OncePerRequestFilter.doFilter(OncePerRequestFilter.java:116)
	at org.springframework.security.web.FilterChainProxy$VirtualFilterChain.doFilter(FilterChainProxy.java:374)
	at org.springframework.security.web.session.DisableEncodeUrlFilter.doFilterInternal(DisableEncodeUrlFilter.java:42)
	at org.springframework.web.filter.OncePerRequestFilter.doFilter(OncePerRequestFilter.java:116)
	at org.springframework.security.web.FilterChainProxy$VirtualFilterChain.doFilter(FilterChainProxy.java:374)
	at org.springframework.security.web.FilterChainProxy.doFilterInternal(FilterChainProxy.java:233)
	at org.springframework.security.web.FilterChainProxy.doFilter(FilterChainProxy.java:191)
	at org.springframework.web.filter.CompositeFilter$VirtualFilterChain.doFilter(CompositeFilter.java:113)
	at org.springframework.web.filter.ServletRequestPathFilter.doFilter(ServletRequestPathFilter.java:52)
	at org.springframework.web.filter.CompositeFilter$VirtualFilterChain.doFilter(CompositeFilter.java:113)
	at org.springframework.web.filter.CompositeFilter.doFilter(CompositeFilter.java:74)
	at org.springframework.security.config.annotation.web.configuration.WebSecurityConfiguration$CompositeFilterChainProxy.doFilter(WebSecurityConfiguration.java:319)
	at org.springframework.web.filter.CompositeFilter$VirtualFilterChain.doFilter(CompositeFilter.java:113)
	at org.springframework.web.servlet.handler.HandlerMappingIntrospector.lambda$createCacheFilter$4(HandlerMappingIntrospector.java:267)
	at org.springframework.web.filter.CompositeFilter$VirtualFilterChain.doFilter(CompositeFilter.java:113)
	at org.springframework.web.filter.CompositeFilter.doFilter(CompositeFilter.java:74)
	at org.springframework.security.config.annotation.web.configuration.WebMvcSecurityConfiguration$CompositeFilterChainProxy.doFilter(WebMvcSecurityConfiguration.java:240)
	at org.springframework.web.filter.DelegatingFilterProxy.invokeDelegate(DelegatingFilterProxy.java:362)
	at org.springframework.web.filter.DelegatingFilterProxy.doFilter(DelegatingFilterProxy.java:278)
	at org.apache.catalina.core.ApplicationFilterChain.internalDoFilter(ApplicationFilterChain.java:164)
	at org.apache.catalina.core.ApplicationFilterChain.doFilter(ApplicationFilterChain.java:140)
	at org.springframework.web.filter.RequestContextFilter.doFilterInternal(RequestContextFilter.java:100)
	at org.springframework.web.filter.OncePerRequestFilter.doFilter(OncePerRequestFilter.java:116)
	at org.apache.catalina.core.ApplicationFilterChain.internalDoFilter(ApplicationFilterChain.java:164)
	at org.apache.catalina.core.ApplicationFilterChain.doFilter(ApplicationFilterChain.java:140)
	at org.springframework.web.filter.FormContentFilter.doFilterInternal(FormContentFilter.java:93)
	at org.springframework.web.filter.OncePerRequestFilter.doFilter(OncePerRequestFilter.java:116)
	at org.apache.catalina.core.ApplicationFilterChain.internalDoFilter(ApplicationFilterChain.java:164)
	at org.apache.catalina.core.ApplicationFilterChain.doFilter(ApplicationFilterChain.java:140)
	at org.springframework.web.filter.CharacterEncodingFilter.doFilterInternal(CharacterEncodingFilter.java:201)
	at org.springframework.web.filter.OncePerRequestFilter.doFilter(OncePerRequestFilter.java:116)
	at org.apache.catalina.core.ApplicationFilterChain.internalDoFilter(ApplicationFilterChain.java:164)
	at org.apache.catalina.core.ApplicationFilterChain.doFilter(ApplicationFilterChain.java:140)
	at org.apache.catalina.core.StandardWrapperValve.invoke(StandardWrapperValve.java:167)
	at org.apache.catalina.core.StandardContextValve.invoke(StandardContextValve.java:90)
	at org.apache.catalina.authenticator.AuthenticatorBase.invoke(AuthenticatorBase.java:483)
	at org.apache.catalina.core.StandardHostValve.invoke(StandardHostValve.java:116)
	at org.apache.catalina.valves.ErrorReportValve.invoke(ErrorReportValve.java:93)
	at org.apache.catalina.core.StandardEngineValve.invoke(StandardEngineValve.java:74)
	at org.apache.catalina.connector.CoyoteAdapter.service(CoyoteAdapter.java:344)
	at org.apache.coyote.http11.Http11Processor.service(Http11Processor.java:398)
	at org.apache.coyote.AbstractProcessorLight.process(AbstractProcessorLight.java:63)
	at org.apache.coyote.AbstractProtocol$ConnectionHandler.process(AbstractProtocol.java:903)
	at org.apache.tomcat.util.net.NioEndpoint$SocketProcessor.doRun(NioEndpoint.java:1776)
	at org.apache.tomcat.util.net.SocketProcessorBase.run(SocketProcessorBase.java:52)
	at org.apache.tomcat.util.threads.ThreadPoolExecutor.runWorker(ThreadPoolExecutor.java:975)
	at org.apache.tomcat.util.threads.ThreadPoolExecutor$Worker.run(ThreadPoolExecutor.java:493)
	at org.apache.tomcat.util.threads.TaskThread$WrappingRunnable.run(TaskThread.java:63)
	at java.base/java.lang.Thread.run(Thread.java:840)
[2026-05-11 11:47:14.680] [WARN ] [http-nio-8881-exec-5] o.s.w.s.m.m.a.ExceptionHandlerExceptionResolver - Resolved [com.sqld_board.sqld.exception.code.ExistsSortOrderException]
[2026-05-11 11:47:31.325] [INFO ] [http-nio-8881-exec-6] jdbc.sqltiming - SELECT /* MemberMapper.readMemberByMemberId (memberId를 통한 회원 정보 조회) */
               MEMBER_ID
             , USER_ID
             , USER_PASS
             , USER_NAME
             , USER_EMAIL
             , EMAIL_VERIFIED
             , USER_ROLE
             , USER_STATUS
             , PROFILE_IMAGE
             , CREATE_AT
             , UPDATE_AT
             , LAST_LOG_AT
          FROM MEMBER_INFO
        WHERE MEMBER_ID = 'MEMBER_20260511_001'
 {executed in 9 msec}
[2026-05-11 11:47:31.336] [INFO ] [http-nio-8881-exec-6] c.s.s.c.admin.AdminController - currentAdminRole [ROLE_ADMIN] :
[2026-05-11 11:47:31.352] [INFO ] [http-nio-8881-exec-6] jdbc.sqltiming - SELECT /* AdminMapper.getMemberRole */
               USER_ROLE
          FROM MEMBER_INFO
         WHERE MEMBER_ID = 'MEMBER_20260427_001'
 {executed in 8 msec}
[2026-05-11 11:47:31.367] [ERROR] [http-nio-8881-exec-6] c.s.sqld.exception.ExceptionAdvice - SuperAdminProtectedException
com.sqld_board.sqld.exception.admin.SuperAdminProtectedException: null
	at com.sqld_board.sqld.service.admin.AdminServiceImpl.changeRoleByAdmin(AdminServiceImpl.java:66)
	at java.base/jdk.internal.reflect.NativeMethodAccessorImpl.invoke0(Native Method)
	at java.base/jdk.internal.reflect.NativeMethodAccessorImpl.invoke(NativeMethodAccessorImpl.java:77)
	at java.base/jdk.internal.reflect.DelegatingMethodAccessorImpl.invoke(DelegatingMethodAccessorImpl.java:43)
	at java.base/java.lang.reflect.Method.invoke(Method.java:568)
	at org.springframework.aop.support.AopUtils.invokeJoinpointUsingReflection(AopUtils.java:360)
	at org.springframework.aop.framework.ReflectiveMethodInvocation.invokeJoinpoint(ReflectiveMethodInvocation.java:196)
	at org.springframework.aop.framework.ReflectiveMethodInvocation.proceed(ReflectiveMethodInvocation.java:163)
	at org.springframework.transaction.interceptor.TransactionAspectSupport.invokeWithinTransaction(TransactionAspectSupport.java:380)
	at org.springframework.transaction.interceptor.TransactionInterceptor.invoke(TransactionInterceptor.java:119)
	at org.springframework.aop.framework.ReflectiveMethodInvocation.proceed(ReflectiveMethodInvocation.java:184)
	at org.springframework.aop.framework.CglibAopProxy$DynamicAdvisedInterceptor.intercept(CglibAopProxy.java:728)
	at com.sqld_board.sqld.service.admin.AdminServiceImpl$$SpringCGLIB$$0.changeRoleByAdmin(<generated>)
	at com.sqld_board.sqld.controller.admin.AdminController.changeRoleByAdmin(AdminController.java:56)
	at java.base/jdk.internal.reflect.NativeMethodAccessorImpl.invoke0(Native Method)
	at java.base/jdk.internal.reflect.NativeMethodAccessorImpl.invoke(NativeMethodAccessorImpl.java:77)
	at java.base/jdk.internal.reflect.DelegatingMethodAccessorImpl.invoke(DelegatingMethodAccessorImpl.java:43)
	at java.base/java.lang.reflect.Method.invoke(Method.java:568)
	at org.springframework.aop.support.AopUtils.invokeJoinpointUsingReflection(AopUtils.java:360)
	at org.springframework.aop.framework.ReflectiveMethodInvocation.invokeJoinpoint(ReflectiveMethodInvocation.java:196)
	at org.springframework.aop.framework.ReflectiveMethodInvocation.proceed(ReflectiveMethodInvocation.java:163)
	at org.springframework.security.authorization.method.AuthorizationManagerBeforeMethodInterceptor.proceed(AuthorizationManagerBeforeMethodInterceptor.java:268)
	at org.springframework.security.authorization.method.AuthorizationManagerBeforeMethodInterceptor.attemptAuthorization(AuthorizationManagerBeforeMethodInterceptor.java:263)
	at org.springframework.security.authorization.method.AuthorizationManagerBeforeMethodInterceptor.invoke(AuthorizationManagerBeforeMethodInterceptor.java:196)
	at org.springframework.security.config.annotation.method.configuration.DeferringMethodInterceptor.invoke(DeferringMethodInterceptor.java:44)
	at org.springframework.aop.framework.ReflectiveMethodInvocation.proceed(ReflectiveMethodInvocation.java:184)
	at org.springframework.aop.framework.CglibAopProxy$DynamicAdvisedInterceptor.intercept(CglibAopProxy.java:728)
	at com.sqld_board.sqld.controller.admin.AdminController$$SpringCGLIB$$0.changeRoleByAdmin(<generated>)
	at java.base/jdk.internal.reflect.NativeMethodAccessorImpl.invoke0(Native Method)
	at java.base/jdk.internal.reflect.NativeMethodAccessorImpl.invoke(NativeMethodAccessorImpl.java:77)
	at java.base/jdk.internal.reflect.DelegatingMethodAccessorImpl.invoke(DelegatingMethodAccessorImpl.java:43)
	at java.base/java.lang.reflect.Method.invoke(Method.java:568)
	at org.springframework.web.method.support.InvocableHandlerMethod.doInvoke(InvocableHandlerMethod.java:258)
	at org.springframework.web.method.support.InvocableHandlerMethod.invokeForRequest(InvocableHandlerMethod.java:191)
	at org.springframework.web.servlet.mvc.method.annotation.ServletInvocableHandlerMethod.invokeAndHandle(ServletInvocableHandlerMethod.java:118)
	at org.springframework.web.servlet.mvc.method.annotation.RequestMappingHandlerAdapter.invokeHandlerMethod(RequestMappingHandlerAdapter.java:991)
	at org.springframework.web.servlet.mvc.method.annotation.RequestMappingHandlerAdapter.handleInternal(RequestMappingHandlerAdapter.java:896)
	at org.springframework.web.servlet.mvc.method.AbstractHandlerMethodAdapter.handle(AbstractHandlerMethodAdapter.java:87)
	at org.springframework.web.servlet.DispatcherServlet.doDispatch(DispatcherServlet.java:1089)
	at org.springframework.web.servlet.DispatcherServlet.doService(DispatcherServlet.java:979)
	at org.springframework.web.servlet.FrameworkServlet.processRequest(FrameworkServlet.java:1014)
	at org.springframework.web.servlet.FrameworkServlet.service(FrameworkServlet.java:888)
	at jakarta.servlet.http.HttpServlet.service(HttpServlet.java:658)
	at org.apache.catalina.core.ApplicationFilterChain.internalDoFilter(ApplicationFilterChain.java:195)
	at org.apache.catalina.core.ApplicationFilterChain.doFilter(ApplicationFilterChain.java:140)
	at org.apache.tomcat.websocket.server.WsFilter.doFilter(WsFilter.java:51)
	at org.apache.catalina.core.ApplicationFilterChain.internalDoFilter(ApplicationFilterChain.java:164)
	at org.apache.catalina.core.ApplicationFilterChain.doFilter(ApplicationFilterChain.java:140)
	at org.springframework.web.filter.OncePerRequestFilter.doFilter(OncePerRequestFilter.java:110)
	at org.apache.catalina.core.ApplicationFilterChain.internalDoFilter(ApplicationFilterChain.java:164)
	at org.apache.catalina.core.ApplicationFilterChain.doFilter(ApplicationFilterChain.java:140)
	at org.springframework.web.filter.CompositeFilter$VirtualFilterChain.doFilter(CompositeFilter.java:108)
	at org.springframework.web.filter.CompositeFilter$VirtualFilterChain.doFilter(CompositeFilter.java:108)
	at org.springframework.security.web.FilterChainProxy.lambda$doFilterInternal$3(FilterChainProxy.java:231)
	at org.springframework.security.web.FilterChainProxy$VirtualFilterChain.doFilter(FilterChainProxy.java:365)
	at org.springframework.security.web.access.intercept.AuthorizationFilter.doFilter(AuthorizationFilter.java:101)
	at org.springframework.security.web.FilterChainProxy$VirtualFilterChain.doFilter(FilterChainProxy.java:374)
	at org.springframework.security.web.access.ExceptionTranslationFilter.doFilter(ExceptionTranslationFilter.java:125)
	at org.springframework.security.web.access.ExceptionTranslationFilter.doFilter(ExceptionTranslationFilter.java:119)
	at org.springframework.security.web.FilterChainProxy$VirtualFilterChain.doFilter(FilterChainProxy.java:374)
	at org.springframework.security.web.session.SessionManagementFilter.doFilter(SessionManagementFilter.java:131)
	at org.springframework.security.web.session.SessionManagementFilter.doFilter(SessionManagementFilter.java:85)
	at org.springframework.security.web.FilterChainProxy$VirtualFilterChain.doFilter(FilterChainProxy.java:374)
	at org.springframework.security.web.authentication.AnonymousAuthenticationFilter.doFilter(AnonymousAuthenticationFilter.java:100)
	at org.springframework.security.web.FilterChainProxy$VirtualFilterChain.doFilter(FilterChainProxy.java:374)
	at org.springframework.security.web.servletapi.SecurityContextHolderAwareRequestFilter.doFilter(SecurityContextHolderAwareRequestFilter.java:179)
	at org.springframework.security.web.FilterChainProxy$VirtualFilterChain.doFilter(FilterChainProxy.java:374)
	at org.springframework.security.web.savedrequest.RequestCacheAwareFilter.doFilter(RequestCacheAwareFilter.java:63)
	at org.springframework.security.web.FilterChainProxy$VirtualFilterChain.doFilter(FilterChainProxy.java:374)
	at com.sqld_board.sqld.config.security.JwtAuthenticationFilter.doFilterInternal(JwtAuthenticationFilter.java:62)
	at org.springframework.web.filter.OncePerRequestFilter.doFilter(OncePerRequestFilter.java:116)
	at org.springframework.security.web.FilterChainProxy$VirtualFilterChain.doFilter(FilterChainProxy.java:374)
	at org.springframework.security.web.authentication.logout.LogoutFilter.doFilter(LogoutFilter.java:107)
	at org.springframework.security.web.authentication.logout.LogoutFilter.doFilter(LogoutFilter.java:93)
	at org.springframework.security.web.FilterChainProxy$VirtualFilterChain.doFilter(FilterChainProxy.java:374)
	at org.springframework.web.filter.CorsFilter.doFilterInternal(CorsFilter.java:91)
	at org.springframework.web.filter.OncePerRequestFilter.doFilter(OncePerRequestFilter.java:116)
	at org.springframework.security.web.FilterChainProxy$VirtualFilterChain.doFilter(FilterChainProxy.java:374)
	at org.springframework.security.web.header.HeaderWriterFilter.doHeadersAfter(HeaderWriterFilter.java:90)
	at org.springframework.security.web.header.HeaderWriterFilter.doFilterInternal(HeaderWriterFilter.java:75)
	at org.springframework.web.filter.OncePerRequestFilter.doFilter(OncePerRequestFilter.java:116)
	at org.springframework.security.web.FilterChainProxy$VirtualFilterChain.doFilter(FilterChainProxy.java:374)
	at org.springframework.security.web.context.SecurityContextHolderFilter.doFilter(SecurityContextHolderFilter.java:82)
	at org.springframework.security.web.context.SecurityContextHolderFilter.doFilter(SecurityContextHolderFilter.java:69)
	at org.springframework.security.web.FilterChainProxy$VirtualFilterChain.doFilter(FilterChainProxy.java:374)
	at org.springframework.security.web.context.request.async.WebAsyncManagerIntegrationFilter.doFilterInternal(WebAsyncManagerIntegrationFilter.java:62)
	at org.springframework.web.filter.OncePerRequestFilter.doFilter(OncePerRequestFilter.java:116)
	at org.springframework.security.web.FilterChainProxy$VirtualFilterChain.doFilter(FilterChainProxy.java:374)
	at org.springframework.security.web.session.DisableEncodeUrlFilter.doFilterInternal(DisableEncodeUrlFilter.java:42)
	at org.springframework.web.filter.OncePerRequestFilter.doFilter(OncePerRequestFilter.java:116)
	at org.springframework.security.web.FilterChainProxy$VirtualFilterChain.doFilter(FilterChainProxy.java:374)
	at org.springframework.security.web.FilterChainProxy.doFilterInternal(FilterChainProxy.java:233)
	at org.springframework.security.web.FilterChainProxy.doFilter(FilterChainProxy.java:191)
	at org.springframework.web.filter.CompositeFilter$VirtualFilterChain.doFilter(CompositeFilter.java:113)
	at org.springframework.web.filter.ServletRequestPathFilter.doFilter(ServletRequestPathFilter.java:52)
	at org.springframework.web.filter.CompositeFilter$VirtualFilterChain.doFilter(CompositeFilter.java:113)
	at org.springframework.web.filter.CompositeFilter.doFilter(CompositeFilter.java:74)
	at org.springframework.security.config.annotation.web.configuration.WebSecurityConfiguration$CompositeFilterChainProxy.doFilter(WebSecurityConfiguration.java:319)
	at org.springframework.web.filter.CompositeFilter$VirtualFilterChain.doFilter(CompositeFilter.java:113)
	at org.springframework.web.servlet.handler.HandlerMappingIntrospector.lambda$createCacheFilter$4(HandlerMappingIntrospector.java:267)
	at org.springframework.web.filter.CompositeFilter$VirtualFilterChain.doFilter(CompositeFilter.java:113)
	at org.springframework.web.filter.CompositeFilter.doFilter(CompositeFilter.java:74)
	at org.springframework.security.config.annotation.web.configuration.WebMvcSecurityConfiguration$CompositeFilterChainProxy.doFilter(WebMvcSecurityConfiguration.java:240)
	at org.springframework.web.filter.DelegatingFilterProxy.invokeDelegate(DelegatingFilterProxy.java:362)
	at org.springframework.web.filter.DelegatingFilterProxy.doFilter(DelegatingFilterProxy.java:278)
	at org.apache.catalina.core.ApplicationFilterChain.internalDoFilter(ApplicationFilterChain.java:164)
	at org.apache.catalina.core.ApplicationFilterChain.doFilter(ApplicationFilterChain.java:140)
	at org.springframework.web.filter.RequestContextFilter.doFilterInternal(RequestContextFilter.java:100)
	at org.springframework.web.filter.OncePerRequestFilter.doFilter(OncePerRequestFilter.java:116)
	at org.apache.catalina.core.ApplicationFilterChain.internalDoFilter(ApplicationFilterChain.java:164)
	at org.apache.catalina.core.ApplicationFilterChain.doFilter(ApplicationFilterChain.java:140)
	at org.springframework.web.filter.FormContentFilter.doFilterInternal(FormContentFilter.java:93)
	at org.springframework.web.filter.OncePerRequestFilter.doFilter(OncePerRequestFilter.java:116)
	at org.apache.catalina.core.ApplicationFilterChain.internalDoFilter(ApplicationFilterChain.java:164)
	at org.apache.catalina.core.ApplicationFilterChain.doFilter(ApplicationFilterChain.java:140)
	at org.springframework.web.filter.CharacterEncodingFilter.doFilterInternal(CharacterEncodingFilter.java:201)
	at org.springframework.web.filter.OncePerRequestFilter.doFilter(OncePerRequestFilter.java:116)
	at org.apache.catalina.core.ApplicationFilterChain.internalDoFilter(ApplicationFilterChain.java:164)
	at org.apache.catalina.core.ApplicationFilterChain.doFilter(ApplicationFilterChain.java:140)
	at org.apache.catalina.core.StandardWrapperValve.invoke(StandardWrapperValve.java:167)
	at org.apache.catalina.core.StandardContextValve.invoke(StandardContextValve.java:90)
	at org.apache.catalina.authenticator.AuthenticatorBase.invoke(AuthenticatorBase.java:483)
	at org.apache.catalina.core.StandardHostValve.invoke(StandardHostValve.java:116)
	at org.apache.catalina.valves.ErrorReportValve.invoke(ErrorReportValve.java:93)
	at org.apache.catalina.core.StandardEngineValve.invoke(StandardEngineValve.java:74)
	at org.apache.catalina.connector.CoyoteAdapter.service(CoyoteAdapter.java:344)
	at org.apache.coyote.http11.Http11Processor.service(Http11Processor.java:398)
	at org.apache.coyote.AbstractProcessorLight.process(AbstractProcessorLight.java:63)
	at org.apache.coyote.AbstractProtocol$ConnectionHandler.process(AbstractProtocol.java:903)
	at org.apache.tomcat.util.net.NioEndpoint$SocketProcessor.doRun(NioEndpoint.java:1776)
	at org.apache.tomcat.util.net.SocketProcessorBase.run(SocketProcessorBase.java:52)
	at org.apache.tomcat.util.threads.ThreadPoolExecutor.runWorker(ThreadPoolExecutor.java:975)
	at org.apache.tomcat.util.threads.ThreadPoolExecutor$Worker.run(ThreadPoolExecutor.java:493)
	at org.apache.tomcat.util.threads.TaskThread$WrappingRunnable.run(TaskThread.java:63)
	at java.base/java.lang.Thread.run(Thread.java:840)
[2026-05-11 11:47:31.369] [WARN ] [http-nio-8881-exec-6] o.s.w.s.m.m.a.ExceptionHandlerExceptionResolver - Resolved [com.sqld_board.sqld.exception.admin.SuperAdminProtectedException]
[2026-05-11 11:47:40.941] [INFO ] [http-nio-8881-exec-8] jdbc.sqltiming - SELECT /* MemberMapper.readMemberByMemberId (memberId를 통한 회원 정보 조회) */
               MEMBER_ID
             , USER_ID
             , USER_PASS
             , USER_NAME
             , USER_EMAIL
             , EMAIL_VERIFIED
             , USER_ROLE
             , USER_STATUS
             , PROFILE_IMAGE
             , CREATE_AT
             , UPDATE_AT
             , LAST_LOG_AT
          FROM MEMBER_INFO
        WHERE MEMBER_ID = 'MEMBER_20260511_001'
 {executed in 12 msec}
[2026-05-11 11:47:40.954] [INFO ] [http-nio-8881-exec-8] jdbc.sqltiming - SELECT /* ChatMapper.ChatMessage */
               CM.MESSAGE_ID                /* 메시지 아이디 */
             , CM.ROOM_ID                   /* 채팅방 아이디 */
             , CM.SENDER_ID                 /* 발신인 아이디 */
             ,  M.USER_NAME AS SENDER_NAME   /* 발신인 명 */
             , CM.CONTENT                   /* 내용 */
             , CM.SEND_TIME                 /* 보낸 시간 */
             , CM.CHAT_TYPE                 /* 채팅방 타입 */
          FROM CHAT_MESSAGE CM
     LEFT JOIN MEMBER_INFO M ON CM.SENDER_ID = M.MEMBER_ID
         WHERE ROOM_ID = 'OPEN_CHAT'
      ORDER BY SEND_TIME ASC /* 시간 순 정렬 */
         LIMIT 50           /* 50개까지 */
 {executed in 9 msec}
[2026-05-11 11:47:45.595] [INFO ] [http-nio-8881-exec-10] jdbc.sqltiming - SELECT /* MemberMapper.readMemberByMemberId (memberId를 통한 회원 정보 조회) */
               MEMBER_ID
             , USER_ID
             , USER_PASS
             , USER_NAME
             , USER_EMAIL
             , EMAIL_VERIFIED
             , USER_ROLE
             , USER_STATUS
             , PROFILE_IMAGE
             , CREATE_AT
             , UPDATE_AT
             , LAST_LOG_AT
          FROM MEMBER_INFO
        WHERE MEMBER_ID = 'MEMBER_20260511_001'
 {executed in 9 msec}
[2026-05-11 11:47:45.597] [INFO ] [http-nio-8881-exec-10] c.s.sqld.exception.ExceptionAdvice - error
org.springframework.web.bind.MissingServletRequestParameterException: Required request parameter 'boardId' for method parameter type Long is not present
	at org.springframework.web.method.annotation.RequestParamMethodArgumentResolver.handleMissingValueInternal(RequestParamMethodArgumentResolver.java:220)
	at org.springframework.web.method.annotation.RequestParamMethodArgumentResolver.handleMissingValue(RequestParamMethodArgumentResolver.java:196)
	at org.springframework.web.method.annotation.AbstractNamedValueMethodArgumentResolver.resolveArgument(AbstractNamedValueMethodArgumentResolver.java:125)
	at org.springframework.web.method.support.HandlerMethodArgumentResolverComposite.resolveArgument(HandlerMethodArgumentResolverComposite.java:122)
	at org.springframework.web.method.support.InvocableHandlerMethod.getMethodArgumentValues(InvocableHandlerMethod.java:227)
	at org.springframework.web.method.support.InvocableHandlerMethod.invokeForRequest(InvocableHandlerMethod.java:181)
	at org.springframework.web.servlet.mvc.method.annotation.ServletInvocableHandlerMethod.invokeAndHandle(ServletInvocableHandlerMethod.java:118)
	at org.springframework.web.servlet.mvc.method.annotation.RequestMappingHandlerAdapter.invokeHandlerMethod(RequestMappingHandlerAdapter.java:991)
	at org.springframework.web.servlet.mvc.method.annotation.RequestMappingHandlerAdapter.handleInternal(RequestMappingHandlerAdapter.java:896)
	at org.springframework.web.servlet.mvc.method.AbstractHandlerMethodAdapter.handle(AbstractHandlerMethodAdapter.java:87)
	at org.springframework.web.servlet.DispatcherServlet.doDispatch(DispatcherServlet.java:1089)
	at org.springframework.web.servlet.DispatcherServlet.doService(DispatcherServlet.java:979)
	at org.springframework.web.servlet.FrameworkServlet.processRequest(FrameworkServlet.java:1014)
	at org.springframework.web.servlet.FrameworkServlet.doPost(FrameworkServlet.java:914)
	at jakarta.servlet.http.HttpServlet.service(HttpServlet.java:590)
	at org.springframework.web.servlet.FrameworkServlet.service(FrameworkServlet.java:885)
	at jakarta.servlet.http.HttpServlet.service(HttpServlet.java:658)
	at org.apache.catalina.core.ApplicationFilterChain.internalDoFilter(ApplicationFilterChain.java:195)
	at org.apache.catalina.core.ApplicationFilterChain.doFilter(ApplicationFilterChain.java:140)
	at org.apache.tomcat.websocket.server.WsFilter.doFilter(WsFilter.java:51)
	at org.apache.catalina.core.ApplicationFilterChain.internalDoFilter(ApplicationFilterChain.java:164)
	at org.apache.catalina.core.ApplicationFilterChain.doFilter(ApplicationFilterChain.java:140)
	at org.springframework.web.filter.OncePerRequestFilter.doFilter(OncePerRequestFilter.java:110)
	at org.apache.catalina.core.ApplicationFilterChain.internalDoFilter(ApplicationFilterChain.java:164)
	at org.apache.catalina.core.ApplicationFilterChain.doFilter(ApplicationFilterChain.java:140)
	at org.springframework.web.filter.CompositeFilter$VirtualFilterChain.doFilter(CompositeFilter.java:108)
	at org.springframework.web.filter.CompositeFilter$VirtualFilterChain.doFilter(CompositeFilter.java:108)
	at org.springframework.security.web.FilterChainProxy.lambda$doFilterInternal$3(FilterChainProxy.java:231)
	at org.springframework.security.web.FilterChainProxy$VirtualFilterChain.doFilter(FilterChainProxy.java:365)
	at org.springframework.security.web.access.intercept.AuthorizationFilter.doFilter(AuthorizationFilter.java:101)
	at org.springframework.security.web.FilterChainProxy$VirtualFilterChain.doFilter(FilterChainProxy.java:374)
	at org.springframework.security.web.access.ExceptionTranslationFilter.doFilter(ExceptionTranslationFilter.java:125)
	at org.springframework.security.web.access.ExceptionTranslationFilter.doFilter(ExceptionTranslationFilter.java:119)
	at org.springframework.security.web.FilterChainProxy$VirtualFilterChain.doFilter(FilterChainProxy.java:374)
	at org.springframework.security.web.session.SessionManagementFilter.doFilter(SessionManagementFilter.java:131)
	at org.springframework.security.web.session.SessionManagementFilter.doFilter(SessionManagementFilter.java:85)
	at org.springframework.security.web.FilterChainProxy$VirtualFilterChain.doFilter(FilterChainProxy.java:374)
	at org.springframework.security.web.authentication.AnonymousAuthenticationFilter.doFilter(AnonymousAuthenticationFilter.java:100)
	at org.springframework.security.web.FilterChainProxy$VirtualFilterChain.doFilter(FilterChainProxy.java:374)
	at org.springframework.security.web.servletapi.SecurityContextHolderAwareRequestFilter.doFilter(SecurityContextHolderAwareRequestFilter.java:179)
	at org.springframework.security.web.FilterChainProxy$VirtualFilterChain.doFilter(FilterChainProxy.java:374)
	at org.springframework.security.web.savedrequest.RequestCacheAwareFilter.doFilter(RequestCacheAwareFilter.java:63)
	at org.springframework.security.web.FilterChainProxy$VirtualFilterChain.doFilter(FilterChainProxy.java:374)
	at com.sqld_board.sqld.config.security.JwtAuthenticationFilter.doFilterInternal(JwtAuthenticationFilter.java:62)
	at org.springframework.web.filter.OncePerRequestFilter.doFilter(OncePerRequestFilter.java:116)
	at org.springframework.security.web.FilterChainProxy$VirtualFilterChain.doFilter(FilterChainProxy.java:374)
	at org.springframework.security.web.authentication.logout.LogoutFilter.doFilter(LogoutFilter.java:107)
	at org.springframework.security.web.authentication.logout.LogoutFilter.doFilter(LogoutFilter.java:93)
	at org.springframework.security.web.FilterChainProxy$VirtualFilterChain.doFilter(FilterChainProxy.java:374)
	at org.springframework.web.filter.CorsFilter.doFilterInternal(CorsFilter.java:91)
	at org.springframework.web.filter.OncePerRequestFilter.doFilter(OncePerRequestFilter.java:116)
	at org.springframework.security.web.FilterChainProxy$VirtualFilterChain.doFilter(FilterChainProxy.java:374)
	at org.springframework.security.web.header.HeaderWriterFilter.doHeadersAfter(HeaderWriterFilter.java:90)
	at org.springframework.security.web.header.HeaderWriterFilter.doFilterInternal(HeaderWriterFilter.java:75)
	at org.springframework.web.filter.OncePerRequestFilter.doFilter(OncePerRequestFilter.java:116)
	at org.springframework.security.web.FilterChainProxy$VirtualFilterChain.doFilter(FilterChainProxy.java:374)
	at org.springframework.security.web.context.SecurityContextHolderFilter.doFilter(SecurityContextHolderFilter.java:82)
	at org.springframework.security.web.context.SecurityContextHolderFilter.doFilter(SecurityContextHolderFilter.java:69)
	at org.springframework.security.web.FilterChainProxy$VirtualFilterChain.doFilter(FilterChainProxy.java:374)
	at org.springframework.security.web.context.request.async.WebAsyncManagerIntegrationFilter.doFilterInternal(WebAsyncManagerIntegrationFilter.java:62)
	at org.springframework.web.filter.OncePerRequestFilter.doFilter(OncePerRequestFilter.java:116)
	at org.springframework.security.web.FilterChainProxy$VirtualFilterChain.doFilter(FilterChainProxy.java:374)
	at org.springframework.security.web.session.DisableEncodeUrlFilter.doFilterInternal(DisableEncodeUrlFilter.java:42)
	at org.springframework.web.filter.OncePerRequestFilter.doFilter(OncePerRequestFilter.java:116)
	at org.springframework.security.web.FilterChainProxy$VirtualFilterChain.doFilter(FilterChainProxy.java:374)
	at org.springframework.security.web.FilterChainProxy.doFilterInternal(FilterChainProxy.java:233)
	at org.springframework.security.web.FilterChainProxy.doFilter(FilterChainProxy.java:191)
	at org.springframework.web.filter.CompositeFilter$VirtualFilterChain.doFilter(CompositeFilter.java:113)
	at org.springframework.web.filter.ServletRequestPathFilter.doFilter(ServletRequestPathFilter.java:52)
	at org.springframework.web.filter.CompositeFilter$VirtualFilterChain.doFilter(CompositeFilter.java:113)
	at org.springframework.web.filter.CompositeFilter.doFilter(CompositeFilter.java:74)
	at org.springframework.security.config.annotation.web.configuration.WebSecurityConfiguration$CompositeFilterChainProxy.doFilter(WebSecurityConfiguration.java:319)
	at org.springframework.web.filter.CompositeFilter$VirtualFilterChain.doFilter(CompositeFilter.java:113)
	at org.springframework.web.servlet.handler.HandlerMappingIntrospector.lambda$createCacheFilter$4(HandlerMappingIntrospector.java:267)
	at org.springframework.web.filter.CompositeFilter$VirtualFilterChain.doFilter(CompositeFilter.java:113)
	at org.springframework.web.filter.CompositeFilter.doFilter(CompositeFilter.java:74)
	at org.springframework.security.config.annotation.web.configuration.WebMvcSecurityConfiguration$CompositeFilterChainProxy.doFilter(WebMvcSecurityConfiguration.java:240)
	at org.springframework.web.filter.DelegatingFilterProxy.invokeDelegate(DelegatingFilterProxy.java:362)
	at org.springframework.web.filter.DelegatingFilterProxy.doFilter(DelegatingFilterProxy.java:278)
	at org.apache.catalina.core.ApplicationFilterChain.internalDoFilter(ApplicationFilterChain.java:164)
	at org.apache.catalina.core.ApplicationFilterChain.doFilter(ApplicationFilterChain.java:140)
	at org.springframework.web.filter.RequestContextFilter.doFilterInternal(RequestContextFilter.java:100)
	at org.springframework.web.filter.OncePerRequestFilter.doFilter(OncePerRequestFilter.java:116)
	at org.apache.catalina.core.ApplicationFilterChain.internalDoFilter(ApplicationFilterChain.java:164)
	at org.apache.catalina.core.ApplicationFilterChain.doFilter(ApplicationFilterChain.java:140)
	at org.springframework.web.filter.FormContentFilter.doFilterInternal(FormContentFilter.java:93)
	at org.springframework.web.filter.OncePerRequestFilter.doFilter(OncePerRequestFilter.java:116)
	at org.apache.catalina.core.ApplicationFilterChain.internalDoFilter(ApplicationFilterChain.java:164)
	at org.apache.catalina.core.ApplicationFilterChain.doFilter(ApplicationFilterChain.java:140)
	at org.springframework.web.filter.CharacterEncodingFilter.doFilterInternal(CharacterEncodingFilter.java:201)
	at org.springframework.web.filter.OncePerRequestFilter.doFilter(OncePerRequestFilter.java:116)
	at org.apache.catalina.core.ApplicationFilterChain.internalDoFilter(ApplicationFilterChain.java:164)
	at org.apache.catalina.core.ApplicationFilterChain.doFilter(ApplicationFilterChain.java:140)
	at org.apache.catalina.core.StandardWrapperValve.invoke(StandardWrapperValve.java:167)
	at org.apache.catalina.core.StandardContextValve.invoke(StandardContextValve.java:90)
	at org.apache.catalina.authenticator.AuthenticatorBase.invoke(AuthenticatorBase.java:483)
	at org.apache.catalina.core.StandardHostValve.invoke(StandardHostValve.java:116)
	at org.apache.catalina.valves.ErrorReportValve.invoke(ErrorReportValve.java:93)
	at org.apache.catalina.core.StandardEngineValve.invoke(StandardEngineValve.java:74)
	at org.apache.catalina.connector.CoyoteAdapter.service(CoyoteAdapter.java:344)
	at org.apache.coyote.http11.Http11Processor.service(Http11Processor.java:398)
	at org.apache.coyote.AbstractProcessorLight.process(AbstractProcessorLight.java:63)
	at org.apache.coyote.AbstractProtocol$ConnectionHandler.process(AbstractProtocol.java:903)
	at org.apache.tomcat.util.net.NioEndpoint$SocketProcessor.doRun(NioEndpoint.java:1776)
	at org.apache.tomcat.util.net.SocketProcessorBase.run(SocketProcessorBase.java:52)
	at org.apache.tomcat.util.threads.ThreadPoolExecutor.runWorker(ThreadPoolExecutor.java:975)
	at org.apache.tomcat.util.threads.ThreadPoolExecutor$Worker.run(ThreadPoolExecutor.java:493)
	at org.apache.tomcat.util.threads.TaskThread$WrappingRunnable.run(TaskThread.java:63)
	at java.base/java.lang.Thread.run(Thread.java:840)
[2026-05-11 11:47:45.599] [WARN ] [http-nio-8881-exec-10] o.s.w.s.m.m.a.ExceptionHandlerExceptionResolver - Resolved [org.springframework.web.bind.MissingServletRequestParameterException: Required request parameter 'boardId' for method parameter type Long is not present]
[2026-05-11 11:47:54.652] [INFO ] [http-nio-8881-exec-1] jdbc.sqltiming - SELECT /* MemberMapper.readMemberByMemberId (memberId를 통한 회원 정보 조회) */
               MEMBER_ID
             , USER_ID
             , USER_PASS
             , USER_NAME
             , USER_EMAIL
             , EMAIL_VERIFIED
             , USER_ROLE
             , USER_STATUS
             , PROFILE_IMAGE
             , CREATE_AT
             , UPDATE_AT
             , LAST_LOG_AT
          FROM MEMBER_INFO
        WHERE MEMBER_ID = 'MEMBER_20260511_001'
 {executed in 8 msec}
[2026-05-11 11:47:54.676] [INFO ] [http-nio-8881-exec-1] jdbc.sqltiming - SELECT /* BoardMapper.getSearchBoard (게시판 글 단건조회 (사용자 정보 JOIN)) */
               B.BOARD_ID
             , B.TITLE
             , B.CONTENT
             , M.USER_ID
             , M.USER_NAME
             , B.MEMBER_ID
             , B.BOARD_CODE
             , B.CATEGORY_ID
             , B.VIEW_COUNT
             , B.LIKE_COUNT
             , M.PROFILE_IMAGE
             , B.CREATE_AT
             , B.UPDATE_AT
             , B.TAG_NAME
             , BS.SCRAP_ID /* 스크랩 고유 ID */
          FROM BOARD B
          LEFT JOIN MEMBER_INFO M ON B.MEMBER_ID = M.MEMBER_ID
          LEFT JOIN BOARD_SCRAP BS ON B.BOARD_ID = BS.BOARD_ID AND BS.MEMBER_ID = 'MEMBER_20260511_001'
         WHERE B.BOARD_ID = 1
           AND B.DELETE_YN = 'N'
 {executed in 9 msec}
[2026-05-11 11:47:54.684] [INFO ] [http-nio-8881-exec-1] jdbc.sqltiming - SELECT COUNT(*)
        FROM BOARD_LIKE
        WHERE BOARD_ID = 1 AND MEMBER_ID = 'MEMBER_20260511_001'
 {executed in 7 msec}
[2026-05-11 11:47:54.728] [ERROR] [http-nio-8881-exec-1] jdbc.sqltiming - 31. PreparedStatement.execute() FAILED! INSERT INTO board_like (BOARD_ID, MEMBER_ID, CREATE_AT)
        VALUES (1, 'MEMBER_20260511_001', NOW())
 {FAILED after 43 msec}
java.sql.SQLSyntaxErrorException: Table 'sqld_database.board_like' doesn't exist
	at com.mysql.cj.jdbc.exceptions.SQLError.createSQLException(SQLError.java:112)
	at com.mysql.cj.jdbc.exceptions.SQLExceptionsMapping.translateException(SQLExceptionsMapping.java:114)
	at com.mysql.cj.jdbc.ClientPreparedStatement.executeInternal(ClientPreparedStatement.java:988)
	at com.mysql.cj.jdbc.ClientPreparedStatement.execute(ClientPreparedStatement.java:383)
	at net.sf.log4jdbc.sql.jdbcapi.PreparedStatementSpy.execute(PreparedStatementSpy.java:443)
	at com.zaxxer.hikari.pool.ProxyPreparedStatement.execute(ProxyPreparedStatement.java:44)
	at com.zaxxer.hikari.pool.HikariProxyPreparedStatement.execute(HikariProxyPreparedStatement.java)
	at org.apache.ibatis.executor.statement.PreparedStatementHandler.update(PreparedStatementHandler.java:48)
	at org.apache.ibatis.executor.statement.RoutingStatementHandler.update(RoutingStatementHandler.java:75)
	at org.apache.ibatis.executor.SimpleExecutor.doUpdate(SimpleExecutor.java:50)
	at org.apache.ibatis.executor.BaseExecutor.update(BaseExecutor.java:117)
	at org.apache.ibatis.executor.CachingExecutor.update(CachingExecutor.java:76)
	at org.apache.ibatis.session.defaults.DefaultSqlSession.update(DefaultSqlSession.java:197)
	at org.apache.ibatis.session.defaults.DefaultSqlSession.insert(DefaultSqlSession.java:184)
	at java.base/jdk.internal.reflect.NativeMethodAccessorImpl.invoke0(Native Method)
	at java.base/jdk.internal.reflect.NativeMethodAccessorImpl.invoke(NativeMethodAccessorImpl.java:77)
	at java.base/jdk.internal.reflect.DelegatingMethodAccessorImpl.invoke(DelegatingMethodAccessorImpl.java:43)
	at java.base/java.lang.reflect.Method.invoke(Method.java:568)
	at org.mybatis.spring.SqlSessionTemplate$SqlSessionInterceptor.invoke(SqlSessionTemplate.java:333)
	at jdk.proxy2/jdk.proxy2.$Proxy95.insert(Unknown Source)
	at org.mybatis.spring.SqlSessionTemplate.insert(SqlSessionTemplate.java:224)
	at org.apache.ibatis.binding.MapperMethod.execute(MapperMethod.java:62)
	at org.apache.ibatis.binding.MapperProxy$PlainMethodInvoker.invoke(MapperProxy.java:141)
	at org.apache.ibatis.binding.MapperProxy.invoke(MapperProxy.java:86)
	at jdk.proxy3/jdk.proxy3.$Proxy101.insertBoardLike(Unknown Source)
	at java.base/jdk.internal.reflect.NativeMethodAccessorImpl.invoke0(Native Method)
	at java.base/jdk.internal.reflect.NativeMethodAccessorImpl.invoke(NativeMethodAccessorImpl.java:77)
	at java.base/jdk.internal.reflect.DelegatingMethodAccessorImpl.invoke(DelegatingMethodAccessorImpl.java:43)
	at java.base/java.lang.reflect.Method.invoke(Method.java:568)
	at org.springframework.aop.support.AopUtils.invokeJoinpointUsingReflection(AopUtils.java:360)
	at org.springframework.aop.framework.ReflectiveMethodInvocation.invokeJoinpoint(ReflectiveMethodInvocation.java:196)
	at org.springframework.aop.framework.ReflectiveMethodInvocation.proceed(ReflectiveMethodInvocation.java:163)
	at org.springframework.dao.support.PersistenceExceptionTranslationInterceptor.invoke(PersistenceExceptionTranslationInterceptor.java:138)
	at org.springframework.aop.framework.ReflectiveMethodInvocation.proceed(ReflectiveMethodInvocation.java:184)
	at org.springframework.aop.framework.JdkDynamicAopProxy.invoke(JdkDynamicAopProxy.java:223)
	at jdk.proxy3/jdk.proxy3.$Proxy102.insertBoardLike(Unknown Source)
	at com.sqld_board.sqld.service.board.BoardServiceImpl.toggleLike(BoardServiceImpl.java:842)
	at java.base/jdk.internal.reflect.NativeMethodAccessorImpl.invoke0(Native Method)
	at java.base/jdk.internal.reflect.NativeMethodAccessorImpl.invoke(NativeMethodAccessorImpl.java:77)
	at java.base/jdk.internal.reflect.DelegatingMethodAccessorImpl.invoke(DelegatingMethodAccessorImpl.java:43)
	at java.base/java.lang.reflect.Method.invoke(Method.java:568)
	at org.springframework.aop.support.AopUtils.invokeJoinpointUsingReflection(AopUtils.java:360)
	at org.springframework.aop.framework.ReflectiveMethodInvocation.invokeJoinpoint(ReflectiveMethodInvocation.java:196)
	at org.springframework.aop.framework.ReflectiveMethodInvocation.proceed(ReflectiveMethodInvocation.java:163)
	at org.springframework.transaction.interceptor.TransactionAspectSupport.invokeWithinTransaction(TransactionAspectSupport.java:380)
	at org.springframework.transaction.interceptor.TransactionInterceptor.invoke(TransactionInterceptor.java:119)
	at org.springframework.aop.framework.ReflectiveMethodInvocation.proceed(ReflectiveMethodInvocation.java:184)
	at org.springframework.aop.framework.CglibAopProxy$DynamicAdvisedInterceptor.intercept(CglibAopProxy.java:728)
	at com.sqld_board.sqld.service.board.BoardServiceImpl$$SpringCGLIB$$0.toggleLike(<generated>)
	at com.sqld_board.sqld.controller.board.BoardController.toggleLike(BoardController.java:223)
	at java.base/jdk.internal.reflect.NativeMethodAccessorImpl.invoke0(Native Method)
	at java.base/jdk.internal.reflect.NativeMethodAccessorImpl.invoke(NativeMethodAccessorImpl.java:77)
	at java.base/jdk.internal.reflect.DelegatingMethodAccessorImpl.invoke(DelegatingMethodAccessorImpl.java:43)
	at java.base/java.lang.reflect.Method.invoke(Method.java:568)
	at org.springframework.web.method.support.InvocableHandlerMethod.doInvoke(InvocableHandlerMethod.java:258)
	at org.springframework.web.method.support.InvocableHandlerMethod.invokeForRequest(InvocableHandlerMethod.java:191)
	at org.springframework.web.servlet.mvc.method.annotation.ServletInvocableHandlerMethod.invokeAndHandle(ServletInvocableHandlerMethod.java:118)
	at org.springframework.web.servlet.mvc.method.annotation.RequestMappingHandlerAdapter.invokeHandlerMethod(RequestMappingHandlerAdapter.java:991)
	at org.springframework.web.servlet.mvc.method.annotation.RequestMappingHandlerAdapter.handleInternal(RequestMappingHandlerAdapter.java:896)
	at org.springframework.web.servlet.mvc.method.AbstractHandlerMethodAdapter.handle(AbstractHandlerMethodAdapter.java:87)
	at org.springframework.web.servlet.DispatcherServlet.doDispatch(DispatcherServlet.java:1089)
	at org.springframework.web.servlet.DispatcherServlet.doService(DispatcherServlet.java:979)
	at org.springframework.web.servlet.FrameworkServlet.processRequest(FrameworkServlet.java:1014)
	at org.springframework.web.servlet.FrameworkServlet.doPost(FrameworkServlet.java:914)
	at jakarta.servlet.http.HttpServlet.service(HttpServlet.java:590)
	at org.springframework.web.servlet.FrameworkServlet.service(FrameworkServlet.java:885)
	at jakarta.servlet.http.HttpServlet.service(HttpServlet.java:658)
	at org.apache.catalina.core.ApplicationFilterChain.internalDoFilter(ApplicationFilterChain.java:195)
	at org.apache.catalina.core.ApplicationFilterChain.doFilter(ApplicationFilterChain.java:140)
	at org.apache.tomcat.websocket.server.WsFilter.doFilter(WsFilter.java:51)
	at org.apache.catalina.core.ApplicationFilterChain.internalDoFilter(ApplicationFilterChain.java:164)
	at org.apache.catalina.core.ApplicationFilterChain.doFilter(ApplicationFilterChain.java:140)
	at org.springframework.web.filter.OncePerRequestFilter.doFilter(OncePerRequestFilter.java:110)
	at org.apache.catalina.core.ApplicationFilterChain.internalDoFilter(ApplicationFilterChain.java:164)
	at org.apache.catalina.core.ApplicationFilterChain.doFilter(ApplicationFilterChain.java:140)
	at org.springframework.web.filter.CompositeFilter$VirtualFilterChain.doFilter(CompositeFilter.java:108)
	at org.springframework.web.filter.CompositeFilter$VirtualFilterChain.doFilter(CompositeFilter.java:108)
	at org.springframework.security.web.FilterChainProxy.lambda$doFilterInternal$3(FilterChainProxy.java:231)
	at org.springframework.security.web.FilterChainProxy$VirtualFilterChain.doFilter(FilterChainProxy.java:365)
	at org.springframework.security.web.access.intercept.AuthorizationFilter.doFilter(AuthorizationFilter.java:101)
	at org.springframework.security.web.FilterChainProxy$VirtualFilterChain.doFilter(FilterChainProxy.java:374)
	at org.springframework.security.web.access.ExceptionTranslationFilter.doFilter(ExceptionTranslationFilter.java:125)
	at org.springframework.security.web.access.ExceptionTranslationFilter.doFilter(ExceptionTranslationFilter.java:119)
	at org.springframework.security.web.FilterChainProxy$VirtualFilterChain.doFilter(FilterChainProxy.java:374)
	at org.springframework.security.web.session.SessionManagementFilter.doFilter(SessionManagementFilter.java:131)
	at org.springframework.security.web.session.SessionManagementFilter.doFilter(SessionManagementFilter.java:85)
	at org.springframework.security.web.FilterChainProxy$VirtualFilterChain.doFilter(FilterChainProxy.java:374)
	at org.springframework.security.web.authentication.AnonymousAuthenticationFilter.doFilter(AnonymousAuthenticationFilter.java:100)
	at org.springframework.security.web.FilterChainProxy$VirtualFilterChain.doFilter(FilterChainProxy.java:374)
	at org.springframework.security.web.servletapi.SecurityContextHolderAwareRequestFilter.doFilter(SecurityContextHolderAwareRequestFilter.java:179)
	at org.springframework.security.web.FilterChainProxy$VirtualFilterChain.doFilter(FilterChainProxy.java:374)
	at org.springframework.security.web.savedrequest.RequestCacheAwareFilter.doFilter(RequestCacheAwareFilter.java:63)
	at org.springframework.security.web.FilterChainProxy$VirtualFilterChain.doFilter(FilterChainProxy.java:374)
	at com.sqld_board.sqld.config.security.JwtAuthenticationFilter.doFilterInternal(JwtAuthenticationFilter.java:62)
	at org.springframework.web.filter.OncePerRequestFilter.doFilter(OncePerRequestFilter.java:116)
	at org.springframework.security.web.FilterChainProxy$VirtualFilterChain.doFilter(FilterChainProxy.java:374)
	at org.springframework.security.web.authentication.logout.LogoutFilter.doFilter(LogoutFilter.java:107)
	at org.springframework.security.web.authentication.logout.LogoutFilter.doFilter(LogoutFilter.java:93)
	at org.springframework.security.web.FilterChainProxy$VirtualFilterChain.doFilter(FilterChainProxy.java:374)
	at org.springframework.web.filter.CorsFilter.doFilterInternal(CorsFilter.java:91)
	at org.springframework.web.filter.OncePerRequestFilter.doFilter(OncePerRequestFilter.java:116)
	at org.springframework.security.web.FilterChainProxy$VirtualFilterChain.doFilter(FilterChainProxy.java:374)
	at org.springframework.security.web.header.HeaderWriterFilter.doHeadersAfter(HeaderWriterFilter.java:90)
	at org.springframework.security.web.header.HeaderWriterFilter.doFilterInternal(HeaderWriterFilter.java:75)
	at org.springframework.web.filter.OncePerRequestFilter.doFilter(OncePerRequestFilter.java:116)
	at org.springframework.security.web.FilterChainProxy$VirtualFilterChain.doFilter(FilterChainProxy.java:374)
	at org.springframework.security.web.context.SecurityContextHolderFilter.doFilter(SecurityContextHolderFilter.java:82)
	at org.springframework.security.web.context.SecurityContextHolderFilter.doFilter(SecurityContextHolderFilter.java:69)
	at org.springframework.security.web.FilterChainProxy$VirtualFilterChain.doFilter(FilterChainProxy.java:374)
	at org.springframework.security.web.context.request.async.WebAsyncManagerIntegrationFilter.doFilterInternal(WebAsyncManagerIntegrationFilter.java:62)
	at org.springframework.web.filter.OncePerRequestFilter.doFilter(OncePerRequestFilter.java:116)
	at org.springframework.security.web.FilterChainProxy$VirtualFilterChain.doFilter(FilterChainProxy.java:374)
	at org.springframework.security.web.session.DisableEncodeUrlFilter.doFilterInternal(DisableEncodeUrlFilter.java:42)
	at org.springframework.web.filter.OncePerRequestFilter.doFilter(OncePerRequestFilter.java:116)
	at org.springframework.security.web.FilterChainProxy$VirtualFilterChain.doFilter(FilterChainProxy.java:374)
	at org.springframework.security.web.FilterChainProxy.doFilterInternal(FilterChainProxy.java:233)
	at org.springframework.security.web.FilterChainProxy.doFilter(FilterChainProxy.java:191)
	at org.springframework.web.filter.CompositeFilter$VirtualFilterChain.doFilter(CompositeFilter.java:113)
	at org.springframework.web.filter.ServletRequestPathFilter.doFilter(ServletRequestPathFilter.java:52)
	at org.springframework.web.filter.CompositeFilter$VirtualFilterChain.doFilter(CompositeFilter.java:113)
	at org.springframework.web.filter.CompositeFilter.doFilter(CompositeFilter.java:74)
	at org.springframework.security.config.annotation.web.configuration.WebSecurityConfiguration$CompositeFilterChainProxy.doFilter(WebSecurityConfiguration.java:319)
	at org.springframework.web.filter.CompositeFilter$VirtualFilterChain.doFilter(CompositeFilter.java:113)
	at org.springframework.web.servlet.handler.HandlerMappingIntrospector.lambda$createCacheFilter$4(HandlerMappingIntrospector.java:267)
	at org.springframework.web.filter.CompositeFilter$VirtualFilterChain.doFilter(CompositeFilter.java:113)
	at org.springframework.web.filter.CompositeFilter.doFilter(CompositeFilter.java:74)
	at org.springframework.security.config.annotation.web.configuration.WebMvcSecurityConfiguration$CompositeFilterChainProxy.doFilter(WebMvcSecurityConfiguration.java:240)
	at org.springframework.web.filter.DelegatingFilterProxy.invokeDelegate(DelegatingFilterProxy.java:362)
	at org.springframework.web.filter.DelegatingFilterProxy.doFilter(DelegatingFilterProxy.java:278)
	at org.apache.catalina.core.ApplicationFilterChain.internalDoFilter(ApplicationFilterChain.java:164)
	at org.apache.catalina.core.ApplicationFilterChain.doFilter(ApplicationFilterChain.java:140)
	at org.springframework.web.filter.RequestContextFilter.doFilterInternal(RequestContextFilter.java:100)
	at org.springframework.web.filter.OncePerRequestFilter.doFilter(OncePerRequestFilter.java:116)
	at org.apache.catalina.core.ApplicationFilterChain.internalDoFilter(ApplicationFilterChain.java:164)
	at org.apache.catalina.core.ApplicationFilterChain.doFilter(ApplicationFilterChain.java:140)
	at org.springframework.web.filter.FormContentFilter.doFilterInternal(FormContentFilter.java:93)
	at org.springframework.web.filter.OncePerRequestFilter.doFilter(OncePerRequestFilter.java:116)
	at org.apache.catalina.core.ApplicationFilterChain.internalDoFilter(ApplicationFilterChain.java:164)
	at org.apache.catalina.core.ApplicationFilterChain.doFilter(ApplicationFilterChain.java:140)
	at org.springframework.web.filter.CharacterEncodingFilter.doFilterInternal(CharacterEncodingFilter.java:201)
	at org.springframework.web.filter.OncePerRequestFilter.doFilter(OncePerRequestFilter.java:116)
	at org.apache.catalina.core.ApplicationFilterChain.internalDoFilter(ApplicationFilterChain.java:164)
	at org.apache.catalina.core.ApplicationFilterChain.doFilter(ApplicationFilterChain.java:140)
	at org.apache.catalina.core.StandardWrapperValve.invoke(StandardWrapperValve.java:167)
	at org.apache.catalina.core.StandardContextValve.invoke(StandardContextValve.java:90)
	at org.apache.catalina.authenticator.AuthenticatorBase.invoke(AuthenticatorBase.java:483)
	at org.apache.catalina.core.StandardHostValve.invoke(StandardHostValve.java:116)
	at org.apache.catalina.valves.ErrorReportValve.invoke(ErrorReportValve.java:93)
	at org.apache.catalina.core.StandardEngineValve.invoke(StandardEngineValve.java:74)
	at org.apache.catalina.connector.CoyoteAdapter.service(CoyoteAdapter.java:344)
	at org.apache.coyote.http11.Http11Processor.service(Http11Processor.java:398)
	at org.apache.coyote.AbstractProcessorLight.process(AbstractProcessorLight.java:63)
	at org.apache.coyote.AbstractProtocol$ConnectionHandler.process(AbstractProtocol.java:903)
	at org.apache.tomcat.util.net.NioEndpoint$SocketProcessor.doRun(NioEndpoint.java:1776)
	at org.apache.tomcat.util.net.SocketProcessorBase.run(SocketProcessorBase.java:52)
	at org.apache.tomcat.util.threads.ThreadPoolExecutor.runWorker(ThreadPoolExecutor.java:975)
	at org.apache.tomcat.util.threads.ThreadPoolExecutor$Worker.run(ThreadPoolExecutor.java:493)
	at org.apache.tomcat.util.threads.TaskThread$WrappingRunnable.run(TaskThread.java:63)
	at java.base/java.lang.Thread.run(Thread.java:840)
[2026-05-11 11:47:54.824] [INFO ] [http-nio-8881-exec-1] c.s.sqld.exception.ExceptionAdvice - error
org.springframework.jdbc.BadSqlGrammarException: 
### Error updating database.  Cause: java.sql.SQLSyntaxErrorException: Table 'sqld_database.board_like' doesn't exist
### The error may exist in file [/Users/minboklee/Downloads/sqld/build/resources/main/mapper/Board.xml]
### The error may involve defaultParameterMap
### The error occurred while setting parameters
### SQL: INSERT INTO board_like (BOARD_ID, MEMBER_ID, CREATE_AT)         VALUES (?, ?, NOW())
### Cause: java.sql.SQLSyntaxErrorException: Table 'sqld_database.board_like' doesn't exist
; bad SQL grammar []
	at org.springframework.jdbc.support.SQLErrorCodeSQLExceptionTranslator.doTranslate(SQLErrorCodeSQLExceptionTranslator.java:246)
	at org.springframework.jdbc.support.AbstractFallbackSQLExceptionTranslator.translate(AbstractFallbackSQLExceptionTranslator.java:107)
	at org.mybatis.spring.MyBatisExceptionTranslator.translateExceptionIfPossible(MyBatisExceptionTranslator.java:95)
	at org.mybatis.spring.SqlSessionTemplate$SqlSessionInterceptor.invoke(SqlSessionTemplate.java:347)
	at jdk.proxy2/jdk.proxy2.$Proxy95.insert(Unknown Source)
	at org.mybatis.spring.SqlSessionTemplate.insert(SqlSessionTemplate.java:224)
	at org.apache.ibatis.binding.MapperMethod.execute(MapperMethod.java:62)
	at org.apache.ibatis.binding.MapperProxy$PlainMethodInvoker.invoke(MapperProxy.java:141)
	at org.apache.ibatis.binding.MapperProxy.invoke(MapperProxy.java:86)
	at jdk.proxy3/jdk.proxy3.$Proxy101.insertBoardLike(Unknown Source)
	at java.base/jdk.internal.reflect.NativeMethodAccessorImpl.invoke0(Native Method)
	at java.base/jdk.internal.reflect.NativeMethodAccessorImpl.invoke(NativeMethodAccessorImpl.java:77)
	at java.base/jdk.internal.reflect.DelegatingMethodAccessorImpl.invoke(DelegatingMethodAccessorImpl.java:43)
	at java.base/java.lang.reflect.Method.invoke(Method.java:568)
	at org.springframework.aop.support.AopUtils.invokeJoinpointUsingReflection(AopUtils.java:360)
	at org.springframework.aop.framework.ReflectiveMethodInvocation.invokeJoinpoint(ReflectiveMethodInvocation.java:196)
	at org.springframework.aop.framework.ReflectiveMethodInvocation.proceed(ReflectiveMethodInvocation.java:163)
	at org.springframework.dao.support.PersistenceExceptionTranslationInterceptor.invoke(PersistenceExceptionTranslationInterceptor.java:138)
	at org.springframework.aop.framework.ReflectiveMethodInvocation.proceed(ReflectiveMethodInvocation.java:184)
	at org.springframework.aop.framework.JdkDynamicAopProxy.invoke(JdkDynamicAopProxy.java:223)
	at jdk.proxy3/jdk.proxy3.$Proxy102.insertBoardLike(Unknown Source)
	at com.sqld_board.sqld.service.board.BoardServiceImpl.toggleLike(BoardServiceImpl.java:842)
	at java.base/jdk.internal.reflect.NativeMethodAccessorImpl.invoke0(Native Method)
	at java.base/jdk.internal.reflect.NativeMethodAccessorImpl.invoke(NativeMethodAccessorImpl.java:77)
	at java.base/jdk.internal.reflect.DelegatingMethodAccessorImpl.invoke(DelegatingMethodAccessorImpl.java:43)
	at java.base/java.lang.reflect.Method.invoke(Method.java:568)
	at org.springframework.aop.support.AopUtils.invokeJoinpointUsingReflection(AopUtils.java:360)
	at org.springframework.aop.framework.ReflectiveMethodInvocation.invokeJoinpoint(ReflectiveMethodInvocation.java:196)
	at org.springframework.aop.framework.ReflectiveMethodInvocation.proceed(ReflectiveMethodInvocation.java:163)
	at org.springframework.transaction.interceptor.TransactionAspectSupport.invokeWithinTransaction(TransactionAspectSupport.java:380)
	at org.springframework.transaction.interceptor.TransactionInterceptor.invoke(TransactionInterceptor.java:119)
	at org.springframework.aop.framework.ReflectiveMethodInvocation.proceed(ReflectiveMethodInvocation.java:184)
	at org.springframework.aop.framework.CglibAopProxy$DynamicAdvisedInterceptor.intercept(CglibAopProxy.java:728)
	at com.sqld_board.sqld.service.board.BoardServiceImpl$$SpringCGLIB$$0.toggleLike(<generated>)
	at com.sqld_board.sqld.controller.board.BoardController.toggleLike(BoardController.java:223)
	at java.base/jdk.internal.reflect.NativeMethodAccessorImpl.invoke0(Native Method)
	at java.base/jdk.internal.reflect.NativeMethodAccessorImpl.invoke(NativeMethodAccessorImpl.java:77)
	at java.base/jdk.internal.reflect.DelegatingMethodAccessorImpl.invoke(DelegatingMethodAccessorImpl.java:43)
	at java.base/java.lang.reflect.Method.invoke(Method.java:568)
	at org.springframework.web.method.support.InvocableHandlerMethod.doInvoke(InvocableHandlerMethod.java:258)
	at org.springframework.web.method.support.InvocableHandlerMethod.invokeForRequest(InvocableHandlerMethod.java:191)
	at org.springframework.web.servlet.mvc.method.annotation.ServletInvocableHandlerMethod.invokeAndHandle(ServletInvocableHandlerMethod.java:118)
	at org.springframework.web.servlet.mvc.method.annotation.RequestMappingHandlerAdapter.invokeHandlerMethod(RequestMappingHandlerAdapter.java:991)
	at org.springframework.web.servlet.mvc.method.annotation.RequestMappingHandlerAdapter.handleInternal(RequestMappingHandlerAdapter.java:896)
	at org.springframework.web.servlet.mvc.method.AbstractHandlerMethodAdapter.handle(AbstractHandlerMethodAdapter.java:87)
	at org.springframework.web.servlet.DispatcherServlet.doDispatch(DispatcherServlet.java:1089)
	at org.springframework.web.servlet.DispatcherServlet.doService(DispatcherServlet.java:979)
	at org.springframework.web.servlet.FrameworkServlet.processRequest(FrameworkServlet.java:1014)
	at org.springframework.web.servlet.FrameworkServlet.doPost(FrameworkServlet.java:914)
	at jakarta.servlet.http.HttpServlet.service(HttpServlet.java:590)
	at org.springframework.web.servlet.FrameworkServlet.service(FrameworkServlet.java:885)
	at jakarta.servlet.http.HttpServlet.service(HttpServlet.java:658)
	at org.apache.catalina.core.ApplicationFilterChain.internalDoFilter(ApplicationFilterChain.java:195)
	at org.apache.catalina.core.ApplicationFilterChain.doFilter(ApplicationFilterChain.java:140)
	at org.apache.tomcat.websocket.server.WsFilter.doFilter(WsFilter.java:51)
	at org.apache.catalina.core.ApplicationFilterChain.internalDoFilter(ApplicationFilterChain.java:164)
	at org.apache.catalina.core.ApplicationFilterChain.doFilter(ApplicationFilterChain.java:140)
	at org.springframework.web.filter.OncePerRequestFilter.doFilter(OncePerRequestFilter.java:110)
	at org.apache.catalina.core.ApplicationFilterChain.internalDoFilter(ApplicationFilterChain.java:164)
	at org.apache.catalina.core.ApplicationFilterChain.doFilter(ApplicationFilterChain.java:140)
	at org.springframework.web.filter.CompositeFilter$VirtualFilterChain.doFilter(CompositeFilter.java:108)
	at org.springframework.web.filter.CompositeFilter$VirtualFilterChain.doFilter(CompositeFilter.java:108)
	at org.springframework.security.web.FilterChainProxy.lambda$doFilterInternal$3(FilterChainProxy.java:231)
	at org.springframework.security.web.FilterChainProxy$VirtualFilterChain.doFilter(FilterChainProxy.java:365)
	at org.springframework.security.web.access.intercept.AuthorizationFilter.doFilter(AuthorizationFilter.java:101)
	at org.springframework.security.web.FilterChainProxy$VirtualFilterChain.doFilter(FilterChainProxy.java:374)
	at org.springframework.security.web.access.ExceptionTranslationFilter.doFilter(ExceptionTranslationFilter.java:125)
	at org.springframework.security.web.access.ExceptionTranslationFilter.doFilter(ExceptionTranslationFilter.java:119)
	at org.springframework.security.web.FilterChainProxy$VirtualFilterChain.doFilter(FilterChainProxy.java:374)
	at org.springframework.security.web.session.SessionManagementFilter.doFilter(SessionManagementFilter.java:131)
	at org.springframework.security.web.session.SessionManagementFilter.doFilter(SessionManagementFilter.java:85)
	at org.springframework.security.web.FilterChainProxy$VirtualFilterChain.doFilter(FilterChainProxy.java:374)
	at org.springframework.security.web.authentication.AnonymousAuthenticationFilter.doFilter(AnonymousAuthenticationFilter.java:100)
	at org.springframework.security.web.FilterChainProxy$VirtualFilterChain.doFilter(FilterChainProxy.java:374)
	at org.springframework.security.web.servletapi.SecurityContextHolderAwareRequestFilter.doFilter(SecurityContextHolderAwareRequestFilter.java:179)
	at org.springframework.security.web.FilterChainProxy$VirtualFilterChain.doFilter(FilterChainProxy.java:374)
	at org.springframework.security.web.savedrequest.RequestCacheAwareFilter.doFilter(RequestCacheAwareFilter.java:63)
	at org.springframework.security.web.FilterChainProxy$VirtualFilterChain.doFilter(FilterChainProxy.java:374)
	at com.sqld_board.sqld.config.security.JwtAuthenticationFilter.doFilterInternal(JwtAuthenticationFilter.java:62)
	at org.springframework.web.filter.OncePerRequestFilter.doFilter(OncePerRequestFilter.java:116)
	at org.springframework.security.web.FilterChainProxy$VirtualFilterChain.doFilter(FilterChainProxy.java:374)
	at org.springframework.security.web.authentication.logout.LogoutFilter.doFilter(LogoutFilter.java:107)
	at org.springframework.security.web.authentication.logout.LogoutFilter.doFilter(LogoutFilter.java:93)
	at org.springframework.security.web.FilterChainProxy$VirtualFilterChain.doFilter(FilterChainProxy.java:374)
	at org.springframework.web.filter.CorsFilter.doFilterInternal(CorsFilter.java:91)
	at org.springframework.web.filter.OncePerRequestFilter.doFilter(OncePerRequestFilter.java:116)
	at org.springframework.security.web.FilterChainProxy$VirtualFilterChain.doFilter(FilterChainProxy.java:374)
	at org.springframework.security.web.header.HeaderWriterFilter.doHeadersAfter(HeaderWriterFilter.java:90)
	at org.springframework.security.web.header.HeaderWriterFilter.doFilterInternal(HeaderWriterFilter.java:75)
	at org.springframework.web.filter.OncePerRequestFilter.doFilter(OncePerRequestFilter.java:116)
	at org.springframework.security.web.FilterChainProxy$VirtualFilterChain.doFilter(FilterChainProxy.java:374)
	at org.springframework.security.web.context.SecurityContextHolderFilter.doFilter(SecurityContextHolderFilter.java:82)
	at org.springframework.security.web.context.SecurityContextHolderFilter.doFilter(SecurityContextHolderFilter.java:69)
	at org.springframework.security.web.FilterChainProxy$VirtualFilterChain.doFilter(FilterChainProxy.java:374)
	at org.springframework.security.web.context.request.async.WebAsyncManagerIntegrationFilter.doFilterInternal(WebAsyncManagerIntegrationFilter.java:62)
	at org.springframework.web.filter.OncePerRequestFilter.doFilter(OncePerRequestFilter.java:116)
	at org.springframework.security.web.FilterChainProxy$VirtualFilterChain.doFilter(FilterChainProxy.java:374)
	at org.springframework.security.web.session.DisableEncodeUrlFilter.doFilterInternal(DisableEncodeUrlFilter.java:42)
	at org.springframework.web.filter.OncePerRequestFilter.doFilter(OncePerRequestFilter.java:116)
	at org.springframework.security.web.FilterChainProxy$VirtualFilterChain.doFilter(FilterChainProxy.java:374)
	at org.springframework.security.web.FilterChainProxy.doFilterInternal(FilterChainProxy.java:233)
	at org.springframework.security.web.FilterChainProxy.doFilter(FilterChainProxy.java:191)
	at org.springframework.web.filter.CompositeFilter$VirtualFilterChain.doFilter(CompositeFilter.java:113)
	at org.springframework.web.filter.ServletRequestPathFilter.doFilter(ServletRequestPathFilter.java:52)
	at org.springframework.web.filter.CompositeFilter$VirtualFilterChain.doFilter(CompositeFilter.java:113)
	at org.springframework.web.filter.CompositeFilter.doFilter(CompositeFilter.java:74)
	at org.springframework.security.config.annotation.web.configuration.WebSecurityConfiguration$CompositeFilterChainProxy.doFilter(WebSecurityConfiguration.java:319)
	at org.springframework.web.filter.CompositeFilter$VirtualFilterChain.doFilter(CompositeFilter.java:113)
	at org.springframework.web.servlet.handler.HandlerMappingIntrospector.lambda$createCacheFilter$4(HandlerMappingIntrospector.java:267)
	at org.springframework.web.filter.CompositeFilter$VirtualFilterChain.doFilter(CompositeFilter.java:113)
	at org.springframework.web.filter.CompositeFilter.doFilter(CompositeFilter.java:74)
	at org.springframework.security.config.annotation.web.configuration.WebMvcSecurityConfiguration$CompositeFilterChainProxy.doFilter(WebMvcSecurityConfiguration.java:240)
	at org.springframework.web.filter.DelegatingFilterProxy.invokeDelegate(DelegatingFilterProxy.java:362)
	at org.springframework.web.filter.DelegatingFilterProxy.doFilter(DelegatingFilterProxy.java:278)
	at org.apache.catalina.core.ApplicationFilterChain.internalDoFilter(ApplicationFilterChain.java:164)
	at org.apache.catalina.core.ApplicationFilterChain.doFilter(ApplicationFilterChain.java:140)
	at org.springframework.web.filter.RequestContextFilter.doFilterInternal(RequestContextFilter.java:100)
	at org.springframework.web.filter.OncePerRequestFilter.doFilter(OncePerRequestFilter.java:116)
	at org.apache.catalina.core.ApplicationFilterChain.internalDoFilter(ApplicationFilterChain.java:164)
	at org.apache.catalina.core.ApplicationFilterChain.doFilter(ApplicationFilterChain.java:140)
	at org.springframework.web.filter.FormContentFilter.doFilterInternal(FormContentFilter.java:93)
	at org.springframework.web.filter.OncePerRequestFilter.doFilter(OncePerRequestFilter.java:116)
	at org.apache.catalina.core.ApplicationFilterChain.internalDoFilter(ApplicationFilterChain.java:164)
	at org.apache.catalina.core.ApplicationFilterChain.doFilter(ApplicationFilterChain.java:140)
	at org.springframework.web.filter.CharacterEncodingFilter.doFilterInternal(CharacterEncodingFilter.java:201)
	at org.springframework.web.filter.OncePerRequestFilter.doFilter(OncePerRequestFilter.java:116)
	at org.apache.catalina.core.ApplicationFilterChain.internalDoFilter(ApplicationFilterChain.java:164)
	at org.apache.catalina.core.ApplicationFilterChain.doFilter(ApplicationFilterChain.java:140)
	at org.apache.catalina.core.StandardWrapperValve.invoke(StandardWrapperValve.java:167)
	at org.apache.catalina.core.StandardContextValve.invoke(StandardContextValve.java:90)
	at org.apache.catalina.authenticator.AuthenticatorBase.invoke(AuthenticatorBase.java:483)
	at org.apache.catalina.core.StandardHostValve.invoke(StandardHostValve.java:116)
	at org.apache.catalina.valves.ErrorReportValve.invoke(ErrorReportValve.java:93)
	at org.apache.catalina.core.StandardEngineValve.invoke(StandardEngineValve.java:74)
	at org.apache.catalina.connector.CoyoteAdapter.service(CoyoteAdapter.java:344)
	at org.apache.coyote.http11.Http11Processor.service(Http11Processor.java:398)
	at org.apache.coyote.AbstractProcessorLight.process(AbstractProcessorLight.java:63)
	at org.apache.coyote.AbstractProtocol$ConnectionHandler.process(AbstractProtocol.java:903)
	at org.apache.tomcat.util.net.NioEndpoint$SocketProcessor.doRun(NioEndpoint.java:1776)
	at org.apache.tomcat.util.net.SocketProcessorBase.run(SocketProcessorBase.java:52)
	at org.apache.tomcat.util.threads.ThreadPoolExecutor.runWorker(ThreadPoolExecutor.java:975)
	at org.apache.tomcat.util.threads.ThreadPoolExecutor$Worker.run(ThreadPoolExecutor.java:493)
	at org.apache.tomcat.util.threads.TaskThread$WrappingRunnable.run(TaskThread.java:63)
	at java.base/java.lang.Thread.run(Thread.java:840)
Caused by: java.sql.SQLSyntaxErrorException: Table 'sqld_database.board_like' doesn't exist
	at com.mysql.cj.jdbc.exceptions.SQLError.createSQLException(SQLError.java:112)
	at com.mysql.cj.jdbc.exceptions.SQLExceptionsMapping.translateException(SQLExceptionsMapping.java:114)
	at com.mysql.cj.jdbc.ClientPreparedStatement.executeInternal(ClientPreparedStatement.java:988)
	at com.mysql.cj.jdbc.ClientPreparedStatement.execute(ClientPreparedStatement.java:383)
	at net.sf.log4jdbc.sql.jdbcapi.PreparedStatementSpy.execute(PreparedStatementSpy.java:443)
	at com.zaxxer.hikari.pool.ProxyPreparedStatement.execute(ProxyPreparedStatement.java:44)
	at com.zaxxer.hikari.pool.HikariProxyPreparedStatement.execute(HikariProxyPreparedStatement.java)
	at org.apache.ibatis.executor.statement.PreparedStatementHandler.update(PreparedStatementHandler.java:48)
	at org.apache.ibatis.executor.statement.RoutingStatementHandler.update(RoutingStatementHandler.java:75)
	at org.apache.ibatis.executor.SimpleExecutor.doUpdate(SimpleExecutor.java:50)
	at org.apache.ibatis.executor.BaseExecutor.update(BaseExecutor.java:117)
	at org.apache.ibatis.executor.CachingExecutor.update(CachingExecutor.java:76)
	at org.apache.ibatis.session.defaults.DefaultSqlSession.update(DefaultSqlSession.java:197)
	at org.apache.ibatis.session.defaults.DefaultSqlSession.insert(DefaultSqlSession.java:184)
	at java.base/jdk.internal.reflect.NativeMethodAccessorImpl.invoke0(Native Method)
	at java.base/jdk.internal.reflect.NativeMethodAccessorImpl.invoke(NativeMethodAccessorImpl.java:77)
	at java.base/jdk.internal.reflect.DelegatingMethodAccessorImpl.invoke(DelegatingMethodAccessorImpl.java:43)
	at java.base/java.lang.reflect.Method.invoke(Method.java:568)
	at org.mybatis.spring.SqlSessionTemplate$SqlSessionInterceptor.invoke(SqlSessionTemplate.java:333)
	... 140 common frames omitted
[2026-05-11 11:47:54.825] [WARN ] [http-nio-8881-exec-1] o.s.w.s.m.m.a.ExceptionHandlerExceptionResolver - Resolved [org.springframework.jdbc.BadSqlGrammarException: <EOL>### Error updating database.  Cause: java.sql.SQLSyntaxErrorException: Table 'sqld_database.board_like' doesn't exist<EOL>### The error may exist in file [/Users/minboklee/Downloads/sqld/build/resources/main/mapper/Board.xml]<EOL>### The error may involve defaultParameterMap<EOL>### The error occurred while setting parameters<EOL>### SQL: INSERT INTO board_like (BOARD_ID, MEMBER_ID, CREATE_AT)         VALUES (?, ?, NOW())<EOL>### Cause: java.sql.SQLSyntaxErrorException: Table 'sqld_database.board_like' doesn't exist<EOL>; bad SQL grammar []]
[2026-05-11 11:48:34.779] [INFO ] [http-nio-8881-exec-2] jdbc.sqltiming - SELECT /* MemberMapper.readMemberByMemberId (memberId를 통한 회원 정보 조회) */
               MEMBER_ID
             , USER_ID
             , USER_PASS
             , USER_NAME
             , USER_EMAIL
             , EMAIL_VERIFIED
             , USER_ROLE
             , USER_STATUS
             , PROFILE_IMAGE
             , CREATE_AT
             , UPDATE_AT
             , LAST_LOG_AT
          FROM MEMBER_INFO
        WHERE MEMBER_ID = 'MEMBER_20260511_001'
 {executed in 17 msec}
[2026-05-11 11:48:34.805] [INFO ] [http-nio-8881-exec-2] jdbc.sqltiming - SELECT /* BoardMapper.getSearchBoard (게시판 글 단건조회 (사용자 정보 JOIN)) */
               B.BOARD_ID
             , B.TITLE
             , B.CONTENT
             , M.USER_ID
             , M.USER_NAME
             , B.MEMBER_ID
             , B.BOARD_CODE
             , B.CATEGORY_ID
             , B.VIEW_COUNT
             , B.LIKE_COUNT
             , M.PROFILE_IMAGE
             , B.CREATE_AT
             , B.UPDATE_AT
             , B.TAG_NAME
             , BS.SCRAP_ID /* 스크랩 고유 ID */
          FROM BOARD B
          LEFT JOIN MEMBER_INFO M ON B.MEMBER_ID = M.MEMBER_ID
          LEFT JOIN BOARD_SCRAP BS ON B.BOARD_ID = BS.BOARD_ID AND BS.MEMBER_ID = NULL
         WHERE B.BOARD_ID = 1
           AND B.DELETE_YN = 'N'
 {executed in 9 msec}
[2026-05-11 11:48:34.814] [INFO ] [http-nio-8881-exec-2] jdbc.sqltiming - SELECT /* MemberMapper.readMemberByMemberId (memberId를 통한 회원 정보 조회) */
               MEMBER_ID
             , USER_ID
             , USER_PASS
             , USER_NAME
             , USER_EMAIL
             , EMAIL_VERIFIED
             , USER_ROLE
             , USER_STATUS
             , PROFILE_IMAGE
             , CREATE_AT
             , UPDATE_AT
             , LAST_LOG_AT
          FROM MEMBER_INFO
        WHERE MEMBER_ID = 'MEMBER_20260511_001'
 {executed in 8 msec}
[2026-05-11 11:48:34.830] [INFO ] [http-nio-8881-exec-2] jdbc.sqltiming - INSERT INTO COMMENT_MANAGEMENT ( /* commentMapper.insertComment (댓글 등록)*/
                    BOARD_ID
                  , MEMBER_ID
                  , USER_ID
                  , CONTENT
                  , PARENT_COMMENT_ID
                  , LIKE_COUNT
                  , CREATE_AT
                  , UPDATE_AT
                  , DELETE_YN
        )    VALUES (
                    1
                  , 'MEMBER_20260511_001'
                  , 'gemini_tester'
                  , '부모 댓글입니다.'
                  , NULL
                  , 0
                  , NOW()
                  , NOW()
                  , 'N'
        )
 {executed in 15 msec}
[2026-05-11 11:48:34.830] [INFO ] [http-nio-8881-exec-2] jdbc.sqltiming - getGeneratedKeys on query: INSERT INTO COMMENT_MANAGEMENT ( /* commentMapper.insertComment (댓글 등록)*/
                    BOARD_ID
                  , MEMBER_ID
                  , USER_ID
                  , CONTENT
                  , PARENT_COMMENT_ID
                  , LIKE_COUNT
                  , CREATE_AT
                  , UPDATE_AT
                  , DELETE_YN
        )    VALUES (
                    1
                  , 'MEMBER_20260511_001'
                  , 'gemini_tester'
                  , '부모 댓글입니다.'
                  , NULL
                  , 0
                  , NOW()
                  , NOW()
                  , 'N'
        )
 {executed in 0 msec}
[2026-05-11 11:48:34.845] [INFO ] [http-nio-8881-exec-2] jdbc.sqltiming - INSERT INTO NOTIFICATION( /* WebSocketMapper.saveNotification (알림 저장) */
                                  RECEIVER_ID
                                , SENDER_ID
                                , NOTI_TYPE
                                , MESSAGE
                                , IS_READ
                                , CREATE_AT
                                , TARGET_URL
        )    VALUES (
                      'MEMBER_20260427_001'
                    , 'MEMBER_20260511_001'
                    , 'NOTIFY'
                    , '새로운 댓글이 달렸습니다: 부모 댓글입니다.'
                    , 'N'
                    , 2026-05-11T11:48:34.830564
                    , '/board/view?boardId=1'
                    )
 {executed in 15 msec}
[2026-05-11 11:48:34.845] [INFO ] [http-nio-8881-exec-2] jdbc.sqltiming - getGeneratedKeys on query: INSERT INTO NOTIFICATION( /* WebSocketMapper.saveNotification (알림 저장) */
                                  RECEIVER_ID
                                , SENDER_ID
                                , NOTI_TYPE
                                , MESSAGE
                                , IS_READ
                                , CREATE_AT
                                , TARGET_URL
        )    VALUES (
                      'MEMBER_20260427_001'
                    , 'MEMBER_20260511_001'
                    , 'NOTIFY'
                    , '새로운 댓글이 달렸습니다: 부모 댓글입니다.'
                    , 'N'
                    , 2026-05-11T11:48:34.830564
                    , '/board/view?boardId=1'
                    )
 {executed in 0 msec}
[2026-05-11 11:48:34.853] [INFO ] [http-nio-8881-exec-2] c.s.s.s.n.NotificationStompServiceImpl - Notification sent: {"notiId":2,"senderName":null,"type":"NOTIFY","roomId":null,"senderId":"MEMBER_20260511_001","targetId":"MEMBER_20260427_001","content":"새로운 댓글이 달렸습니다: 부모 댓글입니다.","timestamp":"2026-05-11 11:48:34","targetUrl":"/board/view?boardId=1"}
[2026-05-11 11:48:34.854] [INFO ] [redisContainer-2] c.s.s.s.redisConfig.RedisSubscriber - Redis Subscribe - Message Received: {"notiId":2,"senderName":null,"type":"NOTIFY","roomId":null,"senderId":"MEMBER_20260511_001","targetId":"MEMBER_20260427_001","content":"새로운 댓글이 달렸습니다: 부모 댓글입니다.","timestamp":"2026-05-11 11:48:34","targetUrl":"/board/view?boardId=1"}
[2026-05-11 11:48:39.183] [INFO ] [http-nio-8881-exec-4] jdbc.sqltiming - SELECT /* MemberMapper.readMemberByMemberId (memberId를 통한 회원 정보 조회) */
               MEMBER_ID
             , USER_ID
             , USER_PASS
             , USER_NAME
             , USER_EMAIL
             , EMAIL_VERIFIED
             , USER_ROLE
             , USER_STATUS
             , PROFILE_IMAGE
             , CREATE_AT
             , UPDATE_AT
             , LAST_LOG_AT
          FROM MEMBER_INFO
        WHERE MEMBER_ID = 'MEMBER_20260511_001'
 {executed in 9 msec}
[2026-05-11 11:48:39.201] [INFO ] [http-nio-8881-exec-4] jdbc.sqltiming - SELECT /* BoardMapper.getSearchBoard (게시판 글 단건조회 (사용자 정보 JOIN)) */
               B.BOARD_ID
             , B.TITLE
             , B.CONTENT
             , M.USER_ID
             , M.USER_NAME
             , B.MEMBER_ID
             , B.BOARD_CODE
             , B.CATEGORY_ID
             , B.VIEW_COUNT
             , B.LIKE_COUNT
             , M.PROFILE_IMAGE
             , B.CREATE_AT
             , B.UPDATE_AT
             , B.TAG_NAME
             , BS.SCRAP_ID /* 스크랩 고유 ID */
          FROM BOARD B
          LEFT JOIN MEMBER_INFO M ON B.MEMBER_ID = M.MEMBER_ID
          LEFT JOIN BOARD_SCRAP BS ON B.BOARD_ID = BS.BOARD_ID AND BS.MEMBER_ID = NULL
         WHERE B.BOARD_ID = 1
           AND B.DELETE_YN = 'N'
 {executed in 9 msec}
[2026-05-11 11:48:39.210] [INFO ] [http-nio-8881-exec-4] jdbc.sqltiming - SELECT /* MemberMapper.readMemberByMemberId (memberId를 통한 회원 정보 조회) */
               MEMBER_ID
             , USER_ID
             , USER_PASS
             , USER_NAME
             , USER_EMAIL
             , EMAIL_VERIFIED
             , USER_ROLE
             , USER_STATUS
             , PROFILE_IMAGE
             , CREATE_AT
             , UPDATE_AT
             , LAST_LOG_AT
          FROM MEMBER_INFO
        WHERE MEMBER_ID = 'MEMBER_20260511_001'
 {executed in 8 msec}
[2026-05-11 11:48:39.228] [INFO ] [http-nio-8881-exec-4] jdbc.sqltiming - INSERT INTO COMMENT_MANAGEMENT ( /* commentMapper.insertComment (댓글 등록)*/
                    BOARD_ID
                  , MEMBER_ID
                  , USER_ID
                  , CONTENT
                  , PARENT_COMMENT_ID
                  , LIKE_COUNT
                  , CREATE_AT
                  , UPDATE_AT
                  , DELETE_YN
        )    VALUES (
                    1
                  , 'MEMBER_20260511_001'
                  , 'gemini_tester'
                  , '대댓글입니다.'
                  , 2
                  , 0
                  , NOW()
                  , NOW()
                  , 'N'
        )
 {executed in 17 msec}
[2026-05-11 11:48:39.228] [INFO ] [http-nio-8881-exec-4] jdbc.sqltiming - getGeneratedKeys on query: INSERT INTO COMMENT_MANAGEMENT ( /* commentMapper.insertComment (댓글 등록)*/
                    BOARD_ID
                  , MEMBER_ID
                  , USER_ID
                  , CONTENT
                  , PARENT_COMMENT_ID
                  , LIKE_COUNT
                  , CREATE_AT
                  , UPDATE_AT
                  , DELETE_YN
        )    VALUES (
                    1
                  , 'MEMBER_20260511_001'
                  , 'gemini_tester'
                  , '대댓글입니다.'
                  , 2
                  , 0
                  , NOW()
                  , NOW()
                  , 'N'
        )
 {executed in 0 msec}
[2026-05-11 11:48:39.234] [INFO ] [http-nio-8881-exec-4] jdbc.sqltiming - SELECT
               COMMENT_ID
             , BOARD_ID
             , MEMBER_ID
             , CONTENT
             , PARENT_COMMENT_ID
          FROM COMMENT_MANAGEMENT WHERE COMMENT_ID = 2
 {executed in 6 msec}
[2026-05-11 11:48:43.128] [INFO ] [http-nio-8881-exec-6] jdbc.sqltiming - SELECT /* MemberMapper.readMemberByMemberId (memberId를 통한 회원 정보 조회) */
               MEMBER_ID
             , USER_ID
             , USER_PASS
             , USER_NAME
             , USER_EMAIL
             , EMAIL_VERIFIED
             , USER_ROLE
             , USER_STATUS
             , PROFILE_IMAGE
             , CREATE_AT
             , UPDATE_AT
             , LAST_LOG_AT
          FROM MEMBER_INFO
        WHERE MEMBER_ID = 'MEMBER_20260511_001'
 {executed in 7 msec}
[2026-05-11 11:48:43.146] [INFO ] [http-nio-8881-exec-6] jdbc.sqltiming - SELECT
               COMMENT_ID
             , BOARD_ID
             , MEMBER_ID
             , CONTENT
             , PARENT_COMMENT_ID
          FROM COMMENT_MANAGEMENT WHERE COMMENT_ID = 2
 {executed in 9 msec}
[2026-05-11 11:48:43.153] [INFO ] [http-nio-8881-exec-6] jdbc.sqltiming - SELECT /* commentMapper.getChildCommentCount (자식 대댓글 유무 확인) */
              count(*)
          FROM COMMENT_MANAGEMENT
         WHERE PARENT_COMMENT_ID = 2 /* 나의 ID를 부모로 모시는 자식들을 찾음 */
           AND DELETE_YN ='N'                   /* 아직 삭제되지 않은 자식들만 카운트 */
 {executed in 7 msec}
[2026-05-11 11:48:43.167] [INFO ] [http-nio-8881-exec-6] jdbc.sqltiming - UPDATE COMMENT_MANAGEMENT /* CommentMapper.deleteComment (자식이 있는 경우, 댓글삭제, '삭제된 댓글입니다' 로 마스킹 진행) */
           SET CONTENT = '삭제된 댓글입니다.'
         WHERE COMMENT_ID = 2
 {executed in 14 msec}
[2026-05-11 11:48:48.648] [INFO ] [http-nio-8881-exec-8] jdbc.sqltiming - SELECT /* MemberMapper.readMemberByMemberId (memberId를 통한 회원 정보 조회) */
               MEMBER_ID
             , USER_ID
             , USER_PASS
             , USER_NAME
             , USER_EMAIL
             , EMAIL_VERIFIED
             , USER_ROLE
             , USER_STATUS
             , PROFILE_IMAGE
             , CREATE_AT
             , UPDATE_AT
             , LAST_LOG_AT
          FROM MEMBER_INFO
        WHERE MEMBER_ID = 'MEMBER_20260511_001'
 {executed in 8 msec}
[2026-05-11 11:48:48.663] [INFO ] [http-nio-8881-exec-8] jdbc.sqltiming - SELECT
               COMMENT_ID
             , BOARD_ID
             , MEMBER_ID
             , CONTENT
             , PARENT_COMMENT_ID
          FROM COMMENT_MANAGEMENT WHERE COMMENT_ID = 3
 {executed in 8 msec}
[2026-05-11 11:48:48.671] [INFO ] [http-nio-8881-exec-8] jdbc.sqltiming - SELECT /* commentMapper.getChildCommentCount (자식 대댓글 유무 확인) */
              count(*)
          FROM COMMENT_MANAGEMENT
         WHERE PARENT_COMMENT_ID = 3 /* 나의 ID를 부모로 모시는 자식들을 찾음 */
           AND DELETE_YN ='N'                   /* 아직 삭제되지 않은 자식들만 카운트 */
 {executed in 7 msec}
[2026-05-11 11:48:48.687] [INFO ] [http-nio-8881-exec-8] jdbc.sqltiming - UPDATE COMMENT_MANAGEMENT /* CommentMapper.deleteComment (자식이 없는 경우, 댓글삭제, 댓글삭제 (Soft Delete) */
           SET DELETE_YN = 'Y'
             , UPDATE_AT = NOW()
         WHERE COMMENT_ID = 3
 {executed in 15 msec}
[2026-05-11 11:48:48.699] [INFO ] [http-nio-8881-exec-8] jdbc.sqltiming - SELECT
               COMMENT_ID
             , BOARD_ID
             , MEMBER_ID
             , CONTENT
             , PARENT_COMMENT_ID
          FROM COMMENT_MANAGEMENT WHERE COMMENT_ID = 2
 {executed in 12 msec}
[2026-05-11 11:48:48.707] [INFO ] [http-nio-8881-exec-8] jdbc.sqltiming - SELECT /* commentMapper.getChildCommentCount (자식 대댓글 유무 확인) */
              count(*)
          FROM COMMENT_MANAGEMENT
         WHERE PARENT_COMMENT_ID = 2 /* 나의 ID를 부모로 모시는 자식들을 찾음 */
           AND DELETE_YN ='N'                   /* 아직 삭제되지 않은 자식들만 카운트 */
 {executed in 7 msec}
[2026-05-11 11:48:48.720] [INFO ] [http-nio-8881-exec-8] jdbc.sqltiming - UPDATE COMMENT_MANAGEMENT /* CommentMapper.deleteComment (자식이 없는 경우, 댓글삭제, 댓글삭제 (Soft Delete) */
           SET DELETE_YN = 'Y'
             , UPDATE_AT = NOW()
         WHERE COMMENT_ID = 2
 {executed in 13 msec}
[2026-05-11 11:49:00.651] [INFO ] [File Watcher] o.s.b.d.a.LocalDevToolsAutoConfiguration$RestartingClassPathChangeChangedEventListener - Restarting due to 23 class path changes (0 additions, 0 deletions, 23 modifications)
[2026-05-11 11:49:00.673] [INFO ] [Thread-5] o.s.b.w.e.tomcat.GracefulShutdown - Commencing graceful shutdown. Waiting for active requests to complete
[2026-05-11 11:49:00.675] [INFO ] [tomcat-shutdown] o.a.coyote.http11.Http11NioProtocol - Pausing ProtocolHandler ["http-nio-8881"]
[2026-05-11 11:49:00.677] [INFO ] [tomcat-shutdown] o.s.b.w.e.tomcat.GracefulShutdown - Graceful shutdown complete
[2026-05-11 11:49:00.677] [INFO ] [Thread-5] o.a.coyote.http11.Http11NioProtocol - Stopping ProtocolHandler ["http-nio-8881"]
[2026-05-11 11:49:00.686] [INFO ] [Thread-5] o.s.m.s.b.SimpleBrokerMessageHandler - Stopping...
[2026-05-11 11:49:00.686] [INFO ] [Thread-5] o.s.m.s.b.SimpleBrokerMessageHandler - BrokerAvailabilityEvent[available=false, SimpleBrokerMessageHandler [org.springframework.messaging.simp.broker.DefaultSubscriptionRegistry@5133fd26]]
[2026-05-11 11:49:00.686] [INFO ] [Thread-5] o.s.m.s.b.SimpleBrokerMessageHandler - Stopped.
[2026-05-11 11:49:00.703] [INFO ] [Thread-5] com.zaxxer.hikari.HikariDataSource - HikariPool-1 - Shutdown initiated...
[2026-05-11 11:49:00.704] [INFO ] [Thread-5] com.zaxxer.hikari.HikariDataSource - HikariPool-1 - Shutdown completed.
[2026-05-11 11:49:00.785] [INFO ] [restartedMain] com.sqld_board.sqld.SqldApplication - Starting SqldApplication using Java 17.0.11 with PID 24385 (/Users/minboklee/Downloads/sqld/build/classes/java/main started by minboklee in /Users/minboklee/Downloads/sqld)
[2026-05-11 11:49:00.785] [INFO ] [restartedMain] com.sqld_board.sqld.SqldApplication - The following 1 profile is active: "dev"
[2026-05-11 11:49:00.962] [INFO ] [restartedMain] o.s.d.r.c.RepositoryConfigurationDelegate - Multiple Spring Data modules found, entering strict repository configuration mode
[2026-05-11 11:49:00.962] [INFO ] [restartedMain] o.s.d.r.c.RepositoryConfigurationDelegate - Bootstrapping Spring Data Redis repositories in DEFAULT mode.
[2026-05-11 11:49:00.968] [INFO ] [restartedMain] o.s.d.r.c.RepositoryConfigurationDelegate - Finished Spring Data repository scanning in 5 ms. Found 0 Redis repository interfaces.
[2026-05-11 11:49:01.014] [INFO ] [restartedMain] c.u.j.c.EnableEncryptablePropertiesBeanFactoryPostProcessor - Post-processing PropertySource instances
[2026-05-11 11:49:01.014] [INFO ] [restartedMain] c.u.j.EncryptablePropertySourceConverter - Skipping PropertySource configurationProperties [class org.springframework.boot.context.properties.source.ConfigurationPropertySourcesPropertySource
[2026-05-11 11:49:01.014] [INFO ] [restartedMain] c.u.j.EncryptablePropertySourceConverter - Skipping PropertySource servletConfigInitParams [class org.springframework.core.env.PropertySource$StubPropertySource
[2026-05-11 11:49:01.014] [INFO ] [restartedMain] c.u.j.EncryptablePropertySourceConverter - Skipping PropertySource servletContextInitParams [class org.springframework.core.env.PropertySource$StubPropertySource
[2026-05-11 11:49:01.014] [INFO ] [restartedMain] c.u.j.EncryptablePropertySourceConverter - Converting PropertySource systemProperties [org.springframework.core.env.PropertiesPropertySource] to EncryptableMapPropertySourceWrapper
[2026-05-11 11:49:01.014] [INFO ] [restartedMain] c.u.j.EncryptablePropertySourceConverter - Converting PropertySource systemEnvironment [org.springframework.boot.env.SystemEnvironmentPropertySourceEnvironmentPostProcessor$OriginAwareSystemEnvironmentPropertySource] to EncryptableSystemEnvironmentPropertySourceWrapper
[2026-05-11 11:49:01.014] [INFO ] [restartedMain] c.u.j.EncryptablePropertySourceConverter - Converting PropertySource random [org.springframework.boot.env.RandomValuePropertySource] to EncryptablePropertySourceWrapper
[2026-05-11 11:49:01.014] [INFO ] [restartedMain] c.u.j.EncryptablePropertySourceConverter - Converting PropertySource Config resource 'class path resource [application-dev.yml]' via location 'optional:classpath:/' [org.springframework.boot.env.OriginTrackedMapPropertySource] to EncryptableMapPropertySourceWrapper
[2026-05-11 11:49:01.014] [INFO ] [restartedMain] c.u.j.EncryptablePropertySourceConverter - Converting PropertySource Config resource 'class path resource [application.yml]' via location 'optional:classpath:/' [org.springframework.boot.env.OriginTrackedMapPropertySource] to EncryptableMapPropertySourceWrapper
[2026-05-11 11:49:01.014] [INFO ] [restartedMain] c.u.j.EncryptablePropertySourceConverter - Converting PropertySource devtools [org.springframework.core.env.MapPropertySource] to EncryptableMapPropertySourceWrapper
[2026-05-11 11:49:01.014] [INFO ] [restartedMain] c.u.j.EncryptablePropertySourceConverter - Converting PropertySource applicationInfo [org.springframework.boot.ApplicationInfoPropertySource] to EncryptableMapPropertySourceWrapper
[2026-05-11 11:49:01.016] [INFO ] [restartedMain] c.u.j.f.DefaultLazyPropertyFilter - Property Filter custom Bean not found with name 'encryptablePropertyFilter'. Initializing Default Property Filter
[2026-05-11 11:49:01.017] [INFO ] [restartedMain] c.u.j.r.DefaultLazyPropertyResolver - Property Resolver custom Bean not found with name 'encryptablePropertyResolver'. Initializing Default Property Resolver
[2026-05-11 11:49:01.017] [INFO ] [restartedMain] c.u.j.d.DefaultLazyPropertyDetector - Property Detector custom Bean not found with name 'encryptablePropertyDetector'. Initializing Default Property Detector
[2026-05-11 11:49:01.088] [INFO ] [restartedMain] o.s.b.w.e.tomcat.TomcatWebServer - Tomcat initialized with port 8881 (http)
[2026-05-11 11:49:01.089] [INFO ] [restartedMain] o.a.coyote.http11.Http11NioProtocol - Initializing ProtocolHandler ["http-nio-8881"]
[2026-05-11 11:49:01.089] [INFO ] [restartedMain] o.a.catalina.core.StandardService - Starting service [Tomcat]
[2026-05-11 11:49:01.089] [INFO ] [restartedMain] o.a.catalina.core.StandardEngine - Starting Servlet engine: [Apache Tomcat/10.1.46]
[2026-05-11 11:49:01.095] [INFO ] [restartedMain] o.a.c.c.C.[Tomcat].[localhost].[/] - Initializing Spring embedded WebApplicationContext
[2026-05-11 11:49:01.095] [INFO ] [restartedMain] o.s.b.w.s.c.ServletWebServerApplicationContext - Root WebApplicationContext: initialization completed in 309 ms
[2026-05-11 11:49:01.112] [INFO ] [restartedMain] c.u.j.encryptor.DefaultLazyEncryptor - String Encryptor custom Bean not found with name 'jasyptStringEncryptor'. Initializing Default String Encryptor
[2026-05-11 11:49:01.114] [INFO ] [restartedMain] c.u.j.c.StringEncryptorBuilder - Encryptor config not found for property jasypt.encryptor.key-obtention-iterations, using default value: 1000
[2026-05-11 11:49:01.114] [INFO ] [restartedMain] c.u.j.c.StringEncryptorBuilder - Encryptor config not found for property jasypt.encryptor.pool-size, using default value: 1
[2026-05-11 11:49:01.114] [INFO ] [restartedMain] c.u.j.c.StringEncryptorBuilder - Encryptor config not found for property jasypt.encryptor.provider-name, using default value: null
[2026-05-11 11:49:01.114] [INFO ] [restartedMain] c.u.j.c.StringEncryptorBuilder - Encryptor config not found for property jasypt.encryptor.provider-class-name, using default value: null
[2026-05-11 11:49:01.114] [INFO ] [restartedMain] c.u.j.c.StringEncryptorBuilder - Encryptor config not found for property jasypt.encryptor.salt-generator-classname, using default value: org.jasypt.salt.RandomSaltGenerator
[2026-05-11 11:49:01.114] [INFO ] [restartedMain] c.u.j.c.StringEncryptorBuilder - Encryptor config not found for property jasypt.encryptor.string-output-type, using default value: base64
[2026-05-11 11:49:01.164] [INFO ] [restartedMain] o.a.c.loader.WebappClassLoaderBase - Illegal access: this web application instance has been stopped already. Could not load [mapper/]. The following stack trace is thrown for debugging purposes as well as to attempt to terminate the thread which caused the illegal access.
java.lang.IllegalStateException: Illegal access: this web application instance has been stopped already. Could not load [mapper/]. The following stack trace is thrown for debugging purposes as well as to attempt to terminate the thread which caused the illegal access.
	at org.apache.catalina.loader.WebappClassLoaderBase.checkStateForResourceLoading(WebappClassLoaderBase.java:1399)
	at org.apache.catalina.loader.WebappClassLoaderBase.getResource(WebappClassLoaderBase.java:987)
	at org.springframework.core.io.ClassPathResource.resolveURL(ClassPathResource.java:182)
	at org.springframework.core.io.ClassPathResource.getURL(ClassPathResource.java:228)
	at org.springframework.core.io.support.PathMatchingResourcePatternResolver.findPathMatchingResources(PathMatchingResourcePatternResolver.java:743)
	at org.springframework.core.io.support.PathMatchingResourcePatternResolver.getResources(PathMatchingResourcePatternResolver.java:394)
	at org.mybatis.spring.boot.autoconfigure.MybatisProperties.getResources(MybatisProperties.java:218)
	at org.mybatis.spring.boot.autoconfigure.MybatisProperties.lambda$resolveMapperLocations$0(MybatisProperties.java:213)
	at java.base/java.util.stream.ReferencePipeline$7$1.accept(ReferencePipeline.java:273)
	at java.base/java.util.Spliterators$ArraySpliterator.forEachRemaining(Spliterators.java:992)
	at java.base/java.util.stream.AbstractPipeline.copyInto(AbstractPipeline.java:509)
	at java.base/java.util.stream.AbstractPipeline.wrapAndCopyInto(AbstractPipeline.java:499)
	at java.base/java.util.stream.AbstractPipeline.evaluate(AbstractPipeline.java:575)
	at java.base/java.util.stream.AbstractPipeline.evaluateToArrayNode(AbstractPipeline.java:260)
	at java.base/java.util.stream.ReferencePipeline.toArray(ReferencePipeline.java:616)
	at org.mybatis.spring.boot.autoconfigure.MybatisProperties.resolveMapperLocations(MybatisProperties.java:213)
	at org.mybatis.spring.boot.autoconfigure.MybatisAutoConfiguration.sqlSessionFactory(MybatisAutoConfiguration.java:169)
	at java.base/jdk.internal.reflect.NativeMethodAccessorImpl.invoke0(Native Method)
	at java.base/jdk.internal.reflect.NativeMethodAccessorImpl.invoke(NativeMethodAccessorImpl.java:77)
	at java.base/jdk.internal.reflect.DelegatingMethodAccessorImpl.invoke(DelegatingMethodAccessorImpl.java:43)
	at java.base/java.lang.reflect.Method.invoke(Method.java:568)
	at org.springframework.beans.factory.support.SimpleInstantiationStrategy.lambda$instantiate$0(SimpleInstantiationStrategy.java:172)
	at org.springframework.beans.factory.support.SimpleInstantiationStrategy.instantiateWithFactoryMethod(SimpleInstantiationStrategy.java:89)
	at org.springframework.beans.factory.support.SimpleInstantiationStrategy.instantiate(SimpleInstantiationStrategy.java:169)
	at org.springframework.beans.factory.support.ConstructorResolver.instantiate(ConstructorResolver.java:653)
	at org.springframework.beans.factory.support.ConstructorResolver.instantiateUsingFactoryMethod(ConstructorResolver.java:645)
	at org.springframework.beans.factory.support.AbstractAutowireCapableBeanFactory.instantiateUsingFactoryMethod(AbstractAutowireCapableBeanFactory.java:1375)
	at org.springframework.beans.factory.support.AbstractAutowireCapableBeanFactory.createBeanInstance(AbstractAutowireCapableBeanFactory.java:1205)
	at org.springframework.beans.factory.support.AbstractAutowireCapableBeanFactory.doCreateBean(AbstractAutowireCapableBeanFactory.java:569)
	at org.springframework.beans.factory.support.AbstractAutowireCapableBeanFactory.createBean(AbstractAutowireCapableBeanFactory.java:529)
	at org.springframework.beans.factory.support.AbstractBeanFactory.lambda$doGetBean$0(AbstractBeanFactory.java:339)
	at org.springframework.beans.factory.support.DefaultSingletonBeanRegistry.getSingleton(DefaultSingletonBeanRegistry.java:373)
	at org.springframework.beans.factory.support.AbstractBeanFactory.doGetBean(AbstractBeanFactory.java:337)
	at org.springframework.beans.factory.support.AbstractBeanFactory.getBean(AbstractBeanFactory.java:202)
	at org.springframework.beans.factory.support.DefaultListableBeanFactory.doResolveDependency(DefaultListableBeanFactory.java:1698)
	at org.springframework.beans.factory.support.DefaultListableBeanFactory.resolveDependency(DefaultListableBeanFactory.java:1643)
	at org.springframework.beans.factory.support.ConstructorResolver.resolveAutowiredArgument(ConstructorResolver.java:913)
	at org.springframework.beans.factory.support.ConstructorResolver.createArgumentArray(ConstructorResolver.java:791)
	at org.springframework.beans.factory.support.ConstructorResolver.instantiateUsingFactoryMethod(ConstructorResolver.java:546)
	at org.springframework.beans.factory.support.AbstractAutowireCapableBeanFactory.instantiateUsingFactoryMethod(AbstractAutowireCapableBeanFactory.java:1375)
	at org.springframework.beans.factory.support.AbstractAutowireCapableBeanFactory.createBeanInstance(AbstractAutowireCapableBeanFactory.java:1205)
	at org.springframework.beans.factory.support.AbstractAutowireCapableBeanFactory.doCreateBean(AbstractAutowireCapableBeanFactory.java:569)
	at org.springframework.beans.factory.support.AbstractAutowireCapableBeanFactory.createBean(AbstractAutowireCapableBeanFactory.java:529)
	at org.springframework.beans.factory.support.AbstractBeanFactory.lambda$doGetBean$0(AbstractBeanFactory.java:339)
	at org.springframework.beans.factory.support.DefaultSingletonBeanRegistry.getSingleton(DefaultSingletonBeanRegistry.java:373)
	at org.springframework.beans.factory.support.AbstractBeanFactory.doGetBean(AbstractBeanFactory.java:337)
	at org.springframework.beans.factory.support.AbstractBeanFactory.getBean(AbstractBeanFactory.java:202)
	at org.springframework.beans.factory.support.BeanDefinitionValueResolver.resolveReference(BeanDefinitionValueResolver.java:365)
	at org.springframework.beans.factory.support.BeanDefinitionValueResolver.resolveValueIfNecessary(BeanDefinitionValueResolver.java:135)
	at org.springframework.beans.factory.support.AbstractAutowireCapableBeanFactory.applyPropertyValues(AbstractAutowireCapableBeanFactory.java:1725)
	at org.springframework.beans.factory.support.AbstractAutowireCapableBeanFactory.populateBean(AbstractAutowireCapableBeanFactory.java:1474)
	at org.springframework.beans.factory.support.AbstractAutowireCapableBeanFactory.doCreateBean(AbstractAutowireCapableBeanFactory.java:606)
	at org.springframework.beans.factory.support.AbstractAutowireCapableBeanFactory.createBean(AbstractAutowireCapableBeanFactory.java:529)
	at org.springframework.beans.factory.support.AbstractBeanFactory.lambda$doGetBean$0(AbstractBeanFactory.java:339)
	at org.springframework.beans.factory.support.DefaultSingletonBeanRegistry.getSingleton(DefaultSingletonBeanRegistry.java:373)
	at org.springframework.beans.factory.support.AbstractBeanFactory.doGetBean(AbstractBeanFactory.java:337)
	at org.springframework.beans.factory.support.AbstractBeanFactory.getBean(AbstractBeanFactory.java:202)
	at org.springframework.beans.factory.support.DefaultListableBeanFactory.doResolveDependency(DefaultListableBeanFactory.java:1698)
	at org.springframework.beans.factory.support.DefaultListableBeanFactory.resolveDependency(DefaultListableBeanFactory.java:1643)
	at org.springframework.beans.factory.support.ConstructorResolver.resolveAutowiredArgument(ConstructorResolver.java:913)
	at org.springframework.beans.factory.support.ConstructorResolver.createArgumentArray(ConstructorResolver.java:791)
	at org.springframework.beans.factory.support.ConstructorResolver.autowireConstructor(ConstructorResolver.java:240)
	at org.springframework.beans.factory.support.AbstractAutowireCapableBeanFactory.autowireConstructor(AbstractAutowireCapableBeanFactory.java:1395)
	at org.springframework.beans.factory.support.AbstractAutowireCapableBeanFactory.createBeanInstance(AbstractAutowireCapableBeanFactory.java:1232)
	at org.springframework.beans.factory.support.AbstractAutowireCapableBeanFactory.doCreateBean(AbstractAutowireCapableBeanFactory.java:569)
	at org.springframework.beans.factory.support.AbstractAutowireCapableBeanFactory.createBean(AbstractAutowireCapableBeanFactory.java:529)
	at org.springframework.beans.factory.support.AbstractBeanFactory.lambda$doGetBean$0(AbstractBeanFactory.java:339)
	at org.springframework.beans.factory.support.DefaultSingletonBeanRegistry.getSingleton(DefaultSingletonBeanRegistry.java:373)
	at org.springframework.beans.factory.support.AbstractBeanFactory.doGetBean(AbstractBeanFactory.java:337)
	at org.springframework.beans.factory.support.AbstractBeanFactory.getBean(AbstractBeanFactory.java:202)
	at org.springframework.beans.factory.support.DefaultListableBeanFactory.doResolveDependency(DefaultListableBeanFactory.java:1698)
	at org.springframework.beans.factory.support.DefaultListableBeanFactory.resolveDependency(DefaultListableBeanFactory.java:1643)
	at org.springframework.beans.factory.support.ConstructorResolver.resolveAutowiredArgument(ConstructorResolver.java:913)
	at org.springframework.beans.factory.support.ConstructorResolver.createArgumentArray(ConstructorResolver.java:791)
	at org.springframework.beans.factory.support.ConstructorResolver.autowireConstructor(ConstructorResolver.java:240)
	at org.springframework.beans.factory.support.AbstractAutowireCapableBeanFactory.autowireConstructor(AbstractAutowireCapableBeanFactory.java:1395)
	at org.springframework.beans.factory.support.AbstractAutowireCapableBeanFactory.createBeanInstance(AbstractAutowireCapableBeanFactory.java:1232)
	at org.springframework.beans.factory.support.AbstractAutowireCapableBeanFactory.doCreateBean(AbstractAutowireCapableBeanFactory.java:569)
	at org.springframework.beans.factory.support.AbstractAutowireCapableBeanFactory.createBean(AbstractAutowireCapableBeanFactory.java:529)
	at org.springframework.beans.factory.support.AbstractBeanFactory.lambda$doGetBean$0(AbstractBeanFactory.java:339)
	at org.springframework.beans.factory.support.DefaultSingletonBeanRegistry.getSingleton(DefaultSingletonBeanRegistry.java:373)
	at org.springframework.beans.factory.support.AbstractBeanFactory.doGetBean(AbstractBeanFactory.java:337)
	at org.springframework.beans.factory.support.AbstractBeanFactory.getBean(AbstractBeanFactory.java:207)
	at org.springframework.boot.web.servlet.ServletContextInitializerBeans.getOrderedBeansOfType(ServletContextInitializerBeans.java:230)
	at org.springframework.boot.web.servlet.ServletContextInitializerBeans.addAsRegistrationBean(ServletContextInitializerBeans.java:184)
	at org.springframework.boot.web.servlet.ServletContextInitializerBeans.addAsRegistrationBean(ServletContextInitializerBeans.java:179)
	at org.springframework.boot.web.servlet.ServletContextInitializerBeans.addAdaptableBeans(ServletContextInitializerBeans.java:164)
	at org.springframework.boot.web.servlet.ServletContextInitializerBeans.<init>(ServletContextInitializerBeans.java:96)
	at org.springframework.boot.web.servlet.context.ServletWebServerApplicationContext.getServletContextInitializerBeans(ServletWebServerApplicationContext.java:271)
	at org.springframework.boot.web.servlet.context.ServletWebServerApplicationContext.selfInitialize(ServletWebServerApplicationContext.java:245)
	at org.springframework.boot.web.embedded.tomcat.TomcatStarter.onStartup(TomcatStarter.java:52)
	at org.apache.catalina.core.StandardContext.startInternal(StandardContext.java:4464)
	at org.apache.catalina.util.LifecycleBase.start(LifecycleBase.java:164)
	at org.apache.catalina.core.ContainerBase$StartChild.call(ContainerBase.java:1203)
	at org.apache.catalina.core.ContainerBase$StartChild.call(ContainerBase.java:1193)
	at java.base/java.util.concurrent.FutureTask.run(FutureTask.java:264)
	at org.apache.tomcat.util.threads.InlineExecutorService.execute(InlineExecutorService.java:81)
	at java.base/java.util.concurrent.AbstractExecutorService.submit(AbstractExecutorService.java:145)
	at org.apache.catalina.core.ContainerBase.startInternal(ContainerBase.java:749)
	at org.apache.catalina.core.StandardHost.startInternal(StandardHost.java:773)
	at org.apache.catalina.util.LifecycleBase.start(LifecycleBase.java:164)
	at org.apache.catalina.core.ContainerBase$StartChild.call(ContainerBase.java:1203)
	at org.apache.catalina.core.ContainerBase$StartChild.call(ContainerBase.java:1193)
	at java.base/java.util.concurrent.FutureTask.run(FutureTask.java:264)
	at org.apache.tomcat.util.threads.InlineExecutorService.execute(InlineExecutorService.java:81)
	at java.base/java.util.concurrent.AbstractExecutorService.submit(AbstractExecutorService.java:145)
	at org.apache.catalina.core.ContainerBase.startInternal(ContainerBase.java:749)
	at org.apache.catalina.core.StandardEngine.startInternal(StandardEngine.java:203)
	at org.apache.catalina.util.LifecycleBase.start(LifecycleBase.java:164)
	at org.apache.catalina.core.StandardService.startInternal(StandardService.java:412)
	at org.apache.catalina.util.LifecycleBase.start(LifecycleBase.java:164)
	at org.apache.catalina.core.StandardServer.startInternal(StandardServer.java:870)
	at org.apache.catalina.util.LifecycleBase.start(LifecycleBase.java:164)
	at org.apache.catalina.startup.Tomcat.start(Tomcat.java:438)
	at org.springframework.boot.web.embedded.tomcat.TomcatWebServer.initialize(TomcatWebServer.java:128)
	at org.springframework.boot.web.embedded.tomcat.TomcatWebServer.<init>(TomcatWebServer.java:107)
	at org.springframework.boot.web.embedded.tomcat.TomcatServletWebServerFactory.getTomcatWebServer(TomcatServletWebServerFactory.java:517)
	at org.springframework.boot.web.embedded.tomcat.TomcatServletWebServerFactory.getWebServer(TomcatServletWebServerFactory.java:219)
	at org.springframework.boot.web.servlet.context.ServletWebServerApplicationContext.createWebServer(ServletWebServerApplicationContext.java:193)
	at org.springframework.boot.web.servlet.context.ServletWebServerApplicationContext.onRefresh(ServletWebServerApplicationContext.java:167)
	at org.springframework.context.support.AbstractApplicationContext.refresh(AbstractApplicationContext.java:621)
	at org.springframework.boot.web.servlet.context.ServletWebServerApplicationContext.refresh(ServletWebServerApplicationContext.java:146)
	at org.springframework.boot.SpringApplication.refresh(SpringApplication.java:752)
	at org.springframework.boot.SpringApplication.refreshContext(SpringApplication.java:439)
	at org.springframework.boot.SpringApplication.run(SpringApplication.java:318)
	at org.springframework.boot.SpringApplication.run(SpringApplication.java:1361)
	at org.springframework.boot.SpringApplication.run(SpringApplication.java:1350)
	at com.sqld_board.sqld.SqldApplication.main(SqldApplication.java:17)
	at java.base/jdk.internal.reflect.NativeMethodAccessorImpl.invoke0(Native Method)
	at java.base/jdk.internal.reflect.NativeMethodAccessorImpl.invoke(NativeMethodAccessorImpl.java:77)
	at java.base/jdk.internal.reflect.DelegatingMethodAccessorImpl.invoke(DelegatingMethodAccessorImpl.java:43)
	at java.base/java.lang.reflect.Method.invoke(Method.java:568)
	at org.springframework.boot.devtools.restart.RestartLauncher.run(RestartLauncher.java:50)
[2026-05-11 11:49:01.166] [ERROR] [restartedMain] o.s.b.w.e.tomcat.TomcatStarter - Error starting Tomcat context. Exception: org.springframework.beans.factory.UnsatisfiedDependencyException. Message: Error creating bean with name 'jwtAuthenticationFilter' defined in file [/Users/minboklee/Downloads/sqld/build/classes/java/main/com/sqld_board/sqld/config/security/JwtAuthenticationFilter.class]: Unsatisfied dependency expressed through constructor parameter 1: Error creating bean with name 'customUserDetailService' defined in file [/Users/minboklee/Downloads/sqld/build/classes/java/main/com/sqld_board/sqld/config/security/CustomUserDetailService.class]: Unsatisfied dependency expressed through constructor parameter 0: Error creating bean with name 'memberMapper' defined in file [/Users/minboklee/Downloads/sqld/build/classes/java/main/com/sqld_board/sqld/mapper/MemberMapper.class]: Cannot resolve reference to bean 'sqlSessionTemplate' while setting bean property 'sqlSessionTemplate'
[2026-05-11 11:49:01.166] [INFO ] [restartedMain] o.a.catalina.core.StandardService - Stopping service [Tomcat]
[2026-05-11 11:49:01.167] [WARN ] [restartedMain] o.s.b.w.s.c.AnnotationConfigServletWebServerApplicationContext - Exception encountered during context initialization - cancelling refresh attempt: org.springframework.context.ApplicationContextException: Unable to start web server
[2026-05-11 11:49:01.172] [INFO ] [restartedMain] o.s.b.a.l.ConditionEvaluationReportLogger - 

Error starting ApplicationContext. To display the condition evaluation report re-run your application with 'debug' enabled.
[2026-05-11 11:49:01.185] [ERROR] [restartedMain] o.s.boot.SpringApplication - Application run failed
org.springframework.context.ApplicationContextException: Unable to start web server
	at org.springframework.boot.web.servlet.context.ServletWebServerApplicationContext.onRefresh(ServletWebServerApplicationContext.java:170)
	at org.springframework.context.support.AbstractApplicationContext.refresh(AbstractApplicationContext.java:621)
	at org.springframework.boot.web.servlet.context.ServletWebServerApplicationContext.refresh(ServletWebServerApplicationContext.java:146)
	at org.springframework.boot.SpringApplication.refresh(SpringApplication.java:752)
	at org.springframework.boot.SpringApplication.refreshContext(SpringApplication.java:439)
	at org.springframework.boot.SpringApplication.run(SpringApplication.java:318)
	at org.springframework.boot.SpringApplication.run(SpringApplication.java:1361)
	at org.springframework.boot.SpringApplication.run(SpringApplication.java:1350)
	at com.sqld_board.sqld.SqldApplication.main(SqldApplication.java:17)
	at java.base/jdk.internal.reflect.NativeMethodAccessorImpl.invoke0(Native Method)
	at java.base/jdk.internal.reflect.NativeMethodAccessorImpl.invoke(NativeMethodAccessorImpl.java:77)
	at java.base/jdk.internal.reflect.DelegatingMethodAccessorImpl.invoke(DelegatingMethodAccessorImpl.java:43)
	at java.base/java.lang.reflect.Method.invoke(Method.java:568)
	at org.springframework.boot.devtools.restart.RestartLauncher.run(RestartLauncher.java:50)
Caused by: org.springframework.boot.web.server.WebServerException: Unable to start embedded Tomcat
	at org.springframework.boot.web.embedded.tomcat.TomcatWebServer.initialize(TomcatWebServer.java:147)
	at org.springframework.boot.web.embedded.tomcat.TomcatWebServer.<init>(TomcatWebServer.java:107)
	at org.springframework.boot.web.embedded.tomcat.TomcatServletWebServerFactory.getTomcatWebServer(TomcatServletWebServerFactory.java:517)
	at org.springframework.boot.web.embedded.tomcat.TomcatServletWebServerFactory.getWebServer(TomcatServletWebServerFactory.java:219)
	at org.springframework.boot.web.servlet.context.ServletWebServerApplicationContext.createWebServer(ServletWebServerApplicationContext.java:193)
	at org.springframework.boot.web.servlet.context.ServletWebServerApplicationContext.onRefresh(ServletWebServerApplicationContext.java:167)
	... 13 common frames omitted
Caused by: org.springframework.beans.factory.UnsatisfiedDependencyException: Error creating bean with name 'jwtAuthenticationFilter' defined in file [/Users/minboklee/Downloads/sqld/build/classes/java/main/com/sqld_board/sqld/config/security/JwtAuthenticationFilter.class]: Unsatisfied dependency expressed through constructor parameter 1: Error creating bean with name 'customUserDetailService' defined in file [/Users/minboklee/Downloads/sqld/build/classes/java/main/com/sqld_board/sqld/config/security/CustomUserDetailService.class]: Unsatisfied dependency expressed through constructor parameter 0: Error creating bean with name 'memberMapper' defined in file [/Users/minboklee/Downloads/sqld/build/classes/java/main/com/sqld_board/sqld/mapper/MemberMapper.class]: Cannot resolve reference to bean 'sqlSessionTemplate' while setting bean property 'sqlSessionTemplate'
	at org.springframework.beans.factory.support.ConstructorResolver.createArgumentArray(ConstructorResolver.java:804)
	at org.springframework.beans.factory.support.ConstructorResolver.autowireConstructor(ConstructorResolver.java:240)
	at org.springframework.beans.factory.support.AbstractAutowireCapableBeanFactory.autowireConstructor(AbstractAutowireCapableBeanFactory.java:1395)
	at org.springframework.beans.factory.support.AbstractAutowireCapableBeanFactory.createBeanInstance(AbstractAutowireCapableBeanFactory.java:1232)
	at org.springframework.beans.factory.support.AbstractAutowireCapableBeanFactory.doCreateBean(AbstractAutowireCapableBeanFactory.java:569)
	at org.springframework.beans.factory.support.AbstractAutowireCapableBeanFactory.createBean(AbstractAutowireCapableBeanFactory.java:529)
	at org.springframework.beans.factory.support.AbstractBeanFactory.lambda$doGetBean$0(AbstractBeanFactory.java:339)
	at org.springframework.beans.factory.support.DefaultSingletonBeanRegistry.getSingleton(DefaultSingletonBeanRegistry.java:373)
	at org.springframework.beans.factory.support.AbstractBeanFactory.doGetBean(AbstractBeanFactory.java:337)
	at org.springframework.beans.factory.support.AbstractBeanFactory.getBean(AbstractBeanFactory.java:207)
	at org.springframework.boot.web.servlet.ServletContextInitializerBeans.getOrderedBeansOfType(ServletContextInitializerBeans.java:230)
	at org.springframework.boot.web.servlet.ServletContextInitializerBeans.addAsRegistrationBean(ServletContextInitializerBeans.java:184)
	at org.springframework.boot.web.servlet.ServletContextInitializerBeans.addAsRegistrationBean(ServletContextInitializerBeans.java:179)
	at org.springframework.boot.web.servlet.ServletContextInitializerBeans.addAdaptableBeans(ServletContextInitializerBeans.java:164)
	at org.springframework.boot.web.servlet.ServletContextInitializerBeans.<init>(ServletContextInitializerBeans.java:96)
	at org.springframework.boot.web.servlet.context.ServletWebServerApplicationContext.getServletContextInitializerBeans(ServletWebServerApplicationContext.java:271)
	at org.springframework.boot.web.servlet.context.ServletWebServerApplicationContext.selfInitialize(ServletWebServerApplicationContext.java:245)
	at org.springframework.boot.web.embedded.tomcat.TomcatStarter.onStartup(TomcatStarter.java:52)
	at org.apache.catalina.core.StandardContext.startInternal(StandardContext.java:4464)
	at org.apache.catalina.util.LifecycleBase.start(LifecycleBase.java:164)
	at org.apache.catalina.core.ContainerBase$StartChild.call(ContainerBase.java:1203)
	at org.apache.catalina.core.ContainerBase$StartChild.call(ContainerBase.java:1193)
	at java.base/java.util.concurrent.FutureTask.run(FutureTask.java:264)
	at org.apache.tomcat.util.threads.InlineExecutorService.execute(InlineExecutorService.java:81)
	at java.base/java.util.concurrent.AbstractExecutorService.submit(AbstractExecutorService.java:145)
	at org.apache.catalina.core.ContainerBase.startInternal(ContainerBase.java:749)
	at org.apache.catalina.core.StandardHost.startInternal(StandardHost.java:773)
	at org.apache.catalina.util.LifecycleBase.start(LifecycleBase.java:164)
	at org.apache.catalina.core.ContainerBase$StartChild.call(ContainerBase.java:1203)
	at org.apache.catalina.core.ContainerBase$StartChild.call(ContainerBase.java:1193)
	at java.base/java.util.concurrent.FutureTask.run(FutureTask.java:264)
	at org.apache.tomcat.util.threads.InlineExecutorService.execute(InlineExecutorService.java:81)
	at java.base/java.util.concurrent.AbstractExecutorService.submit(AbstractExecutorService.java:145)
	at org.apache.catalina.core.ContainerBase.startInternal(ContainerBase.java:749)
	at org.apache.catalina.core.StandardEngine.startInternal(StandardEngine.java:203)
	at org.apache.catalina.util.LifecycleBase.start(LifecycleBase.java:164)
	at org.apache.catalina.core.StandardService.startInternal(StandardService.java:412)
	at org.apache.catalina.util.LifecycleBase.start(LifecycleBase.java:164)
	at org.apache.catalina.core.StandardServer.startInternal(StandardServer.java:870)
	at org.apache.catalina.util.LifecycleBase.start(LifecycleBase.java:164)
	at org.apache.catalina.startup.Tomcat.start(Tomcat.java:438)
	at org.springframework.boot.web.embedded.tomcat.TomcatWebServer.initialize(TomcatWebServer.java:128)
	... 18 common frames omitted
Caused by: org.springframework.beans.factory.UnsatisfiedDependencyException: Error creating bean with name 'customUserDetailService' defined in file [/Users/minboklee/Downloads/sqld/build/classes/java/main/com/sqld_board/sqld/config/security/CustomUserDetailService.class]: Unsatisfied dependency expressed through constructor parameter 0: Error creating bean with name 'memberMapper' defined in file [/Users/minboklee/Downloads/sqld/build/classes/java/main/com/sqld_board/sqld/mapper/MemberMapper.class]: Cannot resolve reference to bean 'sqlSessionTemplate' while setting bean property 'sqlSessionTemplate'
	at org.springframework.beans.factory.support.ConstructorResolver.createArgumentArray(ConstructorResolver.java:804)
	at org.springframework.beans.factory.support.ConstructorResolver.autowireConstructor(ConstructorResolver.java:240)
	at org.springframework.beans.factory.support.AbstractAutowireCapableBeanFactory.autowireConstructor(AbstractAutowireCapableBeanFactory.java:1395)
	at org.springframework.beans.factory.support.AbstractAutowireCapableBeanFactory.createBeanInstance(AbstractAutowireCapableBeanFactory.java:1232)
	at org.springframework.beans.factory.support.AbstractAutowireCapableBeanFactory.doCreateBean(AbstractAutowireCapableBeanFactory.java:569)
	at org.springframework.beans.factory.support.AbstractAutowireCapableBeanFactory.createBean(AbstractAutowireCapableBeanFactory.java:529)
	at org.springframework.beans.factory.support.AbstractBeanFactory.lambda$doGetBean$0(AbstractBeanFactory.java:339)
	at org.springframework.beans.factory.support.DefaultSingletonBeanRegistry.getSingleton(DefaultSingletonBeanRegistry.java:373)
	at org.springframework.beans.factory.support.AbstractBeanFactory.doGetBean(AbstractBeanFactory.java:337)
	at org.springframework.beans.factory.support.AbstractBeanFactory.getBean(AbstractBeanFactory.java:202)
	at org.springframework.beans.factory.support.DefaultListableBeanFactory.doResolveDependency(DefaultListableBeanFactory.java:1698)
	at org.springframework.beans.factory.support.DefaultListableBeanFactory.resolveDependency(DefaultListableBeanFactory.java:1643)
	at org.springframework.beans.factory.support.ConstructorResolver.resolveAutowiredArgument(ConstructorResolver.java:913)
	at org.springframework.beans.factory.support.ConstructorResolver.createArgumentArray(ConstructorResolver.java:791)
	... 59 common frames omitted
Caused by: org.springframework.beans.factory.BeanCreationException: Error creating bean with name 'memberMapper' defined in file [/Users/minboklee/Downloads/sqld/build/classes/java/main/com/sqld_board/sqld/mapper/MemberMapper.class]: Cannot resolve reference to bean 'sqlSessionTemplate' while setting bean property 'sqlSessionTemplate'
	at org.springframework.beans.factory.support.BeanDefinitionValueResolver.resolveReference(BeanDefinitionValueResolver.java:377)
	at org.springframework.beans.factory.support.BeanDefinitionValueResolver.resolveValueIfNecessary(BeanDefinitionValueResolver.java:135)
	at org.springframework.beans.factory.support.AbstractAutowireCapableBeanFactory.applyPropertyValues(AbstractAutowireCapableBeanFactory.java:1725)
	at org.springframework.beans.factory.support.AbstractAutowireCapableBeanFactory.populateBean(AbstractAutowireCapableBeanFactory.java:1474)
	at org.springframework.beans.factory.support.AbstractAutowireCapableBeanFactory.doCreateBean(AbstractAutowireCapableBeanFactory.java:606)
	at org.springframework.beans.factory.support.AbstractAutowireCapableBeanFactory.createBean(AbstractAutowireCapableBeanFactory.java:529)
	at org.springframework.beans.factory.support.AbstractBeanFactory.lambda$doGetBean$0(AbstractBeanFactory.java:339)
	at org.springframework.beans.factory.support.DefaultSingletonBeanRegistry.getSingleton(DefaultSingletonBeanRegistry.java:373)
	at org.springframework.beans.factory.support.AbstractBeanFactory.doGetBean(AbstractBeanFactory.java:337)
	at org.springframework.beans.factory.support.AbstractBeanFactory.getBean(AbstractBeanFactory.java:202)
	at org.springframework.beans.factory.support.DefaultListableBeanFactory.doResolveDependency(DefaultListableBeanFactory.java:1698)
	at org.springframework.beans.factory.support.DefaultListableBeanFactory.resolveDependency(DefaultListableBeanFactory.java:1643)
	at org.springframework.beans.factory.support.ConstructorResolver.resolveAutowiredArgument(ConstructorResolver.java:913)
	at org.springframework.beans.factory.support.ConstructorResolver.createArgumentArray(ConstructorResolver.java:791)
	... 72 common frames omitted
Caused by: org.springframework.beans.factory.UnsatisfiedDependencyException: Error creating bean with name 'sqlSessionTemplate' defined in class path resource [org/mybatis/spring/boot/autoconfigure/MybatisAutoConfiguration.class]: Unsatisfied dependency expressed through method 'sqlSessionTemplate' parameter 0: Error creating bean with name 'sqlSessionFactory' defined in class path resource [org/mybatis/spring/boot/autoconfigure/MybatisAutoConfiguration.class]: Failed to instantiate [org.apache.ibatis.session.SqlSessionFactory]: Factory method 'sqlSessionFactory' threw exception with message: Illegal access: this web application instance has been stopped already. Could not load [mapper/]. The following stack trace is thrown for debugging purposes as well as to attempt to terminate the thread which caused the illegal access.
	at org.springframework.beans.factory.support.ConstructorResolver.createArgumentArray(ConstructorResolver.java:804)
	at org.springframework.beans.factory.support.ConstructorResolver.instantiateUsingFactoryMethod(ConstructorResolver.java:546)
	at org.springframework.beans.factory.support.AbstractAutowireCapableBeanFactory.instantiateUsingFactoryMethod(AbstractAutowireCapableBeanFactory.java:1375)
	at org.springframework.beans.factory.support.AbstractAutowireCapableBeanFactory.createBeanInstance(AbstractAutowireCapableBeanFactory.java:1205)
	at org.springframework.beans.factory.support.AbstractAutowireCapableBeanFactory.doCreateBean(AbstractAutowireCapableBeanFactory.java:569)
	at org.springframework.beans.factory.support.AbstractAutowireCapableBeanFactory.createBean(AbstractAutowireCapableBeanFactory.java:529)
	at org.springframework.beans.factory.support.AbstractBeanFactory.lambda$doGetBean$0(AbstractBeanFactory.java:339)
	at org.springframework.beans.factory.support.DefaultSingletonBeanRegistry.getSingleton(DefaultSingletonBeanRegistry.java:373)
	at org.springframework.beans.factory.support.AbstractBeanFactory.doGetBean(AbstractBeanFactory.java:337)
	at org.springframework.beans.factory.support.AbstractBeanFactory.getBean(AbstractBeanFactory.java:202)
	at org.springframework.beans.factory.support.BeanDefinitionValueResolver.resolveReference(BeanDefinitionValueResolver.java:365)
	... 85 common frames omitted
Caused by: org.springframework.beans.factory.BeanCreationException: Error creating bean with name 'sqlSessionFactory' defined in class path resource [org/mybatis/spring/boot/autoconfigure/MybatisAutoConfiguration.class]: Failed to instantiate [org.apache.ibatis.session.SqlSessionFactory]: Factory method 'sqlSessionFactory' threw exception with message: Illegal access: this web application instance has been stopped already. Could not load [mapper/]. The following stack trace is thrown for debugging purposes as well as to attempt to terminate the thread which caused the illegal access.
	at org.springframework.beans.factory.support.ConstructorResolver.instantiate(ConstructorResolver.java:657)
	at org.springframework.beans.factory.support.ConstructorResolver.instantiateUsingFactoryMethod(ConstructorResolver.java:645)
	at org.springframework.beans.factory.support.AbstractAutowireCapableBeanFactory.instantiateUsingFactoryMethod(AbstractAutowireCapableBeanFactory.java:1375)
	at org.springframework.beans.factory.support.AbstractAutowireCapableBeanFactory.createBeanInstance(AbstractAutowireCapableBeanFactory.java:1205)
	at org.springframework.beans.factory.support.AbstractAutowireCapableBeanFactory.doCreateBean(AbstractAutowireCapableBeanFactory.java:569)
	at org.springframework.beans.factory.support.AbstractAutowireCapableBeanFactory.createBean(AbstractAutowireCapableBeanFactory.java:529)
	at org.springframework.beans.factory.support.AbstractBeanFactory.lambda$doGetBean$0(AbstractBeanFactory.java:339)
	at org.springframework.beans.factory.support.DefaultSingletonBeanRegistry.getSingleton(DefaultSingletonBeanRegistry.java:373)
	at org.springframework.beans.factory.support.AbstractBeanFactory.doGetBean(AbstractBeanFactory.java:337)
	at org.springframework.beans.factory.support.AbstractBeanFactory.getBean(AbstractBeanFactory.java:202)
	at org.springframework.beans.factory.support.DefaultListableBeanFactory.doResolveDependency(DefaultListableBeanFactory.java:1698)
	at org.springframework.beans.factory.support.DefaultListableBeanFactory.resolveDependency(DefaultListableBeanFactory.java:1643)
	at org.springframework.beans.factory.support.ConstructorResolver.resolveAutowiredArgument(ConstructorResolver.java:913)
	at org.springframework.beans.factory.support.ConstructorResolver.createArgumentArray(ConstructorResolver.java:791)
	... 95 common frames omitted
Caused by: org.springframework.beans.BeanInstantiationException: Failed to instantiate [org.apache.ibatis.session.SqlSessionFactory]: Factory method 'sqlSessionFactory' threw exception with message: Illegal access: this web application instance has been stopped already. Could not load [mapper/]. The following stack trace is thrown for debugging purposes as well as to attempt to terminate the thread which caused the illegal access.
	at org.springframework.beans.factory.support.SimpleInstantiationStrategy.lambda$instantiate$0(SimpleInstantiationStrategy.java:200)
	at org.springframework.beans.factory.support.SimpleInstantiationStrategy.instantiateWithFactoryMethod(SimpleInstantiationStrategy.java:89)
	at org.springframework.beans.factory.support.SimpleInstantiationStrategy.instantiate(SimpleInstantiationStrategy.java:169)
	at org.springframework.beans.factory.support.ConstructorResolver.instantiate(ConstructorResolver.java:653)
	... 108 common frames omitted
Caused by: java.lang.IllegalStateException: Illegal access: this web application instance has been stopped already. Could not load [mapper/]. The following stack trace is thrown for debugging purposes as well as to attempt to terminate the thread which caused the illegal access.
	at org.apache.catalina.loader.WebappClassLoaderBase.checkStateForResourceLoading(WebappClassLoaderBase.java:1399)
	at org.apache.catalina.loader.WebappClassLoaderBase.getResource(WebappClassLoaderBase.java:987)
	at org.springframework.core.io.ClassPathResource.resolveURL(ClassPathResource.java:182)
	at org.springframework.core.io.ClassPathResource.getURL(ClassPathResource.java:228)
	at org.springframework.core.io.support.PathMatchingResourcePatternResolver.findPathMatchingResources(PathMatchingResourcePatternResolver.java:743)
	at org.springframework.core.io.support.PathMatchingResourcePatternResolver.getResources(PathMatchingResourcePatternResolver.java:394)
	at org.mybatis.spring.boot.autoconfigure.MybatisProperties.getResources(MybatisProperties.java:218)
	at org.mybatis.spring.boot.autoconfigure.MybatisProperties.lambda$resolveMapperLocations$0(MybatisProperties.java:213)
	at java.base/java.util.stream.ReferencePipeline$7$1.accept(ReferencePipeline.java:273)
	at java.base/java.util.Spliterators$ArraySpliterator.forEachRemaining(Spliterators.java:992)
	at java.base/java.util.stream.AbstractPipeline.copyInto(AbstractPipeline.java:509)
	at java.base/java.util.stream.AbstractPipeline.wrapAndCopyInto(AbstractPipeline.java:499)
	at java.base/java.util.stream.AbstractPipeline.evaluate(AbstractPipeline.java:575)
	at java.base/java.util.stream.AbstractPipeline.evaluateToArrayNode(AbstractPipeline.java:260)
	at java.base/java.util.stream.ReferencePipeline.toArray(ReferencePipeline.java:616)
	at org.mybatis.spring.boot.autoconfigure.MybatisProperties.resolveMapperLocations(MybatisProperties.java:213)
	at org.mybatis.spring.boot.autoconfigure.MybatisAutoConfiguration.sqlSessionFactory(MybatisAutoConfiguration.java:169)
	at java.base/jdk.internal.reflect.NativeMethodAccessorImpl.invoke0(Native Method)
	at java.base/jdk.internal.reflect.NativeMethodAccessorImpl.invoke(NativeMethodAccessorImpl.java:77)
	at java.base/jdk.internal.reflect.DelegatingMethodAccessorImpl.invoke(DelegatingMethodAccessorImpl.java:43)
	at java.base/java.lang.reflect.Method.invoke(Method.java:568)
	at org.springframework.beans.factory.support.SimpleInstantiationStrategy.lambda$instantiate$0(SimpleInstantiationStrategy.java:172)
	... 111 common frames omitted
[2026-05-11 11:57:44.901] [INFO ] [background-preinit] o.h.validator.internal.util.Version - HV000001: Hibernate Validator 8.0.3.Final
[2026-05-11 11:57:44.921] [INFO ] [restartedMain] com.sqld_board.sqld.SqldApplication - Starting SqldApplication using Java 17.0.11 with PID 29498 (/Users/minboklee/Downloads/sqld/build/classes/java/main started by minboklee in /Users/minboklee/Downloads/sqld)
[2026-05-11 11:57:44.921] [INFO ] [restartedMain] com.sqld_board.sqld.SqldApplication - The following 1 profile is active: "dev"
[2026-05-11 11:57:44.939] [INFO ] [restartedMain] o.s.b.d.restart.ChangeableUrls - The Class-Path manifest attribute in /Users/minboklee/.gradle/caches/modules-2/files-2.1/com.oracle.database.jdbc/ojdbc11/23.7.0.25.01/665f52abef9122ce003b5cfc1d9d44f7302e2cfe/ojdbc11-23.7.0.25.01.jar referenced one or more files that do not exist: file:/Users/minboklee/.gradle/caches/modules-2/files-2.1/com.oracle.database.jdbc/ojdbc11/23.7.0.25.01/665f52abef9122ce003b5cfc1d9d44f7302e2cfe/oraclepki.jar
[2026-05-11 11:57:44.939] [INFO ] [restartedMain] o.s.b.d.e.DevToolsPropertyDefaultsPostProcessor - Devtools property defaults active! Set 'spring.devtools.add-properties' to 'false' to disable
[2026-05-11 11:57:44.939] [INFO ] [restartedMain] o.s.b.d.e.DevToolsPropertyDefaultsPostProcessor - For additional web related logging consider setting the 'logging.level.web' property to 'DEBUG'
[2026-05-11 11:57:45.466] [INFO ] [restartedMain] o.s.d.r.c.RepositoryConfigurationDelegate - Multiple Spring Data modules found, entering strict repository configuration mode
[2026-05-11 11:57:45.467] [INFO ] [restartedMain] o.s.d.r.c.RepositoryConfigurationDelegate - Bootstrapping Spring Data Redis repositories in DEFAULT mode.
[2026-05-11 11:57:45.483] [INFO ] [restartedMain] o.s.d.r.c.RepositoryConfigurationDelegate - Finished Spring Data repository scanning in 8 ms. Found 0 Redis repository interfaces.
[2026-05-11 11:57:45.640] [INFO ] [restartedMain] c.u.j.c.EnableEncryptablePropertiesBeanFactoryPostProcessor - Post-processing PropertySource instances
[2026-05-11 11:57:45.640] [INFO ] [restartedMain] c.u.j.EncryptablePropertySourceConverter - Skipping PropertySource configurationProperties [class org.springframework.boot.context.properties.source.ConfigurationPropertySourcesPropertySource
[2026-05-11 11:57:45.640] [INFO ] [restartedMain] c.u.j.EncryptablePropertySourceConverter - Skipping PropertySource servletConfigInitParams [class org.springframework.core.env.PropertySource$StubPropertySource
[2026-05-11 11:57:45.640] [INFO ] [restartedMain] c.u.j.EncryptablePropertySourceConverter - Skipping PropertySource servletContextInitParams [class org.springframework.core.env.PropertySource$StubPropertySource
[2026-05-11 11:57:45.640] [INFO ] [restartedMain] c.u.j.EncryptablePropertySourceConverter - Converting PropertySource systemProperties [org.springframework.core.env.PropertiesPropertySource] to EncryptableMapPropertySourceWrapper
[2026-05-11 11:57:45.641] [INFO ] [restartedMain] c.u.j.EncryptablePropertySourceConverter - Converting PropertySource systemEnvironment [org.springframework.boot.env.SystemEnvironmentPropertySourceEnvironmentPostProcessor$OriginAwareSystemEnvironmentPropertySource] to EncryptableSystemEnvironmentPropertySourceWrapper
[2026-05-11 11:57:45.641] [INFO ] [restartedMain] c.u.j.EncryptablePropertySourceConverter - Converting PropertySource random [org.springframework.boot.env.RandomValuePropertySource] to EncryptablePropertySourceWrapper
[2026-05-11 11:57:45.641] [INFO ] [restartedMain] c.u.j.EncryptablePropertySourceConverter - Converting PropertySource Config resource 'class path resource [application-dev.yml]' via location 'optional:classpath:/' [org.springframework.boot.env.OriginTrackedMapPropertySource] to EncryptableMapPropertySourceWrapper
[2026-05-11 11:57:45.641] [INFO ] [restartedMain] c.u.j.EncryptablePropertySourceConverter - Converting PropertySource Config resource 'class path resource [application.yml]' via location 'optional:classpath:/' [org.springframework.boot.env.OriginTrackedMapPropertySource] to EncryptableMapPropertySourceWrapper
[2026-05-11 11:57:45.641] [INFO ] [restartedMain] c.u.j.EncryptablePropertySourceConverter - Converting PropertySource devtools [org.springframework.core.env.MapPropertySource] to EncryptableMapPropertySourceWrapper
[2026-05-11 11:57:45.641] [INFO ] [restartedMain] c.u.j.EncryptablePropertySourceConverter - Converting PropertySource applicationInfo [org.springframework.boot.ApplicationInfoPropertySource] to EncryptableMapPropertySourceWrapper
[2026-05-11 11:57:45.652] [INFO ] [restartedMain] c.u.j.f.DefaultLazyPropertyFilter - Property Filter custom Bean not found with name 'encryptablePropertyFilter'. Initializing Default Property Filter
[2026-05-11 11:57:45.656] [INFO ] [restartedMain] c.u.j.r.DefaultLazyPropertyResolver - Property Resolver custom Bean not found with name 'encryptablePropertyResolver'. Initializing Default Property Resolver
[2026-05-11 11:57:45.656] [INFO ] [restartedMain] c.u.j.d.DefaultLazyPropertyDetector - Property Detector custom Bean not found with name 'encryptablePropertyDetector'. Initializing Default Property Detector
[2026-05-11 11:57:45.908] [INFO ] [restartedMain] o.s.b.w.e.tomcat.TomcatWebServer - Tomcat initialized with port 8881 (http)
[2026-05-11 11:57:45.914] [INFO ] [restartedMain] o.a.coyote.http11.Http11NioProtocol - Initializing ProtocolHandler ["http-nio-8881"]
[2026-05-11 11:57:45.915] [INFO ] [restartedMain] o.a.catalina.core.StandardService - Starting service [Tomcat]
[2026-05-11 11:57:45.915] [INFO ] [restartedMain] o.a.catalina.core.StandardEngine - Starting Servlet engine: [Apache Tomcat/10.1.46]
[2026-05-11 11:57:45.934] [INFO ] [restartedMain] o.a.c.c.C.[Tomcat].[localhost].[/] - Initializing Spring embedded WebApplicationContext
[2026-05-11 11:57:45.934] [INFO ] [restartedMain] o.s.b.w.s.c.ServletWebServerApplicationContext - Root WebApplicationContext: initialization completed in 995 ms
[2026-05-11 11:57:45.947] [INFO ] [restartedMain] c.u.j.encryptor.DefaultLazyEncryptor - String Encryptor custom Bean not found with name 'jasyptStringEncryptor'. Initializing Default String Encryptor
[2026-05-11 11:57:45.951] [INFO ] [restartedMain] c.u.j.c.StringEncryptorBuilder - Encryptor config not found for property jasypt.encryptor.key-obtention-iterations, using default value: 1000
[2026-05-11 11:57:45.951] [INFO ] [restartedMain] c.u.j.c.StringEncryptorBuilder - Encryptor config not found for property jasypt.encryptor.pool-size, using default value: 1
[2026-05-11 11:57:45.951] [INFO ] [restartedMain] c.u.j.c.StringEncryptorBuilder - Encryptor config not found for property jasypt.encryptor.provider-name, using default value: null
[2026-05-11 11:57:45.952] [INFO ] [restartedMain] c.u.j.c.StringEncryptorBuilder - Encryptor config not found for property jasypt.encryptor.provider-class-name, using default value: null
[2026-05-11 11:57:45.952] [INFO ] [restartedMain] c.u.j.c.StringEncryptorBuilder - Encryptor config not found for property jasypt.encryptor.salt-generator-classname, using default value: org.jasypt.salt.RandomSaltGenerator
[2026-05-11 11:57:45.952] [INFO ] [restartedMain] c.u.j.c.StringEncryptorBuilder - Encryptor config not found for property jasypt.encryptor.string-output-type, using default value: base64
[2026-05-11 11:57:46.745] [INFO ] [restartedMain] o.s.s.c.a.a.c.InitializeUserDetailsBeanManagerConfigurer$InitializeUserDetailsManagerConfigurer - Global AuthenticationManager configured with UserDetailsService bean with name customUserDetailService
[2026-05-11 11:57:46.767] [INFO ] [restartedMain] c.s.s.c.s.CustomSecurityConfig - ********* Security Config Loading: WebSocket Support Added
[2026-05-11 11:57:46.819] [WARN ] [restartedMain] o.s.s.c.a.w.b.WebSecurity$IgnoredRequestConfigurer - One of the patterns in [/demo-ui.html, /swagger-ui/**, /api-docs/**, /swagger-resources/**, /webjars/**, ws-stomp] is missing a leading slash. This is discouraged; please include the leading slash in all your request matcher patterns. In future versions of Spring Security, leaving out the leading slash will result in an exception.
[2026-05-11 11:57:46.824] [WARN ] [restartedMain] o.s.s.c.a.web.builders.WebSecurity - You are asking Spring Security to ignore Deferred [Mvc [pattern='/demo-ui.html'], Ant [pattern='/demo-ui.html']]. This is not recommended -- please use permitAll via HttpSecurity#authorizeHttpRequests instead.
[2026-05-11 11:57:46.824] [WARN ] [restartedMain] o.s.s.c.a.web.builders.WebSecurity - You are asking Spring Security to ignore Deferred [Mvc [pattern='/swagger-ui/**'], Ant [pattern='/swagger-ui/**']]. This is not recommended -- please use permitAll via HttpSecurity#authorizeHttpRequests instead.
[2026-05-11 11:57:46.824] [WARN ] [restartedMain] o.s.s.c.a.web.builders.WebSecurity - You are asking Spring Security to ignore Deferred [Mvc [pattern='/api-docs/**'], Ant [pattern='/api-docs/**']]. This is not recommended -- please use permitAll via HttpSecurity#authorizeHttpRequests instead.
[2026-05-11 11:57:46.824] [WARN ] [restartedMain] o.s.s.c.a.web.builders.WebSecurity - You are asking Spring Security to ignore Deferred [Mvc [pattern='/swagger-resources/**'], Ant [pattern='/swagger-resources/**']]. This is not recommended -- please use permitAll via HttpSecurity#authorizeHttpRequests instead.
[2026-05-11 11:57:46.824] [WARN ] [restartedMain] o.s.s.c.a.web.builders.WebSecurity - You are asking Spring Security to ignore Deferred [Mvc [pattern='/webjars/**'], Ant [pattern='/webjars/**']]. This is not recommended -- please use permitAll via HttpSecurity#authorizeHttpRequests instead.
[2026-05-11 11:57:46.824] [WARN ] [restartedMain] o.s.s.c.a.web.builders.WebSecurity - You are asking Spring Security to ignore Deferred [Mvc [pattern='ws-stomp'], Ant [pattern='ws-stomp']]. This is not recommended -- please use permitAll via HttpSecurity#authorizeHttpRequests instead.
[2026-05-11 11:57:47.067] [WARN ] [restartedMain] com.zaxxer.hikari.HikariConfig - HikariPool-1 - idleTimeout has been set but has no effect because the pool is operating as a fixed size pool.
[2026-05-11 11:57:47.067] [INFO ] [restartedMain] com.zaxxer.hikari.HikariDataSource - HikariPool-1 - Starting...
[2026-05-11 11:57:47.239] [INFO ] [restartedMain] com.zaxxer.hikari.pool.HikariPool - HikariPool-1 - Added connection net.sf.log4jdbc.sql.jdbcapi.ConnectionSpy@2f9398d7
[2026-05-11 11:57:47.240] [INFO ] [restartedMain] com.zaxxer.hikari.HikariDataSource - HikariPool-1 - Start completed.
[2026-05-11 11:57:47.245] [INFO ] [restartedMain] o.s.b.a.h.H2ConsoleAutoConfiguration - H2 console available at '/h2-console'. Database available at 'jdbc:mysql://175.197.69.42:3306/sqld_database?serverTimezone=Asia/Seoul&useSSL=false&allowPublicKeyRetrieval=true&useUnicode=true&characterEncoding=UTF-8'
[2026-05-11 11:57:47.306] [INFO ] [restartedMain] o.s.b.d.a.OptionalLiveReloadServer - LiveReload server is running on port 35729
[2026-05-11 11:57:47.325] [INFO ] [restartedMain] o.s.m.s.b.SimpleBrokerMessageHandler - Starting...
[2026-05-11 11:57:47.326] [INFO ] [restartedMain] o.s.m.s.b.SimpleBrokerMessageHandler - BrokerAvailabilityEvent[available=true, SimpleBrokerMessageHandler [org.springframework.messaging.simp.broker.DefaultSubscriptionRegistry@ec60abe]]
[2026-05-11 11:57:47.326] [INFO ] [restartedMain] o.s.m.s.b.SimpleBrokerMessageHandler - Started.
[2026-05-11 11:57:47.326] [INFO ] [restartedMain] o.a.coyote.http11.Http11NioProtocol - Starting ProtocolHandler ["http-nio-8881"]
[2026-05-11 11:57:47.338] [INFO ] [restartedMain] o.s.b.w.e.tomcat.TomcatWebServer - Tomcat started on port 8881 (http) with context path '/'
[2026-05-11 11:57:47.338] [INFO ] [restartedMain] c.u.j.c.RefreshScopeRefreshedEventListener - Refreshing cached encryptable property sources on ServletWebServerInitializedEvent
[2026-05-11 11:57:47.338] [INFO ] [restartedMain] c.u.j.c.CachingDelegateEncryptablePropertySource - Property Source systemProperties refreshed
[2026-05-11 11:57:47.338] [INFO ] [restartedMain] c.u.j.c.CachingDelegateEncryptablePropertySource - Property Source systemEnvironment refreshed
[2026-05-11 11:57:47.339] [INFO ] [restartedMain] c.u.j.c.CachingDelegateEncryptablePropertySource - Property Source random refreshed
[2026-05-11 11:57:47.339] [INFO ] [restartedMain] c.u.j.c.CachingDelegateEncryptablePropertySource - Property Source Config resource 'class path resource [application-dev.yml]' via location 'optional:classpath:/' refreshed
[2026-05-11 11:57:47.339] [INFO ] [restartedMain] c.u.j.c.CachingDelegateEncryptablePropertySource - Property Source Config resource 'class path resource [application.yml]' via location 'optional:classpath:/' refreshed
[2026-05-11 11:57:47.339] [INFO ] [restartedMain] c.u.j.c.CachingDelegateEncryptablePropertySource - Property Source devtools refreshed
[2026-05-11 11:57:47.339] [INFO ] [restartedMain] c.u.j.c.CachingDelegateEncryptablePropertySource - Property Source applicationInfo refreshed
[2026-05-11 11:57:47.339] [INFO ] [restartedMain] c.u.j.EncryptablePropertySourceConverter - Skipping PropertySource configurationProperties [class org.springframework.boot.context.properties.source.ConfigurationPropertySourcesPropertySource
[2026-05-11 11:57:47.339] [INFO ] [restartedMain] c.u.j.EncryptablePropertySourceConverter - Skipping PropertySource servletConfigInitParams [class org.springframework.core.env.PropertySource$StubPropertySource
[2026-05-11 11:57:47.339] [INFO ] [restartedMain] c.u.j.EncryptablePropertySourceConverter - Converting PropertySource servletContextInitParams [org.springframework.web.context.support.ServletContextPropertySource] to EncryptableEnumerablePropertySourceWrapper
[2026-05-11 11:57:47.632] [INFO ] [restartedMain] com.sqld_board.sqld.SqldApplication - Started SqldApplication in 2.961 seconds (process running for 3.493)
[2026-05-11 11:58:47.334] [INFO ] [MessageBroker-1] o.s.w.s.c.WebSocketMessageBrokerStats - WebSocketSession[0 current WS(0)-HttpStream(0)-HttpPoll(0), 0 total, 0 closed abnormally (0 connect failure, 0 send limit, 0 transport error)], stompSubProtocol[processed CONNECT(0)-CONNECTED(0)-DISCONNECT(0)], stompBrokerRelay[null], inboundChannel[pool size = 0, active threads = 0, queued tasks = 0, completed tasks = 0], outboundChannel[pool size = 0, active threads = 0, queued tasks = 0, completed tasks = 0], sockJsScheduler[pool size = 5, active threads = 1, queued tasks = 4, completed tasks = 0]
[2026-05-11 12:00:00.047] [INFO ] [MessageBroker-2] c.s.s.c.s.BoardViewCountScheduler - >>> Redis 조회수 DB 동기화 시작
[2026-05-11 12:00:00.062] [INFO ] [MessageBroker-2] c.s.s.c.s.BoardViewCountScheduler - >>> 동기화할 조회수 데이터가 없습니다.
[2026-05-11 12:00:01.685] [INFO ] [http-nio-8881-exec-1] o.a.c.c.C.[Tomcat].[localhost].[/] - Initializing Spring DispatcherServlet 'dispatcherServlet'
[2026-05-11 12:00:01.687] [INFO ] [http-nio-8881-exec-1] o.s.web.servlet.DispatcherServlet - Initializing Servlet 'dispatcherServlet'
[2026-05-11 12:00:01.689] [INFO ] [http-nio-8881-exec-1] o.s.web.servlet.DispatcherServlet - Completed initialization in 2 ms
[2026-05-11 12:00:01.739] [INFO ] [http-nio-8881-exec-1] c.sqld_board.sqld.handler.JwtHandler - JWT token is expired: JWT expired at 2026-05-11T02:53:40Z. Current time: 2026-05-11T03:00:01Z, a difference of 381739 milliseconds.  Allowed clock skew: 0 milliseconds.
[2026-05-11 12:00:01.879] [INFO ] [http-nio-8881-exec-2] c.sqld_board.sqld.handler.JwtHandler - JWT token is expired: JWT expired at 2026-05-11T02:53:40Z. Current time: 2026-05-11T03:00:01Z, a difference of 381879 milliseconds.  Allowed clock skew: 0 milliseconds.
[2026-05-11 12:00:44.343] [INFO ] [http-nio-8881-exec-4] jdbc.sqltiming - SELECT MEMBER_ID
             , USER_ID
             , USER_PASS
             , USER_NAME
             , USER_EMAIL
             , EMAIL_VERIFIED
             , USER_ROLE
             , USER_STATUS
             , PROFILE_IMAGE
             , CREATE_AT
             , UPDATE_AT
             , LAST_LOG_AT
          FROM MEMBER_INFO
         WHERE USER_ID = 'gemini_tester'
         LIMIT 1
 {executed in 16 msec}
[2026-05-11 12:00:44.474] [INFO ] [http-nio-8881-exec-4] jdbc.sqltiming - UPDATE MEMBER_INFO
        SET LAST_LOG_AT = NOW()
        WHERE MEMBER_ID = 'MEMBER_20260511_001'
 {executed in 17 msec}
[2026-05-11 12:00:44.507] [INFO ] [http-nio-8881-exec-4] jdbc.sqltiming - DELETE FROM REFRESH_TOKEN WHERE MEMBER_ID = 'MEMBER_20260511_001'
 {executed in 14 msec}
[2026-05-11 12:00:44.522] [INFO ] [http-nio-8881-exec-4] jdbc.sqltiming - INSERT INTO REFRESH_TOKEN (MEMBER_ID, R_TOKEN, EXPIRY_DATE)
        VALUES ('MEMBER_20260511_001', '59ce8d3f-dcc4-4577-9b5f-d224a4c0d744', '05/18/2026 12:00:44.508')
 {executed in 14 msec}
[2026-05-11 12:02:55.068] [INFO ] [http-nio-8881-exec-6] jdbc.sqltiming - SELECT /* MemberMapper.readMemberByMemberId (memberId를 통한 회원 정보 조회) */
               MEMBER_ID
             , USER_ID
             , USER_PASS
             , USER_NAME
             , USER_EMAIL
             , EMAIL_VERIFIED
             , USER_ROLE
             , USER_STATUS
             , PROFILE_IMAGE
             , CREATE_AT
             , UPDATE_AT
             , LAST_LOG_AT
          FROM MEMBER_INFO
        WHERE MEMBER_ID = 'MEMBER_20260511_001'
 {executed in 12 msec}
[2026-05-11 12:02:55.099] [INFO ] [http-nio-8881-exec-6] jdbc.sqltiming - SELECT /* BoardMapper.getSearchBoard (게시판 글 단건조회 (사용자 정보 JOIN)) */
               B.BOARD_ID
             , B.TITLE
             , B.CONTENT
             , M.USER_ID
             , M.USER_NAME
             , B.MEMBER_ID
             , B.BOARD_CODE
             , B.CATEGORY_ID
             , B.VIEW_COUNT
             , B.LIKE_COUNT
             , M.PROFILE_IMAGE
             , B.CREATE_AT
             , B.UPDATE_AT
             , B.TAG_NAME
             , BS.SCRAP_ID /* 스크랩 고유 ID */
          FROM BOARD B
          LEFT JOIN MEMBER_INFO M ON B.MEMBER_ID = M.MEMBER_ID
          LEFT JOIN BOARD_SCRAP BS ON B.BOARD_ID = BS.BOARD_ID AND BS.MEMBER_ID = 'MEMBER_20260511_001'
         WHERE B.BOARD_ID = 1
           AND B.DELETE_YN = 'N'
 {executed in 10 msec}
[2026-05-11 12:02:55.108] [INFO ] [http-nio-8881-exec-6] jdbc.sqltiming - SELECT COUNT(*)
        FROM BOARD_LIKE
        WHERE BOARD_ID = 1 AND MEMBER_ID = 'MEMBER_20260511_001'
 {executed in 7 msec}
[2026-05-11 12:02:55.139] [ERROR] [http-nio-8881-exec-6] jdbc.sqltiming - 1. PreparedStatement.execute() FAILED! INSERT INTO board_like (BOARD_ID, MEMBER_ID, CREATE_AT)
        VALUES (1, 'MEMBER_20260511_001', NOW())
 {FAILED after 30 msec}
java.sql.SQLSyntaxErrorException: Table 'sqld_database.board_like' doesn't exist
	at com.mysql.cj.jdbc.exceptions.SQLError.createSQLException(SQLError.java:112)
	at com.mysql.cj.jdbc.exceptions.SQLExceptionsMapping.translateException(SQLExceptionsMapping.java:114)
	at com.mysql.cj.jdbc.ClientPreparedStatement.executeInternal(ClientPreparedStatement.java:988)
	at com.mysql.cj.jdbc.ClientPreparedStatement.execute(ClientPreparedStatement.java:383)
	at net.sf.log4jdbc.sql.jdbcapi.PreparedStatementSpy.execute(PreparedStatementSpy.java:443)
	at com.zaxxer.hikari.pool.ProxyPreparedStatement.execute(ProxyPreparedStatement.java:44)
	at com.zaxxer.hikari.pool.HikariProxyPreparedStatement.execute(HikariProxyPreparedStatement.java)
	at org.apache.ibatis.executor.statement.PreparedStatementHandler.update(PreparedStatementHandler.java:48)
	at org.apache.ibatis.executor.statement.RoutingStatementHandler.update(RoutingStatementHandler.java:75)
	at org.apache.ibatis.executor.SimpleExecutor.doUpdate(SimpleExecutor.java:50)
	at org.apache.ibatis.executor.BaseExecutor.update(BaseExecutor.java:117)
	at org.apache.ibatis.executor.CachingExecutor.update(CachingExecutor.java:76)
	at org.apache.ibatis.session.defaults.DefaultSqlSession.update(DefaultSqlSession.java:197)
	at org.apache.ibatis.session.defaults.DefaultSqlSession.insert(DefaultSqlSession.java:184)
	at java.base/jdk.internal.reflect.NativeMethodAccessorImpl.invoke0(Native Method)
	at java.base/jdk.internal.reflect.NativeMethodAccessorImpl.invoke(NativeMethodAccessorImpl.java:77)
	at java.base/jdk.internal.reflect.DelegatingMethodAccessorImpl.invoke(DelegatingMethodAccessorImpl.java:43)
	at java.base/java.lang.reflect.Method.invoke(Method.java:568)
	at org.mybatis.spring.SqlSessionTemplate$SqlSessionInterceptor.invoke(SqlSessionTemplate.java:333)
	at jdk.proxy2/jdk.proxy2.$Proxy95.insert(Unknown Source)
	at org.mybatis.spring.SqlSessionTemplate.insert(SqlSessionTemplate.java:224)
	at org.apache.ibatis.binding.MapperMethod.execute(MapperMethod.java:62)
	at org.apache.ibatis.binding.MapperProxy$PlainMethodInvoker.invoke(MapperProxy.java:141)
	at org.apache.ibatis.binding.MapperProxy.invoke(MapperProxy.java:86)
	at jdk.proxy3/jdk.proxy3.$Proxy101.insertBoardLike(Unknown Source)
	at java.base/jdk.internal.reflect.NativeMethodAccessorImpl.invoke0(Native Method)
	at java.base/jdk.internal.reflect.NativeMethodAccessorImpl.invoke(NativeMethodAccessorImpl.java:77)
	at java.base/jdk.internal.reflect.DelegatingMethodAccessorImpl.invoke(DelegatingMethodAccessorImpl.java:43)
	at java.base/java.lang.reflect.Method.invoke(Method.java:568)
	at org.springframework.aop.support.AopUtils.invokeJoinpointUsingReflection(AopUtils.java:360)
	at org.springframework.aop.framework.ReflectiveMethodInvocation.invokeJoinpoint(ReflectiveMethodInvocation.java:196)
	at org.springframework.aop.framework.ReflectiveMethodInvocation.proceed(ReflectiveMethodInvocation.java:163)
	at org.springframework.dao.support.PersistenceExceptionTranslationInterceptor.invoke(PersistenceExceptionTranslationInterceptor.java:138)
	at org.springframework.aop.framework.ReflectiveMethodInvocation.proceed(ReflectiveMethodInvocation.java:184)
	at org.springframework.aop.framework.JdkDynamicAopProxy.invoke(JdkDynamicAopProxy.java:223)
	at jdk.proxy3/jdk.proxy3.$Proxy102.insertBoardLike(Unknown Source)
	at com.sqld_board.sqld.service.board.BoardServiceImpl.toggleLike(BoardServiceImpl.java:842)
	at java.base/jdk.internal.reflect.NativeMethodAccessorImpl.invoke0(Native Method)
	at java.base/jdk.internal.reflect.NativeMethodAccessorImpl.invoke(NativeMethodAccessorImpl.java:77)
	at java.base/jdk.internal.reflect.DelegatingMethodAccessorImpl.invoke(DelegatingMethodAccessorImpl.java:43)
	at java.base/java.lang.reflect.Method.invoke(Method.java:568)
	at org.springframework.aop.support.AopUtils.invokeJoinpointUsingReflection(AopUtils.java:360)
	at org.springframework.aop.framework.ReflectiveMethodInvocation.invokeJoinpoint(ReflectiveMethodInvocation.java:196)
	at org.springframework.aop.framework.ReflectiveMethodInvocation.proceed(ReflectiveMethodInvocation.java:163)
	at org.springframework.transaction.interceptor.TransactionAspectSupport.invokeWithinTransaction(TransactionAspectSupport.java:380)
	at org.springframework.transaction.interceptor.TransactionInterceptor.invoke(TransactionInterceptor.java:119)
	at org.springframework.aop.framework.ReflectiveMethodInvocation.proceed(ReflectiveMethodInvocation.java:184)
	at org.springframework.aop.framework.CglibAopProxy$DynamicAdvisedInterceptor.intercept(CglibAopProxy.java:728)
	at com.sqld_board.sqld.service.board.BoardServiceImpl$$SpringCGLIB$$0.toggleLike(<generated>)
	at com.sqld_board.sqld.controller.board.BoardController.toggleLike(BoardController.java:223)
	at java.base/jdk.internal.reflect.NativeMethodAccessorImpl.invoke0(Native Method)
	at java.base/jdk.internal.reflect.NativeMethodAccessorImpl.invoke(NativeMethodAccessorImpl.java:77)
	at java.base/jdk.internal.reflect.DelegatingMethodAccessorImpl.invoke(DelegatingMethodAccessorImpl.java:43)
	at java.base/java.lang.reflect.Method.invoke(Method.java:568)
	at org.springframework.web.method.support.InvocableHandlerMethod.doInvoke(InvocableHandlerMethod.java:258)
	at org.springframework.web.method.support.InvocableHandlerMethod.invokeForRequest(InvocableHandlerMethod.java:191)
	at org.springframework.web.servlet.mvc.method.annotation.ServletInvocableHandlerMethod.invokeAndHandle(ServletInvocableHandlerMethod.java:118)
	at org.springframework.web.servlet.mvc.method.annotation.RequestMappingHandlerAdapter.invokeHandlerMethod(RequestMappingHandlerAdapter.java:991)
	at org.springframework.web.servlet.mvc.method.annotation.RequestMappingHandlerAdapter.handleInternal(RequestMappingHandlerAdapter.java:896)
	at org.springframework.web.servlet.mvc.method.AbstractHandlerMethodAdapter.handle(AbstractHandlerMethodAdapter.java:87)
	at org.springframework.web.servlet.DispatcherServlet.doDispatch(DispatcherServlet.java:1089)
	at org.springframework.web.servlet.DispatcherServlet.doService(DispatcherServlet.java:979)
	at org.springframework.web.servlet.FrameworkServlet.processRequest(FrameworkServlet.java:1014)
	at org.springframework.web.servlet.FrameworkServlet.doPost(FrameworkServlet.java:914)
	at jakarta.servlet.http.HttpServlet.service(HttpServlet.java:590)
	at org.springframework.web.servlet.FrameworkServlet.service(FrameworkServlet.java:885)
	at jakarta.servlet.http.HttpServlet.service(HttpServlet.java:658)
	at org.apache.catalina.core.ApplicationFilterChain.internalDoFilter(ApplicationFilterChain.java:195)
	at org.apache.catalina.core.ApplicationFilterChain.doFilter(ApplicationFilterChain.java:140)
	at org.apache.tomcat.websocket.server.WsFilter.doFilter(WsFilter.java:51)
	at org.apache.catalina.core.ApplicationFilterChain.internalDoFilter(ApplicationFilterChain.java:164)
	at org.apache.catalina.core.ApplicationFilterChain.doFilter(ApplicationFilterChain.java:140)
	at org.springframework.web.filter.OncePerRequestFilter.doFilter(OncePerRequestFilter.java:110)
	at org.apache.catalina.core.ApplicationFilterChain.internalDoFilter(ApplicationFilterChain.java:164)
	at org.apache.catalina.core.ApplicationFilterChain.doFilter(ApplicationFilterChain.java:140)
	at org.springframework.web.filter.CompositeFilter$VirtualFilterChain.doFilter(CompositeFilter.java:108)
	at org.springframework.web.filter.CompositeFilter$VirtualFilterChain.doFilter(CompositeFilter.java:108)
	at org.springframework.security.web.FilterChainProxy.lambda$doFilterInternal$3(FilterChainProxy.java:231)
	at org.springframework.security.web.FilterChainProxy$VirtualFilterChain.doFilter(FilterChainProxy.java:365)
	at org.springframework.security.web.access.intercept.AuthorizationFilter.doFilter(AuthorizationFilter.java:101)
	at org.springframework.security.web.FilterChainProxy$VirtualFilterChain.doFilter(FilterChainProxy.java:374)
	at org.springframework.security.web.access.ExceptionTranslationFilter.doFilter(ExceptionTranslationFilter.java:125)
	at org.springframework.security.web.access.ExceptionTranslationFilter.doFilter(ExceptionTranslationFilter.java:119)
	at org.springframework.security.web.FilterChainProxy$VirtualFilterChain.doFilter(FilterChainProxy.java:374)
	at org.springframework.security.web.session.SessionManagementFilter.doFilter(SessionManagementFilter.java:131)
	at org.springframework.security.web.session.SessionManagementFilter.doFilter(SessionManagementFilter.java:85)
	at org.springframework.security.web.FilterChainProxy$VirtualFilterChain.doFilter(FilterChainProxy.java:374)
	at org.springframework.security.web.authentication.AnonymousAuthenticationFilter.doFilter(AnonymousAuthenticationFilter.java:100)
	at org.springframework.security.web.FilterChainProxy$VirtualFilterChain.doFilter(FilterChainProxy.java:374)
	at org.springframework.security.web.servletapi.SecurityContextHolderAwareRequestFilter.doFilter(SecurityContextHolderAwareRequestFilter.java:179)
	at org.springframework.security.web.FilterChainProxy$VirtualFilterChain.doFilter(FilterChainProxy.java:374)
	at org.springframework.security.web.savedrequest.RequestCacheAwareFilter.doFilter(RequestCacheAwareFilter.java:63)
	at org.springframework.security.web.FilterChainProxy$VirtualFilterChain.doFilter(FilterChainProxy.java:374)
	at com.sqld_board.sqld.config.security.JwtAuthenticationFilter.doFilterInternal(JwtAuthenticationFilter.java:62)
	at org.springframework.web.filter.OncePerRequestFilter.doFilter(OncePerRequestFilter.java:116)
	at org.springframework.security.web.FilterChainProxy$VirtualFilterChain.doFilter(FilterChainProxy.java:374)
	at org.springframework.security.web.authentication.logout.LogoutFilter.doFilter(LogoutFilter.java:107)
	at org.springframework.security.web.authentication.logout.LogoutFilter.doFilter(LogoutFilter.java:93)
	at org.springframework.security.web.FilterChainProxy$VirtualFilterChain.doFilter(FilterChainProxy.java:374)
	at org.springframework.web.filter.CorsFilter.doFilterInternal(CorsFilter.java:91)
	at org.springframework.web.filter.OncePerRequestFilter.doFilter(OncePerRequestFilter.java:116)
	at org.springframework.security.web.FilterChainProxy$VirtualFilterChain.doFilter(FilterChainProxy.java:374)
	at org.springframework.security.web.header.HeaderWriterFilter.doHeadersAfter(HeaderWriterFilter.java:90)
	at org.springframework.security.web.header.HeaderWriterFilter.doFilterInternal(HeaderWriterFilter.java:75)
	at org.springframework.web.filter.OncePerRequestFilter.doFilter(OncePerRequestFilter.java:116)
	at org.springframework.security.web.FilterChainProxy$VirtualFilterChain.doFilter(FilterChainProxy.java:374)
	at org.springframework.security.web.context.SecurityContextHolderFilter.doFilter(SecurityContextHolderFilter.java:82)
	at org.springframework.security.web.context.SecurityContextHolderFilter.doFilter(SecurityContextHolderFilter.java:69)
	at org.springframework.security.web.FilterChainProxy$VirtualFilterChain.doFilter(FilterChainProxy.java:374)
	at org.springframework.security.web.context.request.async.WebAsyncManagerIntegrationFilter.doFilterInternal(WebAsyncManagerIntegrationFilter.java:62)
	at org.springframework.web.filter.OncePerRequestFilter.doFilter(OncePerRequestFilter.java:116)
	at org.springframework.security.web.FilterChainProxy$VirtualFilterChain.doFilter(FilterChainProxy.java:374)
	at org.springframework.security.web.session.DisableEncodeUrlFilter.doFilterInternal(DisableEncodeUrlFilter.java:42)
	at org.springframework.web.filter.OncePerRequestFilter.doFilter(OncePerRequestFilter.java:116)
	at org.springframework.security.web.FilterChainProxy$VirtualFilterChain.doFilter(FilterChainProxy.java:374)
	at org.springframework.security.web.FilterChainProxy.doFilterInternal(FilterChainProxy.java:233)
	at org.springframework.security.web.FilterChainProxy.doFilter(FilterChainProxy.java:191)
	at org.springframework.web.filter.CompositeFilter$VirtualFilterChain.doFilter(CompositeFilter.java:113)
	at org.springframework.web.filter.ServletRequestPathFilter.doFilter(ServletRequestPathFilter.java:52)
	at org.springframework.web.filter.CompositeFilter$VirtualFilterChain.doFilter(CompositeFilter.java:113)
	at org.springframework.web.filter.CompositeFilter.doFilter(CompositeFilter.java:74)
	at org.springframework.security.config.annotation.web.configuration.WebSecurityConfiguration$CompositeFilterChainProxy.doFilter(WebSecurityConfiguration.java:319)
	at org.springframework.web.filter.CompositeFilter$VirtualFilterChain.doFilter(CompositeFilter.java:113)
	at org.springframework.web.servlet.handler.HandlerMappingIntrospector.lambda$createCacheFilter$4(HandlerMappingIntrospector.java:267)
	at org.springframework.web.filter.CompositeFilter$VirtualFilterChain.doFilter(CompositeFilter.java:113)
	at org.springframework.web.filter.CompositeFilter.doFilter(CompositeFilter.java:74)
	at org.springframework.security.config.annotation.web.configuration.WebMvcSecurityConfiguration$CompositeFilterChainProxy.doFilter(WebMvcSecurityConfiguration.java:240)
	at org.springframework.web.filter.DelegatingFilterProxy.invokeDelegate(DelegatingFilterProxy.java:362)
	at org.springframework.web.filter.DelegatingFilterProxy.doFilter(DelegatingFilterProxy.java:278)
	at org.apache.catalina.core.ApplicationFilterChain.internalDoFilter(ApplicationFilterChain.java:164)
	at org.apache.catalina.core.ApplicationFilterChain.doFilter(ApplicationFilterChain.java:140)
	at org.springframework.web.filter.RequestContextFilter.doFilterInternal(RequestContextFilter.java:100)
	at org.springframework.web.filter.OncePerRequestFilter.doFilter(OncePerRequestFilter.java:116)
	at org.apache.catalina.core.ApplicationFilterChain.internalDoFilter(ApplicationFilterChain.java:164)
	at org.apache.catalina.core.ApplicationFilterChain.doFilter(ApplicationFilterChain.java:140)
	at org.springframework.web.filter.FormContentFilter.doFilterInternal(FormContentFilter.java:93)
	at org.springframework.web.filter.OncePerRequestFilter.doFilter(OncePerRequestFilter.java:116)
	at org.apache.catalina.core.ApplicationFilterChain.internalDoFilter(ApplicationFilterChain.java:164)
	at org.apache.catalina.core.ApplicationFilterChain.doFilter(ApplicationFilterChain.java:140)
	at org.springframework.web.filter.CharacterEncodingFilter.doFilterInternal(CharacterEncodingFilter.java:201)
	at org.springframework.web.filter.OncePerRequestFilter.doFilter(OncePerRequestFilter.java:116)
	at org.apache.catalina.core.ApplicationFilterChain.internalDoFilter(ApplicationFilterChain.java:164)
	at org.apache.catalina.core.ApplicationFilterChain.doFilter(ApplicationFilterChain.java:140)
	at org.apache.catalina.core.StandardWrapperValve.invoke(StandardWrapperValve.java:167)
	at org.apache.catalina.core.StandardContextValve.invoke(StandardContextValve.java:90)
	at org.apache.catalina.authenticator.AuthenticatorBase.invoke(AuthenticatorBase.java:483)
	at org.apache.catalina.core.StandardHostValve.invoke(StandardHostValve.java:116)
	at org.apache.catalina.valves.ErrorReportValve.invoke(ErrorReportValve.java:93)
	at org.apache.catalina.core.StandardEngineValve.invoke(StandardEngineValve.java:74)
	at org.apache.catalina.connector.CoyoteAdapter.service(CoyoteAdapter.java:344)
	at org.apache.coyote.http11.Http11Processor.service(Http11Processor.java:398)
	at org.apache.coyote.AbstractProcessorLight.process(AbstractProcessorLight.java:63)
	at org.apache.coyote.AbstractProtocol$ConnectionHandler.process(AbstractProtocol.java:903)
	at org.apache.tomcat.util.net.NioEndpoint$SocketProcessor.doRun(NioEndpoint.java:1776)
	at org.apache.tomcat.util.net.SocketProcessorBase.run(SocketProcessorBase.java:52)
	at org.apache.tomcat.util.threads.ThreadPoolExecutor.runWorker(ThreadPoolExecutor.java:975)
	at org.apache.tomcat.util.threads.ThreadPoolExecutor$Worker.run(ThreadPoolExecutor.java:493)
	at org.apache.tomcat.util.threads.TaskThread$WrappingRunnable.run(TaskThread.java:63)
	at java.base/java.lang.Thread.run(Thread.java:840)
[2026-05-11 12:02:55.226] [INFO ] [http-nio-8881-exec-6] c.s.sqld.exception.ExceptionAdvice - error
org.springframework.jdbc.BadSqlGrammarException: 
### Error updating database.  Cause: java.sql.SQLSyntaxErrorException: Table 'sqld_database.board_like' doesn't exist
### The error may exist in file [/Users/minboklee/Downloads/sqld/build/resources/main/mapper/Board.xml]
### The error may involve defaultParameterMap
### The error occurred while setting parameters
### SQL: INSERT INTO board_like (BOARD_ID, MEMBER_ID, CREATE_AT)         VALUES (?, ?, NOW())
### Cause: java.sql.SQLSyntaxErrorException: Table 'sqld_database.board_like' doesn't exist
; bad SQL grammar []
	at org.springframework.jdbc.support.SQLErrorCodeSQLExceptionTranslator.doTranslate(SQLErrorCodeSQLExceptionTranslator.java:246)
	at org.springframework.jdbc.support.AbstractFallbackSQLExceptionTranslator.translate(AbstractFallbackSQLExceptionTranslator.java:107)
	at org.mybatis.spring.MyBatisExceptionTranslator.translateExceptionIfPossible(MyBatisExceptionTranslator.java:95)
	at org.mybatis.spring.SqlSessionTemplate$SqlSessionInterceptor.invoke(SqlSessionTemplate.java:347)
	at jdk.proxy2/jdk.proxy2.$Proxy95.insert(Unknown Source)
	at org.mybatis.spring.SqlSessionTemplate.insert(SqlSessionTemplate.java:224)
	at org.apache.ibatis.binding.MapperMethod.execute(MapperMethod.java:62)
	at org.apache.ibatis.binding.MapperProxy$PlainMethodInvoker.invoke(MapperProxy.java:141)
	at org.apache.ibatis.binding.MapperProxy.invoke(MapperProxy.java:86)
	at jdk.proxy3/jdk.proxy3.$Proxy101.insertBoardLike(Unknown Source)
	at java.base/jdk.internal.reflect.NativeMethodAccessorImpl.invoke0(Native Method)
	at java.base/jdk.internal.reflect.NativeMethodAccessorImpl.invoke(NativeMethodAccessorImpl.java:77)
	at java.base/jdk.internal.reflect.DelegatingMethodAccessorImpl.invoke(DelegatingMethodAccessorImpl.java:43)
	at java.base/java.lang.reflect.Method.invoke(Method.java:568)
	at org.springframework.aop.support.AopUtils.invokeJoinpointUsingReflection(AopUtils.java:360)
	at org.springframework.aop.framework.ReflectiveMethodInvocation.invokeJoinpoint(ReflectiveMethodInvocation.java:196)
	at org.springframework.aop.framework.ReflectiveMethodInvocation.proceed(ReflectiveMethodInvocation.java:163)
	at org.springframework.dao.support.PersistenceExceptionTranslationInterceptor.invoke(PersistenceExceptionTranslationInterceptor.java:138)
	at org.springframework.aop.framework.ReflectiveMethodInvocation.proceed(ReflectiveMethodInvocation.java:184)
	at org.springframework.aop.framework.JdkDynamicAopProxy.invoke(JdkDynamicAopProxy.java:223)
	at jdk.proxy3/jdk.proxy3.$Proxy102.insertBoardLike(Unknown Source)
	at com.sqld_board.sqld.service.board.BoardServiceImpl.toggleLike(BoardServiceImpl.java:842)
	at java.base/jdk.internal.reflect.NativeMethodAccessorImpl.invoke0(Native Method)
	at java.base/jdk.internal.reflect.NativeMethodAccessorImpl.invoke(NativeMethodAccessorImpl.java:77)
	at java.base/jdk.internal.reflect.DelegatingMethodAccessorImpl.invoke(DelegatingMethodAccessorImpl.java:43)
	at java.base/java.lang.reflect.Method.invoke(Method.java:568)
	at org.springframework.aop.support.AopUtils.invokeJoinpointUsingReflection(AopUtils.java:360)
	at org.springframework.aop.framework.ReflectiveMethodInvocation.invokeJoinpoint(ReflectiveMethodInvocation.java:196)
	at org.springframework.aop.framework.ReflectiveMethodInvocation.proceed(ReflectiveMethodInvocation.java:163)
	at org.springframework.transaction.interceptor.TransactionAspectSupport.invokeWithinTransaction(TransactionAspectSupport.java:380)
	at org.springframework.transaction.interceptor.TransactionInterceptor.invoke(TransactionInterceptor.java:119)
	at org.springframework.aop.framework.ReflectiveMethodInvocation.proceed(ReflectiveMethodInvocation.java:184)
	at org.springframework.aop.framework.CglibAopProxy$DynamicAdvisedInterceptor.intercept(CglibAopProxy.java:728)
	at com.sqld_board.sqld.service.board.BoardServiceImpl$$SpringCGLIB$$0.toggleLike(<generated>)
	at com.sqld_board.sqld.controller.board.BoardController.toggleLike(BoardController.java:223)
	at java.base/jdk.internal.reflect.NativeMethodAccessorImpl.invoke0(Native Method)
	at java.base/jdk.internal.reflect.NativeMethodAccessorImpl.invoke(NativeMethodAccessorImpl.java:77)
	at java.base/jdk.internal.reflect.DelegatingMethodAccessorImpl.invoke(DelegatingMethodAccessorImpl.java:43)
	at java.base/java.lang.reflect.Method.invoke(Method.java:568)
	at org.springframework.web.method.support.InvocableHandlerMethod.doInvoke(InvocableHandlerMethod.java:258)
	at org.springframework.web.method.support.InvocableHandlerMethod.invokeForRequest(InvocableHandlerMethod.java:191)
	at org.springframework.web.servlet.mvc.method.annotation.ServletInvocableHandlerMethod.invokeAndHandle(ServletInvocableHandlerMethod.java:118)
	at org.springframework.web.servlet.mvc.method.annotation.RequestMappingHandlerAdapter.invokeHandlerMethod(RequestMappingHandlerAdapter.java:991)
	at org.springframework.web.servlet.mvc.method.annotation.RequestMappingHandlerAdapter.handleInternal(RequestMappingHandlerAdapter.java:896)
	at org.springframework.web.servlet.mvc.method.AbstractHandlerMethodAdapter.handle(AbstractHandlerMethodAdapter.java:87)
	at org.springframework.web.servlet.DispatcherServlet.doDispatch(DispatcherServlet.java:1089)
	at org.springframework.web.servlet.DispatcherServlet.doService(DispatcherServlet.java:979)
	at org.springframework.web.servlet.FrameworkServlet.processRequest(FrameworkServlet.java:1014)
	at org.springframework.web.servlet.FrameworkServlet.doPost(FrameworkServlet.java:914)
	at jakarta.servlet.http.HttpServlet.service(HttpServlet.java:590)
	at org.springframework.web.servlet.FrameworkServlet.service(FrameworkServlet.java:885)
	at jakarta.servlet.http.HttpServlet.service(HttpServlet.java:658)
	at org.apache.catalina.core.ApplicationFilterChain.internalDoFilter(ApplicationFilterChain.java:195)
	at org.apache.catalina.core.ApplicationFilterChain.doFilter(ApplicationFilterChain.java:140)
	at org.apache.tomcat.websocket.server.WsFilter.doFilter(WsFilter.java:51)
	at org.apache.catalina.core.ApplicationFilterChain.internalDoFilter(ApplicationFilterChain.java:164)
	at org.apache.catalina.core.ApplicationFilterChain.doFilter(ApplicationFilterChain.java:140)
	at org.springframework.web.filter.OncePerRequestFilter.doFilter(OncePerRequestFilter.java:110)
	at org.apache.catalina.core.ApplicationFilterChain.internalDoFilter(ApplicationFilterChain.java:164)
	at org.apache.catalina.core.ApplicationFilterChain.doFilter(ApplicationFilterChain.java:140)
	at org.springframework.web.filter.CompositeFilter$VirtualFilterChain.doFilter(CompositeFilter.java:108)
	at org.springframework.web.filter.CompositeFilter$VirtualFilterChain.doFilter(CompositeFilter.java:108)
	at org.springframework.security.web.FilterChainProxy.lambda$doFilterInternal$3(FilterChainProxy.java:231)
	at org.springframework.security.web.FilterChainProxy$VirtualFilterChain.doFilter(FilterChainProxy.java:365)
	at org.springframework.security.web.access.intercept.AuthorizationFilter.doFilter(AuthorizationFilter.java:101)
	at org.springframework.security.web.FilterChainProxy$VirtualFilterChain.doFilter(FilterChainProxy.java:374)
	at org.springframework.security.web.access.ExceptionTranslationFilter.doFilter(ExceptionTranslationFilter.java:125)
	at org.springframework.security.web.access.ExceptionTranslationFilter.doFilter(ExceptionTranslationFilter.java:119)
	at org.springframework.security.web.FilterChainProxy$VirtualFilterChain.doFilter(FilterChainProxy.java:374)
	at org.springframework.security.web.session.SessionManagementFilter.doFilter(SessionManagementFilter.java:131)
	at org.springframework.security.web.session.SessionManagementFilter.doFilter(SessionManagementFilter.java:85)
	at org.springframework.security.web.FilterChainProxy$VirtualFilterChain.doFilter(FilterChainProxy.java:374)
	at org.springframework.security.web.authentication.AnonymousAuthenticationFilter.doFilter(AnonymousAuthenticationFilter.java:100)
	at org.springframework.security.web.FilterChainProxy$VirtualFilterChain.doFilter(FilterChainProxy.java:374)
	at org.springframework.security.web.servletapi.SecurityContextHolderAwareRequestFilter.doFilter(SecurityContextHolderAwareRequestFilter.java:179)
	at org.springframework.security.web.FilterChainProxy$VirtualFilterChain.doFilter(FilterChainProxy.java:374)
	at org.springframework.security.web.savedrequest.RequestCacheAwareFilter.doFilter(RequestCacheAwareFilter.java:63)
	at org.springframework.security.web.FilterChainProxy$VirtualFilterChain.doFilter(FilterChainProxy.java:374)
	at com.sqld_board.sqld.config.security.JwtAuthenticationFilter.doFilterInternal(JwtAuthenticationFilter.java:62)
	at org.springframework.web.filter.OncePerRequestFilter.doFilter(OncePerRequestFilter.java:116)
	at org.springframework.security.web.FilterChainProxy$VirtualFilterChain.doFilter(FilterChainProxy.java:374)
	at org.springframework.security.web.authentication.logout.LogoutFilter.doFilter(LogoutFilter.java:107)
	at org.springframework.security.web.authentication.logout.LogoutFilter.doFilter(LogoutFilter.java:93)
	at org.springframework.security.web.FilterChainProxy$VirtualFilterChain.doFilter(FilterChainProxy.java:374)
	at org.springframework.web.filter.CorsFilter.doFilterInternal(CorsFilter.java:91)
	at org.springframework.web.filter.OncePerRequestFilter.doFilter(OncePerRequestFilter.java:116)
	at org.springframework.security.web.FilterChainProxy$VirtualFilterChain.doFilter(FilterChainProxy.java:374)
	at org.springframework.security.web.header.HeaderWriterFilter.doHeadersAfter(HeaderWriterFilter.java:90)
	at org.springframework.security.web.header.HeaderWriterFilter.doFilterInternal(HeaderWriterFilter.java:75)
	at org.springframework.web.filter.OncePerRequestFilter.doFilter(OncePerRequestFilter.java:116)
	at org.springframework.security.web.FilterChainProxy$VirtualFilterChain.doFilter(FilterChainProxy.java:374)
	at org.springframework.security.web.context.SecurityContextHolderFilter.doFilter(SecurityContextHolderFilter.java:82)
	at org.springframework.security.web.context.SecurityContextHolderFilter.doFilter(SecurityContextHolderFilter.java:69)
	at org.springframework.security.web.FilterChainProxy$VirtualFilterChain.doFilter(FilterChainProxy.java:374)
	at org.springframework.security.web.context.request.async.WebAsyncManagerIntegrationFilter.doFilterInternal(WebAsyncManagerIntegrationFilter.java:62)
	at org.springframework.web.filter.OncePerRequestFilter.doFilter(OncePerRequestFilter.java:116)
	at org.springframework.security.web.FilterChainProxy$VirtualFilterChain.doFilter(FilterChainProxy.java:374)
	at org.springframework.security.web.session.DisableEncodeUrlFilter.doFilterInternal(DisableEncodeUrlFilter.java:42)
	at org.springframework.web.filter.OncePerRequestFilter.doFilter(OncePerRequestFilter.java:116)
	at org.springframework.security.web.FilterChainProxy$VirtualFilterChain.doFilter(FilterChainProxy.java:374)
	at org.springframework.security.web.FilterChainProxy.doFilterInternal(FilterChainProxy.java:233)
	at org.springframework.security.web.FilterChainProxy.doFilter(FilterChainProxy.java:191)
	at org.springframework.web.filter.CompositeFilter$VirtualFilterChain.doFilter(CompositeFilter.java:113)
	at org.springframework.web.filter.ServletRequestPathFilter.doFilter(ServletRequestPathFilter.java:52)
	at org.springframework.web.filter.CompositeFilter$VirtualFilterChain.doFilter(CompositeFilter.java:113)
	at org.springframework.web.filter.CompositeFilter.doFilter(CompositeFilter.java:74)
	at org.springframework.security.config.annotation.web.configuration.WebSecurityConfiguration$CompositeFilterChainProxy.doFilter(WebSecurityConfiguration.java:319)
	at org.springframework.web.filter.CompositeFilter$VirtualFilterChain.doFilter(CompositeFilter.java:113)
	at org.springframework.web.servlet.handler.HandlerMappingIntrospector.lambda$createCacheFilter$4(HandlerMappingIntrospector.java:267)
	at org.springframework.web.filter.CompositeFilter$VirtualFilterChain.doFilter(CompositeFilter.java:113)
	at org.springframework.web.filter.CompositeFilter.doFilter(CompositeFilter.java:74)
	at org.springframework.security.config.annotation.web.configuration.WebMvcSecurityConfiguration$CompositeFilterChainProxy.doFilter(WebMvcSecurityConfiguration.java:240)
	at org.springframework.web.filter.DelegatingFilterProxy.invokeDelegate(DelegatingFilterProxy.java:362)
	at org.springframework.web.filter.DelegatingFilterProxy.doFilter(DelegatingFilterProxy.java:278)
	at org.apache.catalina.core.ApplicationFilterChain.internalDoFilter(ApplicationFilterChain.java:164)
	at org.apache.catalina.core.ApplicationFilterChain.doFilter(ApplicationFilterChain.java:140)
	at org.springframework.web.filter.RequestContextFilter.doFilterInternal(RequestContextFilter.java:100)
	at org.springframework.web.filter.OncePerRequestFilter.doFilter(OncePerRequestFilter.java:116)
	at org.apache.catalina.core.ApplicationFilterChain.internalDoFilter(ApplicationFilterChain.java:164)
	at org.apache.catalina.core.ApplicationFilterChain.doFilter(ApplicationFilterChain.java:140)
	at org.springframework.web.filter.FormContentFilter.doFilterInternal(FormContentFilter.java:93)
	at org.springframework.web.filter.OncePerRequestFilter.doFilter(OncePerRequestFilter.java:116)
	at org.apache.catalina.core.ApplicationFilterChain.internalDoFilter(ApplicationFilterChain.java:164)
	at org.apache.catalina.core.ApplicationFilterChain.doFilter(ApplicationFilterChain.java:140)
	at org.springframework.web.filter.CharacterEncodingFilter.doFilterInternal(CharacterEncodingFilter.java:201)
	at org.springframework.web.filter.OncePerRequestFilter.doFilter(OncePerRequestFilter.java:116)
	at org.apache.catalina.core.ApplicationFilterChain.internalDoFilter(ApplicationFilterChain.java:164)
	at org.apache.catalina.core.ApplicationFilterChain.doFilter(ApplicationFilterChain.java:140)
	at org.apache.catalina.core.StandardWrapperValve.invoke(StandardWrapperValve.java:167)
	at org.apache.catalina.core.StandardContextValve.invoke(StandardContextValve.java:90)
	at org.apache.catalina.authenticator.AuthenticatorBase.invoke(AuthenticatorBase.java:483)
	at org.apache.catalina.core.StandardHostValve.invoke(StandardHostValve.java:116)
	at org.apache.catalina.valves.ErrorReportValve.invoke(ErrorReportValve.java:93)
	at org.apache.catalina.core.StandardEngineValve.invoke(StandardEngineValve.java:74)
	at org.apache.catalina.connector.CoyoteAdapter.service(CoyoteAdapter.java:344)
	at org.apache.coyote.http11.Http11Processor.service(Http11Processor.java:398)
	at org.apache.coyote.AbstractProcessorLight.process(AbstractProcessorLight.java:63)
	at org.apache.coyote.AbstractProtocol$ConnectionHandler.process(AbstractProtocol.java:903)
	at org.apache.tomcat.util.net.NioEndpoint$SocketProcessor.doRun(NioEndpoint.java:1776)
	at org.apache.tomcat.util.net.SocketProcessorBase.run(SocketProcessorBase.java:52)
	at org.apache.tomcat.util.threads.ThreadPoolExecutor.runWorker(ThreadPoolExecutor.java:975)
	at org.apache.tomcat.util.threads.ThreadPoolExecutor$Worker.run(ThreadPoolExecutor.java:493)
	at org.apache.tomcat.util.threads.TaskThread$WrappingRunnable.run(TaskThread.java:63)
	at java.base/java.lang.Thread.run(Thread.java:840)
Caused by: java.sql.SQLSyntaxErrorException: Table 'sqld_database.board_like' doesn't exist
	at com.mysql.cj.jdbc.exceptions.SQLError.createSQLException(SQLError.java:112)
	at com.mysql.cj.jdbc.exceptions.SQLExceptionsMapping.translateException(SQLExceptionsMapping.java:114)
	at com.mysql.cj.jdbc.ClientPreparedStatement.executeInternal(ClientPreparedStatement.java:988)
	at com.mysql.cj.jdbc.ClientPreparedStatement.execute(ClientPreparedStatement.java:383)
	at net.sf.log4jdbc.sql.jdbcapi.PreparedStatementSpy.execute(PreparedStatementSpy.java:443)
	at com.zaxxer.hikari.pool.ProxyPreparedStatement.execute(ProxyPreparedStatement.java:44)
	at com.zaxxer.hikari.pool.HikariProxyPreparedStatement.execute(HikariProxyPreparedStatement.java)
	at org.apache.ibatis.executor.statement.PreparedStatementHandler.update(PreparedStatementHandler.java:48)
	at org.apache.ibatis.executor.statement.RoutingStatementHandler.update(RoutingStatementHandler.java:75)
	at org.apache.ibatis.executor.SimpleExecutor.doUpdate(SimpleExecutor.java:50)
	at org.apache.ibatis.executor.BaseExecutor.update(BaseExecutor.java:117)
	at org.apache.ibatis.executor.CachingExecutor.update(CachingExecutor.java:76)
	at org.apache.ibatis.session.defaults.DefaultSqlSession.update(DefaultSqlSession.java:197)
	at org.apache.ibatis.session.defaults.DefaultSqlSession.insert(DefaultSqlSession.java:184)
	at java.base/jdk.internal.reflect.NativeMethodAccessorImpl.invoke0(Native Method)
	at java.base/jdk.internal.reflect.NativeMethodAccessorImpl.invoke(NativeMethodAccessorImpl.java:77)
	at java.base/jdk.internal.reflect.DelegatingMethodAccessorImpl.invoke(DelegatingMethodAccessorImpl.java:43)
	at java.base/java.lang.reflect.Method.invoke(Method.java:568)
	at org.mybatis.spring.SqlSessionTemplate$SqlSessionInterceptor.invoke(SqlSessionTemplate.java:333)
	... 140 common frames omitted
[2026-05-11 12:02:55.229] [WARN ] [http-nio-8881-exec-6] o.s.w.s.m.m.a.ExceptionHandlerExceptionResolver - Resolved [org.springframework.jdbc.BadSqlGrammarException: <EOL>### Error updating database.  Cause: java.sql.SQLSyntaxErrorException: Table 'sqld_database.board_like' doesn't exist<EOL>### The error may exist in file [/Users/minboklee/Downloads/sqld/build/resources/main/mapper/Board.xml]<EOL>### The error may involve defaultParameterMap<EOL>### The error occurred while setting parameters<EOL>### SQL: INSERT INTO board_like (BOARD_ID, MEMBER_ID, CREATE_AT)         VALUES (?, ?, NOW())<EOL>### Cause: java.sql.SQLSyntaxErrorException: Table 'sqld_database.board_like' doesn't exist<EOL>; bad SQL grammar []]
[2026-05-11 12:02:55.331] [INFO ] [http-nio-8881-exec-7] jdbc.sqltiming - SELECT /* MemberMapper.readMemberByMemberId (memberId를 통한 회원 정보 조회) */
               MEMBER_ID
             , USER_ID
             , USER_PASS
             , USER_NAME
             , USER_EMAIL
             , EMAIL_VERIFIED
             , USER_ROLE
             , USER_STATUS
             , PROFILE_IMAGE
             , CREATE_AT
             , UPDATE_AT
             , LAST_LOG_AT
          FROM MEMBER_INFO
        WHERE MEMBER_ID = 'MEMBER_20260511_001'
 {executed in 8 msec}
[2026-05-11 12:02:55.349] [INFO ] [http-nio-8881-exec-7] jdbc.sqltiming - SELECT /* BoardMapper.getSearchBoard (게시판 글 단건조회 (사용자 정보 JOIN)) */
               B.BOARD_ID
             , B.TITLE
             , B.CONTENT
             , M.USER_ID
             , M.USER_NAME
             , B.MEMBER_ID
             , B.BOARD_CODE
             , B.CATEGORY_ID
             , B.VIEW_COUNT
             , B.LIKE_COUNT
             , M.PROFILE_IMAGE
             , B.CREATE_AT
             , B.UPDATE_AT
             , B.TAG_NAME
             , BS.SCRAP_ID /* 스크랩 고유 ID */
          FROM BOARD B
          LEFT JOIN MEMBER_INFO M ON B.MEMBER_ID = M.MEMBER_ID
          LEFT JOIN BOARD_SCRAP BS ON B.BOARD_ID = BS.BOARD_ID AND BS.MEMBER_ID = 'MEMBER_20260511_001'
         WHERE B.BOARD_ID = 1
           AND B.DELETE_YN = 'N'
 {executed in 9 msec}
[2026-05-11 12:02:55.359] [INFO ] [http-nio-8881-exec-7] jdbc.sqltiming - SELECT COUNT(*)
        FROM BOARD_LIKE
        WHERE BOARD_ID = 1 AND MEMBER_ID = 'MEMBER_20260511_001'
 {executed in 9 msec}
[2026-05-11 12:02:55.376] [ERROR] [http-nio-8881-exec-7] jdbc.sqltiming - 1. PreparedStatement.execute() FAILED! INSERT INTO board_like (BOARD_ID, MEMBER_ID, CREATE_AT)
        VALUES (1, 'MEMBER_20260511_001', NOW())
 {FAILED after 16 msec}
java.sql.SQLSyntaxErrorException: Table 'sqld_database.board_like' doesn't exist
	at com.mysql.cj.jdbc.exceptions.SQLError.createSQLException(SQLError.java:112)
	at com.mysql.cj.jdbc.exceptions.SQLExceptionsMapping.translateException(SQLExceptionsMapping.java:114)
	at com.mysql.cj.jdbc.ClientPreparedStatement.executeInternal(ClientPreparedStatement.java:988)
	at com.mysql.cj.jdbc.ClientPreparedStatement.execute(ClientPreparedStatement.java:383)
	at net.sf.log4jdbc.sql.jdbcapi.PreparedStatementSpy.execute(PreparedStatementSpy.java:443)
	at com.zaxxer.hikari.pool.ProxyPreparedStatement.execute(ProxyPreparedStatement.java:44)
	at com.zaxxer.hikari.pool.HikariProxyPreparedStatement.execute(HikariProxyPreparedStatement.java)
	at org.apache.ibatis.executor.statement.PreparedStatementHandler.update(PreparedStatementHandler.java:48)
	at org.apache.ibatis.executor.statement.RoutingStatementHandler.update(RoutingStatementHandler.java:75)
	at org.apache.ibatis.executor.SimpleExecutor.doUpdate(SimpleExecutor.java:50)
	at org.apache.ibatis.executor.BaseExecutor.update(BaseExecutor.java:117)
	at org.apache.ibatis.executor.CachingExecutor.update(CachingExecutor.java:76)
	at org.apache.ibatis.session.defaults.DefaultSqlSession.update(DefaultSqlSession.java:197)
	at org.apache.ibatis.session.defaults.DefaultSqlSession.insert(DefaultSqlSession.java:184)
	at java.base/jdk.internal.reflect.NativeMethodAccessorImpl.invoke0(Native Method)
	at java.base/jdk.internal.reflect.NativeMethodAccessorImpl.invoke(NativeMethodAccessorImpl.java:77)
	at java.base/jdk.internal.reflect.DelegatingMethodAccessorImpl.invoke(DelegatingMethodAccessorImpl.java:43)
	at java.base/java.lang.reflect.Method.invoke(Method.java:568)
	at org.mybatis.spring.SqlSessionTemplate$SqlSessionInterceptor.invoke(SqlSessionTemplate.java:333)
	at jdk.proxy2/jdk.proxy2.$Proxy95.insert(Unknown Source)
	at org.mybatis.spring.SqlSessionTemplate.insert(SqlSessionTemplate.java:224)
	at org.apache.ibatis.binding.MapperMethod.execute(MapperMethod.java:62)
	at org.apache.ibatis.binding.MapperProxy$PlainMethodInvoker.invoke(MapperProxy.java:141)
	at org.apache.ibatis.binding.MapperProxy.invoke(MapperProxy.java:86)
	at jdk.proxy3/jdk.proxy3.$Proxy101.insertBoardLike(Unknown Source)
	at java.base/jdk.internal.reflect.NativeMethodAccessorImpl.invoke0(Native Method)
	at java.base/jdk.internal.reflect.NativeMethodAccessorImpl.invoke(NativeMethodAccessorImpl.java:77)
	at java.base/jdk.internal.reflect.DelegatingMethodAccessorImpl.invoke(DelegatingMethodAccessorImpl.java:43)
	at java.base/java.lang.reflect.Method.invoke(Method.java:568)
	at org.springframework.aop.support.AopUtils.invokeJoinpointUsingReflection(AopUtils.java:360)
	at org.springframework.aop.framework.ReflectiveMethodInvocation.invokeJoinpoint(ReflectiveMethodInvocation.java:196)
	at org.springframework.aop.framework.ReflectiveMethodInvocation.proceed(ReflectiveMethodInvocation.java:163)
	at org.springframework.dao.support.PersistenceExceptionTranslationInterceptor.invoke(PersistenceExceptionTranslationInterceptor.java:138)
	at org.springframework.aop.framework.ReflectiveMethodInvocation.proceed(ReflectiveMethodInvocation.java:184)
	at org.springframework.aop.framework.JdkDynamicAopProxy.invoke(JdkDynamicAopProxy.java:223)
	at jdk.proxy3/jdk.proxy3.$Proxy102.insertBoardLike(Unknown Source)
	at com.sqld_board.sqld.service.board.BoardServiceImpl.toggleLike(BoardServiceImpl.java:842)
	at java.base/jdk.internal.reflect.NativeMethodAccessorImpl.invoke0(Native Method)
	at java.base/jdk.internal.reflect.NativeMethodAccessorImpl.invoke(NativeMethodAccessorImpl.java:77)
	at java.base/jdk.internal.reflect.DelegatingMethodAccessorImpl.invoke(DelegatingMethodAccessorImpl.java:43)
	at java.base/java.lang.reflect.Method.invoke(Method.java:568)
	at org.springframework.aop.support.AopUtils.invokeJoinpointUsingReflection(AopUtils.java:360)
	at org.springframework.aop.framework.ReflectiveMethodInvocation.invokeJoinpoint(ReflectiveMethodInvocation.java:196)
	at org.springframework.aop.framework.ReflectiveMethodInvocation.proceed(ReflectiveMethodInvocation.java:163)
	at org.springframework.transaction.interceptor.TransactionAspectSupport.invokeWithinTransaction(TransactionAspectSupport.java:380)
	at org.springframework.transaction.interceptor.TransactionInterceptor.invoke(TransactionInterceptor.java:119)
	at org.springframework.aop.framework.ReflectiveMethodInvocation.proceed(ReflectiveMethodInvocation.java:184)
	at org.springframework.aop.framework.CglibAopProxy$DynamicAdvisedInterceptor.intercept(CglibAopProxy.java:728)
	at com.sqld_board.sqld.service.board.BoardServiceImpl$$SpringCGLIB$$0.toggleLike(<generated>)
	at com.sqld_board.sqld.controller.board.BoardController.toggleLike(BoardController.java:223)
	at java.base/jdk.internal.reflect.NativeMethodAccessorImpl.invoke0(Native Method)
	at java.base/jdk.internal.reflect.NativeMethodAccessorImpl.invoke(NativeMethodAccessorImpl.java:77)
	at java.base/jdk.internal.reflect.DelegatingMethodAccessorImpl.invoke(DelegatingMethodAccessorImpl.java:43)
	at java.base/java.lang.reflect.Method.invoke(Method.java:568)
	at org.springframework.web.method.support.InvocableHandlerMethod.doInvoke(InvocableHandlerMethod.java:258)
	at org.springframework.web.method.support.InvocableHandlerMethod.invokeForRequest(InvocableHandlerMethod.java:191)
	at org.springframework.web.servlet.mvc.method.annotation.ServletInvocableHandlerMethod.invokeAndHandle(ServletInvocableHandlerMethod.java:118)
	at org.springframework.web.servlet.mvc.method.annotation.RequestMappingHandlerAdapter.invokeHandlerMethod(RequestMappingHandlerAdapter.java:991)
	at org.springframework.web.servlet.mvc.method.annotation.RequestMappingHandlerAdapter.handleInternal(RequestMappingHandlerAdapter.java:896)
	at org.springframework.web.servlet.mvc.method.AbstractHandlerMethodAdapter.handle(AbstractHandlerMethodAdapter.java:87)
	at org.springframework.web.servlet.DispatcherServlet.doDispatch(DispatcherServlet.java:1089)
	at org.springframework.web.servlet.DispatcherServlet.doService(DispatcherServlet.java:979)
	at org.springframework.web.servlet.FrameworkServlet.processRequest(FrameworkServlet.java:1014)
	at org.springframework.web.servlet.FrameworkServlet.doPost(FrameworkServlet.java:914)
	at jakarta.servlet.http.HttpServlet.service(HttpServlet.java:590)
	at org.springframework.web.servlet.FrameworkServlet.service(FrameworkServlet.java:885)
	at jakarta.servlet.http.HttpServlet.service(HttpServlet.java:658)
	at org.apache.catalina.core.ApplicationFilterChain.internalDoFilter(ApplicationFilterChain.java:195)
	at org.apache.catalina.core.ApplicationFilterChain.doFilter(ApplicationFilterChain.java:140)
	at org.apache.tomcat.websocket.server.WsFilter.doFilter(WsFilter.java:51)
	at org.apache.catalina.core.ApplicationFilterChain.internalDoFilter(ApplicationFilterChain.java:164)
	at org.apache.catalina.core.ApplicationFilterChain.doFilter(ApplicationFilterChain.java:140)
	at org.springframework.web.filter.OncePerRequestFilter.doFilter(OncePerRequestFilter.java:110)
	at org.apache.catalina.core.ApplicationFilterChain.internalDoFilter(ApplicationFilterChain.java:164)
	at org.apache.catalina.core.ApplicationFilterChain.doFilter(ApplicationFilterChain.java:140)
	at org.springframework.web.filter.CompositeFilter$VirtualFilterChain.doFilter(CompositeFilter.java:108)
	at org.springframework.web.filter.CompositeFilter$VirtualFilterChain.doFilter(CompositeFilter.java:108)
	at org.springframework.security.web.FilterChainProxy.lambda$doFilterInternal$3(FilterChainProxy.java:231)
	at org.springframework.security.web.FilterChainProxy$VirtualFilterChain.doFilter(FilterChainProxy.java:365)
	at org.springframework.security.web.access.intercept.AuthorizationFilter.doFilter(AuthorizationFilter.java:101)
	at org.springframework.security.web.FilterChainProxy$VirtualFilterChain.doFilter(FilterChainProxy.java:374)
	at org.springframework.security.web.access.ExceptionTranslationFilter.doFilter(ExceptionTranslationFilter.java:125)
	at org.springframework.security.web.access.ExceptionTranslationFilter.doFilter(ExceptionTranslationFilter.java:119)
	at org.springframework.security.web.FilterChainProxy$VirtualFilterChain.doFilter(FilterChainProxy.java:374)
	at org.springframework.security.web.session.SessionManagementFilter.doFilter(SessionManagementFilter.java:131)
	at org.springframework.security.web.session.SessionManagementFilter.doFilter(SessionManagementFilter.java:85)
	at org.springframework.security.web.FilterChainProxy$VirtualFilterChain.doFilter(FilterChainProxy.java:374)
	at org.springframework.security.web.authentication.AnonymousAuthenticationFilter.doFilter(AnonymousAuthenticationFilter.java:100)
	at org.springframework.security.web.FilterChainProxy$VirtualFilterChain.doFilter(FilterChainProxy.java:374)
	at org.springframework.security.web.servletapi.SecurityContextHolderAwareRequestFilter.doFilter(SecurityContextHolderAwareRequestFilter.java:179)
	at org.springframework.security.web.FilterChainProxy$VirtualFilterChain.doFilter(FilterChainProxy.java:374)
	at org.springframework.security.web.savedrequest.RequestCacheAwareFilter.doFilter(RequestCacheAwareFilter.java:63)
	at org.springframework.security.web.FilterChainProxy$VirtualFilterChain.doFilter(FilterChainProxy.java:374)
	at com.sqld_board.sqld.config.security.JwtAuthenticationFilter.doFilterInternal(JwtAuthenticationFilter.java:62)
	at org.springframework.web.filter.OncePerRequestFilter.doFilter(OncePerRequestFilter.java:116)
	at org.springframework.security.web.FilterChainProxy$VirtualFilterChain.doFilter(FilterChainProxy.java:374)
	at org.springframework.security.web.authentication.logout.LogoutFilter.doFilter(LogoutFilter.java:107)
	at org.springframework.security.web.authentication.logout.LogoutFilter.doFilter(LogoutFilter.java:93)
	at org.springframework.security.web.FilterChainProxy$VirtualFilterChain.doFilter(FilterChainProxy.java:374)
	at org.springframework.web.filter.CorsFilter.doFilterInternal(CorsFilter.java:91)
	at org.springframework.web.filter.OncePerRequestFilter.doFilter(OncePerRequestFilter.java:116)
	at org.springframework.security.web.FilterChainProxy$VirtualFilterChain.doFilter(FilterChainProxy.java:374)
	at org.springframework.security.web.header.HeaderWriterFilter.doHeadersAfter(HeaderWriterFilter.java:90)
	at org.springframework.security.web.header.HeaderWriterFilter.doFilterInternal(HeaderWriterFilter.java:75)
	at org.springframework.web.filter.OncePerRequestFilter.doFilter(OncePerRequestFilter.java:116)
	at org.springframework.security.web.FilterChainProxy$VirtualFilterChain.doFilter(FilterChainProxy.java:374)
	at org.springframework.security.web.context.SecurityContextHolderFilter.doFilter(SecurityContextHolderFilter.java:82)
	at org.springframework.security.web.context.SecurityContextHolderFilter.doFilter(SecurityContextHolderFilter.java:69)
	at org.springframework.security.web.FilterChainProxy$VirtualFilterChain.doFilter(FilterChainProxy.java:374)
	at org.springframework.security.web.context.request.async.WebAsyncManagerIntegrationFilter.doFilterInternal(WebAsyncManagerIntegrationFilter.java:62)
	at org.springframework.web.filter.OncePerRequestFilter.doFilter(OncePerRequestFilter.java:116)
	at org.springframework.security.web.FilterChainProxy$VirtualFilterChain.doFilter(FilterChainProxy.java:374)
	at org.springframework.security.web.session.DisableEncodeUrlFilter.doFilterInternal(DisableEncodeUrlFilter.java:42)
	at org.springframework.web.filter.OncePerRequestFilter.doFilter(OncePerRequestFilter.java:116)
	at org.springframework.security.web.FilterChainProxy$VirtualFilterChain.doFilter(FilterChainProxy.java:374)
	at org.springframework.security.web.FilterChainProxy.doFilterInternal(FilterChainProxy.java:233)
	at org.springframework.security.web.FilterChainProxy.doFilter(FilterChainProxy.java:191)
	at org.springframework.web.filter.CompositeFilter$VirtualFilterChain.doFilter(CompositeFilter.java:113)
	at org.springframework.web.filter.ServletRequestPathFilter.doFilter(ServletRequestPathFilter.java:52)
	at org.springframework.web.filter.CompositeFilter$VirtualFilterChain.doFilter(CompositeFilter.java:113)
	at org.springframework.web.filter.CompositeFilter.doFilter(CompositeFilter.java:74)
	at org.springframework.security.config.annotation.web.configuration.WebSecurityConfiguration$CompositeFilterChainProxy.doFilter(WebSecurityConfiguration.java:319)
	at org.springframework.web.filter.CompositeFilter$VirtualFilterChain.doFilter(CompositeFilter.java:113)
	at org.springframework.web.servlet.handler.HandlerMappingIntrospector.lambda$createCacheFilter$4(HandlerMappingIntrospector.java:267)
	at org.springframework.web.filter.CompositeFilter$VirtualFilterChain.doFilter(CompositeFilter.java:113)
	at org.springframework.web.filter.CompositeFilter.doFilter(CompositeFilter.java:74)
	at org.springframework.security.config.annotation.web.configuration.WebMvcSecurityConfiguration$CompositeFilterChainProxy.doFilter(WebMvcSecurityConfiguration.java:240)
	at org.springframework.web.filter.DelegatingFilterProxy.invokeDelegate(DelegatingFilterProxy.java:362)
	at org.springframework.web.filter.DelegatingFilterProxy.doFilter(DelegatingFilterProxy.java:278)
	at org.apache.catalina.core.ApplicationFilterChain.internalDoFilter(ApplicationFilterChain.java:164)
	at org.apache.catalina.core.ApplicationFilterChain.doFilter(ApplicationFilterChain.java:140)
	at org.springframework.web.filter.RequestContextFilter.doFilterInternal(RequestContextFilter.java:100)
	at org.springframework.web.filter.OncePerRequestFilter.doFilter(OncePerRequestFilter.java:116)
	at org.apache.catalina.core.ApplicationFilterChain.internalDoFilter(ApplicationFilterChain.java:164)
	at org.apache.catalina.core.ApplicationFilterChain.doFilter(ApplicationFilterChain.java:140)
	at org.springframework.web.filter.FormContentFilter.doFilterInternal(FormContentFilter.java:93)
	at org.springframework.web.filter.OncePerRequestFilter.doFilter(OncePerRequestFilter.java:116)
	at org.apache.catalina.core.ApplicationFilterChain.internalDoFilter(ApplicationFilterChain.java:164)
	at org.apache.catalina.core.ApplicationFilterChain.doFilter(ApplicationFilterChain.java:140)
	at org.springframework.web.filter.CharacterEncodingFilter.doFilterInternal(CharacterEncodingFilter.java:201)
	at org.springframework.web.filter.OncePerRequestFilter.doFilter(OncePerRequestFilter.java:116)
	at org.apache.catalina.core.ApplicationFilterChain.internalDoFilter(ApplicationFilterChain.java:164)
	at org.apache.catalina.core.ApplicationFilterChain.doFilter(ApplicationFilterChain.java:140)
	at org.apache.catalina.core.StandardWrapperValve.invoke(StandardWrapperValve.java:167)
	at org.apache.catalina.core.StandardContextValve.invoke(StandardContextValve.java:90)
	at org.apache.catalina.authenticator.AuthenticatorBase.invoke(AuthenticatorBase.java:483)
	at org.apache.catalina.core.StandardHostValve.invoke(StandardHostValve.java:116)
	at org.apache.catalina.valves.ErrorReportValve.invoke(ErrorReportValve.java:93)
	at org.apache.catalina.core.StandardEngineValve.invoke(StandardEngineValve.java:74)
	at org.apache.catalina.connector.CoyoteAdapter.service(CoyoteAdapter.java:344)
	at org.apache.coyote.http11.Http11Processor.service(Http11Processor.java:398)
	at org.apache.coyote.AbstractProcessorLight.process(AbstractProcessorLight.java:63)
	at org.apache.coyote.AbstractProtocol$ConnectionHandler.process(AbstractProtocol.java:903)
	at org.apache.tomcat.util.net.NioEndpoint$SocketProcessor.doRun(NioEndpoint.java:1776)
	at org.apache.tomcat.util.net.SocketProcessorBase.run(SocketProcessorBase.java:52)
	at org.apache.tomcat.util.threads.ThreadPoolExecutor.runWorker(ThreadPoolExecutor.java:975)
	at org.apache.tomcat.util.threads.ThreadPoolExecutor$Worker.run(ThreadPoolExecutor.java:493)
	at org.apache.tomcat.util.threads.TaskThread$WrappingRunnable.run(TaskThread.java:63)
	at java.base/java.lang.Thread.run(Thread.java:840)
[2026-05-11 12:02:55.391] [INFO ] [http-nio-8881-exec-7] c.s.sqld.exception.ExceptionAdvice - error
org.springframework.jdbc.BadSqlGrammarException: 
### Error updating database.  Cause: java.sql.SQLSyntaxErrorException: Table 'sqld_database.board_like' doesn't exist
### The error may exist in file [/Users/minboklee/Downloads/sqld/build/resources/main/mapper/Board.xml]
### The error may involve defaultParameterMap
### The error occurred while setting parameters
### SQL: INSERT INTO board_like (BOARD_ID, MEMBER_ID, CREATE_AT)         VALUES (?, ?, NOW())
### Cause: java.sql.SQLSyntaxErrorException: Table 'sqld_database.board_like' doesn't exist
; bad SQL grammar []
	at org.springframework.jdbc.support.SQLErrorCodeSQLExceptionTranslator.doTranslate(SQLErrorCodeSQLExceptionTranslator.java:246)
	at org.springframework.jdbc.support.AbstractFallbackSQLExceptionTranslator.translate(AbstractFallbackSQLExceptionTranslator.java:107)
	at org.mybatis.spring.MyBatisExceptionTranslator.translateExceptionIfPossible(MyBatisExceptionTranslator.java:95)
	at org.mybatis.spring.SqlSessionTemplate$SqlSessionInterceptor.invoke(SqlSessionTemplate.java:347)
	at jdk.proxy2/jdk.proxy2.$Proxy95.insert(Unknown Source)
	at org.mybatis.spring.SqlSessionTemplate.insert(SqlSessionTemplate.java:224)
	at org.apache.ibatis.binding.MapperMethod.execute(MapperMethod.java:62)
	at org.apache.ibatis.binding.MapperProxy$PlainMethodInvoker.invoke(MapperProxy.java:141)
	at org.apache.ibatis.binding.MapperProxy.invoke(MapperProxy.java:86)
	at jdk.proxy3/jdk.proxy3.$Proxy101.insertBoardLike(Unknown Source)
	at java.base/jdk.internal.reflect.NativeMethodAccessorImpl.invoke0(Native Method)
	at java.base/jdk.internal.reflect.NativeMethodAccessorImpl.invoke(NativeMethodAccessorImpl.java:77)
	at java.base/jdk.internal.reflect.DelegatingMethodAccessorImpl.invoke(DelegatingMethodAccessorImpl.java:43)
	at java.base/java.lang.reflect.Method.invoke(Method.java:568)
	at org.springframework.aop.support.AopUtils.invokeJoinpointUsingReflection(AopUtils.java:360)
	at org.springframework.aop.framework.ReflectiveMethodInvocation.invokeJoinpoint(ReflectiveMethodInvocation.java:196)
	at org.springframework.aop.framework.ReflectiveMethodInvocation.proceed(ReflectiveMethodInvocation.java:163)
	at org.springframework.dao.support.PersistenceExceptionTranslationInterceptor.invoke(PersistenceExceptionTranslationInterceptor.java:138)
	at org.springframework.aop.framework.ReflectiveMethodInvocation.proceed(ReflectiveMethodInvocation.java:184)
	at org.springframework.aop.framework.JdkDynamicAopProxy.invoke(JdkDynamicAopProxy.java:223)
	at jdk.proxy3/jdk.proxy3.$Proxy102.insertBoardLike(Unknown Source)
	at com.sqld_board.sqld.service.board.BoardServiceImpl.toggleLike(BoardServiceImpl.java:842)
	at java.base/jdk.internal.reflect.NativeMethodAccessorImpl.invoke0(Native Method)
	at java.base/jdk.internal.reflect.NativeMethodAccessorImpl.invoke(NativeMethodAccessorImpl.java:77)
	at java.base/jdk.internal.reflect.DelegatingMethodAccessorImpl.invoke(DelegatingMethodAccessorImpl.java:43)
	at java.base/java.lang.reflect.Method.invoke(Method.java:568)
	at org.springframework.aop.support.AopUtils.invokeJoinpointUsingReflection(AopUtils.java:360)
	at org.springframework.aop.framework.ReflectiveMethodInvocation.invokeJoinpoint(ReflectiveMethodInvocation.java:196)
	at org.springframework.aop.framework.ReflectiveMethodInvocation.proceed(ReflectiveMethodInvocation.java:163)
	at org.springframework.transaction.interceptor.TransactionAspectSupport.invokeWithinTransaction(TransactionAspectSupport.java:380)
	at org.springframework.transaction.interceptor.TransactionInterceptor.invoke(TransactionInterceptor.java:119)
	at org.springframework.aop.framework.ReflectiveMethodInvocation.proceed(ReflectiveMethodInvocation.java:184)
	at org.springframework.aop.framework.CglibAopProxy$DynamicAdvisedInterceptor.intercept(CglibAopProxy.java:728)
	at com.sqld_board.sqld.service.board.BoardServiceImpl$$SpringCGLIB$$0.toggleLike(<generated>)
	at com.sqld_board.sqld.controller.board.BoardController.toggleLike(BoardController.java:223)
	at java.base/jdk.internal.reflect.NativeMethodAccessorImpl.invoke0(Native Method)
	at java.base/jdk.internal.reflect.NativeMethodAccessorImpl.invoke(NativeMethodAccessorImpl.java:77)
	at java.base/jdk.internal.reflect.DelegatingMethodAccessorImpl.invoke(DelegatingMethodAccessorImpl.java:43)
	at java.base/java.lang.reflect.Method.invoke(Method.java:568)
	at org.springframework.web.method.support.InvocableHandlerMethod.doInvoke(InvocableHandlerMethod.java:258)
	at org.springframework.web.method.support.InvocableHandlerMethod.invokeForRequest(InvocableHandlerMethod.java:191)
	at org.springframework.web.servlet.mvc.method.annotation.ServletInvocableHandlerMethod.invokeAndHandle(ServletInvocableHandlerMethod.java:118)
	at org.springframework.web.servlet.mvc.method.annotation.RequestMappingHandlerAdapter.invokeHandlerMethod(RequestMappingHandlerAdapter.java:991)
	at org.springframework.web.servlet.mvc.method.annotation.RequestMappingHandlerAdapter.handleInternal(RequestMappingHandlerAdapter.java:896)
	at org.springframework.web.servlet.mvc.method.AbstractHandlerMethodAdapter.handle(AbstractHandlerMethodAdapter.java:87)
	at org.springframework.web.servlet.DispatcherServlet.doDispatch(DispatcherServlet.java:1089)
	at org.springframework.web.servlet.DispatcherServlet.doService(DispatcherServlet.java:979)
	at org.springframework.web.servlet.FrameworkServlet.processRequest(FrameworkServlet.java:1014)
	at org.springframework.web.servlet.FrameworkServlet.doPost(FrameworkServlet.java:914)
	at jakarta.servlet.http.HttpServlet.service(HttpServlet.java:590)
	at org.springframework.web.servlet.FrameworkServlet.service(FrameworkServlet.java:885)
	at jakarta.servlet.http.HttpServlet.service(HttpServlet.java:658)
	at org.apache.catalina.core.ApplicationFilterChain.internalDoFilter(ApplicationFilterChain.java:195)
	at org.apache.catalina.core.ApplicationFilterChain.doFilter(ApplicationFilterChain.java:140)
	at org.apache.tomcat.websocket.server.WsFilter.doFilter(WsFilter.java:51)
	at org.apache.catalina.core.ApplicationFilterChain.internalDoFilter(ApplicationFilterChain.java:164)
	at org.apache.catalina.core.ApplicationFilterChain.doFilter(ApplicationFilterChain.java:140)
	at org.springframework.web.filter.OncePerRequestFilter.doFilter(OncePerRequestFilter.java:110)
	at org.apache.catalina.core.ApplicationFilterChain.internalDoFilter(ApplicationFilterChain.java:164)
	at org.apache.catalina.core.ApplicationFilterChain.doFilter(ApplicationFilterChain.java:140)
	at org.springframework.web.filter.CompositeFilter$VirtualFilterChain.doFilter(CompositeFilter.java:108)
	at org.springframework.web.filter.CompositeFilter$VirtualFilterChain.doFilter(CompositeFilter.java:108)
	at org.springframework.security.web.FilterChainProxy.lambda$doFilterInternal$3(FilterChainProxy.java:231)
	at org.springframework.security.web.FilterChainProxy$VirtualFilterChain.doFilter(FilterChainProxy.java:365)
	at org.springframework.security.web.access.intercept.AuthorizationFilter.doFilter(AuthorizationFilter.java:101)
	at org.springframework.security.web.FilterChainProxy$VirtualFilterChain.doFilter(FilterChainProxy.java:374)
	at org.springframework.security.web.access.ExceptionTranslationFilter.doFilter(ExceptionTranslationFilter.java:125)
	at org.springframework.security.web.access.ExceptionTranslationFilter.doFilter(ExceptionTranslationFilter.java:119)
	at org.springframework.security.web.FilterChainProxy$VirtualFilterChain.doFilter(FilterChainProxy.java:374)
	at org.springframework.security.web.session.SessionManagementFilter.doFilter(SessionManagementFilter.java:131)
	at org.springframework.security.web.session.SessionManagementFilter.doFilter(SessionManagementFilter.java:85)
	at org.springframework.security.web.FilterChainProxy$VirtualFilterChain.doFilter(FilterChainProxy.java:374)
	at org.springframework.security.web.authentication.AnonymousAuthenticationFilter.doFilter(AnonymousAuthenticationFilter.java:100)
	at org.springframework.security.web.FilterChainProxy$VirtualFilterChain.doFilter(FilterChainProxy.java:374)
	at org.springframework.security.web.servletapi.SecurityContextHolderAwareRequestFilter.doFilter(SecurityContextHolderAwareRequestFilter.java:179)
	at org.springframework.security.web.FilterChainProxy$VirtualFilterChain.doFilter(FilterChainProxy.java:374)
	at org.springframework.security.web.savedrequest.RequestCacheAwareFilter.doFilter(RequestCacheAwareFilter.java:63)
	at org.springframework.security.web.FilterChainProxy$VirtualFilterChain.doFilter(FilterChainProxy.java:374)
	at com.sqld_board.sqld.config.security.JwtAuthenticationFilter.doFilterInternal(JwtAuthenticationFilter.java:62)
	at org.springframework.web.filter.OncePerRequestFilter.doFilter(OncePerRequestFilter.java:116)
	at org.springframework.security.web.FilterChainProxy$VirtualFilterChain.doFilter(FilterChainProxy.java:374)
	at org.springframework.security.web.authentication.logout.LogoutFilter.doFilter(LogoutFilter.java:107)
	at org.springframework.security.web.authentication.logout.LogoutFilter.doFilter(LogoutFilter.java:93)
	at org.springframework.security.web.FilterChainProxy$VirtualFilterChain.doFilter(FilterChainProxy.java:374)
	at org.springframework.web.filter.CorsFilter.doFilterInternal(CorsFilter.java:91)
	at org.springframework.web.filter.OncePerRequestFilter.doFilter(OncePerRequestFilter.java:116)
	at org.springframework.security.web.FilterChainProxy$VirtualFilterChain.doFilter(FilterChainProxy.java:374)
	at org.springframework.security.web.header.HeaderWriterFilter.doHeadersAfter(HeaderWriterFilter.java:90)
	at org.springframework.security.web.header.HeaderWriterFilter.doFilterInternal(HeaderWriterFilter.java:75)
	at org.springframework.web.filter.OncePerRequestFilter.doFilter(OncePerRequestFilter.java:116)
	at org.springframework.security.web.FilterChainProxy$VirtualFilterChain.doFilter(FilterChainProxy.java:374)
	at org.springframework.security.web.context.SecurityContextHolderFilter.doFilter(SecurityContextHolderFilter.java:82)
	at org.springframework.security.web.context.SecurityContextHolderFilter.doFilter(SecurityContextHolderFilter.java:69)
	at org.springframework.security.web.FilterChainProxy$VirtualFilterChain.doFilter(FilterChainProxy.java:374)
	at org.springframework.security.web.context.request.async.WebAsyncManagerIntegrationFilter.doFilterInternal(WebAsyncManagerIntegrationFilter.java:62)
	at org.springframework.web.filter.OncePerRequestFilter.doFilter(OncePerRequestFilter.java:116)
	at org.springframework.security.web.FilterChainProxy$VirtualFilterChain.doFilter(FilterChainProxy.java:374)
	at org.springframework.security.web.session.DisableEncodeUrlFilter.doFilterInternal(DisableEncodeUrlFilter.java:42)
	at org.springframework.web.filter.OncePerRequestFilter.doFilter(OncePerRequestFilter.java:116)
	at org.springframework.security.web.FilterChainProxy$VirtualFilterChain.doFilter(FilterChainProxy.java:374)
	at org.springframework.security.web.FilterChainProxy.doFilterInternal(FilterChainProxy.java:233)
	at org.springframework.security.web.FilterChainProxy.doFilter(FilterChainProxy.java:191)
	at org.springframework.web.filter.CompositeFilter$VirtualFilterChain.doFilter(CompositeFilter.java:113)
	at org.springframework.web.filter.ServletRequestPathFilter.doFilter(ServletRequestPathFilter.java:52)
	at org.springframework.web.filter.CompositeFilter$VirtualFilterChain.doFilter(CompositeFilter.java:113)
	at org.springframework.web.filter.CompositeFilter.doFilter(CompositeFilter.java:74)
	at org.springframework.security.config.annotation.web.configuration.WebSecurityConfiguration$CompositeFilterChainProxy.doFilter(WebSecurityConfiguration.java:319)
	at org.springframework.web.filter.CompositeFilter$VirtualFilterChain.doFilter(CompositeFilter.java:113)
	at org.springframework.web.servlet.handler.HandlerMappingIntrospector.lambda$createCacheFilter$4(HandlerMappingIntrospector.java:267)
	at org.springframework.web.filter.CompositeFilter$VirtualFilterChain.doFilter(CompositeFilter.java:113)
	at org.springframework.web.filter.CompositeFilter.doFilter(CompositeFilter.java:74)
	at org.springframework.security.config.annotation.web.configuration.WebMvcSecurityConfiguration$CompositeFilterChainProxy.doFilter(WebMvcSecurityConfiguration.java:240)
	at org.springframework.web.filter.DelegatingFilterProxy.invokeDelegate(DelegatingFilterProxy.java:362)
	at org.springframework.web.filter.DelegatingFilterProxy.doFilter(DelegatingFilterProxy.java:278)
	at org.apache.catalina.core.ApplicationFilterChain.internalDoFilter(ApplicationFilterChain.java:164)
	at org.apache.catalina.core.ApplicationFilterChain.doFilter(ApplicationFilterChain.java:140)
	at org.springframework.web.filter.RequestContextFilter.doFilterInternal(RequestContextFilter.java:100)
	at org.springframework.web.filter.OncePerRequestFilter.doFilter(OncePerRequestFilter.java:116)
	at org.apache.catalina.core.ApplicationFilterChain.internalDoFilter(ApplicationFilterChain.java:164)
	at org.apache.catalina.core.ApplicationFilterChain.doFilter(ApplicationFilterChain.java:140)
	at org.springframework.web.filter.FormContentFilter.doFilterInternal(FormContentFilter.java:93)
	at org.springframework.web.filter.OncePerRequestFilter.doFilter(OncePerRequestFilter.java:116)
	at org.apache.catalina.core.ApplicationFilterChain.internalDoFilter(ApplicationFilterChain.java:164)
	at org.apache.catalina.core.ApplicationFilterChain.doFilter(ApplicationFilterChain.java:140)
	at org.springframework.web.filter.CharacterEncodingFilter.doFilterInternal(CharacterEncodingFilter.java:201)
	at org.springframework.web.filter.OncePerRequestFilter.doFilter(OncePerRequestFilter.java:116)
	at org.apache.catalina.core.ApplicationFilterChain.internalDoFilter(ApplicationFilterChain.java:164)
	at org.apache.catalina.core.ApplicationFilterChain.doFilter(ApplicationFilterChain.java:140)
	at org.apache.catalina.core.StandardWrapperValve.invoke(StandardWrapperValve.java:167)
	at org.apache.catalina.core.StandardContextValve.invoke(StandardContextValve.java:90)
	at org.apache.catalina.authenticator.AuthenticatorBase.invoke(AuthenticatorBase.java:483)
	at org.apache.catalina.core.StandardHostValve.invoke(StandardHostValve.java:116)
	at org.apache.catalina.valves.ErrorReportValve.invoke(ErrorReportValve.java:93)
	at org.apache.catalina.core.StandardEngineValve.invoke(StandardEngineValve.java:74)
	at org.apache.catalina.connector.CoyoteAdapter.service(CoyoteAdapter.java:344)
	at org.apache.coyote.http11.Http11Processor.service(Http11Processor.java:398)
	at org.apache.coyote.AbstractProcessorLight.process(AbstractProcessorLight.java:63)
	at org.apache.coyote.AbstractProtocol$ConnectionHandler.process(AbstractProtocol.java:903)
	at org.apache.tomcat.util.net.NioEndpoint$SocketProcessor.doRun(NioEndpoint.java:1776)
	at org.apache.tomcat.util.net.SocketProcessorBase.run(SocketProcessorBase.java:52)
	at org.apache.tomcat.util.threads.ThreadPoolExecutor.runWorker(ThreadPoolExecutor.java:975)
	at org.apache.tomcat.util.threads.ThreadPoolExecutor$Worker.run(ThreadPoolExecutor.java:493)
	at org.apache.tomcat.util.threads.TaskThread$WrappingRunnable.run(TaskThread.java:63)
	at java.base/java.lang.Thread.run(Thread.java:840)
Caused by: java.sql.SQLSyntaxErrorException: Table 'sqld_database.board_like' doesn't exist
	at com.mysql.cj.jdbc.exceptions.SQLError.createSQLException(SQLError.java:112)
	at com.mysql.cj.jdbc.exceptions.SQLExceptionsMapping.translateException(SQLExceptionsMapping.java:114)
	at com.mysql.cj.jdbc.ClientPreparedStatement.executeInternal(ClientPreparedStatement.java:988)
	at com.mysql.cj.jdbc.ClientPreparedStatement.execute(ClientPreparedStatement.java:383)
	at net.sf.log4jdbc.sql.jdbcapi.PreparedStatementSpy.execute(PreparedStatementSpy.java:443)
	at com.zaxxer.hikari.pool.ProxyPreparedStatement.execute(ProxyPreparedStatement.java:44)
	at com.zaxxer.hikari.pool.HikariProxyPreparedStatement.execute(HikariProxyPreparedStatement.java)
	at org.apache.ibatis.executor.statement.PreparedStatementHandler.update(PreparedStatementHandler.java:48)
	at org.apache.ibatis.executor.statement.RoutingStatementHandler.update(RoutingStatementHandler.java:75)
	at org.apache.ibatis.executor.SimpleExecutor.doUpdate(SimpleExecutor.java:50)
	at org.apache.ibatis.executor.BaseExecutor.update(BaseExecutor.java:117)
	at org.apache.ibatis.executor.CachingExecutor.update(CachingExecutor.java:76)
	at org.apache.ibatis.session.defaults.DefaultSqlSession.update(DefaultSqlSession.java:197)
	at org.apache.ibatis.session.defaults.DefaultSqlSession.insert(DefaultSqlSession.java:184)
	at java.base/jdk.internal.reflect.NativeMethodAccessorImpl.invoke0(Native Method)
	at java.base/jdk.internal.reflect.NativeMethodAccessorImpl.invoke(NativeMethodAccessorImpl.java:77)
	at java.base/jdk.internal.reflect.DelegatingMethodAccessorImpl.invoke(DelegatingMethodAccessorImpl.java:43)
	at java.base/java.lang.reflect.Method.invoke(Method.java:568)
	at org.mybatis.spring.SqlSessionTemplate$SqlSessionInterceptor.invoke(SqlSessionTemplate.java:333)
	... 140 common frames omitted
[2026-05-11 12:02:55.392] [WARN ] [http-nio-8881-exec-7] o.s.w.s.m.m.a.ExceptionHandlerExceptionResolver - Resolved [org.springframework.jdbc.BadSqlGrammarException: <EOL>### Error updating database.  Cause: java.sql.SQLSyntaxErrorException: Table 'sqld_database.board_like' doesn't exist<EOL>### The error may exist in file [/Users/minboklee/Downloads/sqld/build/resources/main/mapper/Board.xml]<EOL>### The error may involve defaultParameterMap<EOL>### The error occurred while setting parameters<EOL>### SQL: INSERT INTO board_like (BOARD_ID, MEMBER_ID, CREATE_AT)         VALUES (?, ?, NOW())<EOL>### Cause: java.sql.SQLSyntaxErrorException: Table 'sqld_database.board_like' doesn't exist<EOL>; bad SQL grammar []]
[2026-05-11 12:03:52.761] [INFO ] [http-nio-8881-exec-8] jdbc.sqltiming - SELECT /* MemberMapper.readMemberByMemberId (memberId를 통한 회원 정보 조회) */
               MEMBER_ID
             , USER_ID
             , USER_PASS
             , USER_NAME
             , USER_EMAIL
             , EMAIL_VERIFIED
             , USER_ROLE
             , USER_STATUS
             , PROFILE_IMAGE
             , CREATE_AT
             , UPDATE_AT
             , LAST_LOG_AT
          FROM MEMBER_INFO
        WHERE MEMBER_ID = 'MEMBER_20260511_001'
 {executed in 6 msec}
[2026-05-11 12:03:52.783] [INFO ] [http-nio-8881-exec-8] jdbc.sqltiming - SELECT /* BoardMapper.getSearchBoard (게시판 글 단건조회 (사용자 정보 JOIN)) */
               B.BOARD_ID
             , B.TITLE
             , B.CONTENT
             , M.USER_ID
             , M.USER_NAME
             , B.MEMBER_ID
             , B.BOARD_CODE
             , B.CATEGORY_ID
             , B.VIEW_COUNT
             , B.LIKE_COUNT
             , M.PROFILE_IMAGE
             , B.CREATE_AT
             , B.UPDATE_AT
             , B.TAG_NAME
             , BS.SCRAP_ID /* 스크랩 고유 ID */
          FROM BOARD B
          LEFT JOIN MEMBER_INFO M ON B.MEMBER_ID = M.MEMBER_ID
          LEFT JOIN BOARD_SCRAP BS ON B.BOARD_ID = BS.BOARD_ID AND BS.MEMBER_ID = 'MEMBER_20260511_001'
         WHERE B.BOARD_ID = 1
           AND B.DELETE_YN = 'N'
 {executed in 9 msec}
[2026-05-11 12:03:52.791] [INFO ] [http-nio-8881-exec-8] jdbc.sqltiming - SELECT COUNT(*)
        FROM BOARD_LIKE
        WHERE BOARD_ID = 1 AND MEMBER_ID = 'MEMBER_20260511_001'
 {executed in 7 msec}
[2026-05-11 12:03:52.806] [ERROR] [http-nio-8881-exec-8] jdbc.sqltiming - 1. PreparedStatement.execute() FAILED! INSERT INTO board_like (BOARD_ID, MEMBER_ID, CREATE_AT)
        VALUES (1, 'MEMBER_20260511_001', NOW())
 {FAILED after 15 msec}
java.sql.SQLSyntaxErrorException: Table 'sqld_database.board_like' doesn't exist
	at com.mysql.cj.jdbc.exceptions.SQLError.createSQLException(SQLError.java:112)
	at com.mysql.cj.jdbc.exceptions.SQLExceptionsMapping.translateException(SQLExceptionsMapping.java:114)
	at com.mysql.cj.jdbc.ClientPreparedStatement.executeInternal(ClientPreparedStatement.java:988)
	at com.mysql.cj.jdbc.ClientPreparedStatement.execute(ClientPreparedStatement.java:383)
	at net.sf.log4jdbc.sql.jdbcapi.PreparedStatementSpy.execute(PreparedStatementSpy.java:443)
	at com.zaxxer.hikari.pool.ProxyPreparedStatement.execute(ProxyPreparedStatement.java:44)
	at com.zaxxer.hikari.pool.HikariProxyPreparedStatement.execute(HikariProxyPreparedStatement.java)
	at org.apache.ibatis.executor.statement.PreparedStatementHandler.update(PreparedStatementHandler.java:48)
	at org.apache.ibatis.executor.statement.RoutingStatementHandler.update(RoutingStatementHandler.java:75)
	at org.apache.ibatis.executor.SimpleExecutor.doUpdate(SimpleExecutor.java:50)
	at org.apache.ibatis.executor.BaseExecutor.update(BaseExecutor.java:117)
	at org.apache.ibatis.executor.CachingExecutor.update(CachingExecutor.java:76)
	at org.apache.ibatis.session.defaults.DefaultSqlSession.update(DefaultSqlSession.java:197)
	at org.apache.ibatis.session.defaults.DefaultSqlSession.insert(DefaultSqlSession.java:184)
	at java.base/jdk.internal.reflect.NativeMethodAccessorImpl.invoke0(Native Method)
	at java.base/jdk.internal.reflect.NativeMethodAccessorImpl.invoke(NativeMethodAccessorImpl.java:77)
	at java.base/jdk.internal.reflect.DelegatingMethodAccessorImpl.invoke(DelegatingMethodAccessorImpl.java:43)
	at java.base/java.lang.reflect.Method.invoke(Method.java:568)
	at org.mybatis.spring.SqlSessionTemplate$SqlSessionInterceptor.invoke(SqlSessionTemplate.java:333)
	at jdk.proxy2/jdk.proxy2.$Proxy95.insert(Unknown Source)
	at org.mybatis.spring.SqlSessionTemplate.insert(SqlSessionTemplate.java:224)
	at org.apache.ibatis.binding.MapperMethod.execute(MapperMethod.java:62)
	at org.apache.ibatis.binding.MapperProxy$PlainMethodInvoker.invoke(MapperProxy.java:141)
	at org.apache.ibatis.binding.MapperProxy.invoke(MapperProxy.java:86)
	at jdk.proxy3/jdk.proxy3.$Proxy101.insertBoardLike(Unknown Source)
	at java.base/jdk.internal.reflect.NativeMethodAccessorImpl.invoke0(Native Method)
	at java.base/jdk.internal.reflect.NativeMethodAccessorImpl.invoke(NativeMethodAccessorImpl.java:77)
	at java.base/jdk.internal.reflect.DelegatingMethodAccessorImpl.invoke(DelegatingMethodAccessorImpl.java:43)
	at java.base/java.lang.reflect.Method.invoke(Method.java:568)
	at org.springframework.aop.support.AopUtils.invokeJoinpointUsingReflection(AopUtils.java:360)
	at org.springframework.aop.framework.ReflectiveMethodInvocation.invokeJoinpoint(ReflectiveMethodInvocation.java:196)
	at org.springframework.aop.framework.ReflectiveMethodInvocation.proceed(ReflectiveMethodInvocation.java:163)
	at org.springframework.dao.support.PersistenceExceptionTranslationInterceptor.invoke(PersistenceExceptionTranslationInterceptor.java:138)
	at org.springframework.aop.framework.ReflectiveMethodInvocation.proceed(ReflectiveMethodInvocation.java:184)
	at org.springframework.aop.framework.JdkDynamicAopProxy.invoke(JdkDynamicAopProxy.java:223)
	at jdk.proxy3/jdk.proxy3.$Proxy102.insertBoardLike(Unknown Source)
	at com.sqld_board.sqld.service.board.BoardServiceImpl.toggleLike(BoardServiceImpl.java:842)
	at java.base/jdk.internal.reflect.NativeMethodAccessorImpl.invoke0(Native Method)
	at java.base/jdk.internal.reflect.NativeMethodAccessorImpl.invoke(NativeMethodAccessorImpl.java:77)
	at java.base/jdk.internal.reflect.DelegatingMethodAccessorImpl.invoke(DelegatingMethodAccessorImpl.java:43)
	at java.base/java.lang.reflect.Method.invoke(Method.java:568)
	at org.springframework.aop.support.AopUtils.invokeJoinpointUsingReflection(AopUtils.java:360)
	at org.springframework.aop.framework.ReflectiveMethodInvocation.invokeJoinpoint(ReflectiveMethodInvocation.java:196)
	at org.springframework.aop.framework.ReflectiveMethodInvocation.proceed(ReflectiveMethodInvocation.java:163)
	at org.springframework.transaction.interceptor.TransactionAspectSupport.invokeWithinTransaction(TransactionAspectSupport.java:380)
	at org.springframework.transaction.interceptor.TransactionInterceptor.invoke(TransactionInterceptor.java:119)
	at org.springframework.aop.framework.ReflectiveMethodInvocation.proceed(ReflectiveMethodInvocation.java:184)
	at org.springframework.aop.framework.CglibAopProxy$DynamicAdvisedInterceptor.intercept(CglibAopProxy.java:728)
	at com.sqld_board.sqld.service.board.BoardServiceImpl$$SpringCGLIB$$0.toggleLike(<generated>)
	at com.sqld_board.sqld.controller.board.BoardController.toggleLike(BoardController.java:223)
	at java.base/jdk.internal.reflect.NativeMethodAccessorImpl.invoke0(Native Method)
	at java.base/jdk.internal.reflect.NativeMethodAccessorImpl.invoke(NativeMethodAccessorImpl.java:77)
	at java.base/jdk.internal.reflect.DelegatingMethodAccessorImpl.invoke(DelegatingMethodAccessorImpl.java:43)
	at java.base/java.lang.reflect.Method.invoke(Method.java:568)
	at org.springframework.web.method.support.InvocableHandlerMethod.doInvoke(InvocableHandlerMethod.java:258)
	at org.springframework.web.method.support.InvocableHandlerMethod.invokeForRequest(InvocableHandlerMethod.java:191)
	at org.springframework.web.servlet.mvc.method.annotation.ServletInvocableHandlerMethod.invokeAndHandle(ServletInvocableHandlerMethod.java:118)
	at org.springframework.web.servlet.mvc.method.annotation.RequestMappingHandlerAdapter.invokeHandlerMethod(RequestMappingHandlerAdapter.java:991)
	at org.springframework.web.servlet.mvc.method.annotation.RequestMappingHandlerAdapter.handleInternal(RequestMappingHandlerAdapter.java:896)
	at org.springframework.web.servlet.mvc.method.AbstractHandlerMethodAdapter.handle(AbstractHandlerMethodAdapter.java:87)
	at org.springframework.web.servlet.DispatcherServlet.doDispatch(DispatcherServlet.java:1089)
	at org.springframework.web.servlet.DispatcherServlet.doService(DispatcherServlet.java:979)
	at org.springframework.web.servlet.FrameworkServlet.processRequest(FrameworkServlet.java:1014)
	at org.springframework.web.servlet.FrameworkServlet.doPost(FrameworkServlet.java:914)
	at jakarta.servlet.http.HttpServlet.service(HttpServlet.java:590)
	at org.springframework.web.servlet.FrameworkServlet.service(FrameworkServlet.java:885)
	at jakarta.servlet.http.HttpServlet.service(HttpServlet.java:658)
	at org.apache.catalina.core.ApplicationFilterChain.internalDoFilter(ApplicationFilterChain.java:195)
	at org.apache.catalina.core.ApplicationFilterChain.doFilter(ApplicationFilterChain.java:140)
	at org.apache.tomcat.websocket.server.WsFilter.doFilter(WsFilter.java:51)
	at org.apache.catalina.core.ApplicationFilterChain.internalDoFilter(ApplicationFilterChain.java:164)
	at org.apache.catalina.core.ApplicationFilterChain.doFilter(ApplicationFilterChain.java:140)
	at org.springframework.web.filter.OncePerRequestFilter.doFilter(OncePerRequestFilter.java:110)
	at org.apache.catalina.core.ApplicationFilterChain.internalDoFilter(ApplicationFilterChain.java:164)
	at org.apache.catalina.core.ApplicationFilterChain.doFilter(ApplicationFilterChain.java:140)
	at org.springframework.web.filter.CompositeFilter$VirtualFilterChain.doFilter(CompositeFilter.java:108)
	at org.springframework.web.filter.CompositeFilter$VirtualFilterChain.doFilter(CompositeFilter.java:108)
	at org.springframework.security.web.FilterChainProxy.lambda$doFilterInternal$3(FilterChainProxy.java:231)
	at org.springframework.security.web.FilterChainProxy$VirtualFilterChain.doFilter(FilterChainProxy.java:365)
	at org.springframework.security.web.access.intercept.AuthorizationFilter.doFilter(AuthorizationFilter.java:101)
	at org.springframework.security.web.FilterChainProxy$VirtualFilterChain.doFilter(FilterChainProxy.java:374)
	at org.springframework.security.web.access.ExceptionTranslationFilter.doFilter(ExceptionTranslationFilter.java:125)
	at org.springframework.security.web.access.ExceptionTranslationFilter.doFilter(ExceptionTranslationFilter.java:119)
	at org.springframework.security.web.FilterChainProxy$VirtualFilterChain.doFilter(FilterChainProxy.java:374)
	at org.springframework.security.web.session.SessionManagementFilter.doFilter(SessionManagementFilter.java:131)
	at org.springframework.security.web.session.SessionManagementFilter.doFilter(SessionManagementFilter.java:85)
	at org.springframework.security.web.FilterChainProxy$VirtualFilterChain.doFilter(FilterChainProxy.java:374)
	at org.springframework.security.web.authentication.AnonymousAuthenticationFilter.doFilter(AnonymousAuthenticationFilter.java:100)
	at org.springframework.security.web.FilterChainProxy$VirtualFilterChain.doFilter(FilterChainProxy.java:374)
	at org.springframework.security.web.servletapi.SecurityContextHolderAwareRequestFilter.doFilter(SecurityContextHolderAwareRequestFilter.java:179)
	at org.springframework.security.web.FilterChainProxy$VirtualFilterChain.doFilter(FilterChainProxy.java:374)
	at org.springframework.security.web.savedrequest.RequestCacheAwareFilter.doFilter(RequestCacheAwareFilter.java:63)
	at org.springframework.security.web.FilterChainProxy$VirtualFilterChain.doFilter(FilterChainProxy.java:374)
	at com.sqld_board.sqld.config.security.JwtAuthenticationFilter.doFilterInternal(JwtAuthenticationFilter.java:62)
	at org.springframework.web.filter.OncePerRequestFilter.doFilter(OncePerRequestFilter.java:116)
	at org.springframework.security.web.FilterChainProxy$VirtualFilterChain.doFilter(FilterChainProxy.java:374)
	at org.springframework.security.web.authentication.logout.LogoutFilter.doFilter(LogoutFilter.java:107)
	at org.springframework.security.web.authentication.logout.LogoutFilter.doFilter(LogoutFilter.java:93)
	at org.springframework.security.web.FilterChainProxy$VirtualFilterChain.doFilter(FilterChainProxy.java:374)
	at org.springframework.web.filter.CorsFilter.doFilterInternal(CorsFilter.java:91)
	at org.springframework.web.filter.OncePerRequestFilter.doFilter(OncePerRequestFilter.java:116)
	at org.springframework.security.web.FilterChainProxy$VirtualFilterChain.doFilter(FilterChainProxy.java:374)
	at org.springframework.security.web.header.HeaderWriterFilter.doHeadersAfter(HeaderWriterFilter.java:90)
	at org.springframework.security.web.header.HeaderWriterFilter.doFilterInternal(HeaderWriterFilter.java:75)
	at org.springframework.web.filter.OncePerRequestFilter.doFilter(OncePerRequestFilter.java:116)
	at org.springframework.security.web.FilterChainProxy$VirtualFilterChain.doFilter(FilterChainProxy.java:374)
	at org.springframework.security.web.context.SecurityContextHolderFilter.doFilter(SecurityContextHolderFilter.java:82)
	at org.springframework.security.web.context.SecurityContextHolderFilter.doFilter(SecurityContextHolderFilter.java:69)
	at org.springframework.security.web.FilterChainProxy$VirtualFilterChain.doFilter(FilterChainProxy.java:374)
	at org.springframework.security.web.context.request.async.WebAsyncManagerIntegrationFilter.doFilterInternal(WebAsyncManagerIntegrationFilter.java:62)
	at org.springframework.web.filter.OncePerRequestFilter.doFilter(OncePerRequestFilter.java:116)
	at org.springframework.security.web.FilterChainProxy$VirtualFilterChain.doFilter(FilterChainProxy.java:374)
	at org.springframework.security.web.session.DisableEncodeUrlFilter.doFilterInternal(DisableEncodeUrlFilter.java:42)
	at org.springframework.web.filter.OncePerRequestFilter.doFilter(OncePerRequestFilter.java:116)
	at org.springframework.security.web.FilterChainProxy$VirtualFilterChain.doFilter(FilterChainProxy.java:374)
	at org.springframework.security.web.FilterChainProxy.doFilterInternal(FilterChainProxy.java:233)
	at org.springframework.security.web.FilterChainProxy.doFilter(FilterChainProxy.java:191)
	at org.springframework.web.filter.CompositeFilter$VirtualFilterChain.doFilter(CompositeFilter.java:113)
	at org.springframework.web.filter.ServletRequestPathFilter.doFilter(ServletRequestPathFilter.java:52)
	at org.springframework.web.filter.CompositeFilter$VirtualFilterChain.doFilter(CompositeFilter.java:113)
	at org.springframework.web.filter.CompositeFilter.doFilter(CompositeFilter.java:74)
	at org.springframework.security.config.annotation.web.configuration.WebSecurityConfiguration$CompositeFilterChainProxy.doFilter(WebSecurityConfiguration.java:319)
	at org.springframework.web.filter.CompositeFilter$VirtualFilterChain.doFilter(CompositeFilter.java:113)
	at org.springframework.web.servlet.handler.HandlerMappingIntrospector.lambda$createCacheFilter$4(HandlerMappingIntrospector.java:267)
	at org.springframework.web.filter.CompositeFilter$VirtualFilterChain.doFilter(CompositeFilter.java:113)
	at org.springframework.web.filter.CompositeFilter.doFilter(CompositeFilter.java:74)
	at org.springframework.security.config.annotation.web.configuration.WebMvcSecurityConfiguration$CompositeFilterChainProxy.doFilter(WebMvcSecurityConfiguration.java:240)
	at org.springframework.web.filter.DelegatingFilterProxy.invokeDelegate(DelegatingFilterProxy.java:362)
	at org.springframework.web.filter.DelegatingFilterProxy.doFilter(DelegatingFilterProxy.java:278)
	at org.apache.catalina.core.ApplicationFilterChain.internalDoFilter(ApplicationFilterChain.java:164)
	at org.apache.catalina.core.ApplicationFilterChain.doFilter(ApplicationFilterChain.java:140)
	at org.springframework.web.filter.RequestContextFilter.doFilterInternal(RequestContextFilter.java:100)
	at org.springframework.web.filter.OncePerRequestFilter.doFilter(OncePerRequestFilter.java:116)
	at org.apache.catalina.core.ApplicationFilterChain.internalDoFilter(ApplicationFilterChain.java:164)
	at org.apache.catalina.core.ApplicationFilterChain.doFilter(ApplicationFilterChain.java:140)
	at org.springframework.web.filter.FormContentFilter.doFilterInternal(FormContentFilter.java:93)
	at org.springframework.web.filter.OncePerRequestFilter.doFilter(OncePerRequestFilter.java:116)
	at org.apache.catalina.core.ApplicationFilterChain.internalDoFilter(ApplicationFilterChain.java:164)
	at org.apache.catalina.core.ApplicationFilterChain.doFilter(ApplicationFilterChain.java:140)
	at org.springframework.web.filter.CharacterEncodingFilter.doFilterInternal(CharacterEncodingFilter.java:201)
	at org.springframework.web.filter.OncePerRequestFilter.doFilter(OncePerRequestFilter.java:116)
	at org.apache.catalina.core.ApplicationFilterChain.internalDoFilter(ApplicationFilterChain.java:164)
	at org.apache.catalina.core.ApplicationFilterChain.doFilter(ApplicationFilterChain.java:140)
	at org.apache.catalina.core.StandardWrapperValve.invoke(StandardWrapperValve.java:167)
	at org.apache.catalina.core.StandardContextValve.invoke(StandardContextValve.java:90)
	at org.apache.catalina.authenticator.AuthenticatorBase.invoke(AuthenticatorBase.java:483)
	at org.apache.catalina.core.StandardHostValve.invoke(StandardHostValve.java:116)
	at org.apache.catalina.valves.ErrorReportValve.invoke(ErrorReportValve.java:93)
	at org.apache.catalina.core.StandardEngineValve.invoke(StandardEngineValve.java:74)
	at org.apache.catalina.connector.CoyoteAdapter.service(CoyoteAdapter.java:344)
	at org.apache.coyote.http11.Http11Processor.service(Http11Processor.java:398)
	at org.apache.coyote.AbstractProcessorLight.process(AbstractProcessorLight.java:63)
	at org.apache.coyote.AbstractProtocol$ConnectionHandler.process(AbstractProtocol.java:903)
	at org.apache.tomcat.util.net.NioEndpoint$SocketProcessor.doRun(NioEndpoint.java:1776)
	at org.apache.tomcat.util.net.SocketProcessorBase.run(SocketProcessorBase.java:52)
	at org.apache.tomcat.util.threads.ThreadPoolExecutor.runWorker(ThreadPoolExecutor.java:975)
	at org.apache.tomcat.util.threads.ThreadPoolExecutor$Worker.run(ThreadPoolExecutor.java:493)
	at org.apache.tomcat.util.threads.TaskThread$WrappingRunnable.run(TaskThread.java:63)
	at java.base/java.lang.Thread.run(Thread.java:840)
[2026-05-11 12:03:52.822] [INFO ] [http-nio-8881-exec-8] c.s.sqld.exception.ExceptionAdvice - error
org.springframework.jdbc.BadSqlGrammarException: 
### Error updating database.  Cause: java.sql.SQLSyntaxErrorException: Table 'sqld_database.board_like' doesn't exist
### The error may exist in file [/Users/minboklee/Downloads/sqld/build/resources/main/mapper/Board.xml]
### The error may involve defaultParameterMap
### The error occurred while setting parameters
### SQL: INSERT INTO board_like (BOARD_ID, MEMBER_ID, CREATE_AT)         VALUES (?, ?, NOW())
### Cause: java.sql.SQLSyntaxErrorException: Table 'sqld_database.board_like' doesn't exist
; bad SQL grammar []
	at org.springframework.jdbc.support.SQLErrorCodeSQLExceptionTranslator.doTranslate(SQLErrorCodeSQLExceptionTranslator.java:246)
	at org.springframework.jdbc.support.AbstractFallbackSQLExceptionTranslator.translate(AbstractFallbackSQLExceptionTranslator.java:107)
	at org.mybatis.spring.MyBatisExceptionTranslator.translateExceptionIfPossible(MyBatisExceptionTranslator.java:95)
	at org.mybatis.spring.SqlSessionTemplate$SqlSessionInterceptor.invoke(SqlSessionTemplate.java:347)
	at jdk.proxy2/jdk.proxy2.$Proxy95.insert(Unknown Source)
	at org.mybatis.spring.SqlSessionTemplate.insert(SqlSessionTemplate.java:224)
	at org.apache.ibatis.binding.MapperMethod.execute(MapperMethod.java:62)
	at org.apache.ibatis.binding.MapperProxy$PlainMethodInvoker.invoke(MapperProxy.java:141)
	at org.apache.ibatis.binding.MapperProxy.invoke(MapperProxy.java:86)
	at jdk.proxy3/jdk.proxy3.$Proxy101.insertBoardLike(Unknown Source)
	at java.base/jdk.internal.reflect.NativeMethodAccessorImpl.invoke0(Native Method)
	at java.base/jdk.internal.reflect.NativeMethodAccessorImpl.invoke(NativeMethodAccessorImpl.java:77)
	at java.base/jdk.internal.reflect.DelegatingMethodAccessorImpl.invoke(DelegatingMethodAccessorImpl.java:43)
	at java.base/java.lang.reflect.Method.invoke(Method.java:568)
	at org.springframework.aop.support.AopUtils.invokeJoinpointUsingReflection(AopUtils.java:360)
	at org.springframework.aop.framework.ReflectiveMethodInvocation.invokeJoinpoint(ReflectiveMethodInvocation.java:196)
	at org.springframework.aop.framework.ReflectiveMethodInvocation.proceed(ReflectiveMethodInvocation.java:163)
	at org.springframework.dao.support.PersistenceExceptionTranslationInterceptor.invoke(PersistenceExceptionTranslationInterceptor.java:138)
	at org.springframework.aop.framework.ReflectiveMethodInvocation.proceed(ReflectiveMethodInvocation.java:184)
	at org.springframework.aop.framework.JdkDynamicAopProxy.invoke(JdkDynamicAopProxy.java:223)
	at jdk.proxy3/jdk.proxy3.$Proxy102.insertBoardLike(Unknown Source)
	at com.sqld_board.sqld.service.board.BoardServiceImpl.toggleLike(BoardServiceImpl.java:842)
	at java.base/jdk.internal.reflect.NativeMethodAccessorImpl.invoke0(Native Method)
	at java.base/jdk.internal.reflect.NativeMethodAccessorImpl.invoke(NativeMethodAccessorImpl.java:77)
	at java.base/jdk.internal.reflect.DelegatingMethodAccessorImpl.invoke(DelegatingMethodAccessorImpl.java:43)
	at java.base/java.lang.reflect.Method.invoke(Method.java:568)
	at org.springframework.aop.support.AopUtils.invokeJoinpointUsingReflection(AopUtils.java:360)
	at org.springframework.aop.framework.ReflectiveMethodInvocation.invokeJoinpoint(ReflectiveMethodInvocation.java:196)
	at org.springframework.aop.framework.ReflectiveMethodInvocation.proceed(ReflectiveMethodInvocation.java:163)
	at org.springframework.transaction.interceptor.TransactionAspectSupport.invokeWithinTransaction(TransactionAspectSupport.java:380)
	at org.springframework.transaction.interceptor.TransactionInterceptor.invoke(TransactionInterceptor.java:119)
	at org.springframework.aop.framework.ReflectiveMethodInvocation.proceed(ReflectiveMethodInvocation.java:184)
	at org.springframework.aop.framework.CglibAopProxy$DynamicAdvisedInterceptor.intercept(CglibAopProxy.java:728)
	at com.sqld_board.sqld.service.board.BoardServiceImpl$$SpringCGLIB$$0.toggleLike(<generated>)
	at com.sqld_board.sqld.controller.board.BoardController.toggleLike(BoardController.java:223)
	at java.base/jdk.internal.reflect.NativeMethodAccessorImpl.invoke0(Native Method)
	at java.base/jdk.internal.reflect.NativeMethodAccessorImpl.invoke(NativeMethodAccessorImpl.java:77)
	at java.base/jdk.internal.reflect.DelegatingMethodAccessorImpl.invoke(DelegatingMethodAccessorImpl.java:43)
	at java.base/java.lang.reflect.Method.invoke(Method.java:568)
	at org.springframework.web.method.support.InvocableHandlerMethod.doInvoke(InvocableHandlerMethod.java:258)
	at org.springframework.web.method.support.InvocableHandlerMethod.invokeForRequest(InvocableHandlerMethod.java:191)
	at org.springframework.web.servlet.mvc.method.annotation.ServletInvocableHandlerMethod.invokeAndHandle(ServletInvocableHandlerMethod.java:118)
	at org.springframework.web.servlet.mvc.method.annotation.RequestMappingHandlerAdapter.invokeHandlerMethod(RequestMappingHandlerAdapter.java:991)
	at org.springframework.web.servlet.mvc.method.annotation.RequestMappingHandlerAdapter.handleInternal(RequestMappingHandlerAdapter.java:896)
	at org.springframework.web.servlet.mvc.method.AbstractHandlerMethodAdapter.handle(AbstractHandlerMethodAdapter.java:87)
	at org.springframework.web.servlet.DispatcherServlet.doDispatch(DispatcherServlet.java:1089)
	at org.springframework.web.servlet.DispatcherServlet.doService(DispatcherServlet.java:979)
	at org.springframework.web.servlet.FrameworkServlet.processRequest(FrameworkServlet.java:1014)
	at org.springframework.web.servlet.FrameworkServlet.doPost(FrameworkServlet.java:914)
	at jakarta.servlet.http.HttpServlet.service(HttpServlet.java:590)
	at org.springframework.web.servlet.FrameworkServlet.service(FrameworkServlet.java:885)
	at jakarta.servlet.http.HttpServlet.service(HttpServlet.java:658)
	at org.apache.catalina.core.ApplicationFilterChain.internalDoFilter(ApplicationFilterChain.java:195)
	at org.apache.catalina.core.ApplicationFilterChain.doFilter(ApplicationFilterChain.java:140)
	at org.apache.tomcat.websocket.server.WsFilter.doFilter(WsFilter.java:51)
	at org.apache.catalina.core.ApplicationFilterChain.internalDoFilter(ApplicationFilterChain.java:164)
	at org.apache.catalina.core.ApplicationFilterChain.doFilter(ApplicationFilterChain.java:140)
	at org.springframework.web.filter.OncePerRequestFilter.doFilter(OncePerRequestFilter.java:110)
	at org.apache.catalina.core.ApplicationFilterChain.internalDoFilter(ApplicationFilterChain.java:164)
	at org.apache.catalina.core.ApplicationFilterChain.doFilter(ApplicationFilterChain.java:140)
	at org.springframework.web.filter.CompositeFilter$VirtualFilterChain.doFilter(CompositeFilter.java:108)
	at org.springframework.web.filter.CompositeFilter$VirtualFilterChain.doFilter(CompositeFilter.java:108)
	at org.springframework.security.web.FilterChainProxy.lambda$doFilterInternal$3(FilterChainProxy.java:231)
	at org.springframework.security.web.FilterChainProxy$VirtualFilterChain.doFilter(FilterChainProxy.java:365)
	at org.springframework.security.web.access.intercept.AuthorizationFilter.doFilter(AuthorizationFilter.java:101)
	at org.springframework.security.web.FilterChainProxy$VirtualFilterChain.doFilter(FilterChainProxy.java:374)
	at org.springframework.security.web.access.ExceptionTranslationFilter.doFilter(ExceptionTranslationFilter.java:125)
	at org.springframework.security.web.access.ExceptionTranslationFilter.doFilter(ExceptionTranslationFilter.java:119)
	at org.springframework.security.web.FilterChainProxy$VirtualFilterChain.doFilter(FilterChainProxy.java:374)
	at org.springframework.security.web.session.SessionManagementFilter.doFilter(SessionManagementFilter.java:131)
	at org.springframework.security.web.session.SessionManagementFilter.doFilter(SessionManagementFilter.java:85)
	at org.springframework.security.web.FilterChainProxy$VirtualFilterChain.doFilter(FilterChainProxy.java:374)
	at org.springframework.security.web.authentication.AnonymousAuthenticationFilter.doFilter(AnonymousAuthenticationFilter.java:100)
	at org.springframework.security.web.FilterChainProxy$VirtualFilterChain.doFilter(FilterChainProxy.java:374)
	at org.springframework.security.web.servletapi.SecurityContextHolderAwareRequestFilter.doFilter(SecurityContextHolderAwareRequestFilter.java:179)
	at org.springframework.security.web.FilterChainProxy$VirtualFilterChain.doFilter(FilterChainProxy.java:374)
	at org.springframework.security.web.savedrequest.RequestCacheAwareFilter.doFilter(RequestCacheAwareFilter.java:63)
	at org.springframework.security.web.FilterChainProxy$VirtualFilterChain.doFilter(FilterChainProxy.java:374)
	at com.sqld_board.sqld.config.security.JwtAuthenticationFilter.doFilterInternal(JwtAuthenticationFilter.java:62)
	at org.springframework.web.filter.OncePerRequestFilter.doFilter(OncePerRequestFilter.java:116)
	at org.springframework.security.web.FilterChainProxy$VirtualFilterChain.doFilter(FilterChainProxy.java:374)
	at org.springframework.security.web.authentication.logout.LogoutFilter.doFilter(LogoutFilter.java:107)
	at org.springframework.security.web.authentication.logout.LogoutFilter.doFilter(LogoutFilter.java:93)
	at org.springframework.security.web.FilterChainProxy$VirtualFilterChain.doFilter(FilterChainProxy.java:374)
	at org.springframework.web.filter.CorsFilter.doFilterInternal(CorsFilter.java:91)
	at org.springframework.web.filter.OncePerRequestFilter.doFilter(OncePerRequestFilter.java:116)
	at org.springframework.security.web.FilterChainProxy$VirtualFilterChain.doFilter(FilterChainProxy.java:374)
	at org.springframework.security.web.header.HeaderWriterFilter.doHeadersAfter(HeaderWriterFilter.java:90)
	at org.springframework.security.web.header.HeaderWriterFilter.doFilterInternal(HeaderWriterFilter.java:75)
	at org.springframework.web.filter.OncePerRequestFilter.doFilter(OncePerRequestFilter.java:116)
	at org.springframework.security.web.FilterChainProxy$VirtualFilterChain.doFilter(FilterChainProxy.java:374)
	at org.springframework.security.web.context.SecurityContextHolderFilter.doFilter(SecurityContextHolderFilter.java:82)
	at org.springframework.security.web.context.SecurityContextHolderFilter.doFilter(SecurityContextHolderFilter.java:69)
	at org.springframework.security.web.FilterChainProxy$VirtualFilterChain.doFilter(FilterChainProxy.java:374)
	at org.springframework.security.web.context.request.async.WebAsyncManagerIntegrationFilter.doFilterInternal(WebAsyncManagerIntegrationFilter.java:62)
	at org.springframework.web.filter.OncePerRequestFilter.doFilter(OncePerRequestFilter.java:116)
	at org.springframework.security.web.FilterChainProxy$VirtualFilterChain.doFilter(FilterChainProxy.java:374)
	at org.springframework.security.web.session.DisableEncodeUrlFilter.doFilterInternal(DisableEncodeUrlFilter.java:42)
	at org.springframework.web.filter.OncePerRequestFilter.doFilter(OncePerRequestFilter.java:116)
	at org.springframework.security.web.FilterChainProxy$VirtualFilterChain.doFilter(FilterChainProxy.java:374)
	at org.springframework.security.web.FilterChainProxy.doFilterInternal(FilterChainProxy.java:233)
	at org.springframework.security.web.FilterChainProxy.doFilter(FilterChainProxy.java:191)
	at org.springframework.web.filter.CompositeFilter$VirtualFilterChain.doFilter(CompositeFilter.java:113)
	at org.springframework.web.filter.ServletRequestPathFilter.doFilter(ServletRequestPathFilter.java:52)
	at org.springframework.web.filter.CompositeFilter$VirtualFilterChain.doFilter(CompositeFilter.java:113)
	at org.springframework.web.filter.CompositeFilter.doFilter(CompositeFilter.java:74)
	at org.springframework.security.config.annotation.web.configuration.WebSecurityConfiguration$CompositeFilterChainProxy.doFilter(WebSecurityConfiguration.java:319)
	at org.springframework.web.filter.CompositeFilter$VirtualFilterChain.doFilter(CompositeFilter.java:113)
	at org.springframework.web.servlet.handler.HandlerMappingIntrospector.lambda$createCacheFilter$4(HandlerMappingIntrospector.java:267)
	at org.springframework.web.filter.CompositeFilter$VirtualFilterChain.doFilter(CompositeFilter.java:113)
	at org.springframework.web.filter.CompositeFilter.doFilter(CompositeFilter.java:74)
	at org.springframework.security.config.annotation.web.configuration.WebMvcSecurityConfiguration$CompositeFilterChainProxy.doFilter(WebMvcSecurityConfiguration.java:240)
	at org.springframework.web.filter.DelegatingFilterProxy.invokeDelegate(DelegatingFilterProxy.java:362)
	at org.springframework.web.filter.DelegatingFilterProxy.doFilter(DelegatingFilterProxy.java:278)
	at org.apache.catalina.core.ApplicationFilterChain.internalDoFilter(ApplicationFilterChain.java:164)
	at org.apache.catalina.core.ApplicationFilterChain.doFilter(ApplicationFilterChain.java:140)
	at org.springframework.web.filter.RequestContextFilter.doFilterInternal(RequestContextFilter.java:100)
	at org.springframework.web.filter.OncePerRequestFilter.doFilter(OncePerRequestFilter.java:116)
	at org.apache.catalina.core.ApplicationFilterChain.internalDoFilter(ApplicationFilterChain.java:164)
	at org.apache.catalina.core.ApplicationFilterChain.doFilter(ApplicationFilterChain.java:140)
	at org.springframework.web.filter.FormContentFilter.doFilterInternal(FormContentFilter.java:93)
	at org.springframework.web.filter.OncePerRequestFilter.doFilter(OncePerRequestFilter.java:116)
	at org.apache.catalina.core.ApplicationFilterChain.internalDoFilter(ApplicationFilterChain.java:164)
	at org.apache.catalina.core.ApplicationFilterChain.doFilter(ApplicationFilterChain.java:140)
	at org.springframework.web.filter.CharacterEncodingFilter.doFilterInternal(CharacterEncodingFilter.java:201)
	at org.springframework.web.filter.OncePerRequestFilter.doFilter(OncePerRequestFilter.java:116)
	at org.apache.catalina.core.ApplicationFilterChain.internalDoFilter(ApplicationFilterChain.java:164)
	at org.apache.catalina.core.ApplicationFilterChain.doFilter(ApplicationFilterChain.java:140)
	at org.apache.catalina.core.StandardWrapperValve.invoke(StandardWrapperValve.java:167)
	at org.apache.catalina.core.StandardContextValve.invoke(StandardContextValve.java:90)
	at org.apache.catalina.authenticator.AuthenticatorBase.invoke(AuthenticatorBase.java:483)
	at org.apache.catalina.core.StandardHostValve.invoke(StandardHostValve.java:116)
	at org.apache.catalina.valves.ErrorReportValve.invoke(ErrorReportValve.java:93)
	at org.apache.catalina.core.StandardEngineValve.invoke(StandardEngineValve.java:74)
	at org.apache.catalina.connector.CoyoteAdapter.service(CoyoteAdapter.java:344)
	at org.apache.coyote.http11.Http11Processor.service(Http11Processor.java:398)
	at org.apache.coyote.AbstractProcessorLight.process(AbstractProcessorLight.java:63)
	at org.apache.coyote.AbstractProtocol$ConnectionHandler.process(AbstractProtocol.java:903)
	at org.apache.tomcat.util.net.NioEndpoint$SocketProcessor.doRun(NioEndpoint.java:1776)
	at org.apache.tomcat.util.net.SocketProcessorBase.run(SocketProcessorBase.java:52)
	at org.apache.tomcat.util.threads.ThreadPoolExecutor.runWorker(ThreadPoolExecutor.java:975)
	at org.apache.tomcat.util.threads.ThreadPoolExecutor$Worker.run(ThreadPoolExecutor.java:493)
	at org.apache.tomcat.util.threads.TaskThread$WrappingRunnable.run(TaskThread.java:63)
	at java.base/java.lang.Thread.run(Thread.java:840)
Caused by: java.sql.SQLSyntaxErrorException: Table 'sqld_database.board_like' doesn't exist
	at com.mysql.cj.jdbc.exceptions.SQLError.createSQLException(SQLError.java:112)
	at com.mysql.cj.jdbc.exceptions.SQLExceptionsMapping.translateException(SQLExceptionsMapping.java:114)
	at com.mysql.cj.jdbc.ClientPreparedStatement.executeInternal(ClientPreparedStatement.java:988)
	at com.mysql.cj.jdbc.ClientPreparedStatement.execute(ClientPreparedStatement.java:383)
	at net.sf.log4jdbc.sql.jdbcapi.PreparedStatementSpy.execute(PreparedStatementSpy.java:443)
	at com.zaxxer.hikari.pool.ProxyPreparedStatement.execute(ProxyPreparedStatement.java:44)
	at com.zaxxer.hikari.pool.HikariProxyPreparedStatement.execute(HikariProxyPreparedStatement.java)
	at org.apache.ibatis.executor.statement.PreparedStatementHandler.update(PreparedStatementHandler.java:48)
	at org.apache.ibatis.executor.statement.RoutingStatementHandler.update(RoutingStatementHandler.java:75)
	at org.apache.ibatis.executor.SimpleExecutor.doUpdate(SimpleExecutor.java:50)
	at org.apache.ibatis.executor.BaseExecutor.update(BaseExecutor.java:117)
	at org.apache.ibatis.executor.CachingExecutor.update(CachingExecutor.java:76)
	at org.apache.ibatis.session.defaults.DefaultSqlSession.update(DefaultSqlSession.java:197)
	at org.apache.ibatis.session.defaults.DefaultSqlSession.insert(DefaultSqlSession.java:184)
	at java.base/jdk.internal.reflect.NativeMethodAccessorImpl.invoke0(Native Method)
	at java.base/jdk.internal.reflect.NativeMethodAccessorImpl.invoke(NativeMethodAccessorImpl.java:77)
	at java.base/jdk.internal.reflect.DelegatingMethodAccessorImpl.invoke(DelegatingMethodAccessorImpl.java:43)
	at java.base/java.lang.reflect.Method.invoke(Method.java:568)
	at org.mybatis.spring.SqlSessionTemplate$SqlSessionInterceptor.invoke(SqlSessionTemplate.java:333)
	... 140 common frames omitted
[2026-05-11 12:03:52.824] [WARN ] [http-nio-8881-exec-8] o.s.w.s.m.m.a.ExceptionHandlerExceptionResolver - Resolved [org.springframework.jdbc.BadSqlGrammarException: <EOL>### Error updating database.  Cause: java.sql.SQLSyntaxErrorException: Table 'sqld_database.board_like' doesn't exist<EOL>### The error may exist in file [/Users/minboklee/Downloads/sqld/build/resources/main/mapper/Board.xml]<EOL>### The error may involve defaultParameterMap<EOL>### The error occurred while setting parameters<EOL>### SQL: INSERT INTO board_like (BOARD_ID, MEMBER_ID, CREATE_AT)         VALUES (?, ?, NOW())<EOL>### Cause: java.sql.SQLSyntaxErrorException: Table 'sqld_database.board_like' doesn't exist<EOL>; bad SQL grammar []]
[2026-05-11 12:04:08.636] [INFO ] [http-nio-8881-exec-9] jdbc.sqltiming - SELECT /* MemberMapper.readMemberByMemberId (memberId를 통한 회원 정보 조회) */
               MEMBER_ID
             , USER_ID
             , USER_PASS
             , USER_NAME
             , USER_EMAIL
             , EMAIL_VERIFIED
             , USER_ROLE
             , USER_STATUS
             , PROFILE_IMAGE
             , CREATE_AT
             , UPDATE_AT
             , LAST_LOG_AT
          FROM MEMBER_INFO
        WHERE MEMBER_ID = 'MEMBER_20260511_001'
 {executed in 8 msec}
[2026-05-11 12:04:08.662] [INFO ] [http-nio-8881-exec-9] jdbc.sqltiming - SELECT /* BoardMapper.getSearchBoard (게시판 글 단건조회 (사용자 정보 JOIN)) */
               B.BOARD_ID
             , B.TITLE
             , B.CONTENT
             , M.USER_ID
             , M.USER_NAME
             , B.MEMBER_ID
             , B.BOARD_CODE
             , B.CATEGORY_ID
             , B.VIEW_COUNT
             , B.LIKE_COUNT
             , M.PROFILE_IMAGE
             , B.CREATE_AT
             , B.UPDATE_AT
             , B.TAG_NAME
             , BS.SCRAP_ID /* 스크랩 고유 ID */
          FROM BOARD B
          LEFT JOIN MEMBER_INFO M ON B.MEMBER_ID = M.MEMBER_ID
          LEFT JOIN BOARD_SCRAP BS ON B.BOARD_ID = BS.BOARD_ID AND BS.MEMBER_ID = 'MEMBER_20260511_001'
         WHERE B.BOARD_ID = 1
           AND B.DELETE_YN = 'N'
 {executed in 10 msec}
[2026-05-11 12:04:08.679] [INFO ] [http-nio-8881-exec-9] jdbc.sqltiming - SELECT COUNT(*)
        FROM BOARD_LIKE
        WHERE BOARD_ID = 1 AND MEMBER_ID = 'MEMBER_20260511_001'
 {executed in 17 msec}
[2026-05-11 12:04:08.695] [ERROR] [http-nio-8881-exec-9] jdbc.sqltiming - 1. PreparedStatement.execute() FAILED! INSERT INTO board_like (BOARD_ID, MEMBER_ID, CREATE_AT)
        VALUES (1, 'MEMBER_20260511_001', NOW())
 {FAILED after 14 msec}
java.sql.SQLSyntaxErrorException: Table 'sqld_database.board_like' doesn't exist
	at com.mysql.cj.jdbc.exceptions.SQLError.createSQLException(SQLError.java:112)
	at com.mysql.cj.jdbc.exceptions.SQLExceptionsMapping.translateException(SQLExceptionsMapping.java:114)
	at com.mysql.cj.jdbc.ClientPreparedStatement.executeInternal(ClientPreparedStatement.java:988)
	at com.mysql.cj.jdbc.ClientPreparedStatement.execute(ClientPreparedStatement.java:383)
	at net.sf.log4jdbc.sql.jdbcapi.PreparedStatementSpy.execute(PreparedStatementSpy.java:443)
	at com.zaxxer.hikari.pool.ProxyPreparedStatement.execute(ProxyPreparedStatement.java:44)
	at com.zaxxer.hikari.pool.HikariProxyPreparedStatement.execute(HikariProxyPreparedStatement.java)
	at org.apache.ibatis.executor.statement.PreparedStatementHandler.update(PreparedStatementHandler.java:48)
	at org.apache.ibatis.executor.statement.RoutingStatementHandler.update(RoutingStatementHandler.java:75)
	at org.apache.ibatis.executor.SimpleExecutor.doUpdate(SimpleExecutor.java:50)
	at org.apache.ibatis.executor.BaseExecutor.update(BaseExecutor.java:117)
	at org.apache.ibatis.executor.CachingExecutor.update(CachingExecutor.java:76)
	at org.apache.ibatis.session.defaults.DefaultSqlSession.update(DefaultSqlSession.java:197)
	at org.apache.ibatis.session.defaults.DefaultSqlSession.insert(DefaultSqlSession.java:184)
	at java.base/jdk.internal.reflect.NativeMethodAccessorImpl.invoke0(Native Method)
	at java.base/jdk.internal.reflect.NativeMethodAccessorImpl.invoke(NativeMethodAccessorImpl.java:77)
	at java.base/jdk.internal.reflect.DelegatingMethodAccessorImpl.invoke(DelegatingMethodAccessorImpl.java:43)
	at java.base/java.lang.reflect.Method.invoke(Method.java:568)
	at org.mybatis.spring.SqlSessionTemplate$SqlSessionInterceptor.invoke(SqlSessionTemplate.java:333)
	at jdk.proxy2/jdk.proxy2.$Proxy95.insert(Unknown Source)
	at org.mybatis.spring.SqlSessionTemplate.insert(SqlSessionTemplate.java:224)
	at org.apache.ibatis.binding.MapperMethod.execute(MapperMethod.java:62)
	at org.apache.ibatis.binding.MapperProxy$PlainMethodInvoker.invoke(MapperProxy.java:141)
	at org.apache.ibatis.binding.MapperProxy.invoke(MapperProxy.java:86)
	at jdk.proxy3/jdk.proxy3.$Proxy101.insertBoardLike(Unknown Source)
	at java.base/jdk.internal.reflect.NativeMethodAccessorImpl.invoke0(Native Method)
	at java.base/jdk.internal.reflect.NativeMethodAccessorImpl.invoke(NativeMethodAccessorImpl.java:77)
	at java.base/jdk.internal.reflect.DelegatingMethodAccessorImpl.invoke(DelegatingMethodAccessorImpl.java:43)
	at java.base/java.lang.reflect.Method.invoke(Method.java:568)
	at org.springframework.aop.support.AopUtils.invokeJoinpointUsingReflection(AopUtils.java:360)
	at org.springframework.aop.framework.ReflectiveMethodInvocation.invokeJoinpoint(ReflectiveMethodInvocation.java:196)
	at org.springframework.aop.framework.ReflectiveMethodInvocation.proceed(ReflectiveMethodInvocation.java:163)
	at org.springframework.dao.support.PersistenceExceptionTranslationInterceptor.invoke(PersistenceExceptionTranslationInterceptor.java:138)
	at org.springframework.aop.framework.ReflectiveMethodInvocation.proceed(ReflectiveMethodInvocation.java:184)
	at org.springframework.aop.framework.JdkDynamicAopProxy.invoke(JdkDynamicAopProxy.java:223)
	at jdk.proxy3/jdk.proxy3.$Proxy102.insertBoardLike(Unknown Source)
	at com.sqld_board.sqld.service.board.BoardServiceImpl.toggleLike(BoardServiceImpl.java:842)
	at java.base/jdk.internal.reflect.NativeMethodAccessorImpl.invoke0(Native Method)
	at java.base/jdk.internal.reflect.NativeMethodAccessorImpl.invoke(NativeMethodAccessorImpl.java:77)
	at java.base/jdk.internal.reflect.DelegatingMethodAccessorImpl.invoke(DelegatingMethodAccessorImpl.java:43)
	at java.base/java.lang.reflect.Method.invoke(Method.java:568)
	at org.springframework.aop.support.AopUtils.invokeJoinpointUsingReflection(AopUtils.java:360)
	at org.springframework.aop.framework.ReflectiveMethodInvocation.invokeJoinpoint(ReflectiveMethodInvocation.java:196)
	at org.springframework.aop.framework.ReflectiveMethodInvocation.proceed(ReflectiveMethodInvocation.java:163)
	at org.springframework.transaction.interceptor.TransactionAspectSupport.invokeWithinTransaction(TransactionAspectSupport.java:380)
	at org.springframework.transaction.interceptor.TransactionInterceptor.invoke(TransactionInterceptor.java:119)
	at org.springframework.aop.framework.ReflectiveMethodInvocation.proceed(ReflectiveMethodInvocation.java:184)
	at org.springframework.aop.framework.CglibAopProxy$DynamicAdvisedInterceptor.intercept(CglibAopProxy.java:728)
	at com.sqld_board.sqld.service.board.BoardServiceImpl$$SpringCGLIB$$0.toggleLike(<generated>)
	at com.sqld_board.sqld.controller.board.BoardController.toggleLike(BoardController.java:223)
	at java.base/jdk.internal.reflect.NativeMethodAccessorImpl.invoke0(Native Method)
	at java.base/jdk.internal.reflect.NativeMethodAccessorImpl.invoke(NativeMethodAccessorImpl.java:77)
	at java.base/jdk.internal.reflect.DelegatingMethodAccessorImpl.invoke(DelegatingMethodAccessorImpl.java:43)
	at java.base/java.lang.reflect.Method.invoke(Method.java:568)
	at org.springframework.web.method.support.InvocableHandlerMethod.doInvoke(InvocableHandlerMethod.java:258)
	at org.springframework.web.method.support.InvocableHandlerMethod.invokeForRequest(InvocableHandlerMethod.java:191)
	at org.springframework.web.servlet.mvc.method.annotation.ServletInvocableHandlerMethod.invokeAndHandle(ServletInvocableHandlerMethod.java:118)
	at org.springframework.web.servlet.mvc.method.annotation.RequestMappingHandlerAdapter.invokeHandlerMethod(RequestMappingHandlerAdapter.java:991)
	at org.springframework.web.servlet.mvc.method.annotation.RequestMappingHandlerAdapter.handleInternal(RequestMappingHandlerAdapter.java:896)
	at org.springframework.web.servlet.mvc.method.AbstractHandlerMethodAdapter.handle(AbstractHandlerMethodAdapter.java:87)
	at org.springframework.web.servlet.DispatcherServlet.doDispatch(DispatcherServlet.java:1089)
	at org.springframework.web.servlet.DispatcherServlet.doService(DispatcherServlet.java:979)
	at org.springframework.web.servlet.FrameworkServlet.processRequest(FrameworkServlet.java:1014)
	at org.springframework.web.servlet.FrameworkServlet.doPost(FrameworkServlet.java:914)
	at jakarta.servlet.http.HttpServlet.service(HttpServlet.java:590)
	at org.springframework.web.servlet.FrameworkServlet.service(FrameworkServlet.java:885)
	at jakarta.servlet.http.HttpServlet.service(HttpServlet.java:658)
	at org.apache.catalina.core.ApplicationFilterChain.internalDoFilter(ApplicationFilterChain.java:195)
	at org.apache.catalina.core.ApplicationFilterChain.doFilter(ApplicationFilterChain.java:140)
	at org.apache.tomcat.websocket.server.WsFilter.doFilter(WsFilter.java:51)
	at org.apache.catalina.core.ApplicationFilterChain.internalDoFilter(ApplicationFilterChain.java:164)
	at org.apache.catalina.core.ApplicationFilterChain.doFilter(ApplicationFilterChain.java:140)
	at org.springframework.web.filter.OncePerRequestFilter.doFilter(OncePerRequestFilter.java:110)
	at org.apache.catalina.core.ApplicationFilterChain.internalDoFilter(ApplicationFilterChain.java:164)
	at org.apache.catalina.core.ApplicationFilterChain.doFilter(ApplicationFilterChain.java:140)
	at org.springframework.web.filter.CompositeFilter$VirtualFilterChain.doFilter(CompositeFilter.java:108)
	at org.springframework.web.filter.CompositeFilter$VirtualFilterChain.doFilter(CompositeFilter.java:108)
	at org.springframework.security.web.FilterChainProxy.lambda$doFilterInternal$3(FilterChainProxy.java:231)
	at org.springframework.security.web.FilterChainProxy$VirtualFilterChain.doFilter(FilterChainProxy.java:365)
	at org.springframework.security.web.access.intercept.AuthorizationFilter.doFilter(AuthorizationFilter.java:101)
	at org.springframework.security.web.FilterChainProxy$VirtualFilterChain.doFilter(FilterChainProxy.java:374)
	at org.springframework.security.web.access.ExceptionTranslationFilter.doFilter(ExceptionTranslationFilter.java:125)
	at org.springframework.security.web.access.ExceptionTranslationFilter.doFilter(ExceptionTranslationFilter.java:119)
	at org.springframework.security.web.FilterChainProxy$VirtualFilterChain.doFilter(FilterChainProxy.java:374)
	at org.springframework.security.web.session.SessionManagementFilter.doFilter(SessionManagementFilter.java:131)
	at org.springframework.security.web.session.SessionManagementFilter.doFilter(SessionManagementFilter.java:85)
	at org.springframework.security.web.FilterChainProxy$VirtualFilterChain.doFilter(FilterChainProxy.java:374)
	at org.springframework.security.web.authentication.AnonymousAuthenticationFilter.doFilter(AnonymousAuthenticationFilter.java:100)
	at org.springframework.security.web.FilterChainProxy$VirtualFilterChain.doFilter(FilterChainProxy.java:374)
	at org.springframework.security.web.servletapi.SecurityContextHolderAwareRequestFilter.doFilter(SecurityContextHolderAwareRequestFilter.java:179)
	at org.springframework.security.web.FilterChainProxy$VirtualFilterChain.doFilter(FilterChainProxy.java:374)
	at org.springframework.security.web.savedrequest.RequestCacheAwareFilter.doFilter(RequestCacheAwareFilter.java:63)
	at org.springframework.security.web.FilterChainProxy$VirtualFilterChain.doFilter(FilterChainProxy.java:374)
	at com.sqld_board.sqld.config.security.JwtAuthenticationFilter.doFilterInternal(JwtAuthenticationFilter.java:62)
	at org.springframework.web.filter.OncePerRequestFilter.doFilter(OncePerRequestFilter.java:116)
	at org.springframework.security.web.FilterChainProxy$VirtualFilterChain.doFilter(FilterChainProxy.java:374)
	at org.springframework.security.web.authentication.logout.LogoutFilter.doFilter(LogoutFilter.java:107)
	at org.springframework.security.web.authentication.logout.LogoutFilter.doFilter(LogoutFilter.java:93)
	at org.springframework.security.web.FilterChainProxy$VirtualFilterChain.doFilter(FilterChainProxy.java:374)
	at org.springframework.web.filter.CorsFilter.doFilterInternal(CorsFilter.java:91)
	at org.springframework.web.filter.OncePerRequestFilter.doFilter(OncePerRequestFilter.java:116)
	at org.springframework.security.web.FilterChainProxy$VirtualFilterChain.doFilter(FilterChainProxy.java:374)
	at org.springframework.security.web.header.HeaderWriterFilter.doHeadersAfter(HeaderWriterFilter.java:90)
	at org.springframework.security.web.header.HeaderWriterFilter.doFilterInternal(HeaderWriterFilter.java:75)
	at org.springframework.web.filter.OncePerRequestFilter.doFilter(OncePerRequestFilter.java:116)
	at org.springframework.security.web.FilterChainProxy$VirtualFilterChain.doFilter(FilterChainProxy.java:374)
	at org.springframework.security.web.context.SecurityContextHolderFilter.doFilter(SecurityContextHolderFilter.java:82)
	at org.springframework.security.web.context.SecurityContextHolderFilter.doFilter(SecurityContextHolderFilter.java:69)
	at org.springframework.security.web.FilterChainProxy$VirtualFilterChain.doFilter(FilterChainProxy.java:374)
	at org.springframework.security.web.context.request.async.WebAsyncManagerIntegrationFilter.doFilterInternal(WebAsyncManagerIntegrationFilter.java:62)
	at org.springframework.web.filter.OncePerRequestFilter.doFilter(OncePerRequestFilter.java:116)
	at org.springframework.security.web.FilterChainProxy$VirtualFilterChain.doFilter(FilterChainProxy.java:374)
	at org.springframework.security.web.session.DisableEncodeUrlFilter.doFilterInternal(DisableEncodeUrlFilter.java:42)
	at org.springframework.web.filter.OncePerRequestFilter.doFilter(OncePerRequestFilter.java:116)
	at org.springframework.security.web.FilterChainProxy$VirtualFilterChain.doFilter(FilterChainProxy.java:374)
	at org.springframework.security.web.FilterChainProxy.doFilterInternal(FilterChainProxy.java:233)
	at org.springframework.security.web.FilterChainProxy.doFilter(FilterChainProxy.java:191)
	at org.springframework.web.filter.CompositeFilter$VirtualFilterChain.doFilter(CompositeFilter.java:113)
	at org.springframework.web.filter.ServletRequestPathFilter.doFilter(ServletRequestPathFilter.java:52)
	at org.springframework.web.filter.CompositeFilter$VirtualFilterChain.doFilter(CompositeFilter.java:113)
	at org.springframework.web.filter.CompositeFilter.doFilter(CompositeFilter.java:74)
	at org.springframework.security.config.annotation.web.configuration.WebSecurityConfiguration$CompositeFilterChainProxy.doFilter(WebSecurityConfiguration.java:319)
	at org.springframework.web.filter.CompositeFilter$VirtualFilterChain.doFilter(CompositeFilter.java:113)
	at org.springframework.web.servlet.handler.HandlerMappingIntrospector.lambda$createCacheFilter$4(HandlerMappingIntrospector.java:267)
	at org.springframework.web.filter.CompositeFilter$VirtualFilterChain.doFilter(CompositeFilter.java:113)
	at org.springframework.web.filter.CompositeFilter.doFilter(CompositeFilter.java:74)
	at org.springframework.security.config.annotation.web.configuration.WebMvcSecurityConfiguration$CompositeFilterChainProxy.doFilter(WebMvcSecurityConfiguration.java:240)
	at org.springframework.web.filter.DelegatingFilterProxy.invokeDelegate(DelegatingFilterProxy.java:362)
	at org.springframework.web.filter.DelegatingFilterProxy.doFilter(DelegatingFilterProxy.java:278)
	at org.apache.catalina.core.ApplicationFilterChain.internalDoFilter(ApplicationFilterChain.java:164)
	at org.apache.catalina.core.ApplicationFilterChain.doFilter(ApplicationFilterChain.java:140)
	at org.springframework.web.filter.RequestContextFilter.doFilterInternal(RequestContextFilter.java:100)
	at org.springframework.web.filter.OncePerRequestFilter.doFilter(OncePerRequestFilter.java:116)
	at org.apache.catalina.core.ApplicationFilterChain.internalDoFilter(ApplicationFilterChain.java:164)
	at org.apache.catalina.core.ApplicationFilterChain.doFilter(ApplicationFilterChain.java:140)
	at org.springframework.web.filter.FormContentFilter.doFilterInternal(FormContentFilter.java:93)
	at org.springframework.web.filter.OncePerRequestFilter.doFilter(OncePerRequestFilter.java:116)
	at org.apache.catalina.core.ApplicationFilterChain.internalDoFilter(ApplicationFilterChain.java:164)
	at org.apache.catalina.core.ApplicationFilterChain.doFilter(ApplicationFilterChain.java:140)
	at org.springframework.web.filter.CharacterEncodingFilter.doFilterInternal(CharacterEncodingFilter.java:201)
	at org.springframework.web.filter.OncePerRequestFilter.doFilter(OncePerRequestFilter.java:116)
	at org.apache.catalina.core.ApplicationFilterChain.internalDoFilter(ApplicationFilterChain.java:164)
	at org.apache.catalina.core.ApplicationFilterChain.doFilter(ApplicationFilterChain.java:140)
	at org.apache.catalina.core.StandardWrapperValve.invoke(StandardWrapperValve.java:167)
	at org.apache.catalina.core.StandardContextValve.invoke(StandardContextValve.java:90)
	at org.apache.catalina.authenticator.AuthenticatorBase.invoke(AuthenticatorBase.java:483)
	at org.apache.catalina.core.StandardHostValve.invoke(StandardHostValve.java:116)
	at org.apache.catalina.valves.ErrorReportValve.invoke(ErrorReportValve.java:93)
	at org.apache.catalina.core.StandardEngineValve.invoke(StandardEngineValve.java:74)
	at org.apache.catalina.connector.CoyoteAdapter.service(CoyoteAdapter.java:344)
	at org.apache.coyote.http11.Http11Processor.service(Http11Processor.java:398)
	at org.apache.coyote.AbstractProcessorLight.process(AbstractProcessorLight.java:63)
	at org.apache.coyote.AbstractProtocol$ConnectionHandler.process(AbstractProtocol.java:903)
	at org.apache.tomcat.util.net.NioEndpoint$SocketProcessor.doRun(NioEndpoint.java:1776)
	at org.apache.tomcat.util.net.SocketProcessorBase.run(SocketProcessorBase.java:52)
	at org.apache.tomcat.util.threads.ThreadPoolExecutor.runWorker(ThreadPoolExecutor.java:975)
	at org.apache.tomcat.util.threads.ThreadPoolExecutor$Worker.run(ThreadPoolExecutor.java:493)
	at org.apache.tomcat.util.threads.TaskThread$WrappingRunnable.run(TaskThread.java:63)
	at java.base/java.lang.Thread.run(Thread.java:840)
[2026-05-11 12:04:08.711] [INFO ] [http-nio-8881-exec-9] c.s.sqld.exception.ExceptionAdvice - error
org.springframework.jdbc.BadSqlGrammarException: 
### Error updating database.  Cause: java.sql.SQLSyntaxErrorException: Table 'sqld_database.board_like' doesn't exist
### The error may exist in file [/Users/minboklee/Downloads/sqld/build/resources/main/mapper/Board.xml]
### The error may involve defaultParameterMap
### The error occurred while setting parameters
### SQL: INSERT INTO board_like (BOARD_ID, MEMBER_ID, CREATE_AT)         VALUES (?, ?, NOW())
### Cause: java.sql.SQLSyntaxErrorException: Table 'sqld_database.board_like' doesn't exist
; bad SQL grammar []
	at org.springframework.jdbc.support.SQLErrorCodeSQLExceptionTranslator.doTranslate(SQLErrorCodeSQLExceptionTranslator.java:246)
	at org.springframework.jdbc.support.AbstractFallbackSQLExceptionTranslator.translate(AbstractFallbackSQLExceptionTranslator.java:107)
	at org.mybatis.spring.MyBatisExceptionTranslator.translateExceptionIfPossible(MyBatisExceptionTranslator.java:95)
	at org.mybatis.spring.SqlSessionTemplate$SqlSessionInterceptor.invoke(SqlSessionTemplate.java:347)
	at jdk.proxy2/jdk.proxy2.$Proxy95.insert(Unknown Source)
	at org.mybatis.spring.SqlSessionTemplate.insert(SqlSessionTemplate.java:224)
	at org.apache.ibatis.binding.MapperMethod.execute(MapperMethod.java:62)
	at org.apache.ibatis.binding.MapperProxy$PlainMethodInvoker.invoke(MapperProxy.java:141)
	at org.apache.ibatis.binding.MapperProxy.invoke(MapperProxy.java:86)
	at jdk.proxy3/jdk.proxy3.$Proxy101.insertBoardLike(Unknown Source)
	at java.base/jdk.internal.reflect.NativeMethodAccessorImpl.invoke0(Native Method)
	at java.base/jdk.internal.reflect.NativeMethodAccessorImpl.invoke(NativeMethodAccessorImpl.java:77)
	at java.base/jdk.internal.reflect.DelegatingMethodAccessorImpl.invoke(DelegatingMethodAccessorImpl.java:43)
	at java.base/java.lang.reflect.Method.invoke(Method.java:568)
	at org.springframework.aop.support.AopUtils.invokeJoinpointUsingReflection(AopUtils.java:360)
	at org.springframework.aop.framework.ReflectiveMethodInvocation.invokeJoinpoint(ReflectiveMethodInvocation.java:196)
	at org.springframework.aop.framework.ReflectiveMethodInvocation.proceed(ReflectiveMethodInvocation.java:163)
	at org.springframework.dao.support.PersistenceExceptionTranslationInterceptor.invoke(PersistenceExceptionTranslationInterceptor.java:138)
	at org.springframework.aop.framework.ReflectiveMethodInvocation.proceed(ReflectiveMethodInvocation.java:184)
	at org.springframework.aop.framework.JdkDynamicAopProxy.invoke(JdkDynamicAopProxy.java:223)
	at jdk.proxy3/jdk.proxy3.$Proxy102.insertBoardLike(Unknown Source)
	at com.sqld_board.sqld.service.board.BoardServiceImpl.toggleLike(BoardServiceImpl.java:842)
	at java.base/jdk.internal.reflect.NativeMethodAccessorImpl.invoke0(Native Method)
	at java.base/jdk.internal.reflect.NativeMethodAccessorImpl.invoke(NativeMethodAccessorImpl.java:77)
	at java.base/jdk.internal.reflect.DelegatingMethodAccessorImpl.invoke(DelegatingMethodAccessorImpl.java:43)
	at java.base/java.lang.reflect.Method.invoke(Method.java:568)
	at org.springframework.aop.support.AopUtils.invokeJoinpointUsingReflection(AopUtils.java:360)
	at org.springframework.aop.framework.ReflectiveMethodInvocation.invokeJoinpoint(ReflectiveMethodInvocation.java:196)
	at org.springframework.aop.framework.ReflectiveMethodInvocation.proceed(ReflectiveMethodInvocation.java:163)
	at org.springframework.transaction.interceptor.TransactionAspectSupport.invokeWithinTransaction(TransactionAspectSupport.java:380)
	at org.springframework.transaction.interceptor.TransactionInterceptor.invoke(TransactionInterceptor.java:119)
	at org.springframework.aop.framework.ReflectiveMethodInvocation.proceed(ReflectiveMethodInvocation.java:184)
	at org.springframework.aop.framework.CglibAopProxy$DynamicAdvisedInterceptor.intercept(CglibAopProxy.java:728)
	at com.sqld_board.sqld.service.board.BoardServiceImpl$$SpringCGLIB$$0.toggleLike(<generated>)
	at com.sqld_board.sqld.controller.board.BoardController.toggleLike(BoardController.java:223)
	at java.base/jdk.internal.reflect.NativeMethodAccessorImpl.invoke0(Native Method)
	at java.base/jdk.internal.reflect.NativeMethodAccessorImpl.invoke(NativeMethodAccessorImpl.java:77)
	at java.base/jdk.internal.reflect.DelegatingMethodAccessorImpl.invoke(DelegatingMethodAccessorImpl.java:43)
	at java.base/java.lang.reflect.Method.invoke(Method.java:568)
	at org.springframework.web.method.support.InvocableHandlerMethod.doInvoke(InvocableHandlerMethod.java:258)
	at org.springframework.web.method.support.InvocableHandlerMethod.invokeForRequest(InvocableHandlerMethod.java:191)
	at org.springframework.web.servlet.mvc.method.annotation.ServletInvocableHandlerMethod.invokeAndHandle(ServletInvocableHandlerMethod.java:118)
	at org.springframework.web.servlet.mvc.method.annotation.RequestMappingHandlerAdapter.invokeHandlerMethod(RequestMappingHandlerAdapter.java:991)
	at org.springframework.web.servlet.mvc.method.annotation.RequestMappingHandlerAdapter.handleInternal(RequestMappingHandlerAdapter.java:896)
	at org.springframework.web.servlet.mvc.method.AbstractHandlerMethodAdapter.handle(AbstractHandlerMethodAdapter.java:87)
	at org.springframework.web.servlet.DispatcherServlet.doDispatch(DispatcherServlet.java:1089)
	at org.springframework.web.servlet.DispatcherServlet.doService(DispatcherServlet.java:979)
	at org.springframework.web.servlet.FrameworkServlet.processRequest(FrameworkServlet.java:1014)
	at org.springframework.web.servlet.FrameworkServlet.doPost(FrameworkServlet.java:914)
	at jakarta.servlet.http.HttpServlet.service(HttpServlet.java:590)
	at org.springframework.web.servlet.FrameworkServlet.service(FrameworkServlet.java:885)
	at jakarta.servlet.http.HttpServlet.service(HttpServlet.java:658)
	at org.apache.catalina.core.ApplicationFilterChain.internalDoFilter(ApplicationFilterChain.java:195)
	at org.apache.catalina.core.ApplicationFilterChain.doFilter(ApplicationFilterChain.java:140)
	at org.apache.tomcat.websocket.server.WsFilter.doFilter(WsFilter.java:51)
	at org.apache.catalina.core.ApplicationFilterChain.internalDoFilter(ApplicationFilterChain.java:164)
	at org.apache.catalina.core.ApplicationFilterChain.doFilter(ApplicationFilterChain.java:140)
	at org.springframework.web.filter.OncePerRequestFilter.doFilter(OncePerRequestFilter.java:110)
	at org.apache.catalina.core.ApplicationFilterChain.internalDoFilter(ApplicationFilterChain.java:164)
	at org.apache.catalina.core.ApplicationFilterChain.doFilter(ApplicationFilterChain.java:140)
	at org.springframework.web.filter.CompositeFilter$VirtualFilterChain.doFilter(CompositeFilter.java:108)
	at org.springframework.web.filter.CompositeFilter$VirtualFilterChain.doFilter(CompositeFilter.java:108)
	at org.springframework.security.web.FilterChainProxy.lambda$doFilterInternal$3(FilterChainProxy.java:231)
	at org.springframework.security.web.FilterChainProxy$VirtualFilterChain.doFilter(FilterChainProxy.java:365)
	at org.springframework.security.web.access.intercept.AuthorizationFilter.doFilter(AuthorizationFilter.java:101)
	at org.springframework.security.web.FilterChainProxy$VirtualFilterChain.doFilter(FilterChainProxy.java:374)
	at org.springframework.security.web.access.ExceptionTranslationFilter.doFilter(ExceptionTranslationFilter.java:125)
	at org.springframework.security.web.access.ExceptionTranslationFilter.doFilter(ExceptionTranslationFilter.java:119)
	at org.springframework.security.web.FilterChainProxy$VirtualFilterChain.doFilter(FilterChainProxy.java:374)
	at org.springframework.security.web.session.SessionManagementFilter.doFilter(SessionManagementFilter.java:131)
	at org.springframework.security.web.session.SessionManagementFilter.doFilter(SessionManagementFilter.java:85)
	at org.springframework.security.web.FilterChainProxy$VirtualFilterChain.doFilter(FilterChainProxy.java:374)
	at org.springframework.security.web.authentication.AnonymousAuthenticationFilter.doFilter(AnonymousAuthenticationFilter.java:100)
	at org.springframework.security.web.FilterChainProxy$VirtualFilterChain.doFilter(FilterChainProxy.java:374)
	at org.springframework.security.web.servletapi.SecurityContextHolderAwareRequestFilter.doFilter(SecurityContextHolderAwareRequestFilter.java:179)
	at org.springframework.security.web.FilterChainProxy$VirtualFilterChain.doFilter(FilterChainProxy.java:374)
	at org.springframework.security.web.savedrequest.RequestCacheAwareFilter.doFilter(RequestCacheAwareFilter.java:63)
	at org.springframework.security.web.FilterChainProxy$VirtualFilterChain.doFilter(FilterChainProxy.java:374)
	at com.sqld_board.sqld.config.security.JwtAuthenticationFilter.doFilterInternal(JwtAuthenticationFilter.java:62)
	at org.springframework.web.filter.OncePerRequestFilter.doFilter(OncePerRequestFilter.java:116)
	at org.springframework.security.web.FilterChainProxy$VirtualFilterChain.doFilter(FilterChainProxy.java:374)
	at org.springframework.security.web.authentication.logout.LogoutFilter.doFilter(LogoutFilter.java:107)
	at org.springframework.security.web.authentication.logout.LogoutFilter.doFilter(LogoutFilter.java:93)
	at org.springframework.security.web.FilterChainProxy$VirtualFilterChain.doFilter(FilterChainProxy.java:374)
	at org.springframework.web.filter.CorsFilter.doFilterInternal(CorsFilter.java:91)
	at org.springframework.web.filter.OncePerRequestFilter.doFilter(OncePerRequestFilter.java:116)
	at org.springframework.security.web.FilterChainProxy$VirtualFilterChain.doFilter(FilterChainProxy.java:374)
	at org.springframework.security.web.header.HeaderWriterFilter.doHeadersAfter(HeaderWriterFilter.java:90)
	at org.springframework.security.web.header.HeaderWriterFilter.doFilterInternal(HeaderWriterFilter.java:75)
	at org.springframework.web.filter.OncePerRequestFilter.doFilter(OncePerRequestFilter.java:116)
	at org.springframework.security.web.FilterChainProxy$VirtualFilterChain.doFilter(FilterChainProxy.java:374)
	at org.springframework.security.web.context.SecurityContextHolderFilter.doFilter(SecurityContextHolderFilter.java:82)
	at org.springframework.security.web.context.SecurityContextHolderFilter.doFilter(SecurityContextHolderFilter.java:69)
	at org.springframework.security.web.FilterChainProxy$VirtualFilterChain.doFilter(FilterChainProxy.java:374)
	at org.springframework.security.web.context.request.async.WebAsyncManagerIntegrationFilter.doFilterInternal(WebAsyncManagerIntegrationFilter.java:62)
	at org.springframework.web.filter.OncePerRequestFilter.doFilter(OncePerRequestFilter.java:116)
	at org.springframework.security.web.FilterChainProxy$VirtualFilterChain.doFilter(FilterChainProxy.java:374)
	at org.springframework.security.web.session.DisableEncodeUrlFilter.doFilterInternal(DisableEncodeUrlFilter.java:42)
	at org.springframework.web.filter.OncePerRequestFilter.doFilter(OncePerRequestFilter.java:116)
	at org.springframework.security.web.FilterChainProxy$VirtualFilterChain.doFilter(FilterChainProxy.java:374)
	at org.springframework.security.web.FilterChainProxy.doFilterInternal(FilterChainProxy.java:233)
	at org.springframework.security.web.FilterChainProxy.doFilter(FilterChainProxy.java:191)
	at org.springframework.web.filter.CompositeFilter$VirtualFilterChain.doFilter(CompositeFilter.java:113)
	at org.springframework.web.filter.ServletRequestPathFilter.doFilter(ServletRequestPathFilter.java:52)
	at org.springframework.web.filter.CompositeFilter$VirtualFilterChain.doFilter(CompositeFilter.java:113)
	at org.springframework.web.filter.CompositeFilter.doFilter(CompositeFilter.java:74)
	at org.springframework.security.config.annotation.web.configuration.WebSecurityConfiguration$CompositeFilterChainProxy.doFilter(WebSecurityConfiguration.java:319)
	at org.springframework.web.filter.CompositeFilter$VirtualFilterChain.doFilter(CompositeFilter.java:113)
	at org.springframework.web.servlet.handler.HandlerMappingIntrospector.lambda$createCacheFilter$4(HandlerMappingIntrospector.java:267)
	at org.springframework.web.filter.CompositeFilter$VirtualFilterChain.doFilter(CompositeFilter.java:113)
	at org.springframework.web.filter.CompositeFilter.doFilter(CompositeFilter.java:74)
	at org.springframework.security.config.annotation.web.configuration.WebMvcSecurityConfiguration$CompositeFilterChainProxy.doFilter(WebMvcSecurityConfiguration.java:240)
	at org.springframework.web.filter.DelegatingFilterProxy.invokeDelegate(DelegatingFilterProxy.java:362)
	at org.springframework.web.filter.DelegatingFilterProxy.doFilter(DelegatingFilterProxy.java:278)
	at org.apache.catalina.core.ApplicationFilterChain.internalDoFilter(ApplicationFilterChain.java:164)
	at org.apache.catalina.core.ApplicationFilterChain.doFilter(ApplicationFilterChain.java:140)
	at org.springframework.web.filter.RequestContextFilter.doFilterInternal(RequestContextFilter.java:100)
	at org.springframework.web.filter.OncePerRequestFilter.doFilter(OncePerRequestFilter.java:116)
	at org.apache.catalina.core.ApplicationFilterChain.internalDoFilter(ApplicationFilterChain.java:164)
	at org.apache.catalina.core.ApplicationFilterChain.doFilter(ApplicationFilterChain.java:140)
	at org.springframework.web.filter.FormContentFilter.doFilterInternal(FormContentFilter.java:93)
	at org.springframework.web.filter.OncePerRequestFilter.doFilter(OncePerRequestFilter.java:116)
	at org.apache.catalina.core.ApplicationFilterChain.internalDoFilter(ApplicationFilterChain.java:164)
	at org.apache.catalina.core.ApplicationFilterChain.doFilter(ApplicationFilterChain.java:140)
	at org.springframework.web.filter.CharacterEncodingFilter.doFilterInternal(CharacterEncodingFilter.java:201)
	at org.springframework.web.filter.OncePerRequestFilter.doFilter(OncePerRequestFilter.java:116)
	at org.apache.catalina.core.ApplicationFilterChain.internalDoFilter(ApplicationFilterChain.java:164)
	at org.apache.catalina.core.ApplicationFilterChain.doFilter(ApplicationFilterChain.java:140)
	at org.apache.catalina.core.StandardWrapperValve.invoke(StandardWrapperValve.java:167)
	at org.apache.catalina.core.StandardContextValve.invoke(StandardContextValve.java:90)
	at org.apache.catalina.authenticator.AuthenticatorBase.invoke(AuthenticatorBase.java:483)
	at org.apache.catalina.core.StandardHostValve.invoke(StandardHostValve.java:116)
	at org.apache.catalina.valves.ErrorReportValve.invoke(ErrorReportValve.java:93)
	at org.apache.catalina.core.StandardEngineValve.invoke(StandardEngineValve.java:74)
	at org.apache.catalina.connector.CoyoteAdapter.service(CoyoteAdapter.java:344)
	at org.apache.coyote.http11.Http11Processor.service(Http11Processor.java:398)
	at org.apache.coyote.AbstractProcessorLight.process(AbstractProcessorLight.java:63)
	at org.apache.coyote.AbstractProtocol$ConnectionHandler.process(AbstractProtocol.java:903)
	at org.apache.tomcat.util.net.NioEndpoint$SocketProcessor.doRun(NioEndpoint.java:1776)
	at org.apache.tomcat.util.net.SocketProcessorBase.run(SocketProcessorBase.java:52)
	at org.apache.tomcat.util.threads.ThreadPoolExecutor.runWorker(ThreadPoolExecutor.java:975)
	at org.apache.tomcat.util.threads.ThreadPoolExecutor$Worker.run(ThreadPoolExecutor.java:493)
	at org.apache.tomcat.util.threads.TaskThread$WrappingRunnable.run(TaskThread.java:63)
	at java.base/java.lang.Thread.run(Thread.java:840)
Caused by: java.sql.SQLSyntaxErrorException: Table 'sqld_database.board_like' doesn't exist
	at com.mysql.cj.jdbc.exceptions.SQLError.createSQLException(SQLError.java:112)
	at com.mysql.cj.jdbc.exceptions.SQLExceptionsMapping.translateException(SQLExceptionsMapping.java:114)
	at com.mysql.cj.jdbc.ClientPreparedStatement.executeInternal(ClientPreparedStatement.java:988)
	at com.mysql.cj.jdbc.ClientPreparedStatement.execute(ClientPreparedStatement.java:383)
	at net.sf.log4jdbc.sql.jdbcapi.PreparedStatementSpy.execute(PreparedStatementSpy.java:443)
	at com.zaxxer.hikari.pool.ProxyPreparedStatement.execute(ProxyPreparedStatement.java:44)
	at com.zaxxer.hikari.pool.HikariProxyPreparedStatement.execute(HikariProxyPreparedStatement.java)
	at org.apache.ibatis.executor.statement.PreparedStatementHandler.update(PreparedStatementHandler.java:48)
	at org.apache.ibatis.executor.statement.RoutingStatementHandler.update(RoutingStatementHandler.java:75)
	at org.apache.ibatis.executor.SimpleExecutor.doUpdate(SimpleExecutor.java:50)
	at org.apache.ibatis.executor.BaseExecutor.update(BaseExecutor.java:117)
	at org.apache.ibatis.executor.CachingExecutor.update(CachingExecutor.java:76)
	at org.apache.ibatis.session.defaults.DefaultSqlSession.update(DefaultSqlSession.java:197)
	at org.apache.ibatis.session.defaults.DefaultSqlSession.insert(DefaultSqlSession.java:184)
	at java.base/jdk.internal.reflect.NativeMethodAccessorImpl.invoke0(Native Method)
	at java.base/jdk.internal.reflect.NativeMethodAccessorImpl.invoke(NativeMethodAccessorImpl.java:77)
	at java.base/jdk.internal.reflect.DelegatingMethodAccessorImpl.invoke(DelegatingMethodAccessorImpl.java:43)
	at java.base/java.lang.reflect.Method.invoke(Method.java:568)
	at org.mybatis.spring.SqlSessionTemplate$SqlSessionInterceptor.invoke(SqlSessionTemplate.java:333)
	... 140 common frames omitted
[2026-05-11 12:04:08.713] [WARN ] [http-nio-8881-exec-9] o.s.w.s.m.m.a.ExceptionHandlerExceptionResolver - Resolved [org.springframework.jdbc.BadSqlGrammarException: <EOL>### Error updating database.  Cause: java.sql.SQLSyntaxErrorException: Table 'sqld_database.board_like' doesn't exist<EOL>### The error may exist in file [/Users/minboklee/Downloads/sqld/build/resources/main/mapper/Board.xml]<EOL>### The error may involve defaultParameterMap<EOL>### The error occurred while setting parameters<EOL>### SQL: INSERT INTO board_like (BOARD_ID, MEMBER_ID, CREATE_AT)         VALUES (?, ?, NOW())<EOL>### Cause: java.sql.SQLSyntaxErrorException: Table 'sqld_database.board_like' doesn't exist<EOL>; bad SQL grammar []]
[2026-05-11 12:05:00.016] [INFO ] [MessageBroker-4] c.s.s.c.s.BoardViewCountScheduler - >>> Redis 조회수 DB 동기화 시작
[2026-05-11 12:05:00.032] [INFO ] [MessageBroker-4] c.s.s.c.s.BoardViewCountScheduler - >>> 동기화할 조회수 데이터가 없습니다.
[2026-05-11 12:07:40.950] [INFO ] [SpringApplicationShutdownHook] o.s.b.w.e.tomcat.GracefulShutdown - Commencing graceful shutdown. Waiting for active requests to complete
[2026-05-11 12:07:40.952] [INFO ] [tomcat-shutdown] o.s.b.w.e.tomcat.GracefulShutdown - Graceful shutdown complete
[2026-05-11 12:07:40.956] [INFO ] [SpringApplicationShutdownHook] o.s.m.s.b.SimpleBrokerMessageHandler - Stopping...
[2026-05-11 12:07:40.956] [INFO ] [SpringApplicationShutdownHook] o.s.m.s.b.SimpleBrokerMessageHandler - BrokerAvailabilityEvent[available=false, SimpleBrokerMessageHandler [org.springframework.messaging.simp.broker.DefaultSubscriptionRegistry@ec60abe]]
[2026-05-11 12:07:40.956] [INFO ] [SpringApplicationShutdownHook] o.s.m.s.b.SimpleBrokerMessageHandler - Stopped.
[2026-05-11 12:07:40.974] [INFO ] [SpringApplicationShutdownHook] com.zaxxer.hikari.HikariDataSource - HikariPool-1 - Shutdown initiated...
[2026-05-11 12:07:40.975] [INFO ] [SpringApplicationShutdownHook] com.zaxxer.hikari.HikariDataSource - HikariPool-1 - Shutdown completed.
[2026-05-11 12:07:42.636] [INFO ] [background-preinit] o.h.validator.internal.util.Version - HV000001: Hibernate Validator 8.0.3.Final
[2026-05-11 12:07:42.654] [INFO ] [restartedMain] com.sqld_board.sqld.SqldApplication - Starting SqldApplication using Java 17.0.11 with PID 30731 (/Users/minboklee/Downloads/sqld/build/classes/java/main started by minboklee in /Users/minboklee/Downloads/sqld)
[2026-05-11 12:07:42.655] [INFO ] [restartedMain] com.sqld_board.sqld.SqldApplication - The following 1 profile is active: "dev"
[2026-05-11 12:07:42.671] [INFO ] [restartedMain] o.s.b.d.restart.ChangeableUrls - The Class-Path manifest attribute in /Users/minboklee/.gradle/caches/modules-2/files-2.1/com.oracle.database.jdbc/ojdbc11/23.7.0.25.01/665f52abef9122ce003b5cfc1d9d44f7302e2cfe/ojdbc11-23.7.0.25.01.jar referenced one or more files that do not exist: file:/Users/minboklee/.gradle/caches/modules-2/files-2.1/com.oracle.database.jdbc/ojdbc11/23.7.0.25.01/665f52abef9122ce003b5cfc1d9d44f7302e2cfe/oraclepki.jar
[2026-05-11 12:07:42.672] [INFO ] [restartedMain] o.s.b.d.e.DevToolsPropertyDefaultsPostProcessor - Devtools property defaults active! Set 'spring.devtools.add-properties' to 'false' to disable
[2026-05-11 12:07:42.672] [INFO ] [restartedMain] o.s.b.d.e.DevToolsPropertyDefaultsPostProcessor - For additional web related logging consider setting the 'logging.level.web' property to 'DEBUG'
[2026-05-11 12:07:43.153] [INFO ] [restartedMain] o.s.d.r.c.RepositoryConfigurationDelegate - Multiple Spring Data modules found, entering strict repository configuration mode
[2026-05-11 12:07:43.154] [INFO ] [restartedMain] o.s.d.r.c.RepositoryConfigurationDelegate - Bootstrapping Spring Data Redis repositories in DEFAULT mode.
[2026-05-11 12:07:43.172] [INFO ] [restartedMain] o.s.d.r.c.RepositoryConfigurationDelegate - Finished Spring Data repository scanning in 8 ms. Found 0 Redis repository interfaces.
[2026-05-11 12:07:43.343] [INFO ] [restartedMain] c.u.j.c.EnableEncryptablePropertiesBeanFactoryPostProcessor - Post-processing PropertySource instances
[2026-05-11 12:07:43.344] [INFO ] [restartedMain] c.u.j.EncryptablePropertySourceConverter - Skipping PropertySource configurationProperties [class org.springframework.boot.context.properties.source.ConfigurationPropertySourcesPropertySource
[2026-05-11 12:07:43.344] [INFO ] [restartedMain] c.u.j.EncryptablePropertySourceConverter - Skipping PropertySource servletConfigInitParams [class org.springframework.core.env.PropertySource$StubPropertySource
[2026-05-11 12:07:43.344] [INFO ] [restartedMain] c.u.j.EncryptablePropertySourceConverter - Skipping PropertySource servletContextInitParams [class org.springframework.core.env.PropertySource$StubPropertySource
[2026-05-11 12:07:43.344] [INFO ] [restartedMain] c.u.j.EncryptablePropertySourceConverter - Converting PropertySource systemProperties [org.springframework.core.env.PropertiesPropertySource] to EncryptableMapPropertySourceWrapper
[2026-05-11 12:07:43.344] [INFO ] [restartedMain] c.u.j.EncryptablePropertySourceConverter - Converting PropertySource systemEnvironment [org.springframework.boot.env.SystemEnvironmentPropertySourceEnvironmentPostProcessor$OriginAwareSystemEnvironmentPropertySource] to EncryptableSystemEnvironmentPropertySourceWrapper
[2026-05-11 12:07:43.344] [INFO ] [restartedMain] c.u.j.EncryptablePropertySourceConverter - Converting PropertySource random [org.springframework.boot.env.RandomValuePropertySource] to EncryptablePropertySourceWrapper
[2026-05-11 12:07:43.344] [INFO ] [restartedMain] c.u.j.EncryptablePropertySourceConverter - Converting PropertySource Config resource 'class path resource [application-dev.yml]' via location 'optional:classpath:/' [org.springframework.boot.env.OriginTrackedMapPropertySource] to EncryptableMapPropertySourceWrapper
[2026-05-11 12:07:43.345] [INFO ] [restartedMain] c.u.j.EncryptablePropertySourceConverter - Converting PropertySource Config resource 'class path resource [application.yml]' via location 'optional:classpath:/' [org.springframework.boot.env.OriginTrackedMapPropertySource] to EncryptableMapPropertySourceWrapper
[2026-05-11 12:07:43.345] [INFO ] [restartedMain] c.u.j.EncryptablePropertySourceConverter - Converting PropertySource devtools [org.springframework.core.env.MapPropertySource] to EncryptableMapPropertySourceWrapper
[2026-05-11 12:07:43.345] [INFO ] [restartedMain] c.u.j.EncryptablePropertySourceConverter - Converting PropertySource applicationInfo [org.springframework.boot.ApplicationInfoPropertySource] to EncryptableMapPropertySourceWrapper
[2026-05-11 12:07:43.354] [INFO ] [restartedMain] c.u.j.f.DefaultLazyPropertyFilter - Property Filter custom Bean not found with name 'encryptablePropertyFilter'. Initializing Default Property Filter
[2026-05-11 12:07:43.357] [INFO ] [restartedMain] c.u.j.r.DefaultLazyPropertyResolver - Property Resolver custom Bean not found with name 'encryptablePropertyResolver'. Initializing Default Property Resolver
[2026-05-11 12:07:43.358] [INFO ] [restartedMain] c.u.j.d.DefaultLazyPropertyDetector - Property Detector custom Bean not found with name 'encryptablePropertyDetector'. Initializing Default Property Detector
[2026-05-11 12:07:43.626] [INFO ] [restartedMain] o.s.b.w.e.tomcat.TomcatWebServer - Tomcat initialized with port 8881 (http)
[2026-05-11 12:07:43.632] [INFO ] [restartedMain] o.a.coyote.http11.Http11NioProtocol - Initializing ProtocolHandler ["http-nio-8881"]
[2026-05-11 12:07:43.633] [INFO ] [restartedMain] o.a.catalina.core.StandardService - Starting service [Tomcat]
[2026-05-11 12:07:43.633] [INFO ] [restartedMain] o.a.catalina.core.StandardEngine - Starting Servlet engine: [Apache Tomcat/10.1.46]
[2026-05-11 12:07:43.652] [INFO ] [restartedMain] o.a.c.c.C.[Tomcat].[localhost].[/] - Initializing Spring embedded WebApplicationContext
[2026-05-11 12:07:43.652] [INFO ] [restartedMain] o.s.b.w.s.c.ServletWebServerApplicationContext - Root WebApplicationContext: initialization completed in 980 ms
[2026-05-11 12:07:43.665] [INFO ] [restartedMain] c.u.j.encryptor.DefaultLazyEncryptor - String Encryptor custom Bean not found with name 'jasyptStringEncryptor'. Initializing Default String Encryptor
[2026-05-11 12:07:43.670] [INFO ] [restartedMain] c.u.j.c.StringEncryptorBuilder - Encryptor config not found for property jasypt.encryptor.key-obtention-iterations, using default value: 1000
[2026-05-11 12:07:43.670] [INFO ] [restartedMain] c.u.j.c.StringEncryptorBuilder - Encryptor config not found for property jasypt.encryptor.pool-size, using default value: 1
[2026-05-11 12:07:43.670] [INFO ] [restartedMain] c.u.j.c.StringEncryptorBuilder - Encryptor config not found for property jasypt.encryptor.provider-name, using default value: null
[2026-05-11 12:07:43.670] [INFO ] [restartedMain] c.u.j.c.StringEncryptorBuilder - Encryptor config not found for property jasypt.encryptor.provider-class-name, using default value: null
[2026-05-11 12:07:43.670] [INFO ] [restartedMain] c.u.j.c.StringEncryptorBuilder - Encryptor config not found for property jasypt.encryptor.salt-generator-classname, using default value: org.jasypt.salt.RandomSaltGenerator
[2026-05-11 12:07:43.671] [INFO ] [restartedMain] c.u.j.c.StringEncryptorBuilder - Encryptor config not found for property jasypt.encryptor.string-output-type, using default value: base64
[2026-05-11 12:07:44.457] [INFO ] [restartedMain] o.s.s.c.a.a.c.InitializeUserDetailsBeanManagerConfigurer$InitializeUserDetailsManagerConfigurer - Global AuthenticationManager configured with UserDetailsService bean with name customUserDetailService
[2026-05-11 12:07:44.479] [INFO ] [restartedMain] c.s.s.c.s.CustomSecurityConfig - ********* Security Config Loading: WebSocket Support Added
[2026-05-11 12:07:44.530] [WARN ] [restartedMain] o.s.s.c.a.w.b.WebSecurity$IgnoredRequestConfigurer - One of the patterns in [/demo-ui.html, /swagger-ui/**, /api-docs/**, /swagger-resources/**, /webjars/**, ws-stomp] is missing a leading slash. This is discouraged; please include the leading slash in all your request matcher patterns. In future versions of Spring Security, leaving out the leading slash will result in an exception.
[2026-05-11 12:07:44.535] [WARN ] [restartedMain] o.s.s.c.a.web.builders.WebSecurity - You are asking Spring Security to ignore Deferred [Mvc [pattern='/demo-ui.html'], Ant [pattern='/demo-ui.html']]. This is not recommended -- please use permitAll via HttpSecurity#authorizeHttpRequests instead.
[2026-05-11 12:07:44.535] [WARN ] [restartedMain] o.s.s.c.a.web.builders.WebSecurity - You are asking Spring Security to ignore Deferred [Mvc [pattern='/swagger-ui/**'], Ant [pattern='/swagger-ui/**']]. This is not recommended -- please use permitAll via HttpSecurity#authorizeHttpRequests instead.
[2026-05-11 12:07:44.535] [WARN ] [restartedMain] o.s.s.c.a.web.builders.WebSecurity - You are asking Spring Security to ignore Deferred [Mvc [pattern='/api-docs/**'], Ant [pattern='/api-docs/**']]. This is not recommended -- please use permitAll via HttpSecurity#authorizeHttpRequests instead.
[2026-05-11 12:07:44.535] [WARN ] [restartedMain] o.s.s.c.a.web.builders.WebSecurity - You are asking Spring Security to ignore Deferred [Mvc [pattern='/swagger-resources/**'], Ant [pattern='/swagger-resources/**']]. This is not recommended -- please use permitAll via HttpSecurity#authorizeHttpRequests instead.
[2026-05-11 12:07:44.535] [WARN ] [restartedMain] o.s.s.c.a.web.builders.WebSecurity - You are asking Spring Security to ignore Deferred [Mvc [pattern='/webjars/**'], Ant [pattern='/webjars/**']]. This is not recommended -- please use permitAll via HttpSecurity#authorizeHttpRequests instead.
[2026-05-11 12:07:44.535] [WARN ] [restartedMain] o.s.s.c.a.web.builders.WebSecurity - You are asking Spring Security to ignore Deferred [Mvc [pattern='ws-stomp'], Ant [pattern='ws-stomp']]. This is not recommended -- please use permitAll via HttpSecurity#authorizeHttpRequests instead.
[2026-05-11 12:07:44.788] [WARN ] [restartedMain] com.zaxxer.hikari.HikariConfig - HikariPool-1 - idleTimeout has been set but has no effect because the pool is operating as a fixed size pool.
[2026-05-11 12:07:44.789] [INFO ] [restartedMain] com.zaxxer.hikari.HikariDataSource - HikariPool-1 - Starting...
[2026-05-11 12:07:44.967] [INFO ] [restartedMain] com.zaxxer.hikari.pool.HikariPool - HikariPool-1 - Added connection net.sf.log4jdbc.sql.jdbcapi.ConnectionSpy@342508c9
[2026-05-11 12:07:44.968] [INFO ] [restartedMain] com.zaxxer.hikari.HikariDataSource - HikariPool-1 - Start completed.
[2026-05-11 12:07:44.973] [INFO ] [restartedMain] o.s.b.a.h.H2ConsoleAutoConfiguration - H2 console available at '/h2-console'. Database available at 'jdbc:mysql://175.197.69.42:3306/sqld_database?serverTimezone=Asia/Seoul&useSSL=false&allowPublicKeyRetrieval=true&useUnicode=true&characterEncoding=UTF-8'
[2026-05-11 12:07:45.034] [INFO ] [restartedMain] o.s.b.d.a.OptionalLiveReloadServer - LiveReload server is running on port 35729
[2026-05-11 12:07:45.052] [INFO ] [restartedMain] o.s.m.s.b.SimpleBrokerMessageHandler - Starting...
[2026-05-11 12:07:45.052] [INFO ] [restartedMain] o.s.m.s.b.SimpleBrokerMessageHandler - BrokerAvailabilityEvent[available=true, SimpleBrokerMessageHandler [org.springframework.messaging.simp.broker.DefaultSubscriptionRegistry@111051a1]]
[2026-05-11 12:07:45.053] [INFO ] [restartedMain] o.s.m.s.b.SimpleBrokerMessageHandler - Started.
[2026-05-11 12:07:45.053] [INFO ] [restartedMain] o.a.coyote.http11.Http11NioProtocol - Starting ProtocolHandler ["http-nio-8881"]
[2026-05-11 12:07:45.063] [INFO ] [restartedMain] o.s.b.w.e.tomcat.TomcatWebServer - Tomcat started on port 8881 (http) with context path '/'
[2026-05-11 12:07:45.064] [INFO ] [restartedMain] c.u.j.c.RefreshScopeRefreshedEventListener - Refreshing cached encryptable property sources on ServletWebServerInitializedEvent
[2026-05-11 12:07:45.064] [INFO ] [restartedMain] c.u.j.c.CachingDelegateEncryptablePropertySource - Property Source systemProperties refreshed
[2026-05-11 12:07:45.064] [INFO ] [restartedMain] c.u.j.c.CachingDelegateEncryptablePropertySource - Property Source systemEnvironment refreshed
[2026-05-11 12:07:45.064] [INFO ] [restartedMain] c.u.j.c.CachingDelegateEncryptablePropertySource - Property Source random refreshed
[2026-05-11 12:07:45.064] [INFO ] [restartedMain] c.u.j.c.CachingDelegateEncryptablePropertySource - Property Source Config resource 'class path resource [application-dev.yml]' via location 'optional:classpath:/' refreshed
[2026-05-11 12:07:45.064] [INFO ] [restartedMain] c.u.j.c.CachingDelegateEncryptablePropertySource - Property Source Config resource 'class path resource [application.yml]' via location 'optional:classpath:/' refreshed
[2026-05-11 12:07:45.064] [INFO ] [restartedMain] c.u.j.c.CachingDelegateEncryptablePropertySource - Property Source devtools refreshed
[2026-05-11 12:07:45.064] [INFO ] [restartedMain] c.u.j.c.CachingDelegateEncryptablePropertySource - Property Source applicationInfo refreshed
[2026-05-11 12:07:45.064] [INFO ] [restartedMain] c.u.j.EncryptablePropertySourceConverter - Skipping PropertySource configurationProperties [class org.springframework.boot.context.properties.source.ConfigurationPropertySourcesPropertySource
[2026-05-11 12:07:45.064] [INFO ] [restartedMain] c.u.j.EncryptablePropertySourceConverter - Skipping PropertySource servletConfigInitParams [class org.springframework.core.env.PropertySource$StubPropertySource
[2026-05-11 12:07:45.064] [INFO ] [restartedMain] c.u.j.EncryptablePropertySourceConverter - Converting PropertySource servletContextInitParams [org.springframework.web.context.support.ServletContextPropertySource] to EncryptableEnumerablePropertySourceWrapper
[2026-05-11 12:07:45.349] [INFO ] [restartedMain] com.sqld_board.sqld.SqldApplication - Started SqldApplication in 2.907 seconds (process running for 3.245)
[2026-05-11 12:08:30.897] [INFO ] [http-nio-8881-exec-1] o.a.c.c.C.[Tomcat].[localhost].[/] - Initializing Spring DispatcherServlet 'dispatcherServlet'
[2026-05-11 12:08:30.898] [INFO ] [http-nio-8881-exec-1] o.s.web.servlet.DispatcherServlet - Initializing Servlet 'dispatcherServlet'
[2026-05-11 12:08:30.903] [INFO ] [http-nio-8881-exec-1] o.s.web.servlet.DispatcherServlet - Completed initialization in 4 ms
[2026-05-11 12:08:31.026] [INFO ] [http-nio-8881-exec-1] jdbc.sqltiming - SELECT MEMBER_ID
             , USER_ID
             , USER_PASS
             , USER_NAME
             , USER_EMAIL
             , EMAIL_VERIFIED
             , USER_ROLE
             , USER_STATUS
             , PROFILE_IMAGE
             , CREATE_AT
             , UPDATE_AT
             , LAST_LOG_AT
          FROM MEMBER_INFO
         WHERE USER_ID = 'gemini_tester'
         LIMIT 1
 {executed in 13 msec}
[2026-05-11 12:08:31.159] [INFO ] [http-nio-8881-exec-1] jdbc.sqltiming - UPDATE MEMBER_INFO
        SET LAST_LOG_AT = NOW()
        WHERE MEMBER_ID = 'MEMBER_20260511_001'
 {executed in 14 msec}
[2026-05-11 12:08:31.194] [INFO ] [http-nio-8881-exec-1] jdbc.sqltiming - DELETE FROM REFRESH_TOKEN WHERE MEMBER_ID = 'MEMBER_20260511_001'
 {executed in 16 msec}
[2026-05-11 12:08:31.212] [INFO ] [http-nio-8881-exec-1] jdbc.sqltiming - INSERT INTO REFRESH_TOKEN (MEMBER_ID, R_TOKEN, EXPIRY_DATE)
        VALUES ('MEMBER_20260511_001', '7960ec03-6e9f-4323-b645-8743b9347b2d', '05/18/2026 12:08:31.195')
 {executed in 16 msec}
[2026-05-11 12:08:45.063] [INFO ] [MessageBroker-1] o.s.w.s.c.WebSocketMessageBrokerStats - WebSocketSession[0 current WS(0)-HttpStream(0)-HttpPoll(0), 0 total, 0 closed abnormally (0 connect failure, 0 send limit, 0 transport error)], stompSubProtocol[processed CONNECT(0)-CONNECTED(0)-DISCONNECT(0)], stompBrokerRelay[null], inboundChannel[pool size = 0, active threads = 0, queued tasks = 0, completed tasks = 0], outboundChannel[pool size = 0, active threads = 0, queued tasks = 0, completed tasks = 0], sockJsScheduler[pool size = 5, active threads = 1, queued tasks = 4, completed tasks = 0]
[2026-05-11 12:09:23.366] [INFO ] [http-nio-8881-exec-2] jdbc.sqltiming - SELECT /* MemberMapper.readMemberByMemberId (memberId를 통한 회원 정보 조회) */
               MEMBER_ID
             , USER_ID
             , USER_PASS
             , USER_NAME
             , USER_EMAIL
             , EMAIL_VERIFIED
             , USER_ROLE
             , USER_STATUS
             , PROFILE_IMAGE
             , CREATE_AT
             , UPDATE_AT
             , LAST_LOG_AT
          FROM MEMBER_INFO
        WHERE MEMBER_ID = 'MEMBER_20260511_001'
 {executed in 8 msec}
[2026-05-11 12:09:23.396] [INFO ] [http-nio-8881-exec-2] jdbc.sqltiming - SELECT /* BoardMapper.getSearchBoard (게시판 글 단건조회 (사용자 정보 JOIN)) */
               B.BOARD_ID
             , B.TITLE
             , B.CONTENT
             , M.USER_ID
             , M.USER_NAME
             , B.MEMBER_ID
             , B.BOARD_CODE
             , B.CATEGORY_ID
             , B.VIEW_COUNT
             , B.LIKE_COUNT
             , M.PROFILE_IMAGE
             , B.CREATE_AT
             , B.UPDATE_AT
             , B.TAG_NAME
             , BS.SCRAP_ID /* 스크랩 고유 ID */
          FROM BOARD B
          LEFT JOIN MEMBER_INFO M ON B.MEMBER_ID = M.MEMBER_ID
          LEFT JOIN BOARD_SCRAP BS ON B.BOARD_ID = BS.BOARD_ID AND BS.MEMBER_ID = 'MEMBER_20260511_001'
         WHERE B.BOARD_ID = 1
           AND B.DELETE_YN = 'N'
 {executed in 11 msec}
[2026-05-11 12:09:23.406] [INFO ] [http-nio-8881-exec-2] jdbc.sqltiming - SELECT COUNT(*)
        FROM BOARD_LIKE
        WHERE BOARD_ID = 1 AND MEMBER_ID = 'MEMBER_20260511_001'
 {executed in 8 msec}
[2026-05-11 12:09:23.422] [INFO ] [http-nio-8881-exec-2] jdbc.sqltiming - INSERT INTO BOARD_LIKE (BOARD_ID, MEMBER_ID, CREATE_AT)
        VALUES (1, 'MEMBER_20260511_001', NOW())
 {executed in 14 msec}
[2026-05-11 12:09:23.436] [INFO ] [http-nio-8881-exec-2] jdbc.sqltiming - UPDATE BOARD
        SET LIKE_COUNT = LIKE_COUNT + 1
        WHERE BOARD_ID = 1
 {executed in 14 msec}
[2026-05-11 12:09:23.610] [INFO ] [http-nio-8881-exec-4] jdbc.sqltiming - SELECT /* MemberMapper.readMemberByMemberId (memberId를 통한 회원 정보 조회) */
               MEMBER_ID
             , USER_ID
             , USER_PASS
             , USER_NAME
             , USER_EMAIL
             , EMAIL_VERIFIED
             , USER_ROLE
             , USER_STATUS
             , PROFILE_IMAGE
             , CREATE_AT
             , UPDATE_AT
             , LAST_LOG_AT
          FROM MEMBER_INFO
        WHERE MEMBER_ID = 'MEMBER_20260511_001'
 {executed in 7 msec}
[2026-05-11 12:09:23.626] [INFO ] [http-nio-8881-exec-4] jdbc.sqltiming - SELECT /* BoardMapper.getSearchBoard (게시판 글 단건조회 (사용자 정보 JOIN)) */
               B.BOARD_ID
             , B.TITLE
             , B.CONTENT
             , M.USER_ID
             , M.USER_NAME
             , B.MEMBER_ID
             , B.BOARD_CODE
             , B.CATEGORY_ID
             , B.VIEW_COUNT
             , B.LIKE_COUNT
             , M.PROFILE_IMAGE
             , B.CREATE_AT
             , B.UPDATE_AT
             , B.TAG_NAME
             , BS.SCRAP_ID /* 스크랩 고유 ID */
          FROM BOARD B
          LEFT JOIN MEMBER_INFO M ON B.MEMBER_ID = M.MEMBER_ID
          LEFT JOIN BOARD_SCRAP BS ON B.BOARD_ID = BS.BOARD_ID AND BS.MEMBER_ID = 'MEMBER_20260511_001'
         WHERE B.BOARD_ID = 1
           AND B.DELETE_YN = 'N'
 {executed in 8 msec}
[2026-05-11 12:09:23.634] [INFO ] [http-nio-8881-exec-4] jdbc.sqltiming - SELECT COUNT(*)
        FROM BOARD_LIKE
        WHERE BOARD_ID = 1 AND MEMBER_ID = 'MEMBER_20260511_001'
 {executed in 7 msec}
[2026-05-11 12:09:23.648] [INFO ] [http-nio-8881-exec-4] jdbc.sqltiming - DELETE FROM BOARD_LIKE
        WHERE BOARD_ID = 1 AND MEMBER_ID = 'MEMBER_20260511_001'
 {executed in 13 msec}
[2026-05-11 12:09:23.662] [INFO ] [http-nio-8881-exec-4] jdbc.sqltiming - UPDATE BOARD
        SET LIKE_COUNT = LIKE_COUNT + -1
        WHERE BOARD_ID = 1
 {executed in 13 msec}
[2026-05-11 12:10:00.021] [INFO ] [MessageBroker-2] c.s.s.c.s.BoardViewCountScheduler - >>> Redis 조회수 DB 동기화 시작
[2026-05-11 12:10:00.039] [INFO ] [MessageBroker-2] c.s.s.c.s.BoardViewCountScheduler - >>> 동기화할 조회수 데이터가 없습니다.
[2026-05-11 12:15:00.005] [INFO ] [MessageBroker-4] c.s.s.c.s.BoardViewCountScheduler - >>> Redis 조회수 DB 동기화 시작
[2026-05-11 12:15:00.021] [INFO ] [MessageBroker-4] c.s.s.c.s.BoardViewCountScheduler - >>> 동기화할 조회수 데이터가 없습니다.
[2026-05-11 12:15:45.205] [INFO ] [SpringApplicationShutdownHook] o.s.b.w.e.tomcat.GracefulShutdown - Commencing graceful shutdown. Waiting for active requests to complete
[2026-05-11 12:15:45.209] [INFO ] [tomcat-shutdown] o.s.b.w.e.tomcat.GracefulShutdown - Graceful shutdown complete
[2026-05-11 12:15:45.241] [INFO ] [SpringApplicationShutdownHook] o.s.m.s.b.SimpleBrokerMessageHandler - Stopping...
[2026-05-11 12:15:45.242] [INFO ] [SpringApplicationShutdownHook] o.s.m.s.b.SimpleBrokerMessageHandler - BrokerAvailabilityEvent[available=false, SimpleBrokerMessageHandler [org.springframework.messaging.simp.broker.DefaultSubscriptionRegistry@111051a1]]
[2026-05-11 12:15:45.242] [INFO ] [SpringApplicationShutdownHook] o.s.m.s.b.SimpleBrokerMessageHandler - Stopped.
[2026-05-11 12:15:45.275] [INFO ] [SpringApplicationShutdownHook] com.zaxxer.hikari.HikariDataSource - HikariPool-1 - Shutdown initiated...
[2026-05-11 12:15:45.278] [INFO ] [SpringApplicationShutdownHook] com.zaxxer.hikari.HikariDataSource - HikariPool-1 - Shutdown completed.
[2026-05-11 13:24:46.224] [INFO ] [background-preinit] o.h.validator.internal.util.Version - HV000001: Hibernate Validator 8.0.3.Final
[2026-05-11 13:24:46.244] [INFO ] [restartedMain] com.sqld_board.sqld.SqldApplication - Starting SqldApplication using Java 17.0.11 with PID 40552 (/Users/minboklee/Downloads/sqld/build/classes/java/main started by minboklee in /Users/minboklee/Downloads/sqld)
[2026-05-11 13:24:46.244] [INFO ] [restartedMain] com.sqld_board.sqld.SqldApplication - The following 1 profile is active: "dev"
[2026-05-11 13:24:46.261] [INFO ] [restartedMain] o.s.b.d.restart.ChangeableUrls - The Class-Path manifest attribute in /Users/minboklee/.gradle/caches/modules-2/files-2.1/com.oracle.database.jdbc/ojdbc11/23.7.0.25.01/665f52abef9122ce003b5cfc1d9d44f7302e2cfe/ojdbc11-23.7.0.25.01.jar referenced one or more files that do not exist: file:/Users/minboklee/.gradle/caches/modules-2/files-2.1/com.oracle.database.jdbc/ojdbc11/23.7.0.25.01/665f52abef9122ce003b5cfc1d9d44f7302e2cfe/oraclepki.jar
[2026-05-11 13:24:46.262] [INFO ] [restartedMain] o.s.b.d.e.DevToolsPropertyDefaultsPostProcessor - Devtools property defaults active! Set 'spring.devtools.add-properties' to 'false' to disable
[2026-05-11 13:24:46.262] [INFO ] [restartedMain] o.s.b.d.e.DevToolsPropertyDefaultsPostProcessor - For additional web related logging consider setting the 'logging.level.web' property to 'DEBUG'
[2026-05-11 13:24:46.785] [INFO ] [restartedMain] o.s.d.r.c.RepositoryConfigurationDelegate - Multiple Spring Data modules found, entering strict repository configuration mode
[2026-05-11 13:24:46.786] [INFO ] [restartedMain] o.s.d.r.c.RepositoryConfigurationDelegate - Bootstrapping Spring Data Redis repositories in DEFAULT mode.
[2026-05-11 13:24:46.803] [INFO ] [restartedMain] o.s.d.r.c.RepositoryConfigurationDelegate - Finished Spring Data repository scanning in 8 ms. Found 0 Redis repository interfaces.
[2026-05-11 13:24:47.127] [INFO ] [restartedMain] c.u.j.c.EnableEncryptablePropertiesBeanFactoryPostProcessor - Post-processing PropertySource instances
[2026-05-11 13:24:47.128] [INFO ] [restartedMain] c.u.j.EncryptablePropertySourceConverter - Skipping PropertySource configurationProperties [class org.springframework.boot.context.properties.source.ConfigurationPropertySourcesPropertySource
[2026-05-11 13:24:47.128] [INFO ] [restartedMain] c.u.j.EncryptablePropertySourceConverter - Skipping PropertySource servletConfigInitParams [class org.springframework.core.env.PropertySource$StubPropertySource
[2026-05-11 13:24:47.134] [INFO ] [restartedMain] c.u.j.EncryptablePropertySourceConverter - Skipping PropertySource servletContextInitParams [class org.springframework.core.env.PropertySource$StubPropertySource
[2026-05-11 13:24:47.139] [INFO ] [restartedMain] c.u.j.EncryptablePropertySourceConverter - Converting PropertySource systemProperties [org.springframework.core.env.PropertiesPropertySource] to EncryptableMapPropertySourceWrapper
[2026-05-11 13:24:47.141] [INFO ] [restartedMain] c.u.j.EncryptablePropertySourceConverter - Converting PropertySource systemEnvironment [org.springframework.boot.env.SystemEnvironmentPropertySourceEnvironmentPostProcessor$OriginAwareSystemEnvironmentPropertySource] to EncryptableSystemEnvironmentPropertySourceWrapper
[2026-05-11 13:24:47.141] [INFO ] [restartedMain] c.u.j.EncryptablePropertySourceConverter - Converting PropertySource random [org.springframework.boot.env.RandomValuePropertySource] to EncryptablePropertySourceWrapper
[2026-05-11 13:24:47.141] [INFO ] [restartedMain] c.u.j.EncryptablePropertySourceConverter - Converting PropertySource Config resource 'class path resource [application-dev.yml]' via location 'optional:classpath:/' [org.springframework.boot.env.OriginTrackedMapPropertySource] to EncryptableMapPropertySourceWrapper
[2026-05-11 13:24:47.141] [INFO ] [restartedMain] c.u.j.EncryptablePropertySourceConverter - Converting PropertySource Config resource 'class path resource [application.yml]' via location 'optional:classpath:/' [org.springframework.boot.env.OriginTrackedMapPropertySource] to EncryptableMapPropertySourceWrapper
[2026-05-11 13:24:47.141] [INFO ] [restartedMain] c.u.j.EncryptablePropertySourceConverter - Converting PropertySource devtools [org.springframework.core.env.MapPropertySource] to EncryptableMapPropertySourceWrapper
[2026-05-11 13:24:47.141] [INFO ] [restartedMain] c.u.j.EncryptablePropertySourceConverter - Converting PropertySource applicationInfo [org.springframework.boot.ApplicationInfoPropertySource] to EncryptableMapPropertySourceWrapper
[2026-05-11 13:24:47.166] [INFO ] [restartedMain] c.u.j.f.DefaultLazyPropertyFilter - Property Filter custom Bean not found with name 'encryptablePropertyFilter'. Initializing Default Property Filter
[2026-05-11 13:24:47.185] [INFO ] [restartedMain] c.u.j.r.DefaultLazyPropertyResolver - Property Resolver custom Bean not found with name 'encryptablePropertyResolver'. Initializing Default Property Resolver
[2026-05-11 13:24:47.187] [INFO ] [restartedMain] c.u.j.d.DefaultLazyPropertyDetector - Property Detector custom Bean not found with name 'encryptablePropertyDetector'. Initializing Default Property Detector
[2026-05-11 13:24:47.502] [INFO ] [restartedMain] o.s.b.w.e.tomcat.TomcatWebServer - Tomcat initialized with port 8881 (http)
[2026-05-11 13:24:47.509] [INFO ] [restartedMain] o.a.coyote.http11.Http11NioProtocol - Initializing ProtocolHandler ["http-nio-8881"]
[2026-05-11 13:24:47.509] [INFO ] [restartedMain] o.a.catalina.core.StandardService - Starting service [Tomcat]
[2026-05-11 13:24:47.509] [INFO ] [restartedMain] o.a.catalina.core.StandardEngine - Starting Servlet engine: [Apache Tomcat/10.1.46]
[2026-05-11 13:24:47.528] [INFO ] [restartedMain] o.a.c.c.C.[Tomcat].[localhost].[/] - Initializing Spring embedded WebApplicationContext
[2026-05-11 13:24:47.528] [INFO ] [restartedMain] o.s.b.w.s.c.ServletWebServerApplicationContext - Root WebApplicationContext: initialization completed in 1266 ms
[2026-05-11 13:24:47.541] [INFO ] [restartedMain] c.u.j.encryptor.DefaultLazyEncryptor - String Encryptor custom Bean not found with name 'jasyptStringEncryptor'. Initializing Default String Encryptor
[2026-05-11 13:24:47.545] [INFO ] [restartedMain] c.u.j.c.StringEncryptorBuilder - Encryptor config not found for property jasypt.encryptor.key-obtention-iterations, using default value: 1000
[2026-05-11 13:24:47.545] [INFO ] [restartedMain] c.u.j.c.StringEncryptorBuilder - Encryptor config not found for property jasypt.encryptor.pool-size, using default value: 1
[2026-05-11 13:24:47.545] [INFO ] [restartedMain] c.u.j.c.StringEncryptorBuilder - Encryptor config not found for property jasypt.encryptor.provider-name, using default value: null
[2026-05-11 13:24:47.545] [INFO ] [restartedMain] c.u.j.c.StringEncryptorBuilder - Encryptor config not found for property jasypt.encryptor.provider-class-name, using default value: null
[2026-05-11 13:24:47.545] [INFO ] [restartedMain] c.u.j.c.StringEncryptorBuilder - Encryptor config not found for property jasypt.encryptor.salt-generator-classname, using default value: org.jasypt.salt.RandomSaltGenerator
[2026-05-11 13:24:47.546] [INFO ] [restartedMain] c.u.j.c.StringEncryptorBuilder - Encryptor config not found for property jasypt.encryptor.string-output-type, using default value: base64
[2026-05-11 13:24:48.341] [INFO ] [restartedMain] o.s.s.c.a.a.c.InitializeUserDetailsBeanManagerConfigurer$InitializeUserDetailsManagerConfigurer - Global AuthenticationManager configured with UserDetailsService bean with name customUserDetailService
[2026-05-11 13:24:48.363] [INFO ] [restartedMain] c.s.s.c.s.CustomSecurityConfig - ********* Security Config Loading: WebSocket Support Added
[2026-05-11 13:24:48.412] [WARN ] [restartedMain] o.s.s.c.a.w.b.WebSecurity$IgnoredRequestConfigurer - One of the patterns in [/demo-ui.html, /swagger-ui/**, /api-docs/**, /swagger-resources/**, /webjars/**, ws-stomp] is missing a leading slash. This is discouraged; please include the leading slash in all your request matcher patterns. In future versions of Spring Security, leaving out the leading slash will result in an exception.
[2026-05-11 13:24:48.416] [WARN ] [restartedMain] o.s.s.c.a.web.builders.WebSecurity - You are asking Spring Security to ignore Deferred [Mvc [pattern='/demo-ui.html'], Ant [pattern='/demo-ui.html']]. This is not recommended -- please use permitAll via HttpSecurity#authorizeHttpRequests instead.
[2026-05-11 13:24:48.416] [WARN ] [restartedMain] o.s.s.c.a.web.builders.WebSecurity - You are asking Spring Security to ignore Deferred [Mvc [pattern='/swagger-ui/**'], Ant [pattern='/swagger-ui/**']]. This is not recommended -- please use permitAll via HttpSecurity#authorizeHttpRequests instead.
[2026-05-11 13:24:48.416] [WARN ] [restartedMain] o.s.s.c.a.web.builders.WebSecurity - You are asking Spring Security to ignore Deferred [Mvc [pattern='/api-docs/**'], Ant [pattern='/api-docs/**']]. This is not recommended -- please use permitAll via HttpSecurity#authorizeHttpRequests instead.
[2026-05-11 13:24:48.416] [WARN ] [restartedMain] o.s.s.c.a.web.builders.WebSecurity - You are asking Spring Security to ignore Deferred [Mvc [pattern='/swagger-resources/**'], Ant [pattern='/swagger-resources/**']]. This is not recommended -- please use permitAll via HttpSecurity#authorizeHttpRequests instead.
[2026-05-11 13:24:48.416] [WARN ] [restartedMain] o.s.s.c.a.web.builders.WebSecurity - You are asking Spring Security to ignore Deferred [Mvc [pattern='/webjars/**'], Ant [pattern='/webjars/**']]. This is not recommended -- please use permitAll via HttpSecurity#authorizeHttpRequests instead.
[2026-05-11 13:24:48.416] [WARN ] [restartedMain] o.s.s.c.a.web.builders.WebSecurity - You are asking Spring Security to ignore Deferred [Mvc [pattern='ws-stomp'], Ant [pattern='ws-stomp']]. This is not recommended -- please use permitAll via HttpSecurity#authorizeHttpRequests instead.
[2026-05-11 13:24:48.660] [WARN ] [restartedMain] com.zaxxer.hikari.HikariConfig - HikariPool-1 - idleTimeout has been set but has no effect because the pool is operating as a fixed size pool.
[2026-05-11 13:24:48.660] [INFO ] [restartedMain] com.zaxxer.hikari.HikariDataSource - HikariPool-1 - Starting...
[2026-05-11 13:24:48.863] [INFO ] [restartedMain] com.zaxxer.hikari.pool.HikariPool - HikariPool-1 - Added connection net.sf.log4jdbc.sql.jdbcapi.ConnectionSpy@174e66e6
[2026-05-11 13:24:48.863] [INFO ] [restartedMain] com.zaxxer.hikari.HikariDataSource - HikariPool-1 - Start completed.
[2026-05-11 13:24:48.869] [INFO ] [restartedMain] o.s.b.a.h.H2ConsoleAutoConfiguration - H2 console available at '/h2-console'. Database available at 'jdbc:mysql://175.197.69.42:3306/sqld_database?serverTimezone=Asia/Seoul&useSSL=false&allowPublicKeyRetrieval=true&useUnicode=true&characterEncoding=UTF-8'
[2026-05-11 13:24:48.932] [INFO ] [restartedMain] o.s.b.d.a.OptionalLiveReloadServer - LiveReload server is running on port 35729
[2026-05-11 13:24:48.949] [INFO ] [restartedMain] o.s.m.s.b.SimpleBrokerMessageHandler - Starting...
[2026-05-11 13:24:48.950] [INFO ] [restartedMain] o.s.m.s.b.SimpleBrokerMessageHandler - BrokerAvailabilityEvent[available=true, SimpleBrokerMessageHandler [org.springframework.messaging.simp.broker.DefaultSubscriptionRegistry@68a0759a]]
[2026-05-11 13:24:48.950] [INFO ] [restartedMain] o.s.m.s.b.SimpleBrokerMessageHandler - Started.
[2026-05-11 13:24:48.950] [INFO ] [restartedMain] o.a.coyote.http11.Http11NioProtocol - Starting ProtocolHandler ["http-nio-8881"]
[2026-05-11 13:24:48.961] [INFO ] [restartedMain] o.s.b.w.e.tomcat.TomcatWebServer - Tomcat started on port 8881 (http) with context path '/'
[2026-05-11 13:24:48.961] [INFO ] [restartedMain] c.u.j.c.RefreshScopeRefreshedEventListener - Refreshing cached encryptable property sources on ServletWebServerInitializedEvent
[2026-05-11 13:24:48.961] [INFO ] [restartedMain] c.u.j.c.CachingDelegateEncryptablePropertySource - Property Source systemProperties refreshed
[2026-05-11 13:24:48.961] [INFO ] [restartedMain] c.u.j.c.CachingDelegateEncryptablePropertySource - Property Source systemEnvironment refreshed
[2026-05-11 13:24:48.961] [INFO ] [restartedMain] c.u.j.c.CachingDelegateEncryptablePropertySource - Property Source random refreshed
[2026-05-11 13:24:48.961] [INFO ] [restartedMain] c.u.j.c.CachingDelegateEncryptablePropertySource - Property Source Config resource 'class path resource [application-dev.yml]' via location 'optional:classpath:/' refreshed
[2026-05-11 13:24:48.961] [INFO ] [restartedMain] c.u.j.c.CachingDelegateEncryptablePropertySource - Property Source Config resource 'class path resource [application.yml]' via location 'optional:classpath:/' refreshed
[2026-05-11 13:24:48.961] [INFO ] [restartedMain] c.u.j.c.CachingDelegateEncryptablePropertySource - Property Source devtools refreshed
[2026-05-11 13:24:48.961] [INFO ] [restartedMain] c.u.j.c.CachingDelegateEncryptablePropertySource - Property Source applicationInfo refreshed
[2026-05-11 13:24:48.961] [INFO ] [restartedMain] c.u.j.EncryptablePropertySourceConverter - Skipping PropertySource configurationProperties [class org.springframework.boot.context.properties.source.ConfigurationPropertySourcesPropertySource
[2026-05-11 13:24:48.961] [INFO ] [restartedMain] c.u.j.EncryptablePropertySourceConverter - Skipping PropertySource servletConfigInitParams [class org.springframework.core.env.PropertySource$StubPropertySource
[2026-05-11 13:24:48.961] [INFO ] [restartedMain] c.u.j.EncryptablePropertySourceConverter - Converting PropertySource servletContextInitParams [org.springframework.web.context.support.ServletContextPropertySource] to EncryptableEnumerablePropertySourceWrapper
[2026-05-11 13:24:49.266] [INFO ] [restartedMain] com.sqld_board.sqld.SqldApplication - Started SqldApplication in 3.26 seconds (process running for 3.722)
[2026-05-11 13:24:57.142] [INFO ] [SpringApplicationShutdownHook] o.s.b.w.e.tomcat.GracefulShutdown - Commencing graceful shutdown. Waiting for active requests to complete
[2026-05-11 13:24:57.146] [INFO ] [tomcat-shutdown] o.s.b.w.e.tomcat.GracefulShutdown - Graceful shutdown complete
[2026-05-11 13:24:57.147] [INFO ] [SpringApplicationShutdownHook] o.s.m.s.b.SimpleBrokerMessageHandler - Stopping...
[2026-05-11 13:24:57.147] [INFO ] [SpringApplicationShutdownHook] o.s.m.s.b.SimpleBrokerMessageHandler - BrokerAvailabilityEvent[available=false, SimpleBrokerMessageHandler [org.springframework.messaging.simp.broker.DefaultSubscriptionRegistry@68a0759a]]
[2026-05-11 13:24:57.147] [INFO ] [SpringApplicationShutdownHook] o.s.m.s.b.SimpleBrokerMessageHandler - Stopped.
[2026-05-11 13:24:57.160] [INFO ] [SpringApplicationShutdownHook] com.zaxxer.hikari.HikariDataSource - HikariPool-1 - Shutdown initiated...
[2026-05-11 13:24:57.162] [INFO ] [SpringApplicationShutdownHook] com.zaxxer.hikari.HikariDataSource - HikariPool-1 - Shutdown completed.
