[2026-05-01 10:07:04.586] [INFO ] [background-preinit] o.h.validator.internal.util.Version - HV000001: Hibernate Validator 8.0.3.Final
[2026-05-01 10:07:04.608] [INFO ] [restartedMain] com.sqld_board.sqld.SqldApplication - Starting SqldApplication using Java 17.0.11 with PID 813 (/Users/minboklee/Downloads/sqld/build/classes/java/main started by minboklee in /Users/minboklee/Downloads/sqld)
[2026-05-01 10:07:04.609] [INFO ] [restartedMain] com.sqld_board.sqld.SqldApplication - The following 1 profile is active: "prod"
[2026-05-01 10:07:04.628] [INFO ] [restartedMain] o.s.b.d.restart.ChangeableUrls - The Class-Path manifest attribute in /Users/minboklee/.gradle/caches/modules-2/files-2.1/com.oracle.database.jdbc/ojdbc11/23.7.0.25.01/665f52abef9122ce003b5cfc1d9d44f7302e2cfe/ojdbc11-23.7.0.25.01.jar referenced one or more files that do not exist: file:/Users/minboklee/.gradle/caches/modules-2/files-2.1/com.oracle.database.jdbc/ojdbc11/23.7.0.25.01/665f52abef9122ce003b5cfc1d9d44f7302e2cfe/oraclepki.jar
[2026-05-01 10:07:04.628] [INFO ] [restartedMain] o.s.b.d.e.DevToolsPropertyDefaultsPostProcessor - Devtools property defaults active! Set 'spring.devtools.add-properties' to 'false' to disable
[2026-05-01 10:07:04.628] [INFO ] [restartedMain] o.s.b.d.e.DevToolsPropertyDefaultsPostProcessor - For additional web related logging consider setting the 'logging.level.web' property to 'DEBUG'
[2026-05-01 10:07:05.284] [INFO ] [restartedMain] o.s.d.r.c.RepositoryConfigurationDelegate - Multiple Spring Data modules found, entering strict repository configuration mode
[2026-05-01 10:07:05.285] [INFO ] [restartedMain] o.s.d.r.c.RepositoryConfigurationDelegate - Bootstrapping Spring Data Redis repositories in DEFAULT mode.
[2026-05-01 10:07:05.304] [INFO ] [restartedMain] o.s.d.r.c.RepositoryConfigurationDelegate - Finished Spring Data repository scanning in 8 ms. Found 0 Redis repository interfaces.
[2026-05-01 10:07:05.464] [INFO ] [restartedMain] c.u.j.c.EnableEncryptablePropertiesBeanFactoryPostProcessor - Post-processing PropertySource instances
[2026-05-01 10:07:05.465] [INFO ] [restartedMain] c.u.j.EncryptablePropertySourceConverter - Skipping PropertySource configurationProperties [class org.springframework.boot.context.properties.source.ConfigurationPropertySourcesPropertySource
[2026-05-01 10:07:05.465] [INFO ] [restartedMain] c.u.j.EncryptablePropertySourceConverter - Skipping PropertySource servletConfigInitParams [class org.springframework.core.env.PropertySource$StubPropertySource
[2026-05-01 10:07:05.465] [INFO ] [restartedMain] c.u.j.EncryptablePropertySourceConverter - Skipping PropertySource servletContextInitParams [class org.springframework.core.env.PropertySource$StubPropertySource
[2026-05-01 10:07:05.465] [INFO ] [restartedMain] c.u.j.EncryptablePropertySourceConverter - Converting PropertySource systemProperties [org.springframework.core.env.PropertiesPropertySource] to EncryptableMapPropertySourceWrapper
[2026-05-01 10:07:05.465] [INFO ] [restartedMain] c.u.j.EncryptablePropertySourceConverter - Converting PropertySource systemEnvironment [org.springframework.boot.env.SystemEnvironmentPropertySourceEnvironmentPostProcessor$OriginAwareSystemEnvironmentPropertySource] to EncryptableSystemEnvironmentPropertySourceWrapper
[2026-05-01 10:07:05.465] [INFO ] [restartedMain] c.u.j.EncryptablePropertySourceConverter - Converting PropertySource random [org.springframework.boot.env.RandomValuePropertySource] to EncryptablePropertySourceWrapper
[2026-05-01 10:07:05.465] [INFO ] [restartedMain] c.u.j.EncryptablePropertySourceConverter - Converting PropertySource Config resource 'class path resource [application-prod.yml]' via location 'optional:classpath:/' [org.springframework.boot.env.OriginTrackedMapPropertySource] to EncryptableMapPropertySourceWrapper
[2026-05-01 10:07:05.465] [INFO ] [restartedMain] c.u.j.EncryptablePropertySourceConverter - Converting PropertySource Config resource 'class path resource [application.yml]' via location 'optional:classpath:/' [org.springframework.boot.env.OriginTrackedMapPropertySource] to EncryptableMapPropertySourceWrapper
[2026-05-01 10:07:05.465] [INFO ] [restartedMain] c.u.j.EncryptablePropertySourceConverter - Converting PropertySource devtools [org.springframework.core.env.MapPropertySource] to EncryptableMapPropertySourceWrapper
[2026-05-01 10:07:05.465] [INFO ] [restartedMain] c.u.j.EncryptablePropertySourceConverter - Converting PropertySource applicationInfo [org.springframework.boot.ApplicationInfoPropertySource] to EncryptableMapPropertySourceWrapper
[2026-05-01 10:07:05.475] [INFO ] [restartedMain] c.u.j.f.DefaultLazyPropertyFilter - Property Filter custom Bean not found with name 'encryptablePropertyFilter'. Initializing Default Property Filter
[2026-05-01 10:07:05.478] [INFO ] [restartedMain] c.u.j.r.DefaultLazyPropertyResolver - Property Resolver custom Bean not found with name 'encryptablePropertyResolver'. Initializing Default Property Resolver
[2026-05-01 10:07:05.479] [INFO ] [restartedMain] c.u.j.d.DefaultLazyPropertyDetector - Property Detector custom Bean not found with name 'encryptablePropertyDetector'. Initializing Default Property Detector
[2026-05-01 10:07:05.737] [INFO ] [restartedMain] o.s.b.w.e.tomcat.TomcatWebServer - Tomcat initialized with port 8881 (http)
[2026-05-01 10:07:05.745] [INFO ] [restartedMain] o.a.coyote.http11.Http11NioProtocol - Initializing ProtocolHandler ["http-nio-8881"]
[2026-05-01 10:07:05.745] [INFO ] [restartedMain] o.a.catalina.core.StandardService - Starting service [Tomcat]
[2026-05-01 10:07:05.745] [INFO ] [restartedMain] o.a.catalina.core.StandardEngine - Starting Servlet engine: [Apache Tomcat/10.1.46]
[2026-05-01 10:07:05.767] [INFO ] [restartedMain] o.a.c.c.C.[Tomcat].[localhost].[/] - Initializing Spring embedded WebApplicationContext
[2026-05-01 10:07:05.768] [INFO ] [restartedMain] o.s.b.w.s.c.ServletWebServerApplicationContext - Root WebApplicationContext: initialization completed in 1140 ms
[2026-05-01 10:07:05.781] [INFO ] [restartedMain] c.u.j.encryptor.DefaultLazyEncryptor - String Encryptor custom Bean not found with name 'jasyptStringEncryptor'. Initializing Default String Encryptor
[2026-05-01 10:07:05.785] [INFO ] [restartedMain] c.u.j.c.StringEncryptorBuilder - Encryptor config not found for property jasypt.encryptor.key-obtention-iterations, using default value: 1000
[2026-05-01 10:07:05.785] [INFO ] [restartedMain] c.u.j.c.StringEncryptorBuilder - Encryptor config not found for property jasypt.encryptor.pool-size, using default value: 1
[2026-05-01 10:07:05.785] [INFO ] [restartedMain] c.u.j.c.StringEncryptorBuilder - Encryptor config not found for property jasypt.encryptor.provider-name, using default value: null
[2026-05-01 10:07:05.785] [INFO ] [restartedMain] c.u.j.c.StringEncryptorBuilder - Encryptor config not found for property jasypt.encryptor.provider-class-name, using default value: null
[2026-05-01 10:07:05.785] [INFO ] [restartedMain] c.u.j.c.StringEncryptorBuilder - Encryptor config not found for property jasypt.encryptor.salt-generator-classname, using default value: org.jasypt.salt.RandomSaltGenerator
[2026-05-01 10:07:05.786] [INFO ] [restartedMain] c.u.j.c.StringEncryptorBuilder - Encryptor config not found for property jasypt.encryptor.string-output-type, using default value: base64
[2026-05-01 10:07:06.616] [INFO ] [restartedMain] o.s.s.c.a.a.c.InitializeUserDetailsBeanManagerConfigurer$InitializeUserDetailsManagerConfigurer - Global AuthenticationManager configured with UserDetailsService bean with name customUserDetailService
[2026-05-01 10:07:06.639] [INFO ] [restartedMain] c.s.s.c.s.CustomSecurityConfig - ********* Security Config Loading: WebSocket Support Added
[2026-05-01 10:07:06.689] [WARN ] [restartedMain] o.s.s.c.a.w.b.WebSecurity$IgnoredRequestConfigurer - One of the patterns in [/demo-ui.html, /swagger-ui/**, /api-docs/**, /swagger-resources/**, /webjars/**, ws-stomp] is missing a leading slash. This is discouraged; please include the leading slash in all your request matcher patterns. In future versions of Spring Security, leaving out the leading slash will result in an exception.
[2026-05-01 10:07:06.693] [WARN ] [restartedMain] o.s.s.c.a.web.builders.WebSecurity - You are asking Spring Security to ignore Deferred [Mvc [pattern='/demo-ui.html'], Ant [pattern='/demo-ui.html']]. This is not recommended -- please use permitAll via HttpSecurity#authorizeHttpRequests instead.
[2026-05-01 10:07:06.693] [WARN ] [restartedMain] o.s.s.c.a.web.builders.WebSecurity - You are asking Spring Security to ignore Deferred [Mvc [pattern='/swagger-ui/**'], Ant [pattern='/swagger-ui/**']]. This is not recommended -- please use permitAll via HttpSecurity#authorizeHttpRequests instead.
[2026-05-01 10:07:06.693] [WARN ] [restartedMain] o.s.s.c.a.web.builders.WebSecurity - You are asking Spring Security to ignore Deferred [Mvc [pattern='/api-docs/**'], Ant [pattern='/api-docs/**']]. This is not recommended -- please use permitAll via HttpSecurity#authorizeHttpRequests instead.
[2026-05-01 10:07:06.693] [WARN ] [restartedMain] o.s.s.c.a.web.builders.WebSecurity - You are asking Spring Security to ignore Deferred [Mvc [pattern='/swagger-resources/**'], Ant [pattern='/swagger-resources/**']]. This is not recommended -- please use permitAll via HttpSecurity#authorizeHttpRequests instead.
[2026-05-01 10:07:06.693] [WARN ] [restartedMain] o.s.s.c.a.web.builders.WebSecurity - You are asking Spring Security to ignore Deferred [Mvc [pattern='/webjars/**'], Ant [pattern='/webjars/**']]. This is not recommended -- please use permitAll via HttpSecurity#authorizeHttpRequests instead.
[2026-05-01 10:07:06.693] [WARN ] [restartedMain] o.s.s.c.a.web.builders.WebSecurity - You are asking Spring Security to ignore Deferred [Mvc [pattern='ws-stomp'], Ant [pattern='ws-stomp']]. This is not recommended -- please use permitAll via HttpSecurity#authorizeHttpRequests instead.
[2026-05-01 10:07:06.942] [WARN ] [restartedMain] com.zaxxer.hikari.HikariConfig - HikariPool-1 - idleTimeout has been set but has no effect because the pool is operating as a fixed size pool.
[2026-05-01 10:07:06.942] [INFO ] [restartedMain] com.zaxxer.hikari.HikariDataSource - HikariPool-1 - Starting...
[2026-05-01 10:07:07.121] [INFO ] [restartedMain] com.zaxxer.hikari.pool.HikariPool - HikariPool-1 - Added connection net.sf.log4jdbc.sql.jdbcapi.ConnectionSpy@1729f252
[2026-05-01 10:07:07.122] [INFO ] [restartedMain] com.zaxxer.hikari.HikariDataSource - HikariPool-1 - Start completed.
[2026-05-01 10:07:07.127] [INFO ] [restartedMain] o.s.b.a.h.H2ConsoleAutoConfiguration - H2 console available at '/h2-console'. Database available at 'jdbc:mysql://175.197.69.42:3306/sqld_prod?serverTimezone=Asia/Seoul&useSSL=false&allowPublicKeyRetrieval=true&useUnicode=true&characterEncoding=UTF-8'
[2026-05-01 10:07:07.192] [INFO ] [restartedMain] o.s.b.d.a.OptionalLiveReloadServer - LiveReload server is running on port 35729
[2026-05-01 10:07:07.211] [INFO ] [restartedMain] o.s.m.s.b.SimpleBrokerMessageHandler - Starting...
[2026-05-01 10:07:07.211] [INFO ] [restartedMain] o.s.m.s.b.SimpleBrokerMessageHandler - BrokerAvailabilityEvent[available=true, SimpleBrokerMessageHandler [org.springframework.messaging.simp.broker.DefaultSubscriptionRegistry@1de4216e]]
[2026-05-01 10:07:07.212] [INFO ] [restartedMain] o.s.m.s.b.SimpleBrokerMessageHandler - Started.
[2026-05-01 10:07:07.212] [INFO ] [restartedMain] o.a.coyote.http11.Http11NioProtocol - Starting ProtocolHandler ["http-nio-8881"]
[2026-05-01 10:07:07.221] [INFO ] [restartedMain] o.s.b.w.e.tomcat.TomcatWebServer - Tomcat started on port 8881 (http) with context path '/'
[2026-05-01 10:07:07.222] [INFO ] [restartedMain] c.u.j.c.RefreshScopeRefreshedEventListener - Refreshing cached encryptable property sources on ServletWebServerInitializedEvent
[2026-05-01 10:07:07.222] [INFO ] [restartedMain] c.u.j.c.CachingDelegateEncryptablePropertySource - Property Source systemProperties refreshed
[2026-05-01 10:07:07.222] [INFO ] [restartedMain] c.u.j.c.CachingDelegateEncryptablePropertySource - Property Source systemEnvironment refreshed
[2026-05-01 10:07:07.222] [INFO ] [restartedMain] c.u.j.c.CachingDelegateEncryptablePropertySource - Property Source random refreshed
[2026-05-01 10:07:07.222] [INFO ] [restartedMain] c.u.j.c.CachingDelegateEncryptablePropertySource - Property Source Config resource 'class path resource [application-prod.yml]' via location 'optional:classpath:/' refreshed
[2026-05-01 10:07:07.222] [INFO ] [restartedMain] c.u.j.c.CachingDelegateEncryptablePropertySource - Property Source Config resource 'class path resource [application.yml]' via location 'optional:classpath:/' refreshed
[2026-05-01 10:07:07.222] [INFO ] [restartedMain] c.u.j.c.CachingDelegateEncryptablePropertySource - Property Source devtools refreshed
[2026-05-01 10:07:07.222] [INFO ] [restartedMain] c.u.j.c.CachingDelegateEncryptablePropertySource - Property Source applicationInfo refreshed
[2026-05-01 10:07:07.222] [INFO ] [restartedMain] c.u.j.EncryptablePropertySourceConverter - Skipping PropertySource configurationProperties [class org.springframework.boot.context.properties.source.ConfigurationPropertySourcesPropertySource
[2026-05-01 10:07:07.222] [INFO ] [restartedMain] c.u.j.EncryptablePropertySourceConverter - Skipping PropertySource servletConfigInitParams [class org.springframework.core.env.PropertySource$StubPropertySource
[2026-05-01 10:07:07.222] [INFO ] [restartedMain] c.u.j.EncryptablePropertySourceConverter - Converting PropertySource servletContextInitParams [org.springframework.web.context.support.ServletContextPropertySource] to EncryptableEnumerablePropertySourceWrapper
[2026-05-01 10:07:07.470] [INFO ] [restartedMain] com.sqld_board.sqld.SqldApplication - Started SqldApplication in 3.214 seconds (process running for 3.75)
[2026-05-01 10:08:07.020] [INFO ] [http-nio-8881-exec-1] o.a.c.c.C.[Tomcat].[localhost].[/] - Initializing Spring DispatcherServlet 'dispatcherServlet'
[2026-05-01 10:08:07.021] [INFO ] [http-nio-8881-exec-1] o.s.web.servlet.DispatcherServlet - Initializing Servlet 'dispatcherServlet'
[2026-05-01 10:08:07.039] [INFO ] [http-nio-8881-exec-1] o.s.web.servlet.DispatcherServlet - Completed initialization in 18 ms
[2026-05-01 10:08:07.157] [INFO ] [http-nio-8881-exec-2] jdbc.sqltiming - SELECT  /* BoardMasterMapper.getBoardConfig 특정 게시판의 설정(이름, 카테고리 그룹, 기능 여부) 전체 리스트 조회 */
               BM.BOARD_CODE
             , BM.BOARD_NAME
             , BM.GROUP_CODE
             , BM.USE_YN
             , BM.FILE_YN
             , BM.REPLY_YN
             , BM.TAG_YN
             , CCG.SORT_ORDER
             , BM.CREATE_AT
             , BM.UPDATE_AT
          FROM BOARD_MASTER BM
          JOIN COMMON_CODE_GROUP CCG ON BM.GROUP_CODE = CCG.GROUP_CODE
         ORDER BY CCG.SORT_ORDER ASC, BM.BOARD_CODE ASC /* 그룹 순서대로 정렬 */
 {executed in 22 msec}
[2026-05-01 10:08:07.157] [INFO ] [http-nio-8881-exec-1] jdbc.sqltiming - SELECT  /* BoardMapper.getBoardList (게시판 목록 전체를 조회하는 쿼리 (사용자 정보 JOIN))*/
               B.BOARD_ID
             , B.TITLE
             , B.CONTENT
             , M.USER_ID
             , M.USER_NAME
             , B.MEMBER_ID
             , B.BOARD_CODE
             , B.CATEGORY_ID
             , B.VIEW_COUNT
             , B.LIKE_COUNT
             ,(SELECT COUNT(*)
                 FROM COMMENT_MANAGEMENT CM
                WHERE CM.BOARD_ID = B.BOARD_ID
                  AND CM.DELETE_YN = 'N') AS commentCount /* 댓글 작성 수 */
             , M.PROFILE_IMAGE
             , B.CREATE_AT
             , B.UPDATE_AT
             , B.TAG_NAME
        FROM
            BOARD B
        LEFT JOIN MEMBER_INFO M ON B.MEMBER_ID = M.MEMBER_ID
        WHERE B.DELETE_YN = 'N'
        ORDER BY
            B.CREATE_AT DESC
 {executed in 22 msec}
[2026-05-01 10:08:07.185] [INFO ] [http-nio-8881-exec-2] jdbc.sqltiming - SELECT /*  boardMapper.getCategoryListByBoardCode 특정 게시판(boardCode)에 소속된 카테고리 목록 조회 */
               CCD.CODE_ID AS categoryId
             , CCD.CODE_NAME AS categoryName
          FROM BOARD_MASTER BM
    INNER JOIN COMMON_CODE_DETAIL CCD
            ON BM.GROUP_CODE = CCD.GROUP_CODE
         WHERE BM.BOARD_CODE = 'B_NOTICE_01'
           AND BM.USE_YN = 'Y'
      ORDER BY CCD.SORT_ORDER ASC
 {executed in 9 msec}
[2026-05-01 10:08:07.210] [INFO ] [MessageBroker-1] o.s.w.s.c.WebSocketMessageBrokerStats - WebSocketSession[0 current WS(0)-HttpStream(0)-HttpPoll(0), 0 total, 0 closed abnormally (0 connect failure, 0 send limit, 0 transport error)], stompSubProtocol[processed CONNECT(0)-CONNECTED(0)-DISCONNECT(0)], stompBrokerRelay[null], inboundChannel[pool size = 0, active threads = 0, queued tasks = 0, completed tasks = 0], outboundChannel[pool size = 0, active threads = 0, queued tasks = 0, completed tasks = 0], sockJsScheduler[pool size = 5, active threads = 1, queued tasks = 4, completed tasks = 0]
[2026-05-01 10:08:07.215] [INFO ] [http-nio-8881-exec-2] jdbc.sqltiming - SELECT /*  boardMapper.getCategoryListByBoardCode 특정 게시판(boardCode)에 소속된 카테고리 목록 조회 */
               CCD.CODE_ID AS categoryId
             , CCD.CODE_NAME AS categoryName
          FROM BOARD_MASTER BM
    INNER JOIN COMMON_CODE_DETAIL CCD
            ON BM.GROUP_CODE = CCD.GROUP_CODE
         WHERE BM.BOARD_CODE = 'B_SQLD_01'
           AND BM.USE_YN = 'Y'
      ORDER BY CCD.SORT_ORDER ASC
 {executed in 9 msec}
[2026-05-01 10:08:07.225] [INFO ] [http-nio-8881-exec-2] jdbc.sqltiming - SELECT /*  boardMapper.getCategoryListByBoardCode 특정 게시판(boardCode)에 소속된 카테고리 목록 조회 */
               CCD.CODE_ID AS categoryId
             , CCD.CODE_NAME AS categoryName
          FROM BOARD_MASTER BM
    INNER JOIN COMMON_CODE_DETAIL CCD
            ON BM.GROUP_CODE = CCD.GROUP_CODE
         WHERE BM.BOARD_CODE = 'B_GREETING_01'
           AND BM.USE_YN = 'Y'
      ORDER BY CCD.SORT_ORDER ASC
 {executed in 8 msec}
[2026-05-01 10:08:16.559] [INFO ] [http-nio-8881-exec-3] jdbc.sqltiming - SELECT MEMBER_ID
             , USER_ID
             , USER_PASS
             , USER_NAME
             , USER_EMAIL
             , EMAIL_VERIFIED
             , USER_ROLE
             , USER_STATUS
             , PROFILE_IMAGE
             , CREATE_AT
             , UPDATE_AT
             , LAST_LOG_AT
          FROM MEMBER_INFO
         WHERE USER_ID = 'sqlMin'
         LIMIT 1
 {executed in 9 msec}
[2026-05-01 10:08:16.682] [INFO ] [http-nio-8881-exec-3] jdbc.sqltiming - UPDATE MEMBER_INFO
        SET LAST_LOG_AT = NOW()
        WHERE MEMBER_ID = 'MEMBER_20260427_002'
 {executed in 15 msec}
[2026-05-01 10:08:16.732] [INFO ] [http-nio-8881-exec-3] jdbc.sqltiming - DELETE FROM refresh_token WHERE MEMBER_ID = 'MEMBER_20260427_002'
 {executed in 14 msec}
[2026-05-01 10:08:16.752] [INFO ] [http-nio-8881-exec-3] jdbc.sqltiming - INSERT INTO refresh_token (MEMBER_ID, R_TOKEN, EXPIRY_DATE)
        VALUES ('MEMBER_20260427_002', 'd90e8367-cfd9-482a-9969-0358da34c4ca', '05/08/2026 10:08:16.733')
 {executed in 17 msec}
[2026-05-01 10:08:17.021] [INFO ] [http-nio-8881-exec-4] jdbc.sqltiming - SELECT /* MemberMapper.readMemberByMemberId (memberId를 통한 회원 정보 조회) */
               MEMBER_ID
             , USER_ID
             , USER_PASS
             , USER_NAME
             , USER_EMAIL
             , EMAIL_VERIFIED
             , USER_ROLE
             , USER_STATUS
             , PROFILE_IMAGE
             , CREATE_AT
             , UPDATE_AT
             , LAST_LOG_AT
          FROM MEMBER_INFO
        WHERE MEMBER_ID = 'MEMBER_20260427_002'
 {executed in 7 msec}
[2026-05-01 10:08:17.028] [INFO ] [http-nio-8881-exec-5] jdbc.sqltiming - SELECT /* MemberMapper.readMemberByMemberId (memberId를 통한 회원 정보 조회) */
               MEMBER_ID
             , USER_ID
             , USER_PASS
             , USER_NAME
             , USER_EMAIL
             , EMAIL_VERIFIED
             , USER_ROLE
             , USER_STATUS
             , PROFILE_IMAGE
             , CREATE_AT
             , UPDATE_AT
             , LAST_LOG_AT
          FROM MEMBER_INFO
        WHERE MEMBER_ID = 'MEMBER_20260427_002'
 {executed in 7 msec}
[2026-05-01 10:08:17.044] [INFO ] [http-nio-8881-exec-4] jdbc.sqltiming - SELECT  /* BoardMapper.getBoardList (게시판 목록 전체를 조회하는 쿼리 (사용자 정보 JOIN))*/
               B.BOARD_ID
             , B.TITLE
             , B.CONTENT
             , M.USER_ID
             , M.USER_NAME
             , B.MEMBER_ID
             , B.BOARD_CODE
             , B.CATEGORY_ID
             , B.VIEW_COUNT
             , B.LIKE_COUNT
             ,(SELECT COUNT(*)
                 FROM COMMENT_MANAGEMENT CM
                WHERE CM.BOARD_ID = B.BOARD_ID
                  AND CM.DELETE_YN = 'N') AS commentCount /* 댓글 작성 수 */
             , M.PROFILE_IMAGE
             , B.CREATE_AT
             , B.UPDATE_AT
             , B.TAG_NAME
        FROM
            BOARD B
        LEFT JOIN MEMBER_INFO M ON B.MEMBER_ID = M.MEMBER_ID
        WHERE B.DELETE_YN = 'N'
        ORDER BY
            B.CREATE_AT DESC
 {executed in 9 msec}
[2026-05-01 10:08:17.061] [INFO ] [http-nio-8881-exec-5] jdbc.sqltiming - SELECT /* WebSocketMapper.searchNotification */
               NOTI_ID
             , RECEIVER_ID
             , SENDER_ID
             , NOTI_TYPE
             , MESSAGE
             , IS_READ
             , CREATE_AT
             , TARGET_URL
        FROM NOTIFICATION
        WHERE RECEIVER_ID = 'MEMBER_20260427_002'
 {executed in 8 msec}
[2026-05-01 10:08:17.069] [INFO ] [http-nio-8881-exec-8] jdbc.sqltiming - SELECT /* MemberMapper.readMemberByMemberId (memberId를 통한 회원 정보 조회) */
               MEMBER_ID
             , USER_ID
             , USER_PASS
             , USER_NAME
             , USER_EMAIL
             , EMAIL_VERIFIED
             , USER_ROLE
             , USER_STATUS
             , PROFILE_IMAGE
             , CREATE_AT
             , UPDATE_AT
             , LAST_LOG_AT
          FROM MEMBER_INFO
        WHERE MEMBER_ID = 'MEMBER_20260427_002'
 {executed in 8 msec}
[2026-05-01 10:08:17.101] [INFO ] [http-nio-8881-exec-9] c.s.s.s.w.WebSocketServiceImpl - [Presence] User min joined room OPEN_CHAT
[2026-05-01 10:08:17.118] [INFO ] [http-nio-8881-exec-9] c.s.s.c.w.WebSocketEventListener - [Presence] User min joined room OPEN_CHAT
[2026-05-01 10:08:17.170] [INFO ] [http-nio-8881-exec-9] c.s.s.c.w.WebSocketEventListener - [Presence] Room OPEN_CHAT  updated. Count: 2
[2026-05-01 10:08:17.249] [INFO ] [http-nio-8881-exec-9] c.s.s.c.w.WebSocketEventListener - [Presence] Room OPEN_CHAT  updated. Count: 2
[2026-05-01 10:08:17.615] [INFO ] [clientInboundChannel-13] jdbc.sqltiming - SELECT /* MemberMapper.readMemberByMemberId (memberId를 통한 회원 정보 조회) */
               MEMBER_ID
             , USER_ID
             , USER_PASS
             , USER_NAME
             , USER_EMAIL
             , EMAIL_VERIFIED
             , USER_ROLE
             , USER_STATUS
             , PROFILE_IMAGE
             , CREATE_AT
             , UPDATE_AT
             , LAST_LOG_AT
          FROM MEMBER_INFO
        WHERE MEMBER_ID = 'MEMBER_20260427_002'
 {executed in 8 msec}
[2026-05-01 10:08:17.637] [INFO ] [clientInboundChannel-13] jdbc.sqltiming - INSERT INTO CHAT_MESSAGE( /* WebSocketMapper.insertChatMessage (채팅 저장) */
                    ROOM_ID
                  , SENDER_ID
                  , CONTENT
                  , SEND_TIME
                  , CHAT_TYPE
        )    VALUES(
                    'OPEN_CHAT'
                  , 'MEMBER_20260427_002'
                  , 'min님이 입장하셨습니다.'
                  , 2026-05-01T10:08:17.618331
                  , 'ENTER'
               )
 {executed in 17 msec}
[2026-05-01 10:08:17.638] [INFO ] [clientInboundChannel-13] jdbc.sqltiming - getGeneratedKeys on query: INSERT INTO CHAT_MESSAGE( /* WebSocketMapper.insertChatMessage (채팅 저장) */
                    ROOM_ID
                  , SENDER_ID
                  , CONTENT
                  , SEND_TIME
                  , CHAT_TYPE
        )    VALUES(
                    'OPEN_CHAT'
                  , 'MEMBER_20260427_002'
                  , 'min님이 입장하셨습니다.'
                  , 2026-05-01T10:08:17.618331
                  , 'ENTER'
               )
 {executed in 0 msec}
[2026-05-01 10:08:17.645] [INFO ] [clientInboundChannel-13] c.s.s.s.w.WebSocketServiceImpl - JSON Message to Redis: {"notiId":null,"senderName":"min","type":"ENTER","roomId":"OPEN_CHAT","senderId":"MEMBER_20260427_002","targetId":null,"content":"min님이 입장하셨습니다.","timestamp":"2026-05-01 10:08:17","targetUrl":null}
[2026-05-01 10:08:17.652] [INFO ] [redisContainer-1] c.s.s.s.redisConfig.RedisSubscriber - Redis Subscribe - Message Received: {"notiId":null,"senderName":"min","type":"ENTER","roomId":"OPEN_CHAT","senderId":"MEMBER_20260427_002","targetId":null,"content":"min님이 입장하셨습니다.","timestamp":"2026-05-01 10:08:17","targetUrl":null}
[2026-05-01 10:08:19.490] [INFO ] [http-nio-8881-exec-1] jdbc.sqltiming - SELECT /* MemberMapper.readMemberByMemberId (memberId를 통한 회원 정보 조회) */
               MEMBER_ID
             , USER_ID
             , USER_PASS
             , USER_NAME
             , USER_EMAIL
             , EMAIL_VERIFIED
             , USER_ROLE
             , USER_STATUS
             , PROFILE_IMAGE
             , CREATE_AT
             , UPDATE_AT
             , LAST_LOG_AT
          FROM MEMBER_INFO
        WHERE MEMBER_ID = 'MEMBER_20260427_002'
 {executed in 8 msec}
[2026-05-01 10:08:19.490] [INFO ] [http-nio-8881-exec-6] jdbc.sqltiming - SELECT /* MemberMapper.readMemberByMemberId (memberId를 통한 회원 정보 조회) */
               MEMBER_ID
             , USER_ID
             , USER_PASS
             , USER_NAME
             , USER_EMAIL
             , EMAIL_VERIFIED
             , USER_ROLE
             , USER_STATUS
             , PROFILE_IMAGE
             , CREATE_AT
             , UPDATE_AT
             , LAST_LOG_AT
          FROM MEMBER_INFO
        WHERE MEMBER_ID = 'MEMBER_20260427_002'
 {executed in 8 msec}
[2026-05-01 10:08:19.492] [INFO ] [http-nio-8881-exec-3] jdbc.sqltiming - SELECT /* MemberMapper.readMemberByMemberId (memberId를 통한 회원 정보 조회) */
               MEMBER_ID
             , USER_ID
             , USER_PASS
             , USER_NAME
             , USER_EMAIL
             , EMAIL_VERIFIED
             , USER_ROLE
             , USER_STATUS
             , PROFILE_IMAGE
             , CREATE_AT
             , UPDATE_AT
             , LAST_LOG_AT
          FROM MEMBER_INFO
        WHERE MEMBER_ID = 'MEMBER_20260427_002'
 {executed in 8 msec}
[2026-05-01 10:08:19.492] [INFO ] [http-nio-8881-exec-2] jdbc.sqltiming - SELECT /* MemberMapper.readMemberByMemberId (memberId를 통한 회원 정보 조회) */
               MEMBER_ID
             , USER_ID
             , USER_PASS
             , USER_NAME
             , USER_EMAIL
             , EMAIL_VERIFIED
             , USER_ROLE
             , USER_STATUS
             , PROFILE_IMAGE
             , CREATE_AT
             , UPDATE_AT
             , LAST_LOG_AT
          FROM MEMBER_INFO
        WHERE MEMBER_ID = 'MEMBER_20260427_002'
 {executed in 8 msec}
[2026-05-01 10:08:19.507] [INFO ] [http-nio-8881-exec-6] c.s.s.service.board.BoardServiceImpl - 인기 게시물 조회를 위해 DB에 접근한다. (캐시 미적용 시에만 출력)
[2026-05-01 10:08:19.509] [INFO ] [http-nio-8881-exec-2] jdbc.sqltiming - SELECT /* BoardMapper.existBoardContent */
               COUNT(1)
          FROM BOARD
         WHERE BOARD_ID = 3
           AND DELETE_YN = 'N'
 {executed in 9 msec}
[2026-05-01 10:08:19.515] [INFO ] [http-nio-8881-exec-6] jdbc.sqltiming - SELECT /* BoardMapper.getPopularBoards (최근 15일 인기 게시글 조회) */
               B.BOARD_ID
             , B.TITLE
             , B.VIEW_COUNT
             , B.LIKE_COUNT
             , B.CREATE_AT
             , M.USER_NAME
             , M.PROFILE_IMAGE
        FROM BOARD B
        LEFT JOIN MEMBER_INFO M ON B.MEMBER_ID = M.MEMBER_ID
        WHERE B.CREATE_AT >= DATE_SUB(NOW(), INTERVAL 15 DAY)
          AND B.DELETE_YN = 'N'
        ORDER BY B.LIKE_COUNT DESC, B.VIEW_COUNT DESC
        LIMIT 5
 {executed in 8 msec}
[2026-05-01 10:08:19.515] [INFO ] [http-nio-8881-exec-3] jdbc.sqltiming - SELECT /* commentMapper.getChildCommentCount (자식 대댓글 유무 확인)*/
               C.COMMENT_ID
             , C.BOARD_ID
             , C.MEMBER_ID
             , C.USER_ID
             , M.USER_NAME
             , C.CONTENT
             , C.PARENT_COMMENT_ID
             , C.LIKE_COUNT
             , C.CREATE_AT
             , C.UPDATE_AT
             , C.DELETE_YN
        FROM comment_management C
                 LEFT JOIN MEMBER_INFO M ON C.MEMBER_ID = M.MEMBER_ID
        WHERE C.BOARD_ID = 3
          AND C.DELETE_YN = 'N'
        ORDER BY C.CREATE_AT ASC
 {executed in 7 msec}
[2026-05-01 10:08:19.524] [INFO ] [http-nio-8881-exec-1] jdbc.sqltiming - SELECT /* BoardMapper.getBoardListWithPaging (페이징 처리된 게시판 목록 조회 (지연 조인 최적화 적용)) */
               B.BOARD_ID
             , B.TITLE
             , B.CONTENT
             , M.USER_ID
             , M.USER_NAME
             , B.MEMBER_ID
             , B.BOARD_CODE
             , B.CATEGORY_ID
             , B.VIEW_COUNT
             , B.LIKE_COUNT
             ,(SELECT COUNT(*)
                 FROM COMMENT_MANAGEMENT CM
                 WHERE CM.BOARD_ID = B.BOARD_ID
                   AND CM.DELETE_YN = 'N') AS commentCount /* 댓글 작성 수 */
             , M.PROFILE_IMAGE
             , B.CREATE_AT
             , B.UPDATE_AT
             , B.TAG_NAME
          FROM BOARD B
    INNER JOIN ( /* 인덱스만 사용하여 필요한 ID들만 빠르게 추출 */
                SELECT BOARD_ID
                  FROM BOARD
             WHERE DELETE_YN = 'N'

                    AND BOARD_CODE = 'S' 
            ORDER BY CREATE_AT DESC
            LIMIT 20 OFFSET 0
        ) AS temp ON B.BOARD_ID = temp.BOARD_ID
        LEFT JOIN MEMBER_INFO M ON B.MEMBER_ID = M.MEMBER_ID
        ORDER BY B.CREATE_AT DESC
 {executed in 8 msec}
[2026-05-01 10:08:19.527] [INFO ] [http-nio-8881-exec-2] jdbc.sqltiming - SELECT /* BoardMapper.getSearchBoard (게시판 글 단건조회 (사용자 정보 JOIN)) */
               B.BOARD_ID
             , B.TITLE
             , B.CONTENT
             , M.USER_ID
             , M.USER_NAME
             , B.MEMBER_ID
             , B.BOARD_CODE
             , B.CATEGORY_ID
             , B.VIEW_COUNT
             , B.LIKE_COUNT
             , M.PROFILE_IMAGE
             , B.CREATE_AT
             , B.UPDATE_AT
             , B.TAG_NAME
             , BS.SCRAP_ID /* 스크랩 고유 ID */
          FROM BOARD B
          LEFT JOIN MEMBER_INFO M ON B.MEMBER_ID = M.MEMBER_ID
          LEFT JOIN BOARD_SCRAP BS ON B.BOARD_ID = BS.BOARD_ID AND BS.MEMBER_ID = 'MEMBER_20260427_002'
         WHERE B.BOARD_ID = 3
           AND B.DELETE_YN = 'N'
 {executed in 8 msec}
[2026-05-01 10:08:19.534] [INFO ] [http-nio-8881-exec-1] jdbc.sqltiming - SELECT /* BoardMapper.getgetBoardTotalCount (게시글 총 개수 조회) */
               COUNT(*)
          FROM BOARD
         WHERE DELETE_YN = 'N'

                AND BOARD_CODE = 'S'
 {executed in 9 msec}
[2026-05-01 10:08:19.536] [INFO ] [http-nio-8881-exec-2] jdbc.sqltiming - SELECT /* BoardMapper.getBoardFileList (게시글에 첨부된 파일 리스트 조회) */
               FILE_ID
             , BOARD_ID
             , ORIGIN_NAME
             , SAVE_NAME
             , FILE_PATH
             , FILE_SIZE
             , CREATE_AT
          FROM BOARD_FILE
         WHERE BOARD_ID = 3
 {executed in 7 msec}
[2026-05-01 10:08:19.543] [INFO ] [http-nio-8881-exec-2] jdbc.sqltiming - SELECT COUNT(*)
        FROM board_like
        WHERE BOARD_ID = 3 AND MEMBER_ID = 'MEMBER_20260427_002'
 {executed in 6 msec}
[2026-05-01 10:08:19.552] [INFO ] [http-nio-8881-exec-2] jdbc.sqltiming - SELECT /* BoardMapper.checkBoardScrap (페이지 스크랩 여부  확인) */
               COUNT(*)
          FROM BOARD_SCRAP
         WHERE BOARD_ID = 3
           AND MEMBER_ID = 'MEMBER_20260427_002'
 {executed in 8 msec}
[2026-05-01 10:08:27.887] [INFO ] [http-nio-8881-exec-7] jdbc.sqltiming - SELECT /* MemberMapper.readMemberByMemberId (memberId를 통한 회원 정보 조회) */
               MEMBER_ID
             , USER_ID
             , USER_PASS
             , USER_NAME
             , USER_EMAIL
             , EMAIL_VERIFIED
             , USER_ROLE
             , USER_STATUS
             , PROFILE_IMAGE
             , CREATE_AT
             , UPDATE_AT
             , LAST_LOG_AT
          FROM MEMBER_INFO
        WHERE MEMBER_ID = 'MEMBER_20260427_002'
 {executed in 8 msec}
[2026-05-01 10:08:27.906] [INFO ] [http-nio-8881-exec-7] jdbc.sqltiming - SELECT  /* BoardMapper.getBoardList (게시판 목록 전체를 조회하는 쿼리 (사용자 정보 JOIN))*/
               B.BOARD_ID
             , B.TITLE
             , B.CONTENT
             , M.USER_ID
             , M.USER_NAME
             , B.MEMBER_ID
             , B.BOARD_CODE
             , B.CATEGORY_ID
             , B.VIEW_COUNT
             , B.LIKE_COUNT
             ,(SELECT COUNT(*)
                 FROM COMMENT_MANAGEMENT CM
                WHERE CM.BOARD_ID = B.BOARD_ID
                  AND CM.DELETE_YN = 'N') AS commentCount /* 댓글 작성 수 */
             , M.PROFILE_IMAGE
             , B.CREATE_AT
             , B.UPDATE_AT
             , B.TAG_NAME
        FROM
            BOARD B
        LEFT JOIN MEMBER_INFO M ON B.MEMBER_ID = M.MEMBER_ID
        WHERE B.DELETE_YN = 'N'
        ORDER BY
            B.CREATE_AT DESC
 {executed in 10 msec}
[2026-05-01 10:08:30.144] [INFO ] [http-nio-8881-exec-4] jdbc.sqltiming - SELECT /* MemberMapper.readMemberByMemberId (memberId를 통한 회원 정보 조회) */
               MEMBER_ID
             , USER_ID
             , USER_PASS
             , USER_NAME
             , USER_EMAIL
             , EMAIL_VERIFIED
             , USER_ROLE
             , USER_STATUS
             , PROFILE_IMAGE
             , CREATE_AT
             , UPDATE_AT
             , LAST_LOG_AT
          FROM MEMBER_INFO
        WHERE MEMBER_ID = 'MEMBER_20260427_002'
 {executed in 8 msec}
[2026-05-01 10:08:30.144] [INFO ] [http-nio-8881-exec-8] jdbc.sqltiming - SELECT /* MemberMapper.readMemberByMemberId (memberId를 통한 회원 정보 조회) */
               MEMBER_ID
             , USER_ID
             , USER_PASS
             , USER_NAME
             , USER_EMAIL
             , EMAIL_VERIFIED
             , USER_ROLE
             , USER_STATUS
             , PROFILE_IMAGE
             , CREATE_AT
             , UPDATE_AT
             , LAST_LOG_AT
          FROM MEMBER_INFO
        WHERE MEMBER_ID = 'MEMBER_20260427_002'
 {executed in 8 msec}
[2026-05-01 10:08:30.144] [INFO ] [http-nio-8881-exec-5] jdbc.sqltiming - SELECT /* MemberMapper.readMemberByMemberId (memberId를 통한 회원 정보 조회) */
               MEMBER_ID
             , USER_ID
             , USER_PASS
             , USER_NAME
             , USER_EMAIL
             , EMAIL_VERIFIED
             , USER_ROLE
             , USER_STATUS
             , PROFILE_IMAGE
             , CREATE_AT
             , UPDATE_AT
             , LAST_LOG_AT
          FROM MEMBER_INFO
        WHERE MEMBER_ID = 'MEMBER_20260427_002'
 {executed in 8 msec}
[2026-05-01 10:08:30.167] [INFO ] [http-nio-8881-exec-4] jdbc.sqltiming - SELECT /* BoardMapper.getBoardListWithPaging (페이징 처리된 게시판 목록 조회 (지연 조인 최적화 적용)) */
               B.BOARD_ID
             , B.TITLE
             , B.CONTENT
             , M.USER_ID
             , M.USER_NAME
             , B.MEMBER_ID
             , B.BOARD_CODE
             , B.CATEGORY_ID
             , B.VIEW_COUNT
             , B.LIKE_COUNT
             ,(SELECT COUNT(*)
                 FROM COMMENT_MANAGEMENT CM
                 WHERE CM.BOARD_ID = B.BOARD_ID
                   AND CM.DELETE_YN = 'N') AS commentCount /* 댓글 작성 수 */
             , M.PROFILE_IMAGE
             , B.CREATE_AT
             , B.UPDATE_AT
             , B.TAG_NAME
          FROM BOARD B
    INNER JOIN ( /* 인덱스만 사용하여 필요한 ID들만 빠르게 추출 */
                SELECT BOARD_ID
                  FROM BOARD
             WHERE DELETE_YN = 'N'

                    AND BOARD_CODE = 'B_GREETING_01' 
            ORDER BY CREATE_AT DESC
            LIMIT 10 OFFSET 0
        ) AS temp ON B.BOARD_ID = temp.BOARD_ID
        LEFT JOIN MEMBER_INFO M ON B.MEMBER_ID = M.MEMBER_ID
        ORDER BY B.CREATE_AT DESC
 {executed in 11 msec}
[2026-05-01 10:08:30.167] [INFO ] [http-nio-8881-exec-5] jdbc.sqltiming - SELECT /* BoardMapper.getBoardListWithPaging (페이징 처리된 게시판 목록 조회 (지연 조인 최적화 적용)) */
               B.BOARD_ID
             , B.TITLE
             , B.CONTENT
             , M.USER_ID
             , M.USER_NAME
             , B.MEMBER_ID
             , B.BOARD_CODE
             , B.CATEGORY_ID
             , B.VIEW_COUNT
             , B.LIKE_COUNT
             ,(SELECT COUNT(*)
                 FROM COMMENT_MANAGEMENT CM
                 WHERE CM.BOARD_ID = B.BOARD_ID
                   AND CM.DELETE_YN = 'N') AS commentCount /* 댓글 작성 수 */
             , M.PROFILE_IMAGE
             , B.CREATE_AT
             , B.UPDATE_AT
             , B.TAG_NAME
          FROM BOARD B
    INNER JOIN ( /* 인덱스만 사용하여 필요한 ID들만 빠르게 추출 */
                SELECT BOARD_ID
                  FROM BOARD
             WHERE DELETE_YN = 'N'

                    AND BOARD_CODE = 'S' 
            ORDER BY CREATE_AT DESC
            LIMIT 30 OFFSET 0
        ) AS temp ON B.BOARD_ID = temp.BOARD_ID
        LEFT JOIN MEMBER_INFO M ON B.MEMBER_ID = M.MEMBER_ID
        ORDER BY B.CREATE_AT DESC
 {executed in 11 msec}
[2026-05-01 10:08:30.176] [INFO ] [http-nio-8881-exec-5] jdbc.sqltiming - SELECT /* BoardMapper.getgetBoardTotalCount (게시글 총 개수 조회) */
               COUNT(*)
          FROM BOARD
         WHERE DELETE_YN = 'N'

                AND BOARD_CODE = 'S'
 {executed in 8 msec}
[2026-05-01 10:08:30.176] [INFO ] [http-nio-8881-exec-4] jdbc.sqltiming - SELECT /* BoardMapper.getgetBoardTotalCount (게시글 총 개수 조회) */
               COUNT(*)
          FROM BOARD
         WHERE DELETE_YN = 'N'

                AND BOARD_CODE = 'B_GREETING_01'
 {executed in 8 msec}
[2026-05-01 10:08:31.228] [INFO ] [http-nio-8881-exec-3] jdbc.sqltiming - SELECT /* MemberMapper.readMemberByMemberId (memberId를 통한 회원 정보 조회) */
               MEMBER_ID
             , USER_ID
             , USER_PASS
             , USER_NAME
             , USER_EMAIL
             , EMAIL_VERIFIED
             , USER_ROLE
             , USER_STATUS
             , PROFILE_IMAGE
             , CREATE_AT
             , UPDATE_AT
             , LAST_LOG_AT
          FROM MEMBER_INFO
        WHERE MEMBER_ID = 'MEMBER_20260427_002'
 {executed in 9 msec}
[2026-05-01 10:08:31.228] [INFO ] [http-nio-8881-exec-10] jdbc.sqltiming - SELECT /* MemberMapper.readMemberByMemberId (memberId를 통한 회원 정보 조회) */
               MEMBER_ID
             , USER_ID
             , USER_PASS
             , USER_NAME
             , USER_EMAIL
             , EMAIL_VERIFIED
             , USER_ROLE
             , USER_STATUS
             , PROFILE_IMAGE
             , CREATE_AT
             , UPDATE_AT
             , LAST_LOG_AT
          FROM MEMBER_INFO
        WHERE MEMBER_ID = 'MEMBER_20260427_002'
 {executed in 9 msec}
[2026-05-01 10:08:31.229] [INFO ] [http-nio-8881-exec-9] jdbc.sqltiming - SELECT /* MemberMapper.readMemberByMemberId (memberId를 통한 회원 정보 조회) */
               MEMBER_ID
             , USER_ID
             , USER_PASS
             , USER_NAME
             , USER_EMAIL
             , EMAIL_VERIFIED
             , USER_ROLE
             , USER_STATUS
             , PROFILE_IMAGE
             , CREATE_AT
             , UPDATE_AT
             , LAST_LOG_AT
          FROM MEMBER_INFO
        WHERE MEMBER_ID = 'MEMBER_20260427_002'
 {executed in 9 msec}
[2026-05-01 10:08:31.248] [INFO ] [http-nio-8881-exec-9] jdbc.sqltiming - SELECT /* BoardMapper.getBoardListWithPaging (페이징 처리된 게시판 목록 조회 (지연 조인 최적화 적용)) */
               B.BOARD_ID
             , B.TITLE
             , B.CONTENT
             , M.USER_ID
             , M.USER_NAME
             , B.MEMBER_ID
             , B.BOARD_CODE
             , B.CATEGORY_ID
             , B.VIEW_COUNT
             , B.LIKE_COUNT
             ,(SELECT COUNT(*)
                 FROM COMMENT_MANAGEMENT CM
                 WHERE CM.BOARD_ID = B.BOARD_ID
                   AND CM.DELETE_YN = 'N') AS commentCount /* 댓글 작성 수 */
             , M.PROFILE_IMAGE
             , B.CREATE_AT
             , B.UPDATE_AT
             , B.TAG_NAME
          FROM BOARD B
    INNER JOIN ( /* 인덱스만 사용하여 필요한 ID들만 빠르게 추출 */
                SELECT BOARD_ID
                  FROM BOARD
             WHERE DELETE_YN = 'N'

                    AND BOARD_CODE = 'B_SQLD_01' 
            ORDER BY CREATE_AT DESC
            LIMIT 10 OFFSET 0
        ) AS temp ON B.BOARD_ID = temp.BOARD_ID
        LEFT JOIN MEMBER_INFO M ON B.MEMBER_ID = M.MEMBER_ID
        ORDER BY B.CREATE_AT DESC
 {executed in 9 msec}
[2026-05-01 10:08:31.248] [INFO ] [http-nio-8881-exec-3] jdbc.sqltiming - SELECT /* BoardMapper.getBoardListWithPaging (페이징 처리된 게시판 목록 조회 (지연 조인 최적화 적용)) */
               B.BOARD_ID
             , B.TITLE
             , B.CONTENT
             , M.USER_ID
             , M.USER_NAME
             , B.MEMBER_ID
             , B.BOARD_CODE
             , B.CATEGORY_ID
             , B.VIEW_COUNT
             , B.LIKE_COUNT
             ,(SELECT COUNT(*)
                 FROM COMMENT_MANAGEMENT CM
                 WHERE CM.BOARD_ID = B.BOARD_ID
                   AND CM.DELETE_YN = 'N') AS commentCount /* 댓글 작성 수 */
             , M.PROFILE_IMAGE
             , B.CREATE_AT
             , B.UPDATE_AT
             , B.TAG_NAME
          FROM BOARD B
    INNER JOIN ( /* 인덱스만 사용하여 필요한 ID들만 빠르게 추출 */
                SELECT BOARD_ID
                  FROM BOARD
             WHERE DELETE_YN = 'N'

                    AND BOARD_CODE = 'S' 
            ORDER BY CREATE_AT DESC
            LIMIT 30 OFFSET 0
        ) AS temp ON B.BOARD_ID = temp.BOARD_ID
        LEFT JOIN MEMBER_INFO M ON B.MEMBER_ID = M.MEMBER_ID
        ORDER BY B.CREATE_AT DESC
 {executed in 9 msec}
[2026-05-01 10:08:31.257] [INFO ] [http-nio-8881-exec-3] jdbc.sqltiming - SELECT /* BoardMapper.getgetBoardTotalCount (게시글 총 개수 조회) */
               COUNT(*)
          FROM BOARD
         WHERE DELETE_YN = 'N'

                AND BOARD_CODE = 'S'
 {executed in 7 msec}
[2026-05-01 10:08:31.257] [INFO ] [http-nio-8881-exec-9] jdbc.sqltiming - SELECT /* BoardMapper.getgetBoardTotalCount (게시글 총 개수 조회) */
               COUNT(*)
          FROM BOARD
         WHERE DELETE_YN = 'N'

                AND BOARD_CODE = 'B_SQLD_01'
 {executed in 6 msec}
[2026-05-01 10:08:32.186] [INFO ] [http-nio-8881-exec-6] jdbc.sqltiming - SELECT /* MemberMapper.readMemberByMemberId (memberId를 통한 회원 정보 조회) */
               MEMBER_ID
             , USER_ID
             , USER_PASS
             , USER_NAME
             , USER_EMAIL
             , EMAIL_VERIFIED
             , USER_ROLE
             , USER_STATUS
             , PROFILE_IMAGE
             , CREATE_AT
             , UPDATE_AT
             , LAST_LOG_AT
          FROM MEMBER_INFO
        WHERE MEMBER_ID = 'MEMBER_20260427_002'
 {executed in 9 msec}
[2026-05-01 10:08:32.186] [INFO ] [http-nio-8881-exec-1] jdbc.sqltiming - SELECT /* MemberMapper.readMemberByMemberId (memberId를 통한 회원 정보 조회) */
               MEMBER_ID
             , USER_ID
             , USER_PASS
             , USER_NAME
             , USER_EMAIL
             , EMAIL_VERIFIED
             , USER_ROLE
             , USER_STATUS
             , PROFILE_IMAGE
             , CREATE_AT
             , UPDATE_AT
             , LAST_LOG_AT
          FROM MEMBER_INFO
        WHERE MEMBER_ID = 'MEMBER_20260427_002'
 {executed in 9 msec}
[2026-05-01 10:08:32.187] [INFO ] [http-nio-8881-exec-2] jdbc.sqltiming - SELECT /* MemberMapper.readMemberByMemberId (memberId를 통한 회원 정보 조회) */
               MEMBER_ID
             , USER_ID
             , USER_PASS
             , USER_NAME
             , USER_EMAIL
             , EMAIL_VERIFIED
             , USER_ROLE
             , USER_STATUS
             , PROFILE_IMAGE
             , CREATE_AT
             , UPDATE_AT
             , LAST_LOG_AT
          FROM MEMBER_INFO
        WHERE MEMBER_ID = 'MEMBER_20260427_002'
 {executed in 7 msec}
[2026-05-01 10:08:32.216] [INFO ] [http-nio-8881-exec-1] jdbc.sqltiming - SELECT /* BoardMapper.getBoardListWithPaging (페이징 처리된 게시판 목록 조회 (지연 조인 최적화 적용)) */
               B.BOARD_ID
             , B.TITLE
             , B.CONTENT
             , M.USER_ID
             , M.USER_NAME
             , B.MEMBER_ID
             , B.BOARD_CODE
             , B.CATEGORY_ID
             , B.VIEW_COUNT
             , B.LIKE_COUNT
             ,(SELECT COUNT(*)
                 FROM COMMENT_MANAGEMENT CM
                 WHERE CM.BOARD_ID = B.BOARD_ID
                   AND CM.DELETE_YN = 'N') AS commentCount /* 댓글 작성 수 */
             , M.PROFILE_IMAGE
             , B.CREATE_AT
             , B.UPDATE_AT
             , B.TAG_NAME
          FROM BOARD B
    INNER JOIN ( /* 인덱스만 사용하여 필요한 ID들만 빠르게 추출 */
                SELECT BOARD_ID
                  FROM BOARD
             WHERE DELETE_YN = 'N'

                    AND BOARD_CODE = 'S' 
            ORDER BY CREATE_AT DESC
            LIMIT 30 OFFSET 0
        ) AS temp ON B.BOARD_ID = temp.BOARD_ID
        LEFT JOIN MEMBER_INFO M ON B.MEMBER_ID = M.MEMBER_ID
        ORDER BY B.CREATE_AT DESC
 {executed in 12 msec}
[2026-05-01 10:08:32.217] [INFO ] [http-nio-8881-exec-6] jdbc.sqltiming - SELECT /* BoardMapper.getBoardListWithPaging (페이징 처리된 게시판 목록 조회 (지연 조인 최적화 적용)) */
               B.BOARD_ID
             , B.TITLE
             , B.CONTENT
             , M.USER_ID
             , M.USER_NAME
             , B.MEMBER_ID
             , B.BOARD_CODE
             , B.CATEGORY_ID
             , B.VIEW_COUNT
             , B.LIKE_COUNT
             ,(SELECT COUNT(*)
                 FROM COMMENT_MANAGEMENT CM
                 WHERE CM.BOARD_ID = B.BOARD_ID
                   AND CM.DELETE_YN = 'N') AS commentCount /* 댓글 작성 수 */
             , M.PROFILE_IMAGE
             , B.CREATE_AT
             , B.UPDATE_AT
             , B.TAG_NAME
          FROM BOARD B
    INNER JOIN ( /* 인덱스만 사용하여 필요한 ID들만 빠르게 추출 */
                SELECT BOARD_ID
                  FROM BOARD
             WHERE DELETE_YN = 'N'

                    AND BOARD_CODE = 'B_GREETING_01' 
            ORDER BY CREATE_AT DESC
            LIMIT 10 OFFSET 0
        ) AS temp ON B.BOARD_ID = temp.BOARD_ID
        LEFT JOIN MEMBER_INFO M ON B.MEMBER_ID = M.MEMBER_ID
        ORDER BY B.CREATE_AT DESC
 {executed in 13 msec}
[2026-05-01 10:08:32.230] [INFO ] [http-nio-8881-exec-6] jdbc.sqltiming - SELECT /* BoardMapper.getgetBoardTotalCount (게시글 총 개수 조회) */
               COUNT(*)
          FROM BOARD
         WHERE DELETE_YN = 'N'

                AND BOARD_CODE = 'B_GREETING_01'
 {executed in 12 msec}
[2026-05-01 10:08:32.230] [INFO ] [http-nio-8881-exec-1] jdbc.sqltiming - SELECT /* BoardMapper.getgetBoardTotalCount (게시글 총 개수 조회) */
               COUNT(*)
          FROM BOARD
         WHERE DELETE_YN = 'N'

                AND BOARD_CODE = 'S'
 {executed in 13 msec}
[2026-05-01 10:09:14.979] [INFO ] [http-nio-8881-exec-7] jdbc.sqltiming - SELECT /* MemberMapper.readMemberByMemberId (memberId를 통한 회원 정보 조회) */
               MEMBER_ID
             , USER_ID
             , USER_PASS
             , USER_NAME
             , USER_EMAIL
             , EMAIL_VERIFIED
             , USER_ROLE
             , USER_STATUS
             , PROFILE_IMAGE
             , CREATE_AT
             , UPDATE_AT
             , LAST_LOG_AT
          FROM MEMBER_INFO
        WHERE MEMBER_ID = 'MEMBER_20260427_002'
 {executed in 9 msec}
[2026-05-01 10:09:15.037] [INFO ] [http-nio-8881-exec-7] jdbc.sqltiming - SELECT /* BoardMasterMapper.validateBoardCodeExist (boardCode 중복 확인) */
               COUNT(1)
          FROM BOARD_MASTER
         WHERE BOARD_CODE = 'B_GREETING_01'
 {executed in 8 msec}
[2026-05-01 10:09:15.046] [INFO ] [http-nio-8881-exec-7] jdbc.sqltiming - SELECT /* BoardMapper.isValidCategoryForBoard */
               COUNT(1)
          FROM BOARD_MASTER BM
    INNER JOIN COMMON_CODE_DETAIL CCD           /* inner 는 생략 가능 */
            ON BM.GROUP_CODE = CCD.GROUP_CODE
         WHERE BM.BOARD_CODE = 'B_GREETING_01'      /* 게시판 확인 */
           AND CCD.CODE_ID = 'G001'       /* 카데고리명 확인 */
           AND BM.USE_YN= 'Y'                   /* 사용중인 게시판인지 확인 */
           AND CCD.USE_YN= 'Y'                  /* 사용중인 카테고리인지 확인 */
 {executed in 8 msec}
[2026-05-01 10:09:15.057] [INFO ] [http-nio-8881-exec-7] jdbc.sqltiming - SELECT /* MemberMapper.readMemberByMemberId (memberId를 통한 회원 정보 조회) */
               MEMBER_ID
             , USER_ID
             , USER_PASS
             , USER_NAME
             , USER_EMAIL
             , EMAIL_VERIFIED
             , USER_ROLE
             , USER_STATUS
             , PROFILE_IMAGE
             , CREATE_AT
             , UPDATE_AT
             , LAST_LOG_AT
          FROM MEMBER_INFO
        WHERE MEMBER_ID = 'MEMBER_20260427_002'
 {executed in 10 msec}
[2026-05-01 10:09:15.073] [INFO ] [http-nio-8881-exec-7] jdbc.sqltiming - INSERT INTO BOARD ( /* BoardMapper.insertBoard (게시글 등록)*/
              TITLE
            , CONTENT
            , MEMBER_ID
            , USER_ID
            , BOARD_CODE
            , CATEGORY_ID
            , VIEW_COUNT
            , CREATE_AT
            , UPDATE_AT
            , TAG_NAME
        ) VALUES (
              '안녕하세요! 가입인사 드립니다.'
            , '<p>sqld 이번엔 꼭 합격 합니다. ㅎㅎ</p><p>잘 부탁 드립니다.</p>'
            , 'MEMBER_20260427_002'
            , 'sqlMin'
            , 'B_GREETING_01'
            , 'G001'
            , 0
            , NOW()
            , NOW()
            , ''
        )
 {executed in 15 msec}
[2026-05-01 10:09:15.074] [INFO ] [http-nio-8881-exec-7] jdbc.sqltiming - getGeneratedKeys on query: INSERT INTO BOARD ( /* BoardMapper.insertBoard (게시글 등록)*/
              TITLE
            , CONTENT
            , MEMBER_ID
            , USER_ID
            , BOARD_CODE
            , CATEGORY_ID
            , VIEW_COUNT
            , CREATE_AT
            , UPDATE_AT
            , TAG_NAME
        ) VALUES (
              '안녕하세요! 가입인사 드립니다.'
            , '<p>sqld 이번엔 꼭 합격 합니다. ㅎㅎ</p><p>잘 부탁 드립니다.</p>'
            , 'MEMBER_20260427_002'
            , 'sqlMin'
            , 'B_GREETING_01'
            , 'G001'
            , 0
            , NOW()
            , NOW()
            , ''
        )
 {executed in 0 msec}
[2026-05-01 10:09:15.170] [INFO ] [http-nio-8881-exec-4] jdbc.sqltiming - SELECT /* MemberMapper.readMemberByMemberId (memberId를 통한 회원 정보 조회) */
               MEMBER_ID
             , USER_ID
             , USER_PASS
             , USER_NAME
             , USER_EMAIL
             , EMAIL_VERIFIED
             , USER_ROLE
             , USER_STATUS
             , PROFILE_IMAGE
             , CREATE_AT
             , UPDATE_AT
             , LAST_LOG_AT
          FROM MEMBER_INFO
        WHERE MEMBER_ID = 'MEMBER_20260427_002'
 {executed in 11 msec}
[2026-05-01 10:09:15.208] [INFO ] [http-nio-8881-exec-10] jdbc.sqltiming - SELECT /* MemberMapper.readMemberByMemberId (memberId를 통한 회원 정보 조회) */
               MEMBER_ID
             , USER_ID
             , USER_PASS
             , USER_NAME
             , USER_EMAIL
             , EMAIL_VERIFIED
             , USER_ROLE
             , USER_STATUS
             , PROFILE_IMAGE
             , CREATE_AT
             , UPDATE_AT
             , LAST_LOG_AT
          FROM MEMBER_INFO
        WHERE MEMBER_ID = 'MEMBER_20260427_002'
 {executed in 37 msec}
[2026-05-01 10:09:15.220] [INFO ] [http-nio-8881-exec-5] jdbc.sqltiming - SELECT /* MemberMapper.readMemberByMemberId (memberId를 통한 회원 정보 조회) */
               MEMBER_ID
             , USER_ID
             , USER_PASS
             , USER_NAME
             , USER_EMAIL
             , EMAIL_VERIFIED
             , USER_ROLE
             , USER_STATUS
             , PROFILE_IMAGE
             , CREATE_AT
             , UPDATE_AT
             , LAST_LOG_AT
          FROM MEMBER_INFO
        WHERE MEMBER_ID = 'MEMBER_20260427_002'
 {executed in 8 msec}
[2026-05-01 10:09:15.222] [INFO ] [http-nio-8881-exec-3] jdbc.sqltiming - SELECT /* MemberMapper.readMemberByMemberId (memberId를 통한 회원 정보 조회) */
               MEMBER_ID
             , USER_ID
             , USER_PASS
             , USER_NAME
             , USER_EMAIL
             , EMAIL_VERIFIED
             , USER_ROLE
             , USER_STATUS
             , PROFILE_IMAGE
             , CREATE_AT
             , UPDATE_AT
             , LAST_LOG_AT
          FROM MEMBER_INFO
        WHERE MEMBER_ID = 'MEMBER_20260427_002'
 {executed in 9 msec}
[2026-05-01 10:09:15.227] [INFO ] [http-nio-8881-exec-4] jdbc.sqltiming - SELECT /* WebSocketMapper.searchNotification */
               NOTI_ID
             , RECEIVER_ID
             , SENDER_ID
             , NOTI_TYPE
             , MESSAGE
             , IS_READ
             , CREATE_AT
             , TARGET_URL
        FROM NOTIFICATION
        WHERE RECEIVER_ID = 'MEMBER_20260427_002'
 {executed in 7 msec}
[2026-05-01 10:09:15.237] [INFO ] [http-nio-8881-exec-3] jdbc.sqltiming - SELECT /* BoardMapper.getBoardListWithPaging (페이징 처리된 게시판 목록 조회 (지연 조인 최적화 적용)) */
               B.BOARD_ID
             , B.TITLE
             , B.CONTENT
             , M.USER_ID
             , M.USER_NAME
             , B.MEMBER_ID
             , B.BOARD_CODE
             , B.CATEGORY_ID
             , B.VIEW_COUNT
             , B.LIKE_COUNT
             ,(SELECT COUNT(*)
                 FROM COMMENT_MANAGEMENT CM
                 WHERE CM.BOARD_ID = B.BOARD_ID
                   AND CM.DELETE_YN = 'N') AS commentCount /* 댓글 작성 수 */
             , M.PROFILE_IMAGE
             , B.CREATE_AT
             , B.UPDATE_AT
             , B.TAG_NAME
          FROM BOARD B
    INNER JOIN ( /* 인덱스만 사용하여 필요한 ID들만 빠르게 추출 */
                SELECT BOARD_ID
                  FROM BOARD
             WHERE DELETE_YN = 'N'

                    AND BOARD_CODE = 'S' 
            ORDER BY CREATE_AT DESC
            LIMIT 30 OFFSET 0
        ) AS temp ON B.BOARD_ID = temp.BOARD_ID
        LEFT JOIN MEMBER_INFO M ON B.MEMBER_ID = M.MEMBER_ID
        ORDER BY B.CREATE_AT DESC
 {executed in 8 msec}
[2026-05-01 10:09:15.237] [INFO ] [http-nio-8881-exec-5] jdbc.sqltiming - SELECT /* BoardMapper.getBoardListWithPaging (페이징 처리된 게시판 목록 조회 (지연 조인 최적화 적용)) */
               B.BOARD_ID
             , B.TITLE
             , B.CONTENT
             , M.USER_ID
             , M.USER_NAME
             , B.MEMBER_ID
             , B.BOARD_CODE
             , B.CATEGORY_ID
             , B.VIEW_COUNT
             , B.LIKE_COUNT
             ,(SELECT COUNT(*)
                 FROM COMMENT_MANAGEMENT CM
                 WHERE CM.BOARD_ID = B.BOARD_ID
                   AND CM.DELETE_YN = 'N') AS commentCount /* 댓글 작성 수 */
             , M.PROFILE_IMAGE
             , B.CREATE_AT
             , B.UPDATE_AT
             , B.TAG_NAME
          FROM BOARD B
    INNER JOIN ( /* 인덱스만 사용하여 필요한 ID들만 빠르게 추출 */
                SELECT BOARD_ID
                  FROM BOARD
             WHERE DELETE_YN = 'N'

                    AND BOARD_CODE = 'B_GREETING_01' 
            ORDER BY CREATE_AT DESC
            LIMIT 10 OFFSET 0
        ) AS temp ON B.BOARD_ID = temp.BOARD_ID
        LEFT JOIN MEMBER_INFO M ON B.MEMBER_ID = M.MEMBER_ID
        ORDER BY B.CREATE_AT DESC
 {executed in 8 msec}
[2026-05-01 10:09:15.243] [INFO ] [http-nio-8881-exec-3] jdbc.sqltiming - SELECT /* BoardMapper.getgetBoardTotalCount (게시글 총 개수 조회) */
               COUNT(*)
          FROM BOARD
         WHERE DELETE_YN = 'N'

                AND BOARD_CODE = 'S'
 {executed in 6 msec}
[2026-05-01 10:09:15.246] [INFO ] [http-nio-8881-exec-5] jdbc.sqltiming - SELECT /* BoardMapper.getgetBoardTotalCount (게시글 총 개수 조회) */
               COUNT(*)
          FROM BOARD
         WHERE DELETE_YN = 'N'

                AND BOARD_CODE = 'B_GREETING_01'
 {executed in 7 msec}
[2026-05-01 10:09:17.822] [INFO ] [http-nio-8881-exec-9] jdbc.sqltiming - SELECT /* MemberMapper.readMemberByMemberId (memberId를 통한 회원 정보 조회) */
               MEMBER_ID
             , USER_ID
             , USER_PASS
             , USER_NAME
             , USER_EMAIL
             , EMAIL_VERIFIED
             , USER_ROLE
             , USER_STATUS
             , PROFILE_IMAGE
             , CREATE_AT
             , UPDATE_AT
             , LAST_LOG_AT
          FROM MEMBER_INFO
        WHERE MEMBER_ID = 'MEMBER_20260427_002'
 {executed in 8 msec}
[2026-05-01 10:09:17.851] [INFO ] [http-nio-8881-exec-9] jdbc.sqltiming - SELECT /* Member.readMemberSimpleInfo (로그인 후, 회원 간편 정보 조회) */
               USER_ID                                  /* 사용자 아이디 */
             , USER_NAME                                /* 사용자 명    */
             , USER_EMAIL                               /* 사용자 이메일 */
             , USER_ROLE                                /* 사용자 권한  */
             , PROFILE_IMAGE                            /* 사용자 프로필  */
             , (SELECT COUNT(*)
                  FROM BOARD B
                 WHERE B.MEMBER_ID = M.MEMBER_ID
                   AND DELETE_YN='N') AS postCount      /* 게시글 수 */
             , (SELECT COUNT(*)
                  FROM COMMENT_MANAGEMENT CM
                 WHERE CM.MEMBER_ID = M.MEMBER_ID
                   AND DELETE_YN = 'N') AS commentCount /* 댓글 작성 수 */
             , LAST_LOG_AT  /* 최근 접속 시간 */
        FROM MEMBER_INFO M
        WHERE MEMBER_ID = 'MEMBER_20260427_002'
 {executed in 8 msec}
[2026-05-01 10:09:28.406] [INFO ] [http-nio-8881-exec-2] jdbc.sqltiming - SELECT /* MemberMapper.readMemberByMemberId (memberId를 통한 회원 정보 조회) */
               MEMBER_ID
             , USER_ID
             , USER_PASS
             , USER_NAME
             , USER_EMAIL
             , EMAIL_VERIFIED
             , USER_ROLE
             , USER_STATUS
             , PROFILE_IMAGE
             , CREATE_AT
             , UPDATE_AT
             , LAST_LOG_AT
          FROM MEMBER_INFO
        WHERE MEMBER_ID = 'MEMBER_20260427_002'
 {executed in 9 msec}
[2026-05-01 10:10:00.033] [INFO ] [MessageBroker-5] c.s.s.c.s.BoardViewCountScheduler - >>> Redis 조회수 DB 동기화 시작
[2026-05-01 10:10:00.084] [INFO ] [MessageBroker-5] jdbc.sqltiming - UPDATE BOARD
           SET VIEW_COUNT = VIEW_COUNT + 2
         WHERE BOARD_ID = 3
 {executed in 34 msec}
[2026-05-01 10:10:00.090] [INFO ] [MessageBroker-5] c.s.s.c.s.BoardViewCountScheduler - >>> Redias 조회수 DB 동기화 완료 (처리 건수: 1)
[2026-05-01 10:10:38.614] [INFO ] [http-nio-8881-exec-6] jdbc.sqltiming - SELECT /* MemberMapper.readMemberByMemberId (memberId를 통한 회원 정보 조회) */
               MEMBER_ID
             , USER_ID
             , USER_PASS
             , USER_NAME
             , USER_EMAIL
             , EMAIL_VERIFIED
             , USER_ROLE
             , USER_STATUS
             , PROFILE_IMAGE
             , CREATE_AT
             , UPDATE_AT
             , LAST_LOG_AT
          FROM MEMBER_INFO
        WHERE MEMBER_ID = 'MEMBER_20260427_002'
 {executed in 17 msec}
[2026-05-01 10:10:38.633] [INFO ] [http-nio-8881-exec-6] jdbc.sqltiming - SELECT  /* BoardMapper.getBoardList (게시판 목록 전체를 조회하는 쿼리 (사용자 정보 JOIN))*/
               B.BOARD_ID
             , B.TITLE
             , B.CONTENT
             , M.USER_ID
             , M.USER_NAME
             , B.MEMBER_ID
             , B.BOARD_CODE
             , B.CATEGORY_ID
             , B.VIEW_COUNT
             , B.LIKE_COUNT
             ,(SELECT COUNT(*)
                 FROM COMMENT_MANAGEMENT CM
                WHERE CM.BOARD_ID = B.BOARD_ID
                  AND CM.DELETE_YN = 'N') AS commentCount /* 댓글 작성 수 */
             , M.PROFILE_IMAGE
             , B.CREATE_AT
             , B.UPDATE_AT
             , B.TAG_NAME
        FROM
            BOARD B
        LEFT JOIN MEMBER_INFO M ON B.MEMBER_ID = M.MEMBER_ID
        WHERE B.DELETE_YN = 'N'
        ORDER BY
            B.CREATE_AT DESC
 {executed in 9 msec}
[2026-05-01 10:15:00.012] [INFO ] [MessageBroker-3] c.s.s.c.s.BoardViewCountScheduler - >>> Redis 조회수 DB 동기화 시작
[2026-05-01 10:15:00.019] [INFO ] [MessageBroker-3] c.s.s.c.s.BoardViewCountScheduler - >>> 동기화할 조회수 데이터가 없습니다.
[2026-05-01 10:19:49.251] [INFO ] [http-nio-8881-exec-1] jdbc.sqltiming - SELECT /* MemberMapper.readMemberByMemberId (memberId를 통한 회원 정보 조회) */
               MEMBER_ID
             , USER_ID
             , USER_PASS
             , USER_NAME
             , USER_EMAIL
             , EMAIL_VERIFIED
             , USER_ROLE
             , USER_STATUS
             , PROFILE_IMAGE
             , CREATE_AT
             , UPDATE_AT
             , LAST_LOG_AT
          FROM MEMBER_INFO
        WHERE MEMBER_ID = 'MEMBER_20260427_002'
 {executed in 21 msec}
[2026-05-01 10:19:49.304] [INFO ] [http-nio-8881-exec-1] jdbc.sqltiming - SELECT /* Member.readMemberSimpleInfo (로그인 후, 회원 간편 정보 조회) */
               USER_ID                                  /* 사용자 아이디 */
             , USER_NAME                                /* 사용자 명    */
             , USER_EMAIL                               /* 사용자 이메일 */
             , USER_ROLE                                /* 사용자 권한  */
             , PROFILE_IMAGE                            /* 사용자 프로필  */
             , (SELECT COUNT(*)
                  FROM BOARD B
                 WHERE B.MEMBER_ID = M.MEMBER_ID
                   AND DELETE_YN='N') AS postCount      /* 게시글 수 */
             , (SELECT COUNT(*)
                  FROM COMMENT_MANAGEMENT CM
                 WHERE CM.MEMBER_ID = M.MEMBER_ID
                   AND DELETE_YN = 'N') AS commentCount /* 댓글 작성 수 */
             , LAST_LOG_AT  /* 최근 접속 시간 */
        FROM MEMBER_INFO M
        WHERE MEMBER_ID = 'MEMBER_20260427_002'
 {executed in 7 msec}
[2026-05-01 10:19:54.866] [INFO ] [http-nio-8881-exec-7] jdbc.sqltiming - SELECT /* MemberMapper.readMemberByMemberId (memberId를 통한 회원 정보 조회) */
               MEMBER_ID
             , USER_ID
             , USER_PASS
             , USER_NAME
             , USER_EMAIL
             , EMAIL_VERIFIED
             , USER_ROLE
             , USER_STATUS
             , PROFILE_IMAGE
             , CREATE_AT
             , UPDATE_AT
             , LAST_LOG_AT
          FROM MEMBER_INFO
        WHERE MEMBER_ID = 'MEMBER_20260427_002'
 {executed in 15 msec}
[2026-05-01 10:19:54.952] [INFO ] [http-nio-8881-exec-8] jdbc.sqltiming - SELECT /* MemberMapper.readMemberByMemberId (memberId를 통한 회원 정보 조회) */
               MEMBER_ID
             , USER_ID
             , USER_PASS
             , USER_NAME
             , USER_EMAIL
             , EMAIL_VERIFIED
             , USER_ROLE
             , USER_STATUS
             , PROFILE_IMAGE
             , CREATE_AT
             , UPDATE_AT
             , LAST_LOG_AT
          FROM MEMBER_INFO
        WHERE MEMBER_ID = 'MEMBER_20260427_002'
 {executed in 10 msec}
[2026-05-01 10:19:54.991] [INFO ] [http-nio-8881-exec-8] jdbc.sqltiming - UPDATE MEMBER_INFO
           SET PROFILE_IMAGE = '/uploads/0615ce2f-fc3e-46ad-85b7-f97564c189bf_slam.webp',
               UPDATE_AT = NOW()
         WHERE MEMBER_ID = 'MEMBER_20260427_002'
 {executed in 13 msec}
[2026-05-01 10:19:55.153] [INFO ] [http-nio-8881-exec-3] jdbc.sqltiming - SELECT /* MemberMapper.readMemberByMemberId (memberId를 통한 회원 정보 조회) */
               MEMBER_ID
             , USER_ID
             , USER_PASS
             , USER_NAME
             , USER_EMAIL
             , EMAIL_VERIFIED
             , USER_ROLE
             , USER_STATUS
             , PROFILE_IMAGE
             , CREATE_AT
             , UPDATE_AT
             , LAST_LOG_AT
          FROM MEMBER_INFO
        WHERE MEMBER_ID = 'MEMBER_20260427_002'
 {executed in 9 msec}
[2026-05-01 10:19:55.176] [ERROR] [http-nio-8881-exec-4] c.s.sqld.exception.ExceptionAdvice - 정적 리소스를 찾을 수 없습니다: 0615ce2f-fc3e-46ad-85b7-f97564c189bf_slam.webp
[2026-05-01 10:19:55.183] [INFO ] [http-nio-8881-exec-3] jdbc.sqltiming - SELECT /* WebSocketMapper.searchNotification */
               NOTI_ID
             , RECEIVER_ID
             , SENDER_ID
             , NOTI_TYPE
             , MESSAGE
             , IS_READ
             , CREATE_AT
             , TARGET_URL
        FROM NOTIFICATION
        WHERE RECEIVER_ID = 'MEMBER_20260427_002'
 {executed in 9 msec}
[2026-05-01 10:19:55.206] [WARN ] [http-nio-8881-exec-4] o.s.w.s.m.m.a.ExceptionHandlerExceptionResolver - Resolved [org.springframework.web.servlet.resource.NoResourceFoundException: No static resource 0615ce2f-fc3e-46ad-85b7-f97564c189bf_slam.webp.]
[2026-05-01 10:20:00.018] [INFO ] [MessageBroker-5] c.s.s.c.s.BoardViewCountScheduler - >>> Redis 조회수 DB 동기화 시작
[2026-05-01 10:20:00.026] [INFO ] [MessageBroker-5] c.s.s.c.s.BoardViewCountScheduler - >>> 동기화할 조회수 데이터가 없습니다.
[2026-05-01 10:25:00.050] [INFO ] [MessageBroker-1] c.s.s.c.s.BoardViewCountScheduler - >>> Redis 조회수 DB 동기화 시작
[2026-05-01 10:25:00.088] [INFO ] [MessageBroker-1] c.s.s.c.s.BoardViewCountScheduler - >>> 동기화할 조회수 데이터가 없습니다.
[2026-05-01 10:30:00.031] [INFO ] [MessageBroker-1] c.s.s.c.s.BoardViewCountScheduler - >>> Redis 조회수 DB 동기화 시작
[2026-05-01 10:30:00.040] [INFO ] [MessageBroker-1] c.s.s.c.s.BoardViewCountScheduler - >>> 동기화할 조회수 데이터가 없습니다.
[2026-05-01 10:31:42.125] [INFO ] [http-nio-8881-exec-5] c.s.s.s.w.WebSocketServiceImpl - [Presence] User min left room OPEN_CHAT
[2026-05-01 10:31:42.311] [INFO ] [http-nio-8881-exec-5] c.s.s.c.w.WebSocketEventListener - [Presence] Room OPEN_CHAT  updated. Count: 1
[2026-05-01 10:31:42.385] [INFO ] [redisContainer-2] c.s.s.s.redisConfig.RedisSubscriber - Redis Subscribe - Message Received: {"notiId":null,"senderName":"min","type":"QUIT","roomId":"OPEN_CHAT","senderId":"MEMBER_20260427_002","targetId":null,"content":"min님이 퇴장하셨습니다.","timestamp":"2026-05-01 10:31:42","targetUrl":null}
[2026-05-01 10:35:00.045] [INFO ] [MessageBroker-3] c.s.s.c.s.BoardViewCountScheduler - >>> Redis 조회수 DB 동기화 시작
[2026-05-01 10:35:00.063] [INFO ] [MessageBroker-3] c.s.s.c.s.BoardViewCountScheduler - >>> 동기화할 조회수 데이터가 없습니다.
[2026-05-01 10:35:36.122] [INFO ] [SpringApplicationShutdownHook] o.s.b.w.e.tomcat.GracefulShutdown - Commencing graceful shutdown. Waiting for active requests to complete
[2026-05-01 10:35:36.135] [INFO ] [tomcat-shutdown] o.s.b.w.e.tomcat.GracefulShutdown - Graceful shutdown complete
[2026-05-01 10:35:36.168] [INFO ] [SpringApplicationShutdownHook] o.s.m.s.b.SimpleBrokerMessageHandler - Stopping...
[2026-05-01 10:35:36.169] [INFO ] [SpringApplicationShutdownHook] o.s.m.s.b.SimpleBrokerMessageHandler - BrokerAvailabilityEvent[available=false, SimpleBrokerMessageHandler [org.springframework.messaging.simp.broker.DefaultSubscriptionRegistry@1de4216e]]
[2026-05-01 10:35:36.169] [INFO ] [SpringApplicationShutdownHook] o.s.m.s.b.SimpleBrokerMessageHandler - Stopped.
[2026-05-01 10:35:36.208] [INFO ] [SpringApplicationShutdownHook] com.zaxxer.hikari.HikariDataSource - HikariPool-1 - Shutdown initiated...
[2026-05-01 10:35:36.211] [INFO ] [SpringApplicationShutdownHook] com.zaxxer.hikari.HikariDataSource - HikariPool-1 - Shutdown completed.
[2026-05-01 10:59:13.541] [INFO ] [background-preinit] o.h.validator.internal.util.Version - HV000001: Hibernate Validator 8.0.3.Final
[2026-05-01 10:59:13.559] [INFO ] [restartedMain] com.sqld_board.sqld.SqldApplication - Starting SqldApplication using Java 17.0.11 with PID 8974 (/Users/minboklee/Downloads/sqld/build/classes/java/main started by minboklee in /Users/minboklee/Downloads/sqld)
[2026-05-01 10:59:13.560] [INFO ] [restartedMain] com.sqld_board.sqld.SqldApplication - The following 1 profile is active: "dev"
[2026-05-01 10:59:13.578] [INFO ] [restartedMain] o.s.b.d.restart.ChangeableUrls - The Class-Path manifest attribute in /Users/minboklee/.gradle/caches/modules-2/files-2.1/com.oracle.database.jdbc/ojdbc11/23.7.0.25.01/665f52abef9122ce003b5cfc1d9d44f7302e2cfe/ojdbc11-23.7.0.25.01.jar referenced one or more files that do not exist: file:/Users/minboklee/.gradle/caches/modules-2/files-2.1/com.oracle.database.jdbc/ojdbc11/23.7.0.25.01/665f52abef9122ce003b5cfc1d9d44f7302e2cfe/oraclepki.jar
[2026-05-01 10:59:13.579] [INFO ] [restartedMain] o.s.b.d.e.DevToolsPropertyDefaultsPostProcessor - Devtools property defaults active! Set 'spring.devtools.add-properties' to 'false' to disable
[2026-05-01 10:59:13.579] [INFO ] [restartedMain] o.s.b.d.e.DevToolsPropertyDefaultsPostProcessor - For additional web related logging consider setting the 'logging.level.web' property to 'DEBUG'
[2026-05-01 10:59:14.144] [INFO ] [restartedMain] o.s.d.r.c.RepositoryConfigurationDelegate - Multiple Spring Data modules found, entering strict repository configuration mode
[2026-05-01 10:59:14.145] [INFO ] [restartedMain] o.s.d.r.c.RepositoryConfigurationDelegate - Bootstrapping Spring Data Redis repositories in DEFAULT mode.
[2026-05-01 10:59:14.163] [INFO ] [restartedMain] o.s.d.r.c.RepositoryConfigurationDelegate - Finished Spring Data repository scanning in 9 ms. Found 0 Redis repository interfaces.
[2026-05-01 10:59:14.322] [INFO ] [restartedMain] c.u.j.c.EnableEncryptablePropertiesBeanFactoryPostProcessor - Post-processing PropertySource instances
[2026-05-01 10:59:14.323] [INFO ] [restartedMain] c.u.j.EncryptablePropertySourceConverter - Skipping PropertySource configurationProperties [class org.springframework.boot.context.properties.source.ConfigurationPropertySourcesPropertySource
[2026-05-01 10:59:14.323] [INFO ] [restartedMain] c.u.j.EncryptablePropertySourceConverter - Skipping PropertySource servletConfigInitParams [class org.springframework.core.env.PropertySource$StubPropertySource
[2026-05-01 10:59:14.323] [INFO ] [restartedMain] c.u.j.EncryptablePropertySourceConverter - Skipping PropertySource servletContextInitParams [class org.springframework.core.env.PropertySource$StubPropertySource
[2026-05-01 10:59:14.323] [INFO ] [restartedMain] c.u.j.EncryptablePropertySourceConverter - Converting PropertySource systemProperties [org.springframework.core.env.PropertiesPropertySource] to EncryptableMapPropertySourceWrapper
[2026-05-01 10:59:14.323] [INFO ] [restartedMain] c.u.j.EncryptablePropertySourceConverter - Converting PropertySource systemEnvironment [org.springframework.boot.env.SystemEnvironmentPropertySourceEnvironmentPostProcessor$OriginAwareSystemEnvironmentPropertySource] to EncryptableSystemEnvironmentPropertySourceWrapper
[2026-05-01 10:59:14.323] [INFO ] [restartedMain] c.u.j.EncryptablePropertySourceConverter - Converting PropertySource random [org.springframework.boot.env.RandomValuePropertySource] to EncryptablePropertySourceWrapper
[2026-05-01 10:59:14.323] [INFO ] [restartedMain] c.u.j.EncryptablePropertySourceConverter - Converting PropertySource Config resource 'class path resource [application-dev.yml]' via location 'optional:classpath:/' [org.springframework.boot.env.OriginTrackedMapPropertySource] to EncryptableMapPropertySourceWrapper
[2026-05-01 10:59:14.323] [INFO ] [restartedMain] c.u.j.EncryptablePropertySourceConverter - Converting PropertySource Config resource 'class path resource [application.yml]' via location 'optional:classpath:/' [org.springframework.boot.env.OriginTrackedMapPropertySource] to EncryptableMapPropertySourceWrapper
[2026-05-01 10:59:14.323] [INFO ] [restartedMain] c.u.j.EncryptablePropertySourceConverter - Converting PropertySource devtools [org.springframework.core.env.MapPropertySource] to EncryptableMapPropertySourceWrapper
[2026-05-01 10:59:14.323] [INFO ] [restartedMain] c.u.j.EncryptablePropertySourceConverter - Converting PropertySource applicationInfo [org.springframework.boot.ApplicationInfoPropertySource] to EncryptableMapPropertySourceWrapper
[2026-05-01 10:59:14.333] [INFO ] [restartedMain] c.u.j.f.DefaultLazyPropertyFilter - Property Filter custom Bean not found with name 'encryptablePropertyFilter'. Initializing Default Property Filter
[2026-05-01 10:59:14.336] [INFO ] [restartedMain] c.u.j.r.DefaultLazyPropertyResolver - Property Resolver custom Bean not found with name 'encryptablePropertyResolver'. Initializing Default Property Resolver
[2026-05-01 10:59:14.337] [INFO ] [restartedMain] c.u.j.d.DefaultLazyPropertyDetector - Property Detector custom Bean not found with name 'encryptablePropertyDetector'. Initializing Default Property Detector
[2026-05-01 10:59:14.707] [INFO ] [restartedMain] o.s.b.w.e.tomcat.TomcatWebServer - Tomcat initialized with port 8881 (http)
[2026-05-01 10:59:14.714] [INFO ] [restartedMain] o.a.coyote.http11.Http11NioProtocol - Initializing ProtocolHandler ["http-nio-8881"]
[2026-05-01 10:59:14.714] [INFO ] [restartedMain] o.a.catalina.core.StandardService - Starting service [Tomcat]
[2026-05-01 10:59:14.714] [INFO ] [restartedMain] o.a.catalina.core.StandardEngine - Starting Servlet engine: [Apache Tomcat/10.1.46]
[2026-05-01 10:59:14.734] [INFO ] [restartedMain] o.a.c.c.C.[Tomcat].[localhost].[/] - Initializing Spring embedded WebApplicationContext
[2026-05-01 10:59:14.734] [INFO ] [restartedMain] o.s.b.w.s.c.ServletWebServerApplicationContext - Root WebApplicationContext: initialization completed in 1155 ms
[2026-05-01 10:59:14.748] [INFO ] [restartedMain] c.u.j.encryptor.DefaultLazyEncryptor - String Encryptor custom Bean not found with name 'jasyptStringEncryptor'. Initializing Default String Encryptor
[2026-05-01 10:59:14.752] [INFO ] [restartedMain] c.u.j.c.StringEncryptorBuilder - Encryptor config not found for property jasypt.encryptor.key-obtention-iterations, using default value: 1000
[2026-05-01 10:59:14.752] [INFO ] [restartedMain] c.u.j.c.StringEncryptorBuilder - Encryptor config not found for property jasypt.encryptor.pool-size, using default value: 1
[2026-05-01 10:59:14.752] [INFO ] [restartedMain] c.u.j.c.StringEncryptorBuilder - Encryptor config not found for property jasypt.encryptor.provider-name, using default value: null
[2026-05-01 10:59:14.753] [INFO ] [restartedMain] c.u.j.c.StringEncryptorBuilder - Encryptor config not found for property jasypt.encryptor.provider-class-name, using default value: null
[2026-05-01 10:59:14.753] [INFO ] [restartedMain] c.u.j.c.StringEncryptorBuilder - Encryptor config not found for property jasypt.encryptor.salt-generator-classname, using default value: org.jasypt.salt.RandomSaltGenerator
[2026-05-01 10:59:14.753] [INFO ] [restartedMain] c.u.j.c.StringEncryptorBuilder - Encryptor config not found for property jasypt.encryptor.string-output-type, using default value: base64
[2026-05-01 10:59:15.559] [INFO ] [restartedMain] o.s.s.c.a.a.c.InitializeUserDetailsBeanManagerConfigurer$InitializeUserDetailsManagerConfigurer - Global AuthenticationManager configured with UserDetailsService bean with name customUserDetailService
[2026-05-01 10:59:15.583] [INFO ] [restartedMain] c.s.s.c.s.CustomSecurityConfig - ********* Security Config Loading: WebSocket Support Added
[2026-05-01 10:59:15.632] [WARN ] [restartedMain] o.s.s.c.a.w.b.WebSecurity$IgnoredRequestConfigurer - One of the patterns in [/demo-ui.html, /swagger-ui/**, /api-docs/**, /swagger-resources/**, /webjars/**, ws-stomp] is missing a leading slash. This is discouraged; please include the leading slash in all your request matcher patterns. In future versions of Spring Security, leaving out the leading slash will result in an exception.
[2026-05-01 10:59:15.637] [WARN ] [restartedMain] o.s.s.c.a.web.builders.WebSecurity - You are asking Spring Security to ignore Deferred [Mvc [pattern='/demo-ui.html'], Ant [pattern='/demo-ui.html']]. This is not recommended -- please use permitAll via HttpSecurity#authorizeHttpRequests instead.
[2026-05-01 10:59:15.637] [WARN ] [restartedMain] o.s.s.c.a.web.builders.WebSecurity - You are asking Spring Security to ignore Deferred [Mvc [pattern='/swagger-ui/**'], Ant [pattern='/swagger-ui/**']]. This is not recommended -- please use permitAll via HttpSecurity#authorizeHttpRequests instead.
[2026-05-01 10:59:15.637] [WARN ] [restartedMain] o.s.s.c.a.web.builders.WebSecurity - You are asking Spring Security to ignore Deferred [Mvc [pattern='/api-docs/**'], Ant [pattern='/api-docs/**']]. This is not recommended -- please use permitAll via HttpSecurity#authorizeHttpRequests instead.
[2026-05-01 10:59:15.637] [WARN ] [restartedMain] o.s.s.c.a.web.builders.WebSecurity - You are asking Spring Security to ignore Deferred [Mvc [pattern='/swagger-resources/**'], Ant [pattern='/swagger-resources/**']]. This is not recommended -- please use permitAll via HttpSecurity#authorizeHttpRequests instead.
[2026-05-01 10:59:15.637] [WARN ] [restartedMain] o.s.s.c.a.web.builders.WebSecurity - You are asking Spring Security to ignore Deferred [Mvc [pattern='/webjars/**'], Ant [pattern='/webjars/**']]. This is not recommended -- please use permitAll via HttpSecurity#authorizeHttpRequests instead.
[2026-05-01 10:59:15.637] [WARN ] [restartedMain] o.s.s.c.a.web.builders.WebSecurity - You are asking Spring Security to ignore Deferred [Mvc [pattern='ws-stomp'], Ant [pattern='ws-stomp']]. This is not recommended -- please use permitAll via HttpSecurity#authorizeHttpRequests instead.
[2026-05-01 10:59:15.887] [WARN ] [restartedMain] com.zaxxer.hikari.HikariConfig - HikariPool-1 - idleTimeout has been set but has no effect because the pool is operating as a fixed size pool.
[2026-05-01 10:59:15.887] [INFO ] [restartedMain] com.zaxxer.hikari.HikariDataSource - HikariPool-1 - Starting...
[2026-05-01 10:59:16.077] [INFO ] [restartedMain] com.zaxxer.hikari.pool.HikariPool - HikariPool-1 - Added connection net.sf.log4jdbc.sql.jdbcapi.ConnectionSpy@166db88b
[2026-05-01 10:59:16.078] [INFO ] [restartedMain] com.zaxxer.hikari.HikariDataSource - HikariPool-1 - Start completed.
[2026-05-01 10:59:16.082] [INFO ] [restartedMain] o.s.b.a.h.H2ConsoleAutoConfiguration - H2 console available at '/h2-console'. Database available at 'jdbc:mysql://175.197.69.42:3306/sqld_dev?serverTimezone=Asia/Seoul&useSSL=false&allowPublicKeyRetrieval=true&useUnicode=true&characterEncoding=UTF-8'
[2026-05-01 10:59:16.151] [INFO ] [restartedMain] o.s.b.d.a.OptionalLiveReloadServer - LiveReload server is running on port 35729
[2026-05-01 10:59:16.168] [INFO ] [restartedMain] o.s.m.s.b.SimpleBrokerMessageHandler - Starting...
[2026-05-01 10:59:16.168] [INFO ] [restartedMain] o.s.m.s.b.SimpleBrokerMessageHandler - BrokerAvailabilityEvent[available=true, SimpleBrokerMessageHandler [org.springframework.messaging.simp.broker.DefaultSubscriptionRegistry@27ddb4af]]
[2026-05-01 10:59:16.168] [INFO ] [restartedMain] o.s.m.s.b.SimpleBrokerMessageHandler - Started.
[2026-05-01 10:59:16.169] [INFO ] [restartedMain] o.a.coyote.http11.Http11NioProtocol - Starting ProtocolHandler ["http-nio-8881"]
[2026-05-01 10:59:16.178] [INFO ] [restartedMain] o.s.b.w.e.tomcat.TomcatWebServer - Tomcat started on port 8881 (http) with context path '/'
[2026-05-01 10:59:16.178] [INFO ] [restartedMain] c.u.j.c.RefreshScopeRefreshedEventListener - Refreshing cached encryptable property sources on ServletWebServerInitializedEvent
[2026-05-01 10:59:16.178] [INFO ] [restartedMain] c.u.j.c.CachingDelegateEncryptablePropertySource - Property Source systemProperties refreshed
[2026-05-01 10:59:16.179] [INFO ] [restartedMain] c.u.j.c.CachingDelegateEncryptablePropertySource - Property Source systemEnvironment refreshed
[2026-05-01 10:59:16.179] [INFO ] [restartedMain] c.u.j.c.CachingDelegateEncryptablePropertySource - Property Source random refreshed
[2026-05-01 10:59:16.179] [INFO ] [restartedMain] c.u.j.c.CachingDelegateEncryptablePropertySource - Property Source Config resource 'class path resource [application-dev.yml]' via location 'optional:classpath:/' refreshed
[2026-05-01 10:59:16.179] [INFO ] [restartedMain] c.u.j.c.CachingDelegateEncryptablePropertySource - Property Source Config resource 'class path resource [application.yml]' via location 'optional:classpath:/' refreshed
[2026-05-01 10:59:16.179] [INFO ] [restartedMain] c.u.j.c.CachingDelegateEncryptablePropertySource - Property Source devtools refreshed
[2026-05-01 10:59:16.179] [INFO ] [restartedMain] c.u.j.c.CachingDelegateEncryptablePropertySource - Property Source applicationInfo refreshed
[2026-05-01 10:59:16.179] [INFO ] [restartedMain] c.u.j.EncryptablePropertySourceConverter - Skipping PropertySource configurationProperties [class org.springframework.boot.context.properties.source.ConfigurationPropertySourcesPropertySource
[2026-05-01 10:59:16.179] [INFO ] [restartedMain] c.u.j.EncryptablePropertySourceConverter - Skipping PropertySource servletConfigInitParams [class org.springframework.core.env.PropertySource$StubPropertySource
[2026-05-01 10:59:16.179] [INFO ] [restartedMain] c.u.j.EncryptablePropertySourceConverter - Converting PropertySource servletContextInitParams [org.springframework.web.context.support.ServletContextPropertySource] to EncryptableEnumerablePropertySourceWrapper
[2026-05-01 10:59:16.455] [INFO ] [restartedMain] com.sqld_board.sqld.SqldApplication - Started SqldApplication in 3.151 seconds (process running for 3.649)
[2026-05-01 10:59:49.639] [INFO ] [http-nio-8881-exec-2] o.a.c.c.C.[Tomcat].[localhost].[/] - Initializing Spring DispatcherServlet 'dispatcherServlet'
[2026-05-01 10:59:49.640] [INFO ] [http-nio-8881-exec-2] o.s.web.servlet.DispatcherServlet - Initializing Servlet 'dispatcherServlet'
[2026-05-01 10:59:49.646] [INFO ] [http-nio-8881-exec-2] o.s.web.servlet.DispatcherServlet - Completed initialization in 6 ms
[2026-05-01 10:59:49.779] [INFO ] [http-nio-8881-exec-2] jdbc.sqltiming - SELECT  /* BoardMasterMapper.getBoardConfig 특정 게시판의 설정(이름, 카테고리 그룹, 기능 여부) 전체 리스트 조회 */
               BM.BOARD_CODE
             , BM.BOARD_NAME
             , BM.GROUP_CODE
             , BM.USE_YN
             , BM.FILE_YN
             , BM.REPLY_YN
             , BM.TAG_YN
             , CCG.SORT_ORDER
             , BM.CREATE_AT
             , BM.UPDATE_AT
          FROM BOARD_MASTER BM
          JOIN COMMON_CODE_GROUP CCG ON BM.GROUP_CODE = CCG.GROUP_CODE
         ORDER BY CCG.SORT_ORDER ASC, BM.BOARD_CODE ASC /* 그룹 순서대로 정렬 */
 {executed in 16 msec}
[2026-05-01 10:59:49.779] [INFO ] [http-nio-8881-exec-1] jdbc.sqltiming - SELECT  /* BoardMapper.getBoardList (게시판 목록 전체를 조회하는 쿼리 (사용자 정보 JOIN))*/
               B.BOARD_ID
             , B.TITLE
             , B.CONTENT
             , M.USER_ID
             , M.USER_NAME
             , B.MEMBER_ID
             , B.BOARD_CODE
             , B.CATEGORY_ID
             , B.VIEW_COUNT
             , B.LIKE_COUNT
             ,(SELECT COUNT(*)
                 FROM COMMENT_MANAGEMENT CM
                WHERE CM.BOARD_ID = B.BOARD_ID
                  AND CM.DELETE_YN = 'N') AS commentCount /* 댓글 작성 수 */
             , M.PROFILE_IMAGE
             , B.CREATE_AT
             , B.UPDATE_AT
             , B.TAG_NAME
        FROM
            BOARD B
        LEFT JOIN MEMBER_INFO M ON B.MEMBER_ID = M.MEMBER_ID
        WHERE B.DELETE_YN = 'N'
        ORDER BY
            B.CREATE_AT DESC
 {executed in 16 msec}
[2026-05-01 10:59:49.807] [INFO ] [http-nio-8881-exec-2] jdbc.sqltiming - SELECT /*  boardMapper.getCategoryListByBoardCode 특정 게시판(boardCode)에 소속된 카테고리 목록 조회 */
               CCD.CODE_ID AS categoryId
             , CCD.CODE_NAME AS categoryName
          FROM BOARD_MASTER BM
    INNER JOIN COMMON_CODE_DETAIL CCD
            ON BM.GROUP_CODE = CCD.GROUP_CODE
         WHERE BM.BOARD_CODE = 'B_NOTICE_01'
           AND BM.USE_YN = 'Y'
      ORDER BY CCD.SORT_ORDER ASC
 {executed in 13 msec}
[2026-05-01 10:59:49.818] [INFO ] [http-nio-8881-exec-2] jdbc.sqltiming - SELECT /*  boardMapper.getCategoryListByBoardCode 특정 게시판(boardCode)에 소속된 카테고리 목록 조회 */
               CCD.CODE_ID AS categoryId
             , CCD.CODE_NAME AS categoryName
          FROM BOARD_MASTER BM
    INNER JOIN COMMON_CODE_DETAIL CCD
            ON BM.GROUP_CODE = CCD.GROUP_CODE
         WHERE BM.BOARD_CODE = 'B_SQLD_01'
           AND BM.USE_YN = 'Y'
      ORDER BY CCD.SORT_ORDER ASC
 {executed in 8 msec}
[2026-05-01 10:59:49.826] [INFO ] [http-nio-8881-exec-2] jdbc.sqltiming - SELECT /*  boardMapper.getCategoryListByBoardCode 특정 게시판(boardCode)에 소속된 카테고리 목록 조회 */
               CCD.CODE_ID AS categoryId
             , CCD.CODE_NAME AS categoryName
          FROM BOARD_MASTER BM
    INNER JOIN COMMON_CODE_DETAIL CCD
            ON BM.GROUP_CODE = CCD.GROUP_CODE
         WHERE BM.BOARD_CODE = 'B_GREETING_01'
           AND BM.USE_YN = 'Y'
      ORDER BY CCD.SORT_ORDER ASC
 {executed in 7 msec}
[2026-05-01 11:00:00.080] [INFO ] [MessageBroker-1] c.s.s.c.s.BoardViewCountScheduler - >>> Redis 조회수 DB 동기화 시작
[2026-05-01 11:00:00.090] [INFO ] [MessageBroker-1] c.s.s.c.s.BoardViewCountScheduler - >>> 동기화할 조회수 데이터가 없습니다.
[2026-05-01 11:00:03.998] [INFO ] [http-nio-8881-exec-4] jdbc.sqltiming - SELECT MEMBER_ID
             , USER_ID
             , USER_PASS
             , USER_NAME
             , USER_EMAIL
             , EMAIL_VERIFIED
             , USER_ROLE
             , USER_STATUS
             , PROFILE_IMAGE
             , CREATE_AT
             , UPDATE_AT
             , LAST_LOG_AT
          FROM MEMBER_INFO
         WHERE USER_ID = 'Admin'
         LIMIT 1
 {executed in 12 msec}
[2026-05-01 11:00:04.236] [INFO ] [http-nio-8881-exec-4] jdbc.sqltiming - UPDATE MEMBER_INFO
        SET LAST_LOG_AT = NOW()
        WHERE MEMBER_ID = 'MEMBER_20260423_004'
 {executed in 126 msec}
[2026-05-01 11:00:04.283] [INFO ] [http-nio-8881-exec-4] jdbc.sqltiming - DELETE FROM refresh_token WHERE MEMBER_ID = 'MEMBER_20260423_004'
 {executed in 22 msec}
[2026-05-01 11:00:04.402] [INFO ] [http-nio-8881-exec-4] jdbc.sqltiming - INSERT INTO refresh_token (MEMBER_ID, R_TOKEN, EXPIRY_DATE)
        VALUES ('MEMBER_20260423_004', '11cfd5da-9053-4827-9b73-6b4cb0edae6d', '05/08/2026 11:00:04.284')
 {executed in 117 msec}
[2026-05-01 11:00:04.558] [INFO ] [http-nio-8881-exec-5] jdbc.sqltiming - SELECT /* MemberMapper.readMemberByMemberId (memberId를 통한 회원 정보 조회) */
               MEMBER_ID
             , USER_ID
             , USER_PASS
             , USER_NAME
             , USER_EMAIL
             , EMAIL_VERIFIED
             , USER_ROLE
             , USER_STATUS
             , PROFILE_IMAGE
             , CREATE_AT
             , UPDATE_AT
             , LAST_LOG_AT
          FROM MEMBER_INFO
        WHERE MEMBER_ID = 'MEMBER_20260423_004'
 {executed in 7 msec}
[2026-05-01 11:00:04.564] [INFO ] [http-nio-8881-exec-6] jdbc.sqltiming - SELECT /* MemberMapper.readMemberByMemberId (memberId를 통한 회원 정보 조회) */
               MEMBER_ID
             , USER_ID
             , USER_PASS
             , USER_NAME
             , USER_EMAIL
             , EMAIL_VERIFIED
             , USER_ROLE
             , USER_STATUS
             , PROFILE_IMAGE
             , CREATE_AT
             , UPDATE_AT
             , LAST_LOG_AT
          FROM MEMBER_INFO
        WHERE MEMBER_ID = 'MEMBER_20260423_004'
 {executed in 6 msec}
[2026-05-01 11:00:04.583] [INFO ] [http-nio-8881-exec-5] jdbc.sqltiming - SELECT  /* BoardMapper.getBoardList (게시판 목록 전체를 조회하는 쿼리 (사용자 정보 JOIN))*/
               B.BOARD_ID
             , B.TITLE
             , B.CONTENT
             , M.USER_ID
             , M.USER_NAME
             , B.MEMBER_ID
             , B.BOARD_CODE
             , B.CATEGORY_ID
             , B.VIEW_COUNT
             , B.LIKE_COUNT
             ,(SELECT COUNT(*)
                 FROM COMMENT_MANAGEMENT CM
                WHERE CM.BOARD_ID = B.BOARD_ID
                  AND CM.DELETE_YN = 'N') AS commentCount /* 댓글 작성 수 */
             , M.PROFILE_IMAGE
             , B.CREATE_AT
             , B.UPDATE_AT
             , B.TAG_NAME
        FROM
            BOARD B
        LEFT JOIN MEMBER_INFO M ON B.MEMBER_ID = M.MEMBER_ID
        WHERE B.DELETE_YN = 'N'
        ORDER BY
            B.CREATE_AT DESC
 {executed in 16 msec}
[2026-05-01 11:00:04.591] [INFO ] [http-nio-8881-exec-6] jdbc.sqltiming - SELECT /* WebSocketMapper.searchNotification */
               NOTI_ID
             , RECEIVER_ID
             , SENDER_ID
             , NOTI_TYPE
             , MESSAGE
             , IS_READ
             , CREATE_AT
             , TARGET_URL
        FROM NOTIFICATION
        WHERE RECEIVER_ID = 'MEMBER_20260423_004'
 {executed in 6 msec}
[2026-05-01 11:00:04.611] [INFO ] [http-nio-8881-exec-9] jdbc.sqltiming - SELECT /* MemberMapper.readMemberByMemberId (memberId를 통한 회원 정보 조회) */
               MEMBER_ID
             , USER_ID
             , USER_PASS
             , USER_NAME
             , USER_EMAIL
             , EMAIL_VERIFIED
             , USER_ROLE
             , USER_STATUS
             , PROFILE_IMAGE
             , CREATE_AT
             , UPDATE_AT
             , LAST_LOG_AT
          FROM MEMBER_INFO
        WHERE MEMBER_ID = 'MEMBER_20260423_004'
 {executed in 10 msec}
[2026-05-01 11:00:04.645] [INFO ] [http-nio-8881-exec-10] c.s.s.s.w.WebSocketServiceImpl - [Presence] User 관리자 joined room OPEN_CHAT
[2026-05-01 11:00:04.703] [INFO ] [http-nio-8881-exec-10] c.s.s.c.w.WebSocketEventListener - [Presence] User 관리자 joined room OPEN_CHAT
[2026-05-01 11:00:04.811] [INFO ] [http-nio-8881-exec-10] c.s.s.c.w.WebSocketEventListener - [Presence] Room OPEN_CHAT  updated. Count: 1
[2026-05-01 11:00:04.860] [INFO ] [http-nio-8881-exec-10] c.s.s.c.w.WebSocketEventListener - [Presence] Room OPEN_CHAT  updated. Count: 1
[2026-05-01 11:00:05.159] [INFO ] [clientInboundChannel-13] jdbc.sqltiming - SELECT /* MemberMapper.readMemberByMemberId (memberId를 통한 회원 정보 조회) */
               MEMBER_ID
             , USER_ID
             , USER_PASS
             , USER_NAME
             , USER_EMAIL
             , EMAIL_VERIFIED
             , USER_ROLE
             , USER_STATUS
             , PROFILE_IMAGE
             , CREATE_AT
             , UPDATE_AT
             , LAST_LOG_AT
          FROM MEMBER_INFO
        WHERE MEMBER_ID = 'MEMBER_20260423_004'
 {executed in 9 msec}
[2026-05-01 11:00:05.180] [INFO ] [clientInboundChannel-13] jdbc.sqltiming - INSERT INTO CHAT_MESSAGE( /* WebSocketMapper.insertChatMessage (채팅 저장) */
                    ROOM_ID
                  , SENDER_ID
                  , CONTENT
                  , SEND_TIME
                  , CHAT_TYPE
        )    VALUES(
                    'OPEN_CHAT'
                  , 'MEMBER_20260423_004'
                  , '관리자님이 입장하셨습니다.'
                  , 2026-05-01T11:00:05.161590
                  , 'ENTER'
               )
 {executed in 17 msec}
[2026-05-01 11:00:05.181] [INFO ] [clientInboundChannel-13] jdbc.sqltiming - getGeneratedKeys on query: INSERT INTO CHAT_MESSAGE( /* WebSocketMapper.insertChatMessage (채팅 저장) */
                    ROOM_ID
                  , SENDER_ID
                  , CONTENT
                  , SEND_TIME
                  , CHAT_TYPE
        )    VALUES(
                    'OPEN_CHAT'
                  , 'MEMBER_20260423_004'
                  , '관리자님이 입장하셨습니다.'
                  , 2026-05-01T11:00:05.161590
                  , 'ENTER'
               )
 {executed in 0 msec}
[2026-05-01 11:00:05.189] [INFO ] [clientInboundChannel-13] c.s.s.s.w.WebSocketServiceImpl - JSON Message to Redis: {"notiId":null,"senderName":"관리자","type":"ENTER","roomId":"OPEN_CHAT","senderId":"MEMBER_20260423_004","targetId":null,"content":"관리자님이 입장하셨습니다.","timestamp":"2026-05-01 11:00:05","targetUrl":null}
[2026-05-01 11:00:05.196] [INFO ] [redisContainer-1] c.s.s.s.redisConfig.RedisSubscriber - Redis Subscribe - Message Received: {"notiId":null,"senderName":"관리자","type":"ENTER","roomId":"OPEN_CHAT","senderId":"MEMBER_20260423_004","targetId":null,"content":"관리자님이 입장하셨습니다.","timestamp":"2026-05-01 11:00:05","targetUrl":null}
[2026-05-01 11:00:06.074] [INFO ] [http-nio-8881-exec-1] jdbc.sqltiming - SELECT /* MemberMapper.readMemberByMemberId (memberId를 통한 회원 정보 조회) */
               MEMBER_ID
             , USER_ID
             , USER_PASS
             , USER_NAME
             , USER_EMAIL
             , EMAIL_VERIFIED
             , USER_ROLE
             , USER_STATUS
             , PROFILE_IMAGE
             , CREATE_AT
             , UPDATE_AT
             , LAST_LOG_AT
          FROM MEMBER_INFO
        WHERE MEMBER_ID = 'MEMBER_20260423_004'
 {executed in 6 msec}
[2026-05-01 11:00:06.107] [INFO ] [http-nio-8881-exec-1] jdbc.sqltiming - SELECT /* Member.readMemberSimpleInfo (로그인 후, 회원 간편 정보 조회) */
               USER_ID                                  /* 사용자 아이디 */
             , USER_NAME                                /* 사용자 명    */
             , USER_EMAIL                               /* 사용자 이메일 */
             , USER_ROLE                                /* 사용자 권한  */
             , PROFILE_IMAGE                            /* 사용자 프로필  */
             , (SELECT COUNT(*)
                  FROM BOARD B
                 WHERE B.MEMBER_ID = M.MEMBER_ID
                   AND DELETE_YN='N') AS postCount      /* 게시글 수 */
             , (SELECT COUNT(*)
                  FROM COMMENT_MANAGEMENT CM
                 WHERE CM.MEMBER_ID = M.MEMBER_ID
                   AND DELETE_YN = 'N') AS commentCount /* 댓글 작성 수 */
             , LAST_LOG_AT  /* 최근 접속 시간 */
        FROM MEMBER_INFO M
        WHERE MEMBER_ID = 'MEMBER_20260423_004'
 {executed in 9 msec}
[2026-05-01 11:00:10.882] [INFO ] [http-nio-8881-exec-3] jdbc.sqltiming - SELECT /* MemberMapper.readMemberByMemberId (memberId를 통한 회원 정보 조회) */
               MEMBER_ID
             , USER_ID
             , USER_PASS
             , USER_NAME
             , USER_EMAIL
             , EMAIL_VERIFIED
             , USER_ROLE
             , USER_STATUS
             , PROFILE_IMAGE
             , CREATE_AT
             , UPDATE_AT
             , LAST_LOG_AT
          FROM MEMBER_INFO
        WHERE MEMBER_ID = 'MEMBER_20260423_004'
 {executed in 22 msec}
[2026-05-01 11:00:10.968] [INFO ] [http-nio-8881-exec-4] jdbc.sqltiming - SELECT /* MemberMapper.readMemberByMemberId (memberId를 통한 회원 정보 조회) */
               MEMBER_ID
             , USER_ID
             , USER_PASS
             , USER_NAME
             , USER_EMAIL
             , EMAIL_VERIFIED
             , USER_ROLE
             , USER_STATUS
             , PROFILE_IMAGE
             , CREATE_AT
             , UPDATE_AT
             , LAST_LOG_AT
          FROM MEMBER_INFO
        WHERE MEMBER_ID = 'MEMBER_20260423_004'
 {executed in 8 msec}
[2026-05-01 11:00:10.994] [INFO ] [http-nio-8881-exec-4] jdbc.sqltiming - UPDATE MEMBER_INFO
           SET PROFILE_IMAGE = '/uploads/782810c4-e8b1-4566-8680-24009f92264f_스크린샷 2026-04-29 오후 4.31.53.png',
               UPDATE_AT = NOW()
         WHERE MEMBER_ID = 'MEMBER_20260423_004'
 {executed in 13 msec}
[2026-05-01 11:00:11.086] [INFO ] [http-nio-8881-exec-5] jdbc.sqltiming - SELECT /* MemberMapper.readMemberByMemberId (memberId를 통한 회원 정보 조회) */
               MEMBER_ID
             , USER_ID
             , USER_PASS
             , USER_NAME
             , USER_EMAIL
             , EMAIL_VERIFIED
             , USER_ROLE
             , USER_STATUS
             , PROFILE_IMAGE
             , CREATE_AT
             , UPDATE_AT
             , LAST_LOG_AT
          FROM MEMBER_INFO
        WHERE MEMBER_ID = 'MEMBER_20260423_004'
 {executed in 10 msec}
[2026-05-01 11:00:11.112] [INFO ] [http-nio-8881-exec-5] jdbc.sqltiming - SELECT /* WebSocketMapper.searchNotification */
               NOTI_ID
             , RECEIVER_ID
             , SENDER_ID
             , NOTI_TYPE
             , MESSAGE
             , IS_READ
             , CREATE_AT
             , TARGET_URL
        FROM NOTIFICATION
        WHERE RECEIVER_ID = 'MEMBER_20260423_004'
 {executed in 7 msec}
[2026-05-01 11:00:13.962] [INFO ] [http-nio-8881-exec-9] jdbc.sqltiming - SELECT /* MemberMapper.readMemberByMemberId (memberId를 통한 회원 정보 조회) */
               MEMBER_ID
             , USER_ID
             , USER_PASS
             , USER_NAME
             , USER_EMAIL
             , EMAIL_VERIFIED
             , USER_ROLE
             , USER_STATUS
             , PROFILE_IMAGE
             , CREATE_AT
             , UPDATE_AT
             , LAST_LOG_AT
          FROM MEMBER_INFO
        WHERE MEMBER_ID = 'MEMBER_20260423_004'
 {executed in 9 msec}
[2026-05-01 11:00:14.022] [INFO ] [http-nio-8881-exec-6] jdbc.sqltiming - SELECT /* MemberMapper.readMemberByMemberId (memberId를 통한 회원 정보 조회) */
               MEMBER_ID
             , USER_ID
             , USER_PASS
             , USER_NAME
             , USER_EMAIL
             , EMAIL_VERIFIED
             , USER_ROLE
             , USER_STATUS
             , PROFILE_IMAGE
             , CREATE_AT
             , UPDATE_AT
             , LAST_LOG_AT
          FROM MEMBER_INFO
        WHERE MEMBER_ID = 'MEMBER_20260423_004'
 {executed in 9 msec}
[2026-05-01 11:00:14.050] [INFO ] [http-nio-8881-exec-6] jdbc.sqltiming - UPDATE MEMBER_INFO
           SET PROFILE_IMAGE = '/uploads/04a5a40e-c1c3-4469-82d9-7570f169aa7b_slam.webp',
               UPDATE_AT = NOW()
         WHERE MEMBER_ID = 'MEMBER_20260423_004'
 {executed in 16 msec}
[2026-05-01 11:00:14.181] [INFO ] [http-nio-8881-exec-1] jdbc.sqltiming - SELECT /* MemberMapper.readMemberByMemberId (memberId를 통한 회원 정보 조회) */
               MEMBER_ID
             , USER_ID
             , USER_PASS
             , USER_NAME
             , USER_EMAIL
             , EMAIL_VERIFIED
             , USER_ROLE
             , USER_STATUS
             , PROFILE_IMAGE
             , CREATE_AT
             , UPDATE_AT
             , LAST_LOG_AT
          FROM MEMBER_INFO
        WHERE MEMBER_ID = 'MEMBER_20260423_004'
 {executed in 14 msec}
[2026-05-01 11:00:14.209] [INFO ] [http-nio-8881-exec-1] jdbc.sqltiming - SELECT /* WebSocketMapper.searchNotification */
               NOTI_ID
             , RECEIVER_ID
             , SENDER_ID
             , NOTI_TYPE
             , MESSAGE
             , IS_READ
             , CREATE_AT
             , TARGET_URL
        FROM NOTIFICATION
        WHERE RECEIVER_ID = 'MEMBER_20260423_004'
 {executed in 7 msec}
[2026-05-01 11:00:16.172] [INFO ] [MessageBroker-6] o.s.w.s.c.WebSocketMessageBrokerStats - WebSocketSession[1 current WS(1)-HttpStream(0)-HttpPoll(0), 1 total, 0 closed abnormally (0 connect failure, 0 send limit, 0 transport error)], stompSubProtocol[processed CONNECT(1)-CONNECTED(1)-DISCONNECT(0)], stompBrokerRelay[null], inboundChannel[pool size = 16, active threads = 0, queued tasks = 0, completed tasks = 27], outboundChannel[pool size = 3, active threads = 0, queued tasks = 0, completed tasks = 3], sockJsScheduler[pool size = 8, active threads = 1, queued tasks = 6, completed tasks = 4]
[2026-05-01 11:00:19.124] [INFO ] [http-nio-8881-exec-3] jdbc.sqltiming - SELECT /* MemberMapper.readMemberByMemberId (memberId를 통한 회원 정보 조회) */
               MEMBER_ID
             , USER_ID
             , USER_PASS
             , USER_NAME
             , USER_EMAIL
             , EMAIL_VERIFIED
             , USER_ROLE
             , USER_STATUS
             , PROFILE_IMAGE
             , CREATE_AT
             , UPDATE_AT
             , LAST_LOG_AT
          FROM MEMBER_INFO
        WHERE MEMBER_ID = 'MEMBER_20260423_004'
 {executed in 28 msec}
[2026-05-01 11:00:19.217] [INFO ] [http-nio-8881-exec-3] jdbc.sqltiming - SELECT /* AdminMapper.getMemberList */
               MEMBER_ID
             , USER_ID
             , USER_PASS
             , USER_NAME
             , USER_EMAIL
             , EMAIL_VERIFIED
             , USER_ROLE
             , USER_STATUS
             , PROFILE_IMAGE
             , CREATE_AT
             , UPDATE_AT
             , LAST_LOG_AT
          FROM MEMBER_INFO
         WHERE USER_ROLE != 'SUPER_ADMIN'
         ORDER BY CREATE_AT DESC
 {executed in 41 msec}
[2026-05-01 11:00:21.409] [INFO ] [http-nio-8881-exec-4] jdbc.sqltiming - SELECT /* MemberMapper.readMemberByMemberId (memberId를 통한 회원 정보 조회) */
               MEMBER_ID
             , USER_ID
             , USER_PASS
             , USER_NAME
             , USER_EMAIL
             , EMAIL_VERIFIED
             , USER_ROLE
             , USER_STATUS
             , PROFILE_IMAGE
             , CREATE_AT
             , UPDATE_AT
             , LAST_LOG_AT
          FROM MEMBER_INFO
        WHERE MEMBER_ID = 'MEMBER_20260423_004'
 {executed in 14 msec}
[2026-05-01 11:00:21.447] [INFO ] [http-nio-8881-exec-4] jdbc.sqltiming - SELECT  /* BoardMasterMapper.getBoardConfig 특정 게시판의 설정(이름, 카테고리 그룹, 기능 여부) 전체 리스트 조회 */
               BM.BOARD_CODE
             , BM.BOARD_NAME
             , BM.GROUP_CODE
             , BM.USE_YN
             , BM.FILE_YN
             , BM.REPLY_YN
             , BM.TAG_YN
             , CCG.SORT_ORDER
             , BM.CREATE_AT
             , BM.UPDATE_AT
          FROM BOARD_MASTER BM
          JOIN COMMON_CODE_GROUP CCG ON BM.GROUP_CODE = CCG.GROUP_CODE
         ORDER BY CCG.SORT_ORDER ASC, BM.BOARD_CODE ASC /* 그룹 순서대로 정렬 */
 {executed in 9 msec}
[2026-05-01 11:00:21.458] [INFO ] [http-nio-8881-exec-4] jdbc.sqltiming - SELECT /*  boardMapper.getCategoryListByBoardCode 특정 게시판(boardCode)에 소속된 카테고리 목록 조회 */
               CCD.CODE_ID AS categoryId
             , CCD.CODE_NAME AS categoryName
          FROM BOARD_MASTER BM
    INNER JOIN COMMON_CODE_DETAIL CCD
            ON BM.GROUP_CODE = CCD.GROUP_CODE
         WHERE BM.BOARD_CODE = 'B_NOTICE_01'
           AND BM.USE_YN = 'Y'
      ORDER BY CCD.SORT_ORDER ASC
 {executed in 8 msec}
[2026-05-01 11:00:21.469] [INFO ] [http-nio-8881-exec-4] jdbc.sqltiming - SELECT /*  boardMapper.getCategoryListByBoardCode 특정 게시판(boardCode)에 소속된 카테고리 목록 조회 */
               CCD.CODE_ID AS categoryId
             , CCD.CODE_NAME AS categoryName
          FROM BOARD_MASTER BM
    INNER JOIN COMMON_CODE_DETAIL CCD
            ON BM.GROUP_CODE = CCD.GROUP_CODE
         WHERE BM.BOARD_CODE = 'B_SQLD_01'
           AND BM.USE_YN = 'Y'
      ORDER BY CCD.SORT_ORDER ASC
 {executed in 9 msec}
[2026-05-01 11:00:21.480] [INFO ] [http-nio-8881-exec-4] jdbc.sqltiming - SELECT /*  boardMapper.getCategoryListByBoardCode 특정 게시판(boardCode)에 소속된 카테고리 목록 조회 */
               CCD.CODE_ID AS categoryId
             , CCD.CODE_NAME AS categoryName
          FROM BOARD_MASTER BM
    INNER JOIN COMMON_CODE_DETAIL CCD
            ON BM.GROUP_CODE = CCD.GROUP_CODE
         WHERE BM.BOARD_CODE = 'B_GREETING_01'
           AND BM.USE_YN = 'Y'
      ORDER BY CCD.SORT_ORDER ASC
 {executed in 9 msec}
[2026-05-01 11:00:22.561] [INFO ] [http-nio-8881-exec-7] jdbc.sqltiming - SELECT /* MemberMapper.readMemberByMemberId (memberId를 통한 회원 정보 조회) */
               MEMBER_ID
             , USER_ID
             , USER_PASS
             , USER_NAME
             , USER_EMAIL
             , EMAIL_VERIFIED
             , USER_ROLE
             , USER_STATUS
             , PROFILE_IMAGE
             , CREATE_AT
             , UPDATE_AT
             , LAST_LOG_AT
          FROM MEMBER_INFO
        WHERE MEMBER_ID = 'MEMBER_20260423_004'
 {executed in 16 msec}
[2026-05-01 11:00:22.590] [INFO ] [http-nio-8881-exec-7] jdbc.sqltiming - SELECT /* CommonCodeGroupMapper.getGroupCode (그룹코드 조회) */
               GROUP_CODE
             , GROUP_NAME
             , USE_YN
             , SORT_ORDER
             , CREATE_AT
          FROM COMMON_CODE_GROUP
      ORDER BY SORT_ORDER ASC
 {executed in 8 msec}
[2026-05-01 11:00:23.025] [INFO ] [http-nio-8881-exec-8] jdbc.sqltiming - SELECT /* MemberMapper.readMemberByMemberId (memberId를 통한 회원 정보 조회) */
               MEMBER_ID
             , USER_ID
             , USER_PASS
             , USER_NAME
             , USER_EMAIL
             , EMAIL_VERIFIED
             , USER_ROLE
             , USER_STATUS
             , PROFILE_IMAGE
             , CREATE_AT
             , UPDATE_AT
             , LAST_LOG_AT
          FROM MEMBER_INFO
        WHERE MEMBER_ID = 'MEMBER_20260423_004'
 {executed in 12 msec}
[2026-05-01 11:00:23.059] [INFO ] [http-nio-8881-exec-8] jdbc.sqltiming - SELECT  /* BoardMasterMapper.getBoardConfig 특정 게시판의 설정(이름, 카테고리 그룹, 기능 여부) 전체 리스트 조회 */
               BM.BOARD_CODE
             , BM.BOARD_NAME
             , BM.GROUP_CODE
             , BM.USE_YN
             , BM.FILE_YN
             , BM.REPLY_YN
             , BM.TAG_YN
             , CCG.SORT_ORDER
             , BM.CREATE_AT
             , BM.UPDATE_AT
          FROM BOARD_MASTER BM
          JOIN COMMON_CODE_GROUP CCG ON BM.GROUP_CODE = CCG.GROUP_CODE
         ORDER BY CCG.SORT_ORDER ASC, BM.BOARD_CODE ASC /* 그룹 순서대로 정렬 */
 {executed in 10 msec}
[2026-05-01 11:00:23.070] [INFO ] [http-nio-8881-exec-8] jdbc.sqltiming - SELECT /*  boardMapper.getCategoryListByBoardCode 특정 게시판(boardCode)에 소속된 카테고리 목록 조회 */
               CCD.CODE_ID AS categoryId
             , CCD.CODE_NAME AS categoryName
          FROM BOARD_MASTER BM
    INNER JOIN COMMON_CODE_DETAIL CCD
            ON BM.GROUP_CODE = CCD.GROUP_CODE
         WHERE BM.BOARD_CODE = 'B_NOTICE_01'
           AND BM.USE_YN = 'Y'
      ORDER BY CCD.SORT_ORDER ASC
 {executed in 9 msec}
[2026-05-01 11:00:23.081] [INFO ] [http-nio-8881-exec-8] jdbc.sqltiming - SELECT /*  boardMapper.getCategoryListByBoardCode 특정 게시판(boardCode)에 소속된 카테고리 목록 조회 */
               CCD.CODE_ID AS categoryId
             , CCD.CODE_NAME AS categoryName
          FROM BOARD_MASTER BM
    INNER JOIN COMMON_CODE_DETAIL CCD
            ON BM.GROUP_CODE = CCD.GROUP_CODE
         WHERE BM.BOARD_CODE = 'B_SQLD_01'
           AND BM.USE_YN = 'Y'
      ORDER BY CCD.SORT_ORDER ASC
 {executed in 9 msec}
[2026-05-01 11:00:23.092] [INFO ] [http-nio-8881-exec-8] jdbc.sqltiming - SELECT /*  boardMapper.getCategoryListByBoardCode 특정 게시판(boardCode)에 소속된 카테고리 목록 조회 */
               CCD.CODE_ID AS categoryId
             , CCD.CODE_NAME AS categoryName
          FROM BOARD_MASTER BM
    INNER JOIN COMMON_CODE_DETAIL CCD
            ON BM.GROUP_CODE = CCD.GROUP_CODE
         WHERE BM.BOARD_CODE = 'B_GREETING_01'
           AND BM.USE_YN = 'Y'
      ORDER BY CCD.SORT_ORDER ASC
 {executed in 9 msec}
[2026-05-01 11:00:25.155] [INFO ] [http-nio-8881-exec-5] jdbc.sqltiming - SELECT /* MemberMapper.readMemberByMemberId (memberId를 통한 회원 정보 조회) */
               MEMBER_ID
             , USER_ID
             , USER_PASS
             , USER_NAME
             , USER_EMAIL
             , EMAIL_VERIFIED
             , USER_ROLE
             , USER_STATUS
             , PROFILE_IMAGE
             , CREATE_AT
             , UPDATE_AT
             , LAST_LOG_AT
          FROM MEMBER_INFO
        WHERE MEMBER_ID = 'MEMBER_20260423_004'
 {executed in 7 msec}
[2026-05-01 11:00:25.188] [INFO ] [http-nio-8881-exec-5] jdbc.sqltiming - SELECT /* Member.readMemberSimpleInfo (로그인 후, 회원 간편 정보 조회) */
               USER_ID                                  /* 사용자 아이디 */
             , USER_NAME                                /* 사용자 명    */
             , USER_EMAIL                               /* 사용자 이메일 */
             , USER_ROLE                                /* 사용자 권한  */
             , PROFILE_IMAGE                            /* 사용자 프로필  */
             , (SELECT COUNT(*)
                  FROM BOARD B
                 WHERE B.MEMBER_ID = M.MEMBER_ID
                   AND DELETE_YN='N') AS postCount      /* 게시글 수 */
             , (SELECT COUNT(*)
                  FROM COMMENT_MANAGEMENT CM
                 WHERE CM.MEMBER_ID = M.MEMBER_ID
                   AND DELETE_YN = 'N') AS commentCount /* 댓글 작성 수 */
             , LAST_LOG_AT  /* 최근 접속 시간 */
        FROM MEMBER_INFO M
        WHERE MEMBER_ID = 'MEMBER_20260423_004'
 {executed in 9 msec}
[2026-05-01 11:00:27.321] [INFO ] [http-nio-8881-exec-9] jdbc.sqltiming - SELECT /* MemberMapper.readMemberByMemberId (memberId를 통한 회원 정보 조회) */
               MEMBER_ID
             , USER_ID
             , USER_PASS
             , USER_NAME
             , USER_EMAIL
             , EMAIL_VERIFIED
             , USER_ROLE
             , USER_STATUS
             , PROFILE_IMAGE
             , CREATE_AT
             , UPDATE_AT
             , LAST_LOG_AT
          FROM MEMBER_INFO
        WHERE MEMBER_ID = 'MEMBER_20260423_004'
 {executed in 9 msec}
[2026-05-01 11:00:27.366] [INFO ] [http-nio-8881-exec-9] jdbc.sqltiming - SELECT /* BoardMapper.getBoardListWithPaging (페이징 처리된 게시판 목록 조회 (지연 조인 최적화 적용)) */
               B.BOARD_ID
             , B.TITLE
             , B.CONTENT
             , M.USER_ID
             , M.USER_NAME
             , B.MEMBER_ID
             , B.BOARD_CODE
             , B.CATEGORY_ID
             , B.VIEW_COUNT
             , B.LIKE_COUNT
             ,(SELECT COUNT(*)
                 FROM COMMENT_MANAGEMENT CM
                 WHERE CM.BOARD_ID = B.BOARD_ID
                   AND CM.DELETE_YN = 'N') AS commentCount /* 댓글 작성 수 */
             , M.PROFILE_IMAGE
             , B.CREATE_AT
             , B.UPDATE_AT
             , B.TAG_NAME
          FROM BOARD B
    INNER JOIN ( /* 인덱스만 사용하여 필요한 ID들만 빠르게 추출 */
                SELECT BOARD_ID
                  FROM BOARD
             WHERE DELETE_YN = 'N'

                    AND MEMBER_ID = 'MEMBER_20260423_004' 
            ORDER BY CREATE_AT DESC
            LIMIT 10 OFFSET 0
        ) AS temp ON B.BOARD_ID = temp.BOARD_ID
        LEFT JOIN MEMBER_INFO M ON B.MEMBER_ID = M.MEMBER_ID
        ORDER BY B.CREATE_AT DESC
 {executed in 11 msec}
[2026-05-01 11:00:27.381] [INFO ] [http-nio-8881-exec-9] jdbc.sqltiming - SELECT /* BoardMapper.getgetBoardTotalCount (게시글 총 개수 조회) */
               COUNT(*)
          FROM BOARD
         WHERE DELETE_YN = 'N'

                AND MEMBER_ID = 'MEMBER_20260423_004'
 {executed in 8 msec}
[2026-05-01 11:00:31.596] [INFO ] [http-nio-8881-exec-6] c.s.s.s.w.WebSocketServiceImpl - [Presence] User 관리자 left room OPEN_CHAT
[2026-05-01 11:00:31.692] [INFO ] [http-nio-8881-exec-6] c.s.s.c.w.WebSocketEventListener - [Presence] Room OPEN_CHAT  updated. Count: 0
[2026-05-01 11:00:31.700] [INFO ] [redisContainer-2] c.s.s.s.redisConfig.RedisSubscriber - Redis Subscribe - Message Received: {"notiId":null,"senderName":"관리자","type":"QUIT","roomId":"OPEN_CHAT","senderId":"MEMBER_20260423_004","targetId":null,"content":"관리자님이 퇴장하셨습니다.","timestamp":"2026-05-01 11:00:31","targetUrl":null}
[2026-05-01 11:01:29.167] [INFO ] [SpringApplicationShutdownHook] o.s.b.w.e.tomcat.GracefulShutdown - Commencing graceful shutdown. Waiting for active requests to complete
[2026-05-01 11:01:29.171] [INFO ] [tomcat-shutdown] o.s.b.w.e.tomcat.GracefulShutdown - Graceful shutdown complete
[2026-05-01 11:01:29.176] [INFO ] [SpringApplicationShutdownHook] o.s.m.s.b.SimpleBrokerMessageHandler - Stopping...
[2026-05-01 11:01:29.177] [INFO ] [SpringApplicationShutdownHook] o.s.m.s.b.SimpleBrokerMessageHandler - BrokerAvailabilityEvent[available=false, SimpleBrokerMessageHandler [org.springframework.messaging.simp.broker.DefaultSubscriptionRegistry@27ddb4af]]
[2026-05-01 11:01:29.177] [INFO ] [SpringApplicationShutdownHook] o.s.m.s.b.SimpleBrokerMessageHandler - Stopped.
[2026-05-01 11:01:29.195] [INFO ] [SpringApplicationShutdownHook] com.zaxxer.hikari.HikariDataSource - HikariPool-1 - Shutdown initiated...
[2026-05-01 11:01:29.207] [INFO ] [SpringApplicationShutdownHook] com.zaxxer.hikari.HikariDataSource - HikariPool-1 - Shutdown completed.
